{
  "horizon": 720,
  "granularity": 1,
  "priceSchema": [
    0.198,
    0.198,
    0.198,
    0.198,
    0.225,
    0.225,
    0.249,
    0.849,
    0.849,
    0.225,
    0.225,
    0.198
  ],
  "agents": {"h1": {
    "neighbors": [],
    "backgroundLoad": [
      0.16281980642330476,
      0.20339377930005248,
      0.16043741054934993,
      0.16632318237267907,
      0.23210158829343241,
      0.03373681975371593,
      0.2666572841544682,
      0.12772292222714374,
      0.1357549856575992,
      0.14257905337754637,
      0.07079923387683369,
      0.05225852992361635,
      0.18745546960390452,
      0.2952248931284139,
      0.192408711113596,
      0.21860083806250197,
      0.04296331437426074,
      1.5464402917613195E-4,
      0.2730170536098548,
      0.24543702895428254,
      0.20029270603011115,
      0.13336448909677787,
      0.197137609489994,
      0.0019982325682122216,
      0.07892887458938866,
      0.11147218111441809,
      0.2885456868228501,
      0.017377234817100295,
      0.0901369282238398,
      0.008459943701279648,
      0.2343433364124368,
      0.256244194989895,
      0.08230459638597333,
      0.13832600734321568,
      0.2984731168577783,
      0.1915043121670256,
      0.2791060348895298,
      0.15658433708418537,
      0.12872553530423958,
      0.013177071079489589,
      0.2363946794552651,
      0.29440718119803916,
      0.0775855565331335,
      0.24835181272862816,
      0.09222379599199713,
      0.19662365472013432,
      0.149110817830871,
      0.2327719320309564,
      0.2765375646518005,
      0.25745909977106296,
      0.10650093416174089,
      0.05094601581006768,
      0.09378638121652241,
      0.19680899472735808,
      0.14667783666914788,
      0.095851752556953,
      0.2190701112924922,
      0.025732551207438437,
      0.10211378583255103,
      0.01981212098180024,
      0.2776617798970039,
      0.25743751716784813,
      0.013172638151548566,
      0.29824164168199013,
      0.09318528106645803,
      0.08898771633201381,
      0.2343899585485364,
      0.022859606357594174,
      0.15044240033875825,
      0.17318800854413405,
      0.23015960514109013,
      0.26115710838629075,
      0.23595028159034137,
      0.10517064599156181,
      0.020453461014959838,
      0.033801010243662,
      0.2743059061304871,
      0.12805670365680594,
      0.0958574764940439,
      0.2998912716525414,
      0.21261850900796267,
      0.16406711898316403,
      0.18416099965000468,
      0.030849661741333256,
      0.26104830145347896,
      0.14382291866059155,
      0.2497797741586971,
      0.1977112205465908,
      0.19794172161934442,
      0.1188586101949159,
      0.053204705030441155,
      0.09028766440442547,
      0.11927866173778444,
      0.27333849378719377,
      0.11487649842805277,
      0.04454045771489607,
      0.2620119383690772,
      0.0616199512587918,
      0.13908609461126673,
      0.25963992075783326,
      0.08103027135674844,
      0.21058408725113345,
      0.17586348094326523,
      0.05608916898681538,
      0.2899829178750967,
      0.27185200333945947,
      0.2436711412497815,
      0.1067060605519409,
      0.09926339943671132,
      0.19808128270191186,
      0.015643732591206792,
      0.09462575029119714,
      0.2385209324659425,
      0.26594220927898704,
      0.27506064335411756,
      0.27826998699183747,
      0.21862897286881688,
      0.05021111284245072,
      0.21546760517245686,
      0.28925213352295326,
      0.23050794961072282,
      0.06613691843465408,
      0.14606419016125516,
      0.11126522218267146,
      0.009606229119487797,
      0.08929157417412155,
      6.468177696111632E-4,
      0.06833628771942982,
      0.2666471789642616,
      0.20478630930436129,
      0.07858094429475117,
      0.2135269446568091,
      0.1301284962230201,
      0.29968799420992515,
      0.07836117404052925,
      0.16811009330763915,
      0.24915185855494332,
      0.048872561218642814,
      0.17735499805853103,
      0.22547795562729528,
      0.14229573134575124,
      0.1969904375147646,
      0.28266049006428706,
      0.16924593055320572,
      0.1783886886855379,
      0.0943486913157778,
      0.061853850874725176,
      0.16813882515502815,
      0.05971345611319262,
      0.1929499969247337,
      0.05739361117277365,
      0.25650767085961423,
      0.24982933513992903,
      0.2512449567069832,
      0.1162373634681888,
      0.24454942508902258,
      0.06332781535683002,
      0.166346414407273,
      0.2744749958276638,
      0.2776683517161636,
      0.10848199752598889,
      0.17012997927883058,
      0.0519484141755747,
      0.12822102223281465,
      0.20859213890585168,
      0.07897157785735849,
      0.11269435693704655,
      0.12722147733539368,
      0.038581819682971585,
      0.26259430279933005,
      0.035112524121528786,
      0.25287181353938504,
      0.025080440588382647,
      0.042119043941459156,
      0.145810627570767,
      0.16284045663563526,
      0.1634056814069101,
      0.10919194605723766,
      0.19213636353952837,
      0.13243385123246118,
      0.29460488009850866,
      0.1194456340703837,
      0.05828384759166248,
      0.03167514809474774,
      0.011737551559132054,
      0.011107852296957266,
      0.1932378037275432,
      0.24153166918339058,
      0.12589320520317998,
      0.09754967107824654,
      0.07549680061083118,
      0.11019227842431496,
      0.16801851890207023,
      0.07995504613095031,
      0.12784557233079216,
      0.22064728015679277,
      0.052731474824307865,
      0.030796706880228397,
      0.08598831287186322,
      0.2359659472815201,
      0.21951966124113867,
      0.23313576490870486,
      0.2642056389839655,
      0.0251745065717043,
      0.08084947188525059,
      0.17200976841708118,
      0.09962364538448379,
      0.2763798751199879,
      0.20644002889820548,
      0.1516670477036792,
      0.1316718870391396,
      0.05429021471742782,
      0.27548715747213653,
      0.19202524528191128,
      0.18009340936644166,
      0.25442744405336676,
      0.04048820899415987,
      0.2303124047728056,
      0.25945237255598164,
      0.27815028520995716,
      0.0341195377121958,
      0.035296215226529315,
      0.21303701628812247,
      0.25797974180990896,
      0.1661741801016368,
      0.19054346324169072,
      0.23972518241770494,
      0.1778915722179985,
      0.16573637602475563,
      0.08897711937212309,
      0.16869800571527568,
      0.09348742394679484,
      0.16727385580461954,
      0.1426138504169791,
      0.26028025651926723,
      0.11736588126893875,
      0.1612660148845471,
      0.16439074827277814,
      0.19738030157100775,
      0.21220887358835774,
      0.025880763917120273,
      0.2734620032838865,
      0.16718280138031263,
      0.08919567810574695,
      0.14095686089504927,
      0.052714795921809776,
      0.13934452974646647,
      0.22625038220618504,
      0.1974076166540128,
      0.2233431858148565,
      0.001656037039426117,
      0.25200946636856225,
      0.017557189876219792,
      0.1206183741118867,
      0.021205687275870442,
      0.1434899525884784,
      0.20903160201112814,
      0.038445300080477626,
      0.0383456001209531,
      0.04104830044223692,
      0.017756941748411935,
      0.23438063965556247,
      0.06787021378658309,
      0.10200299729344516,
      0.115029563531424,
      0.008034471542845112,
      0.24644142294270385,
      0.022987637132322113,
      0.05598764192814768,
      0.24616582708996018,
      0.16731946457821043,
      0.23141862310968997,
      0.14506544802292684,
      0.16669720346914166,
      0.1642472775408715,
      0.2441386394164511,
      0.15291045097317307,
      0.09954395619959222,
      0.08835723796738894,
      0.16572233077634735,
      0.10759300310084674,
      0.22202359217988518,
      0.15900217088090243,
      0.23638091000683273,
      0.09062323384692372,
      0.008418012850127221,
      0.1109680719941097,
      0.006124995849326386,
