{
  "horizon": 720,
  "granularity": 1,
  "priceSchema": [
    0.198,
    0.198,
    0.198,
    0.198,
    0.225,
    0.225,
    0.249,
    0.849,
    0.849,
    0.225,
    0.225,
    0.198
  ],
  "agents": {"h1": {
    "neighbors": [],
    "backgroundLoad": [
      0.08905600267848622,
      0.009094586016497852,
      0.2869072416488549,
      0.15704309831439134,
      0.2418466330282153,
      0.29406107933238734,
      0.09613814143411344,
      0.10313264676523938,
      0.22119398516526334,
      0.01175588317003814,
      0.16117135493206433,
      0.07739428917498775,
      0.29298885808663855,
      0.286793013905717,
      0.0719820458344645,
      0.25327793934120496,
      0.17357533922738835,
      0.06457436346961788,
      0.1850433942160252,
      0.2991318033624119,
      0.0127734318865948,
      0.1682783523083862,
      0.19322255539259495,
      0.13422310603094362,
      0.2570260613998609,
      0.23344760557824518,
      0.119899723445429,
      0.2621421524225592,
      0.02519595101426516,
      0.20313370213275903,
      0.12533869865234035,
      0.020735531836521635,
      0.027818421363051935,
      0.2735445378018995,
      0.24216815997089575,
      0.07857507394833416,
      0.24143573824385642,
      0.14567362425247052,
      0.003679478772570377,
      0.12749717852872716,
      0.055104361226914096,
      0.17085204851575367,
      0.22116199152758492,
      0.21535251059110697,
      0.0038527824571174206,
      0.03811403749144301,
      0.23931235187663988,
      0.23269705094917606,
      0.07716076308947517,
      0.04784995002354065,
      0.21397874841767486,
      0.2415421299931176,
      0.2655279237366223,
      0.23554215743165274,
      0.1914415427551179,
      0.06434511218690188,
      0.105681997476828,
      0.15872051276947385,
      0.08935485286344487,
      0.19426141006978068,
      0.08459368107130175,
      0.2754732617759689,
      0.15509593154147333,
      0.2568066720860112,
      0.09312585923731616,
      0.03523924840866571,
      0.02099431586864492,
      0.2759153352408875,
      0.2833608460793978,
      0.07020386024349821,
      0.18570438812569798,
      0.14072674711215324,
      0.2798525422036457,
      0.13712144289135195,
      0.052490202733418735,
      0.2406005281036225,
      0.2833520626576232,
      0.1729963693434666,
      0.14891336583112816,
      0.06380341264175249,
      0.17185186866168511,
      0.2786003042567448,
      0.024133782638001467,
      0.04305109155419352,
      0.1849370364755039,
      0.152171287476515,
      0.006204586681610336,
      0.15021310970261406,
      0.04367084573581317,
      0.04622142403242208,
      0.0977041922418956,
      0.06759883191190966,
      0.14514873532893055,
      0.10372556017195285,
      0.03741019048142311,
      0.10150680366464158,
      0.07439329653717497,
      0.20272064790631908,
      0.09155436120137285,
      0.12809973118648826,
      0.10729779507903643,
      0.1581559932849817,
      0.07961897030462851,
      0.127027403924231,
      0.053536248506756146,
      0.24434745016108572,
      0.09125931112813591,
      0.2107894630211292,
      0.2363751891785468,
      0.2710426786332777,
      0.12138705471770943,
      0.1911391617049312,
      0.2622085038107881,
      0.019202187598673058,
      0.185802479914838,
      0.1067701582900949,
      0.1595305157884851,
      0.26530503966194013,
      0.023149887703527293,
      0.21625021018437163,
      0.17112109289539365,
      0.11113468613135474,
      0.016579239973765158,
      0.26855926248373585,
      0.20311479547390465,
      0.14064632003637043,
      0.11740283572065408,
      0.2311928720183531,
      0.22486277679941252,
      0.13921069398109234,
      0.15692884290749645,
      0.15791982115046718,
      0.20455354761192965,
      0.06766872594493349,
      0.2383893772519757,
      0.05000874861510774,
      0.29808537129510065,
      0.001923711609398848,
      0.04765795268417494,
      0.1557802061993154,
      0.2776755721531512,
      0.13598032828965134,
      0.2634311098074717,
      0.033416681741778385,
      0.034852467013988954,
      0.2038406565925981,
      0.1635481766975069,
      0.040527217962855674,
      0.15779065672052148,
      0.10811119155103478,
      0.2714840042838012,
      0.0566587258517187,
      0.11507486923422516,
      0.25082017167341114,
      0.024757530631044387,
      0.20396576638403804,
      0.0972743499479731,
      0.16387076718538468,
      0.05538211428568216,
      0.13208635871097296,
      0.24663958872742195,
      0.25712316499489973,
      0.24498265179348025,
      0.15503535349905737,
      0.17042246569597894,
      0.03213497742166925,
      0.2125010862069249,
      0.0557319519828296,
      0.22926304288883237,
      0.1431331266568447,
      0.2522770268646961,
      0.18771366247993362,
      0.08707141681228356,
      0.2390879229816089,
      0.2470006892876142,
      0.1398926208112569,
      0.22716597067242444,
      0.29346568239358845,
      0.2637379303743625,
      0.0014828563511247617,
      0.038660651563157296,
      0.21801441514795025,
      0.25156014088079914,
      0.171950884306458,
      0.26388573138292337,
      0.051980150215876104,
      0.29163504653143874,
      0.21878756213946124,
      0.08510597485660133,
      0.1041045268748391,
      0.09311499464188265,
      0.12924992832025586,
      0.25400999672625846,
      0.1755914889891043,
      0.042011594918820484,
      0.23753965216017855,
      0.21572698288567477,
      0.27905101559439893,
      0.26162484252633855,
      0.0833108302688328,
      0.12573917264480647,
      0.22429017308865715,
      0.03799493776189411,
      0.284953983024881,
      0.023092247102501563,
      0.2938523768434356,
      0.19105441997091363,
      0.1959082634193889,
      0.13035103838381507,
      0.13697146737726146,
      0.1302095237724673,
      0.28825335188042706,
      0.25635049947504823,
      0.1554693860525473,
      0.012867312230637973,
      0.12023104965620646,
      0.09260546569431456,
      0.2969265917829291,
      0.1803434711929941,
      0.16238707644252842,
      0.2114647307418322,
      0.0051144897145339535,
      0.06418266932933406,
      0.2114886854064,
      0.10446917443867641,
      0.0922997199506752,
      0.16268935919059527,
      0.11267923317225984,
      0.25982334526950013,
      0.16268307009915567,
      0.0864707765940868,
      0.18755637308657963,
      0.1139155602614906,
      0.2712479543755681,
      0.16733773477551822,
      0.05900126265776637,
      0.2563161996315892,
      0.2905633426701688,
      0.016579176687264486,
      0.22716606407923368,
      0.27533277595746153,
      0.10573328003799295,
      0.2810262502306861,
      0.09907302029940429,
      0.11417462936024649,
      0.18747757994955275,
      0.04362712051299582,
      0.24757012659190847,
      0.1309417103187495,
      0.05223442800346564,
      0.08151544141395926,
      0.18545521877714954,
      0.2794850850633236,
      0.08076604693209945,
      0.13438177758066971,
      0.03175416950129223,
      0.18172585689588028,
      0.2259558362257994,
      0.2962952466081981,
      0.06774053609251977,
      0.2548335693980083,
      0.27512109791105555,
      0.2077636624085335,
      0.2341741227165775,
      0.09899964291615633,
      0.055762036871764044,
      0.2268238108465092,
      0.2505821853846168,
      0.027216482460910796,
      0.06864929082782378,
      0.09907293269175789,
      0.18431516399785916,
      0.23620930749201907,
      0.10024471306783192,
      0.038470728638347086,
      0.1858391287510265,
      0.2871728607214178,
      0.1524941965080286,
      0.24838931988004653,
      0.00391667327871189,
      0.023007071299452484,
      0.1482444287293553,
      0.12961391523489307,
      0.2017204875781435,
      0.0285746801469109,
      0.29088198225319306,
      0.03195564431791213,
      0.1122136020814608,
      0.13086989330097076,
