{
  "horizon": 720,
  "granularity": 1,
  "priceSchema": [
    0.198,
    0.198,
    0.198,
    0.198,
    0.225,
    0.225,
    0.249,
    0.849,
    0.849,
    0.225,
    0.225,
    0.198
  ],
  "agents": {"h1": {
    "neighbors": [],
    "backgroundLoad": [
      0.1637772638136592,
      0.22085192888940627,
      0.08768811994357126,
      0.0017803299123122062,
      0.14623607002348946,
      0.04234906814424857,
      0.16409098562678773,
      0.22138453839792968,
      0.12895344325518374,
      0.2706605714942197,
      0.12058777168539236,
      0.009492760286882717,
      0.25085985168786235,
      0.1727085710215915,
      0.17150070877143855,
      0.16472824193236577,
      0.22160492512022106,
      0.2727182442773486,
      0.13559847158793453,
      0.04933324755787981,
      0.2655512759824779,
      0.28304872071435505,
      0.11508039344698111,
      0.1912100750223683,
      0.1717973994483394,
      0.2394486509611401,
      0.29189656983222684,
      0.26701614902864207,
      0.1801458342113215,
      0.14672359206335964,
      0.2758915976944073,
      0.08140791935092659,
      0.1685693118585681,
      0.01948867343614172,
      0.13288099292786557,
      0.22129392892856972,
      0.22717345612464965,
      0.07032809374948577,
      0.21256477168765184,
      0.13236187125442375,
      0.22080945220862833,
      0.28617115962827566,
      0.06873578180455252,
      0.2933398404501967,
      0.17741503172987852,
      0.16552627278729012,
      0.21911104872893658,
      0.11486978625276925,
      0.06864823674072651,
      0.06459840560027963,
      0.009093569585307304,
      0.2603837450151724,
      0.03704777674192398,
      0.060498663102530964,
      0.17207176882498654,
      0.13960791125327618,
      0.2860948956516514,
      0.021426126088678943,
      0.009679943679963698,
      0.18154569211513918,
      0.2326527208103626,
      0.09784626126522464,
      0.15554685038244995,
      0.004124451883362401,
      0.2771749331710617,
      0.10526129911816867,
      0.2925163165953765,
      0.23650756383139732,
      0.18880540039278756,
      0.03192084552456451,
      5.228232950686418E-4,
      0.2607151315978112,
      0.23414270617493044,
      0.14128594680208326,
      0.21504252274914804,
      0.1334292695475203,
      0.053795725408846425,
      0.0687248780408909,
      0.0030029146587308374,
      0.24164586681895345,
      0.0038189924140746177,
      0.020855921595003712,
      0.042434097090179514,
      0.15419051297834596,
      0.09711261308228908,
      0.2771475371138897,
      0.2263575220862593,
      0.1951392458057333,
      0.12992802662264266,
      0.25384509765017677,
      0.07443150060036353,
      0.0993551752205252,
      0.1825584186337825,
      0.18134875015092045,
      0.20536760609476037,
      0.25104558495122875,
      0.015535172483729353,
      0.13009377367928907,
      0.15927361105943877,
      0.13368810432376746,
      0.2758549766969971,
      0.18314784572002288,
      0.05471806417632547,
      0.2756449956075758,
      0.21826781064907208,
      0.09941334327601324,
      0.12594140112680804,
      0.2520794993865848,
      0.19403403478940015,
      0.22542066871335392,
      0.2092403782168227,
      0.1349953031622941,
      0.011332673212898792,
      0.020160239128044575,
      0.06341511415018211,
      0.1577562698585613,
      0.18747028991592138,
      0.0320041326351445,
      0.2050775005984852,
      0.09933587729228201,
      0.2650931002219109,
      0.22064716498183543,
      0.1954523927508549,
      0.17336062062429816,
      0.10643311628327103,
      0.2790808553555808,
      0.2666760909814449,
      0.036246701204125674,
      0.2032122976027742,
      0.14230783281569923,
      0.06132744190169026,
      0.009803466884504763,
      0.23155199152920702,
      0.11146911223126035,
      0.21006372288272251,
      0.12859170005572618,
      0.1644493673856104,
      0.177155705777668,
      0.2628691042872149,
      0.21823072684472306,
      0.18658184404215802,
      0.2849158569759852,
      0.24886430948870225,
      0.1233011581471795,
      0.029391027837276984,
      0.013567528408517892,
      0.11739283928203434,
      0.1036983286356399,
      0.19164056295489887,
      0.0949654246661977,
      0.0010270113891212129,
      0.19868354760757448,
      0.2430781531964758,
      0.20021123214310874,
      0.10161487072376509,
      0.2631646261685818,
      0.13407458703320013,
      0.24911757077411312,
      0.1255725424013145,
      0.0933207220912043,
      0.266986472567805,
      0.13873630955456387,
      0.20964103848069332,
      0.15855869514137177,
      0.06144499144937245,
      0.2822638396038833,
      0.08996817595291694,
      0.1990713562475515,
      0.29891085733048617,
      0.02317702715764679,
      0.013521009109088933,
      0.15347457314835647,
      0.08341704366524634,
      0.10722175800764235,
      0.2416749747126895,
      0.04981472791574921,
      0.20400364757513287,
      0.2030182104206317,
      0.09328687680609701,
      0.020343111636577094,
      0.24780141902015834,
      0.09758024970470165,
      0.20575577054071847,
      0.12222494890892954,
      0.15811216504566275,
      0.0024582750121790453,
      0.04623467818892878,
      0.2630456024978033,
      0.05790946615707285,
      0.2792461518758647,
      0.1373227263047821,
      0.09742801189611801,
      0.09870858943039906,
      2.4675377640720475E-4,
      0.0176244186413507,
      0.2860878969800573,
      0.023720779810095547,
      0.16443251514325796,
      0.09457393359589722,
      0.2790934178288892,
      0.29073645221799443,
      0.19096856683990074,
      0.14933597976768062,
      0.15645784159655743,
      0.029791221847568605,
      0.24698520858310385,
      0.15501018471696873,
      0.05552540286404917,
      0.2783825980110365,
      0.11407045887384078,
      0.13288385721570337,
      0.17696805763491794,
      0.11555806355482018,
      0.08883474711551276,
      0.051354821739195755,
      0.22412385339478133,
      0.09430502618190562,
      0.20263878025128956,
      0.28510961916436933,
      0.18432797684813126,
      0.05149472113050269,
      0.25995858097343527,
      0.28282628710106755,
      0.24606618235458555,
      0.18751614541948974,
      0.049641112625333196,
      0.23187470332904137,
      0.28141352855084995,
      0.10562323693889882,
      0.2364547227764542,
      0.12027486009337929,
      0.05691248824858913,
      0.16303340498303331,
      0.29801068177291057,
      0.20601991285085441,
      0.19620858770586286,
      0.16172672485831524,
      0.2689167243049109,
      0.21122728081481532,
      0.2477877905486843,
      0.280182028315513,
      0.025354810378038772,
      0.24676513844970216,
      0.28566057199742195,
      0.09351198845481536,
      0.12013140219907154,
      0.21518680178544677,
      0.02861679776332915,
      0.009788510875763235,
      0.27832741290079793,
      0.17650942153364121,
      0.2516948789261872,
      0.1820563520180893,
      0.02213638054573046,
      0.1208074406095595,
      0.24005329140827986,
      0.2921664659640316,
      0.20456322661934698,
      0.1532184094404086,
      0.03302021434853731,
      0.009925705188137889,
      0.29273364594704937,
      0.11267971318763842,
      0.09027273603744132,
      0.20866334807364736,
      0.1675994462740996,
      0.15457355235349232,
      0.022287325121946887,
      0.0018739436115964734,
      0.15655138692403853,
      0.1295802683029013,
      0.09446971442533914,
      0.15993165886396532,
      0.09930311788532072,
      0.14021567632147952,
      0.12328649852059897,
      0.04332983837283964,
      0.009631430209560986,
      0.16609798642925214,
      0.023389576981206795,
      0.10596291799841372,
      0.08708571264156169,
      0.28834527806798405,
      0.15053835451716194,
      0.21710772287510882,
      0.2004846556224648,
      0.07484444115249111,
