{
  "horizon": 720,
  "granularity": 1,
  "priceSchema": [
    0.198,
    0.198,
    0.198,
    0.198,
    0.225,
    0.225,
    0.249,
    0.849,
    0.849,
    0.225,
    0.225,
    0.198
  ],
  "agents": {"h1": {
    "neighbors": [],
    "backgroundLoad": [
      0.22567268914267913,
      0.1240387488247422,
      0.20438060996582982,
      0.29660137439978607,
      0.009020253005982037,
      0.05725260601071035,
      0.2594176750848759,
      0.16231864256003004,
      0.08943432939739579,
      0.20558627184824466,
      0.07582349549852486,
      0.16098024354660706,
      0.17822673654343077,
      0.23265434426818304,
      0.23765378641714888,
      0.022181179476295085,
      0.2427024918724024,
      0.23782217856018018,
      0.1437785285111458,
      0.02361126903990519,
      0.09249798226755208,
      0.021365260402442052,
      0.07794571049565631,
      0.1661058145715836,
      0.2090997070292979,
      0.06787237723104766,
      0.09639926085800134,
      0.1617225308148991,
      0.027079819154092997,
      0.10916534218622659,
      0.014623855374482618,
      0.04124105679710681,
      0.07838882174295399,
      0.2940922790243208,
      0.2523764138798168,
      0.10684790180484163,
      0.12811521716530752,
      0.1574143971656218,
      0.20548190940280575,
      0.10459759850882348,
      0.23471180414421347,
      0.10920292479191732,
      0.14388111037970905,
      0.06933082808625753,
      0.21876517704579768,
      0.22082861327559808,
      0.2767636895883995,
      0.06464701080933917,
      0.2046538334950285,
      0.157189619778064,
      0.012090601306472881,
      0.28822710160747067,
      0.13256641878951758,
      0.006460707832161505,
      0.13339803011524598,
      0.007693343753302162,
      0.15280796778404362,
      0.22020475128377148,
      0.04457352684312227,
      0.0743815724699169,
      0.08675705279666938,
      0.2618551488727082,
      0.12957688639746728,
      0.2243719683020248,
      0.1356454888051095,
      0.2570314880980952,
      0.09454753791158173,
      0.23967286444026437,
      0.09629182951013666,
      0.1697906386401367,
      0.0541610570395266,
      0.0033350458359057366,
      0.017983826299865002,
      0.24600117606201605,
      0.050325614139672,
      0.019910369619793245,
      0.12143902258073955,
      0.14241140770488656,
      0.037953202710459086,
      0.1978699263166997,
      0.26585930279348885,
      0.15410358073249286,
      0.1182578032990684,
      0.044552938938636044,
      0.17723435400190485,
      0.009578727339791893,
      0.26789770682968167,
      0.05443854730635369,
      0.10088107951735611,
      0.0650335238228977,
      0.2806846794776107,
      0.2760151660122491,
      0.05474687322217454,
      0.18634147699153372,
      0.036915258499948575,
      0.06525634631692541,
      0.18191625369579922,
      0.29580566595017094,
      0.12658353461095917,
      0.06423801937242543,
      0.14039964105260852,
      0.0876718893149434,
      0.02793173068243002,
      0.1590174955300123,
      0.08352337233366448,
      0.23065927842440292,
      0.24359065509395833,
      0.12540213965882033,
      0.09568677495150796,
      0.2267770516711697,
      0.18912170537250866,
      0.06438356096731915,
      0.05054599410523236,
      0.003474762402913445,
      0.0795152723228532,
      0.2797333542620624,
      0.12074522373206537,
      0.09372424180120455,
      0.12713575002424743,
      0.25542943614979086,
      0.21940141388643955,
      0.08703610101904304,
      0.06507432461135589,
      0.1389533874489892,
      0.09637995505159624,
      0.26293968278377927,
      0.0035228028975481714,
      0.22663586275814668,
      0.12353186631573773,
      0.21482984122126741,
      0.2558373044484822,
      0.19056722950329127,
      0.18549978079220633,
      0.005876899265586655,
      0.0900048137089697,
      0.12291562725861432,
      0.00463331494279342,
      0.010586857593481701,
      0.09597895170641405,
      0.08889328513603834,
      0.049153367830062945,
      0.0489087975559697,
      0.08484006738140214,
      0.023249877116012885,
      0.1775373668661971,
      0.13212655055380135,
      0.0603911252416053,
      0.16906445037767015,
      0.08235367915669382,
      0.12526234374819237,
      0.08096184906559141,
      0.066399748169524,
      0.10021730856605257,
      0.14770229517095498,
      0.19658746426442694,
      0.04850442145767481,
      0.26127129025007284,
      0.26287794633200107,
      0.05103538922392293,
      0.2507053170338777,
      0.20754328228618477,
      0.12402358177472861,
      0.007461165761150589,
      0.009988562727036887,
      0.2934216048860478,
      0.19849197631918225,
      0.02550401592913829,
      0.21664359757100665,
      0.026132453632200035,
      0.13649783868602808,
      0.2543339870014305,
      0.2999223521010452,
      0.20606354054669943,
      0.25178162584426234,
      0.11520665568063426,
      0.12406864170049445,
      0.03756515683711965,
      0.29779638880016507,
      0.06782350422123594,
      0.2058344680721092,
      0.030175246723723525,
      0.23148704918563057,
      0.17301719467157134,
      0.025853139205766217,
      0.11676030037280538,
      0.05196071669419306,
      0.17795711040482456,
      0.03069478650781908,
      0.20568935432275007,
      0.25402796045202664,
      0.08737730538934492,
      0.2520862055997666,
      0.28597739858726473,
      0.15066655256964426,
      0.08396776427177649,
      0.20344011648958496,
      0.21303446514561697,
      0.07913844301212651,
      0.20953997661896406,
      0.027550569282790805,
      0.26531108628207956,
      0.08635064962310132,
      0.02658807711179324,
      0.08852446116985484,
      0.05418180193114459,
      0.201122054026212,
      0.12424544977410919,
      0.22773328830183193,
      0.1031634390168616,
      0.093111463226427,
      0.06071402125259065,
      0.13320931989718562,
      0.1922804367279398,
      0.0038084397756636855,
      0.2040536339260226,
      0.29992398620265004,
      0.2840482912731828,
      0.17554728661448177,
      0.07659071888345809,
      0.29854104618550226,
      0.05222279678610645,
      0.2992399785236812,
      0.17150189741809915,
      0.07977779534253122,
      0.2584737200532763,
      0.0033183334959553724,
      0.21151339802925515,
      0.10774929114851302,
      0.058192209116519296,
      0.0772046200496557,
      0.032303348046838674,
      0.0036386576831755387,
      0.2364156851373376,
      0.058421631467113065,
      0.18124198714375953,
      0.205000656068197,
      0.20414887213815047,
      0.21246526285502318,
      0.1164119558670253,
      0.11547827936631944,
      0.01833950504552437,
      0.033755091066610995,
      0.08475588012138903,
      0.19917153545191532,
      0.18748296939999906,
      0.22389545712199307,
      0.03996945261202758,
      0.2563081571995672,
      0.16215698840548978,
      0.2957309787536009,
      0.12943342601977784,
      0.12573019694187082,
      0.22060475005748756,
      0.2893419447792912,
      0.13446752111535573,
      0.21181975794946342,
      0.26547583322393087,
      0.24946046982950942,
      0.05725525355498026,
      0.14103844188480094,
      0.24801929437147852,
      0.21122742884473253,
      0.021270674434874303,
      0.16387674159433444,
      0.0071445591170591904,
      0.11298989743147907,
      0.25687889663454866,
      0.028914530611911113,
      0.26970412568136015,
      0.05822592095916421,
      0.149089485970797,
      0.006946319012504021,
      0.10283743847904865,
      0.0766481948263273,
      0.24172781875641322,
      0.07207911166388292,
      0.05358963869269272,
      0.15617779969709092,
      0.24736649855885606,
      0.10989164205767195,
      0.21106855992481696,
      0.2729289973001358,
      0.07688120815077261,
      0.05357316384529028,
      0.1903106083216293,
      0.09681323336970747,
      0.16471497647578826,
