{
  "horizon": 720,
  "granularity": 1,
  "priceSchema": [
    0.198,
    0.198,
    0.198,
    0.198,
    0.225,
    0.225,
    0.249,
    0.849,
    0.849,
    0.225,
    0.225,
    0.198
  ],
  "agents": {"h1": {
    "neighbors": [],
    "backgroundLoad": [
      0.24191300385409392,
      0.2577567396666592,
      0.26738788296570554,
      0.10574354918810312,
      0.1755161147834253,
      0.24043998168954187,
      0.2491759683318348,
      0.2817862518078234,
      0.2599282092624374,
      0.18961562893495573,
      0.08846201678022693,
      0.015201768421208694,
      0.13946465762109322,
      0.0013235381534106416,
      0.11570568960065203,
      0.14979401085006172,
      0.05027484925407398,
      0.2577821881678101,
      0.005704398598912042,
      0.2087285657155681,
      0.022331323332270468,
      0.28289466534572366,
      0.09474075655221356,
      0.28312890453685763,
      0.20364394297131927,
      0.12033465648742064,
      0.002180740615363963,
      0.18892311739406373,
      0.28667136840288626,
      0.010336371519825005,
      0.12348783812268795,
      0.058588733192319054,
      0.04541993765985814,
      0.03937422360358277,
      0.24223246056146291,
      0.1329299003831283,
      0.15586062390531638,
      0.25200330417323263,
      0.017264675136780903,
      0.26755398463135965,
      0.036198960468520544,
      0.2837679314301354,
      0.2602616772490728,
      0.17988851730136482,
      0.14320490880190223,
      0.01864273005278815,
      0.2939109827921328,
      0.015511714256784714,
      0.25691620669129406,
      0.16978427279163888,
      0.10801578343134599,
      0.16320140572525685,
      0.04332513867966344,
      0.25077223213890687,
      0.17366069233028703,
      0.06732018036569959,
      0.20534903313634648,
      0.295977170680732,
      0.298253670459142,
      0.2991867093417749,
      0.24496248284302347,
      0.10813101934010906,
      0.23086119873084204,
      0.040504347440550925,
      0.08508680274563266,
      0.052879705276887755,
      0.22057918368210586,
      0.14495606893129492,
      0.0775215466623235,
      0.0908701632205727,
      0.04981055895350745,
      0.1959239391189119,
      0.29143354363899354,
      0.2535161794850145,
      0.19475790277591884,
      0.06044443982455737,
      0.2066263888220233,
      0.11211984585829257,
      0.28150750366541843,
      0.09930302399471272,
      0.23452755915259788,
      0.29699387248017667,
      0.05768083564385272,
      0.036889230691965424,
      0.09357767798771863,
      0.12370381153626094,
      0.19050313557094553,
      0.038720694562151325,
      0.06014152261890869,
      0.11865008422803723,
      0.10784802937333313,
      0.12263207809679788,
      0.12024795026476313,
      0.25616297260177495,
      0.2067339833363902,
      0.0749496922599821,
      0.22683062323281983,
      0.14318727818078483,
      0.014328186603404102,
      0.005729155560324217,
      0.21547763423895072,
      0.11975698096623522,
      0.1554719518583654,
      0.18756862296645094,
      0.1734102823471784,
      0.15259370493973043,
      0.12358710069684947,
      0.21470213914897954,
      0.22030661643714722,
      0.17280630098119223,
      0.2198317301068339,
      0.24606329908666266,
      0.1596161754073856,
      0.10875023538408264,
      0.23688374220822273,
      0.13907078645485813,
      0.24377721829248802,
      0.27944658576789855,
      0.17115103701330706,
      0.18537499544686425,
      0.16782667194480366,
      0.08366002347626977,
      0.20639137567654878,
      0.101170003438161,
      0.24026829702542113,
      0.005299378549318568,
      0.013873985668280353,
      0.17586728968138846,
      0.23019339138513134,
      0.025893662948536067,
      0.20904403361098886,
      0.16782850415668157,
      0.07189663232312371,
      0.06640769410277061,
      0.059921766434483215,
      0.25128512866962344,
      0.031152139543951837,
      0.0721590077532205,
      0.1226953373754703,
      0.01716641452597073,
      0.24614448146596815,
      0.23584470663899204,
      0.09103145108034041,
      0.16124662626059905,
      0.18965628214061023,
      0.0856223522257952,
      0.012829391102687814,
      0.11209293028852307,
      0.2804076370918727,
      0.27041581799817743,
      0.1676362593512117,
      0.009780391749656602,
      0.24865887421704883,
      0.07210956125961467,
      0.2921615417463791,
      0.05214809168305399,
      0.17062463487021926,
      0.29532556970179646,
      0.09056621948862256,
      0.23522077600577912,
      0.02214963206879512,
      0.18226371599557792,
      0.14632410957457131,
      0.24378121929887644,
      0.22386562015272,
      0.17162384245246878,
      0.25376001821673655,
      0.12740442931944457,
      0.02967624594390674,
      0.2373222719620016,
      0.14897073150661458,
      0.19239045400371604,
      0.26339749496517983,
      0.08930340280199683,
      0.2516446266252081,
      0.07664247330858266,
      0.2517392394735771,
      0.2978730777169296,
      0.16977671685697254,
      0.25518122103925145,
      6.947239614934708E-4,
      0.13357672437531573,
      0.2809895970466581,
      0.1457410481420712,
      0.21644293445187632,
      0.027112119942832857,
      0.08870991474277701,
      0.1700459145569318,
      0.12092571411997588,
      0.01274095938069455,
      0.011455963402461378,
      0.10576704595459369,
      0.13956831156246047,
      0.13713275971845848,
      0.09625757797930386,
      0.2077811221281499,
      0.24743252295299356,
      0.17411848591759085,
      0.26476159833124274,
      0.1199981960576536,
      0.2780303557714268,
      0.22263099222400637,
      0.12797439980005768,
      0.21622916248183635,
      0.28374297349520433,
      0.27041200144996114,
      0.1646492734753848,
      0.23675938805966568,
      0.047454194035033904,
      0.044542128215902234,
      0.14722753465693697,
      0.26268470684485323,
      0.1393688163534135,
      0.20340773762622946,
      0.28288067672095196,
      0.2239856731958112,
      0.030624373604501584,
      0.05088457821517326,
      0.02402969802891325,
      0.02918697955743349,
      0.2744848242874155,
      0.27329440600024024,
      0.23717214218135113,
      0.13731263430054222,
      0.04283761255321374,
      0.15190752168560837,
      0.11133659153389937,
      0.10324555867100595,
      0.16252474548144852,
      7.039814763325491E-4,
      0.11954510195077664,
      0.01870635344433028,
      0.06706200406876597,
      0.25029527789514594,
      0.1331895973295581,
      0.09915955941825179,
      0.08722652465940697,
      0.0646907398009574,
      0.26249837481146787,
      0.0015515131805852623,
      0.0843916963127032,
      0.2812952790086931,
      0.18210465666404316,
      0.20624491681654633,
      0.02797822466303441,
      0.2287139037807299,
      0.06491898096918701,
      0.20705811494939116,
      0.07949603401017528,
      0.14977059894632533,
      0.03720836111546375,
      0.2992351581632,
      0.25081197277884065,
      0.27369265240966584,
      0.08698969295454052,
      0.03290026858423489,
      0.2550296648899853,
      0.2874122625278155,
      0.06737824919038006,
      0.243221487404374,
      0.02200927464490975,
      0.11244817945513984,
      0.26343177060408784,
      0.2268729482252261,
      0.02138856620032592,
      0.12126524402627985,
      0.17782614868117266,
      0.21852432826908932,
      0.036058117694891444,
      0.17146392348510814,
      0.019802489282486724,
      0.22723489704136493,
      0.1734701500920513,
      0.1164953288334084,
      0.17552689545254627,
      0.03378938311688152,
      0.2654771562785038,
      0.15535916591337368,
      0.07380673003623686,
      0.18147129298705086,
      0.10712576717461886,
      0.04503473576545083,
      0.1706206913469674,
      0.06620344799592488,
      0.07304080659139996,
      0.06546301528795484,
      0.21514189996181146,
