{
  "horizon": 720,
  "granularity": 1,
  "priceSchema": [
    0.198,
    0.198,
    0.198,
    0.198,
    0.225,
    0.225,
    0.249,
    0.849,
    0.849,
    0.225,
    0.225,
    0.198
  ],
  "agents": {"h1": {
    "neighbors": [],
    "backgroundLoad": [
      0.02500080489908103,
      0.12503112554331694,
      0.001393629459586687,
      0.2232659909310737,
      0.22528108370002017,
      0.2527517176030346,
      0.02610171746782488,
      0.23559488013703747,
      0.11025739762551763,
      0.002332330280154149,
      0.21926222884050123,
      0.03790364396649044,
      0.07914913480893718,
      0.05893152440582877,
      0.2136388863933062,
      0.12183700346012223,
      0.19547255016913692,
      0.22358750579193307,
      0.04180352973273849,
      0.0921333959243024,
      0.0797607085127628,
      0.28713251113571625,
      0.030188304357926552,
      0.2745123227294344,
      0.27274290925062405,
      0.10565901696937238,
      0.03671266167463905,
      0.04047622903761332,
      0.03748035840108984,
      0.27919207370704896,
      0.24847188750983967,
      0.19310023381981978,
      0.24630612633041055,
      0.2233370014654281,
      0.08841263271609638,
      0.2014254761124101,
      0.13226562184254623,
      0.295029158120635,
      0.27972747588266067,
      0.2727484469103775,
      0.25996926860706415,
      0.08880743526942912,
      0.21262243235936593,
      0.25237689091367976,
      0.03269632401302841,
      0.25338745979948357,
      0.19032459807664073,
      0.1651560071484641,
      0.25434017813734433,
      0.22630407926869914,
      0.2100977987192683,
      0.009798857146840279,
      0.073371848432788,
      0.1635942895723916,
      0.2664329636872854,
      0.13568049644366095,
      0.08082883383513248,
      0.08385831799498625,
      0.24265210918418692,
      0.2502590500695787,
      0.1564136698145771,
      0.2578148396724431,
      0.19329779508463382,
      0.18391064741248475,
      0.03872632432805605,
      0.04914004826446061,
      0.28296688744092574,
      0.13462279449661796,
      0.28075998720006334,
      0.22223334396261685,
      0.1830629176659395,
      0.24085826305338254,
      0.28001409680609746,
      0.24432812473226043,
      0.0725864137247421,
      0.14390320181952782,
      0.042107581008222136,
      0.01248620752094256,
      0.21848755255398106,
      0.09781988175104459,
      0.05950012870737533,
      0.1282415403384674,
      0.02650187519253706,
      0.04414311448070377,
      0.09809895255584294,
      0.2571570204935155,
      0.008883370938673184,
      0.1065413801866343,
      0.04924821917797216,
      0.1867005161692825,
      0.1718265084692111,
      0.027832401507195535,
      0.2682815380108622,
      0.1280277980224538,
      0.2648739101123095,
      0.0457082162512761,
      0.1192436635173494,
      0.0764365683133038,
      0.16724671458497134,
      0.09218602510956117,
      0.28209317950135243,
      0.1671133095151276,
      0.24583640993837994,
      0.032954445008537746,
      0.1564241219182166,
      0.0714333000220368,
      0.16953045512350962,
      0.04975019168357666,
      0.2611257506628544,
      0.27448431420977737,
      0.10078872788127936,
      0.1283354526321987,
      0.2345549761429816,
      0.06036607412763495,
      0.18255095766338827,
      0.21070232776572875,
      0.0727233995683337,
      0.03075585843670986,
      0.2778622578913938,
      0.17246909342905548,
      0.12956196317662028,
      0.288792899930778,
      0.24395625124239306,
      0.12872279549197715,
      0.24220542918929044,
      0.1669043352344646,
      0.1215829697784648,
      0.28122273106723467,
      0.0048505200514665225,
      0.07504430658526293,
      0.1977952461941442,
      0.23350240254842303,
      0.06197761686697185,
      0.231721134608627,
      0.19322422436030798,
      0.2366934261164573,
      0.25036691204477357,
      0.019321327993892357,
      0.016088211511148007,
      0.013018589132897085,
      0.19975015737230709,
      0.05071571108313395,
      0.023423234876743294,
      0.12115445145099556,
      0.2549819337848263,
      0.27939310670654577,
      0.1474606642306112,
      0.0501342855051761,
      0.014543891493361482,
      0.07372710541890319,
      0.2931406851809247,
      0.09999356697107695,
      0.08973381108862102,
      0.14011450627936836,
      0.009507531435481687,
      0.23332007062657126,
      0.13810670705917136,
      0.2992498888705827,
      0.24067815786540014,
      0.14068097609773098,
      0.24870611491302785,
      0.011787627782140453,
      0.016890633594583336,
      0.2502358335856951,
      0.16643622237039293,
      0.0179379644465404,
      0.1499904639297216,
      0.24481688356903514,
      0.09527820007100242,
      0.07364861305026045,
      0.2133222875702875,
      0.15850411307006904,
      0.21243390519958646,
      0.2575218676822591,
      0.07939003546571234,
      0.28563256924475067,
      0.09554628899318565,
      0.06206989058407257,
      0.2927580531031175,
      0.09350491783481064,
      0.23507274351539947,
      0.277522028816246,
      0.29591398614506514,
      0.263021281827231,
      0.06388188587346445,
      0.202138945096718,
      0.03500005094668971,
      0.10971754040196592,
      0.14938441371555466,
      0.2619463500923112,
      0.2000818701552532,
      0.19926710695555575,
      0.27749479000225635,
      0.08577419554618541,
      0.06491771692554378,
      0.09184234517399581,
      0.15832140080339596,
      0.0705376091458392,
      0.0912327714395156,
      0.17830756882669213,
      0.2116013306225645,
      0.19934492257371642,
      0.22224528515855654,
      0.07875383831858539,
      0.020366865008678712,
      0.09516823494303439,
      0.14153759855530804,
      0.23823849403579883,
      0.15354869400565646,
      0.056394499854202106,
      0.05409779998535887,
      0.19751085892521092,
      0.08521633244652799,
      0.040887976573794206,
      0.1468525577279404,
      0.07973823522997843,
      0.199182792497304,
      0.19126260524613056,
      0.20306655908470073,
      0.15180086625673211,
      0.20325909446878848,
      0.05556313250788229,
      0.015329976381505449,
      0.22236328200936775,
      0.27542065616132283,
      0.2850577924098578,
      0.2623699475254155,
      0.17851205293062772,
      0.2973643536036502,
      0.08183749696617663,
      0.1828806931753429,
      0.12928150644244826,
      0.1942695242352764,
      0.2691586762341546,
      0.047532827871429914,
      0.033632248501839775,
      0.1400112124615652,
      0.2903498858389988,
      0.05129405648679871,
      0.09851910006636852,
      0.05992965725285456,
      0.26546337656153285,
      0.26933372790167165,
      0.0811927807915115,
      0.27241556263573213,
      0.25636653071315396,
      0.1585406192182194,
      0.13372396467798855,
      0.20035147265215061,
      0.017067361463436948,
      0.2368047110302399,
      0.23773108338390683,
      0.21954851920896623,
      0.06033048725413372,
      0.11399735211162643,
      0.011792902508078417,
      0.037167954640257524,
      0.018742575293213846,
      0.007501658151720802,
      1.668818884671408E-4,
      0.2248906528580937,
      0.05331282729286641,
      0.010948756522639812,
      0.1459069114576133,
      0.0193741434554185,
      0.03336377995059312,
      0.11769985771805157,
      0.24342892692280513,
      0.12315055899202065,
      0.29054886027887106,
      0.07835432259044485,
      0.24033689917232043,
      0.11910320865754699,
      0.1184902866645962,
      0.2539694329163693,
      0.19687187809318724,
      0.10697990291635631,
      0.09741875357314486,
      0.09367011785447085,
      0.11683309174277615,
      0.09008385043564077,
      0.06877593577265688,
      0.11289750876433556,
      0.07877173061805134,
      0.2443257477002917,
      0.08955312198807462,
      0.08127479613083233,
      0.22646647363564265,
