{
  "horizon": 720,
  "granularity": 1,
  "priceSchema": [
    0.198,
    0.198,
    0.198,
    0.198,
    0.225,
    0.225,
    0.249,
    0.849,
    0.849,
    0.225,
    0.225,
    0.198
  ],
  "agents": {"h1": {
    "neighbors": [],
    "backgroundLoad": [
      0.021367175067282328,
      0.1630643744001058,
      0.06585258903586806,
      0.09382119798279359,
      0.11640704314098543,
      0.2857361511006117,
      0.08117110842654286,
      0.01961868423648646,
      0.20648908672555297,
      0.02125468398590913,
      0.2542637710993571,
      0.14732526614432884,
      0.2840853183926776,
      0.0531527241395632,
      0.24669292201620663,
      0.08646611052796079,
      0.034714398316940294,
      0.1818342819278203,
      0.273176665616241,
      0.11276146960391233,
      0.0821578691121522,
      0.04595792590304552,
      0.2226250846692497,
      0.2849887846724985,
      0.047649153062948556,
      0.13315196044009475,
      0.17412273909365023,
      0.25072506571387354,
      0.04000269248629018,
      0.04489675747626021,
      0.20061345817004764,
      0.24034771997153684,
      0.030773808673732705,
      0.22183521236696013,
      0.10616713865511486,
      0.1095461863211107,
      0.23640064179057912,
      0.06843143735515522,
      0.14346438153554114,
      0.29916899499552707,
      0.13237979308746367,
      0.2102295429470802,
      0.26424913287464263,
      0.06372232366988574,
      0.2840937889001246,
      0.16740924346520122,
      0.1635382239339588,
      0.23631467456919217,
      0.04650087548104324,
      0.2704002728366756,
      0.21421521473533298,
      0.017972089417136728,
      0.11238373008266059,
      0.1989040311806404,
      0.1878952572023765,
      0.06598224830374257,
      0.02618610265014677,
      0.04659717113837072,
      0.11462128649995217,
      0.07927645892881868,
      0.20272552817779096,
      0.006296793983254123,
      0.010261286577493978,
      0.07627928825051807,
      0.2991101477051941,
      0.23371748136030265,
      0.13426539424751552,
      0.07931253554248509,
      0.2781520327269554,
      0.09649909826376264,
      0.19785164287481374,
      0.25341349297719085,
      0.2107715156502541,
      0.19884845216535738,
      0.15269508366510268,
      0.044315595670614584,
      0.17869651543307633,
      0.003307784982549744,
      0.22556092441122835,
      0.026336485726514914,
      0.10971496126155139,
      0.11672633468297033,
      0.07258624202852978,
      0.2176472725122269,
      0.03721412027836502,
      0.23608817121201214,
      0.17332630487319625,
      0.11588939548048405,
      0.07904868934322001,
      0.1465596759582222,
      0.03988627589028426,
      0.11182042470245511,
      0.156693371122773,
      0.04434931594686248,
      0.01065232999323371,
      0.1269609381274297,
      0.21376593756728798,
      0.07838925928165982,
      0.22824836038415197,
      0.20549381250236431,
      0.1920719147685986,
      0.0420994482866251,
      0.08482903186100633,
      0.08285793696123352,
      0.07782426117829837,
      0.2882053763333138,
      0.09282521103643476,
      0.20143538624895635,
      0.2506979760219083,
      0.2038140888683813,
      0.09054680128981929,
      0.2749166939024751,
      0.05834004766757179,
      0.23278561340425033,
      0.1536209183024117,
      0.24239698032663748,
      0.05232044417840152,
      0.1646873127909733,
      0.2069064964136544,
      0.048698472032497574,
      0.01850438163735314,
      0.08008914731406218,
      0.11370628998056936,
      0.1720352461357114,
      0.28180115048914406,
      0.05973284620210908,
      0.14558800505623956,
      0.23406665893722145,
      0.26172264745552765,
      0.1876085473020566,
      0.23265529619380326,
      0.03947562061477169,
      0.2417226959467116,
      0.09273553211561135,
      0.22360565724856088,
      0.24554227700384473,
      0.11152375874022387,
      0.04467702225227864,
      0.21792095412194826,
      0.15647120032038098,
      0.2085722071827457,
      0.07454121795228258,
      0.13546114895153508,
      0.014951454636996242,
      0.058154119993550975,
      0.294203494592666,
      0.19672933173661744,
      0.1422843313292764,
      0.2486795432246838,
      0.29710658110936394,
      0.18887880921886976,
      0.21415907460067155,
      0.20994305238735336,
      0.05010241653279398,
      0.1427215724214502,
      0.248508562421731,
      0.035688663672961536,
      0.19621010777724274,
      0.24195609305740198,
      0.29101834442496916,
      0.14602667984173798,
      0.006478666535993904,
      0.0576677384956308,
      0.050888773669164174,
      0.06285408034162068,
      0.25035360736121043,
      0.15686406737848013,
      0.2893783669960721,
      0.006817738901706183,
      0.15003578618979418,
      0.06094331474375213,
      0.10211123452377621,
      0.12658298056087172,
      0.12410769760614149,
      0.009502155122720901,
      0.09837045653597191,
      0.22282667282505147,
      0.10575284856748936,
      5.585680440204798E-4,
      0.01459468576456978,
      0.1672358341729063,
      0.17897460089221634,
      0.16489622094251402,
      0.1564919086443761,
      0.19530132464381814,
      0.17065236869563766,
      0.2268141575208963,
      0.053478182339181043,
      0.27410883820029114,
      0.18911601014445772,
      0.27128327299228444,
      0.2824634739171044,
      0.14167084977078617,
      0.05080339037936938,
      0.2355008113283524,
      0.07610837636294733,
      0.023521183680645208,
      0.2360895299362627,
      0.2115434000116004,
      0.2332145191236096,
      0.03933576305120575,
      0.07158667588625164,
      0.11498474477036763,
      0.0407545059096538,
      0.17060356563965162,
      0.028055270953664845,
      0.28418090417108116,
      0.15337010385534447,
      0.016164650586290918,
      0.25017294715832933,
      0.005373104941180806,
      0.05994250303599223,
      0.15399921518261792,
      0.0183919495630527,
      0.21284022018727325,
      0.2294013953194541,
      0.2273477648414766,
      0.21191452218039253,
      0.11502208290140517,
      0.18874847200772582,
      0.1238068415725187,
      0.2138662405955589,
      0.1982581248706385,
      0.07221389052000417,
      0.05137934880162987,
      0.16711551257080912,
      0.031193628638215096,
      0.24296578516401732,
      0.22609426702000746,
      0.16365699033180323,
      0.2593378793150265,
      0.007928009743514375,
      0.21062304346072905,
      0.24737028858262491,
      0.11539138820807673,
      0.24789075009743128,
      0.12250979978906619,
      0.025538126846229525,
      0.0846014697815112,
      0.05859787097223648,
      0.0891820623015824,
      0.27871196395153897,
      0.22535949257421029,
      0.2878243724399913,
      0.16464835396196179,
      0.2271699925904823,
      0.08437224814354356,
      0.08508108655108605,
      0.28721733091994234,
      0.27293209906603305,
      0.20587490695171132,
      0.1419861991305846,
      0.03291000098163461,
      0.16021456315666963,
      0.04097651539493232,
      0.2900201709409987,
      0.004069453284969737,
      0.12954169747887495,
      0.14579188109087224,
      0.19509046167689661,
      0.07107975945981367,
      0.058729019725449055,
      0.21905816360050817,
      0.08744032703715955,
      0.2571413167991413,
      0.25284684220216913,
      0.011474202670508638,
      0.0896992050705381,
      0.23683687650467414,
      0.29001943175997785,
      0.1982024924980824,
      0.1703396780763235,
      0.21965350409060752,
      0.03252235176699866,
      0.071857869272426,
      0.0033081288853879175,
      0.004696224934210946,
      0.1832091708029042,
      0.005027405233165916,
      0.2769754339897935,
      0.25712673783397944,
      0.24616420884767817,
      0.2787928129568868,
      0.28706331237673416,
      0.02453281802917857,
      0.21715616256041326,
      0.1963151334308121,
      0.18742144241257655,
