{
  "horizon": 720,
  "granularity": 1,
  "priceSchema": [
    0.198,
    0.198,
    0.198,
    0.198,
    0.225,
    0.225,
    0.249,
    0.849,
    0.849,
    0.225,
    0.225,
    0.198
  ],
  "agents": {"h1": {
    "neighbors": [],
    "backgroundLoad": [
      0.2672163040797591,
      0.1170918296887219,
      0.28968950237466295,
      0.11259333609125094,
      0.0263133505700222,
      0.2928972423118489,
      0.0031919632728732218,
      0.24229535463322616,
      0.19710092027520937,
      3.0404294134337426E-4,
      0.2371265330883941,
      0.01430769698589187,
      0.25604109885889226,
      0.024823442935540195,
      0.15120371775102442,
      0.10696291503228277,
      0.2449730403173173,
      0.05407850915899972,
      0.23667796214036177,
      0.19294215609230495,
      0.16707809277401606,
      0.2742836965102688,
      0.24955771217782843,
      0.20724037131015738,
      0.23789558259781493,
      0.2643197247895796,
      0.17781128586998463,
      0.08498065719700225,
      0.019458931609686335,
      0.012350806182486207,
      0.1272969505628595,
      0.015323677189003237,
      0.2848630123324468,
      0.16903466933897293,
      0.22373369082814135,
      0.06100959972990407,
      0.139747935945479,
      0.28597457900545337,
      0.053758316189000406,
      0.2751643952178103,
      0.23321748342436474,
      0.1942790072306591,
      0.1316015531833514,
      0.06852747967745025,
      0.04333150867863841,
      0.13888366984117004,
      0.21727287235924078,
      0.10019948017186808,
      0.24237406569231848,
      0.2400646908347833,
      0.1075645472130913,
      0.13805836958225084,
      0.029343760150491203,
      0.13618126984045964,
      0.28452480224493115,
      0.005816188864251337,
      0.28276403957432905,
      0.1951856293053847,
      0.20574246242547276,
      0.07130901558686653,
      0.1414545958685262,
      0.2138328542320588,
      0.04539359893375217,
      0.2053566624706705,
      0.1568848418588822,
      0.005469929451437305,
      0.06794170166843667,
      0.06457443615126558,
      0.013631875375799685,
      0.29037967397714487,
      0.2569747180347096,
      0.209040534883161,
      0.013618721475721685,
      0.23244310919105235,
      0.07078074218426064,
      0.17394142808286658,
      0.25516419017693587,
      0.1106769774404273,
      0.23767043775777538,
      0.05734907157263003,
      0.2824606067262408,
      0.23705029680430603,
      0.1330924125533645,
      0.027847923291160735,
      0.06371381391500928,
      0.22944272774423496,
      0.08664173839827514,
      0.16509315048599524,
      0.2555766927010715,
      0.27501633871359743,
      0.23118348469889535,
      0.27962965452531574,
      0.1532713680534423,
      0.2624303009528132,
      0.19065441441381367,
      0.2510173989039835,
      0.22624372806351792,
      0.19113867295745215,
      0.21593887705822712,
      0.12135628596017527,
      0.27132417320675106,
      0.08329595454089414,
      0.29060538647604234,
      0.13228880192580914,
      0.29677609902571095,
      0.2741870925861791,
      0.08616716589860714,
      0.23094991148865301,
      0.19453773021134396,
      0.2684135070664735,
      0.13149179864052582,
      0.1778207347375306,
      0.07935839549881124,
      0.2699769586942021,
      0.07027178892687398,
      0.058255129546109716,
      0.05222928770032646,
      0.08252315506555019,
      0.20923381747378403,
      0.19258944174691803,
      0.031965754220062446,
      0.22839835356948585,
      0.07779140469325414,
      0.15844158954004492,
      0.21110687777568338,
      0.0771251366955912,
      0.18397989226386988,
      0.1888516494793537,
      0.001017860953335925,
      0.1824027942379538,
      0.22368145906399317,
      0.11722145583356051,
      0.2770568108396441,
      0.13337307707963839,
      0.2885570029706016,
      0.16472707494815517,
      0.19543865441997654,
      0.2727697057258278,
      0.17167536341602202,
      0.2259444676977937,
      0.19179208242862603,
      0.25922161228474466,
      0.02308412459110142,
      0.21470884654301287,
      0.19815030570479877,
      0.04742837658751716,
      0.15603851488102158,
      0.1546762364068704,
      0.28869949017228563,
      0.20119871885272905,
      0.28544968824696126,
      0.11051655815671164,
      0.2504898946646878,
      0.24243493401535549,
      0.22809666804664033,
      0.10655344560427182,
      0.06352443968951299,
      0.25662400857475726,
      0.23468199483051772,
      0.2633644664661339,
      0.25331506439374163,
      0.03563420439788888,
      0.0898662288797714,
      0.2340857534121747,
      0.12652506138506317,
      0.24553950663700594,
      0.2609067967622229,
      0.013113053832534605,
      0.19393545663054032,
      0.22729882292399617,
      0.15943118999347025,
      0.03646323912630732,
      0.20556867981250346,
      0.29702522193262854,
      0.26889852640006895,
      0.12599165260705597,
      0.12569073518643334,
      0.19594307276748552,
      0.09601298781273145,
      0.11127415815656697,
      0.0369755469049264,
      0.04613650825403848,
      0.28379885003242955,
      0.17227417764003258,
      0.0975385993888337,
      0.29163851715667327,
      0.009138539638919396,
      0.02058736540360785,
      0.2975883882008075,
      0.2687323149695752,
      0.20655291683437152,
      0.23542814639897994,
      0.20051780271752648,
      0.10281756417559129,
      0.12150926376021047,
      0.16243689737952247,
      0.24126638111511703,
      0.29676270695731916,
      0.08556306358996764,
      0.25404145083799995,
      0.07249405454120651,
      0.26509643521798665,
      0.06601123625668372,
      0.03406056891376164,
      0.07945347122661749,
      0.07969676158954558,
      0.060483110596117516,
      0.10601848236829726,
      0.1378350026455515,
      0.18685662771057612,
      0.2780309143227266,
      0.230880350477544,
      0.01466055243564278,
      0.1703121164213357,
      0.027548550550757233,
      0.23164661828996935,
      0.043835667596357195,
      0.06297151199691413,
      0.1432458066731119,
      0.09364011788117586,
      0.19905445673294328,
      0.22824010702031078,
      0.08692985475262006,
      0.2630723474903319,
      0.27436976615733133,
      0.24846030872653252,
      0.29242281964065897,
      0.25597904518384434,
      0.24081603356543965,
      0.14416775891167888,
      0.2746094672031081,
      0.2767099345785788,
      0.035048196017831386,
      0.14899862904800307,
      0.22543536071901432,
      0.2755155884091184,
      0.1935115426875511,
      0.125336755119498,
      0.20756172285350194,
      0.18820816010136626,
      0.14115779914605073,
      0.21217010612997647,
      0.2442598899157904,
      0.28714327760419145,
      0.29697316870228857,
      0.28754141729645494,
      0.1589652933405693,
      0.039258889309218024,
      0.19494079040245668,
      0.12373946091639859,
      0.14094588576275707,
      0.06200569427309498,
      0.07699086140516784,
      0.1906067208864685,
      0.26947712563244886,
      0.19479533866707008,
      0.14634005728005522,
      0.2021723709977888,
      0.009531187350363679,
      0.2572941110359337,
      0.1623499740552518,
      0.23373394942843895,
      0.25203349247753076,
      0.07929026444743231,
      0.16209386457906239,
      4.1504954339004473E-4,
      0.07246302378853674,
      0.13613221819500285,
      0.07132355091086208,
      0.2493758617247307,
      0.2037020157359481,
      0.035843437862330525,
      0.07590160854204896,
      0.1697387844699709,
      0.2837661988000048,
      0.120976537818911,
      0.15679043671740892,
      0.07819145267126855,
      0.13530794316814873,
      0.009968307507162488,
      0.2673477840202428,
      0.09109593963019957,
      0.19283155899119792,
      0.274059849744072,
      0.1005459583636792,
      0.0365823392264611,
      0.03001090278592907,
      0.1046399077421573,
