{
  "horizon": 720,
  "granularity": 1,
  "priceSchema": [
    0.198,
    0.198,
    0.198,
    0.198,
    0.225,
    0.225,
    0.249,
    0.849,
    0.849,
    0.225,
    0.225,
    0.198
  ],
  "agents": {"h1": {
    "neighbors": [],
    "backgroundLoad": [
      0.12507255618284344,
      0.018226782217007232,
      0.08808432881034653,
      0.10213590084520667,
      0.12565445417129595,
      0.057388063954987134,
      0.10876959276048233,
      0.1909967137558222,
      0.17277629259495927,
      0.28869995893438855,
      0.08999765858951492,
      0.16206310204195615,
      0.15432916731587001,
      0.040736813355623,
      0.03536383804663894,
      0.134414480582807,
      0.03352175584306701,
      0.09349417935252864,
      0.04104071454802859,
      0.11699111015009815,
      0.08787588602277097,
      0.2858273120353432,
      0.15026509883462,
      0.2947495803976076,
      0.012873547541149954,
      0.13020221642360066,
      0.2794429617713753,
      0.0923314784077997,
      0.010967121427689741,
      0.06744723214056038,
      0.03482636039004517,
      0.2487206199478192,
      0.1778556782478903,
      0.09460542723094552,
      0.2187457021947595,
      0.07091045431618305,
      0.04935152194416572,
      0.20955356592307986,
      0.03262902580681698,
      0.07621300559521424,
      0.2795847047121905,
      0.11275061903287104,
      0.09146878644598977,
      0.2711887957909474,
      0.28123271498426944,
      0.1936975279518978,
      0.2503441811051101,
      0.18075517418836753,
      0.21542287687864087,
      0.269496076569819,
      0.2964900478554507,
      0.1600495372166975,
      0.09521484741758343,
      0.040572427699572366,
      0.2583973428227051,
      0.06914521251115172,
      0.1588522621835335,
      0.002508518304056817,
      0.2965840168123466,
      0.2679742400258464,
      0.13422650634911598,
      0.018811132792018615,
      0.06565350633460762,
      0.25221993152603434,
      0.29789475385956693,
      0.21398358796185363,
      0.18281205629539207,
      0.285688978482959,
      0.0634026331787232,
      0.27575848251397966,
      0.04298794231999391,
      0.262704171177479,
      0.15903829842024414,
      0.05288765982370806,
      0.06834388022740448,
      0.06477074237780785,
      0.025789823740305917,
      0.267326353288263,
      0.13405103988673361,
      0.01024809058489624,
      0.2844389238292342,
      0.05726319890129734,
      0.1862609188198083,
      0.2671454057283024,
      0.22446372250015967,
      0.28245063115499014,
      0.24809633775169013,
      0.05607714109382632,
      0.05934342513180397,
      0.021731663171434545,
      0.2555018776439252,
      0.15801564869384513,
      0.06473192905598942,
      0.13210874985231646,
      0.28079911282465597,
      0.06520259453421048,
      0.16874623901362823,
      0.26837374692006877,
      0.11118878636834857,
      0.1824843111460618,
      0.047499176750666096,
      0.2210835849774741,
      0.19338774865339664,
      0.14282011281736484,
      0.013147162338110984,
      0.24972169876260447,
      0.1716323092975104,
      0.047975537886810034,
      0.04585754687343286,
      0.07299977259777274,
      0.2221536767801978,
      0.007329298669783623,
      0.26953567341410734,
      0.1795169837331871,
      0.030781195774747194,
      0.02553251958008359,
      0.07224892138800461,
      0.08584960648215069,
      0.21813583586920118,
      0.04409576944351038,
      0.1317922200567036,
      0.036701117646891455,
      0.27297988192335676,
      0.24533936271308274,
      0.12926485984279432,
      0.014338990402744955,
      0.0621467169960678,
      0.047713986009445784,
      0.03820201273953789,
      0.15736071434063675,
      0.25147696603581965,
      0.16031251217195142,
      0.13867418509875465,
      0.2450431677569455,
      0.2852387457655667,
      0.2820422839323973,
      0.11127060447861216,
      0.17319555679355267,
      0.1042484563608511,
      0.221592002670108,
      0.2299175133240901,
      0.1721081948728958,
      0.08156506712639275,
      0.16085595593857396,
      0.2918522446084571,
      0.15606197261677193,
      0.18706053411123585,
      0.0820415883751553,
      0.26286749371945367,
      0.2854551761666517,
      0.15559341383974654,
      0.256175669349995,
      0.16692943718053574,
      0.2932666085565116,
      0.005700504522378314,
      0.2700473125567737,
      0.2561409854658036,
      0.23933698096625539,
      0.006641395141895678,
      0.13933360339970732,
      0.039472593005813246,
      0.008933303949959137,
      0.22575782872178624,
      0.22274642074342446,
      0.11630578641531851,
      0.259035734916255,
      0.12000089980906925,
      0.18332498693638216,
      0.098960597278003,
      0.25472049128682756,
      0.21334501699028893,
      0.20861085959232856,
      0.2169691925692483,
      0.019262979320976436,
      0.23968518468303443,
      0.10960536880581041,
      0.11544347412032202,
      0.18693348057455209,
      0.05776298690046616,
      0.2796834500835779,
      0.12960057186720955,
      0.07619926282117029,
      0.14308387914769233,
      0.037952133662749,
      0.24382894744291853,
      0.02939185401170692,
      0.07289703832522687,
      0.06430318216491206,
      0.1428669588257367,
      0.013587970197562438,
      0.004598397180660241,
      0.023497461400223185,
      0.038147261989613344,
      0.14196144771298683,
      0.11858437313842145,
      0.06744877923651144,
      0.27603505201904055,
      0.23542295065664856,
      0.05178790848588812,
      0.20432018980487193,
      0.27544287981600635,
      0.261425263135372,
      0.17356800970903133,
      0.10853577528179686,
      0.17781490412782056,
      0.058858316057445244,
      0.2889570092676179,
      0.13990160800999799,
      0.21165919318044096,
      0.16271697450292416,
      0.20965519735572136,
      0.054255516671051364,
      0.004496840830586468,
      0.1571051763567313,
      0.2121723902269477,
      0.16108781826451773,
      0.23500223142371998,
      0.28826113957168203,
      0.2845140581976638,
      0.0053132732526901755,
      0.0068461004501445205,
      0.24771886083275985,
      0.13539628140215815,
      0.12866860468629537,
      0.22951460117788736,
      0.07281786480106378,
      0.06540454776461126,
      0.2292637566704716,
      0.03426371218563534,
      0.15903988186291387,
      0.07065955207284844,
      0.2725624274028684,
      0.009255801579657595,
      0.25332158311238634,
      0.08187201944659739,
      0.23566530111641878,
      0.29677800276568506,
      0.07903146566032788,
      0.011185899929776965,
      0.14564610843471043,
      0.18692099396822348,
      0.04064396604617236,
      0.09287611944753872,
      0.10052991896190784,
      0.11262925661360763,
      0.04024991311113539,
      0.20657818836334046,
      0.23024621144119048,
      0.22837264255870285,
      0.19362619033399145,
      0.04911648123025294,
      0.05892026358337373,
      0.011015964179728709,
      0.18449880736576643,
      0.04950063398914073,
      0.06015552896733101,
      0.02880684298260785,
      0.13910123547585077,
      0.17080969560985487,
      0.19545545811352147,
      0.2136633277069063,
      0.26398839879413005,
      0.1134356221543455,
      0.23935900214513817,
      0.25431395786889915,
      0.17415868568060178,
      0.23225045977321407,
      0.1317173183336394,
      0.19014848873692491,
      0.0435839758304471,
      0.1083606576515218,
      0.10053921960544794,
      0.03635701930874038,
      0.09467969824116967,
      0.2244256989901206,
      0.24469832536717484,
      0.022531967370793857,
      0.02333497929457192,
      0.2607835489812919,
      0.06591477428017177,
      0.17887588435409174,
      0.11825776018730241,
      0.11389852206739318,
      0.22062085883656798,
      0.1192258256494035,
      0.09746304733327828,
      0.29530259499287964,
      0.08600370070449356,
