{
  "horizon": 720,
  "granularity": 1,
  "priceSchema": [
    0.198,
    0.198,
    0.198,
    0.198,
    0.225,
    0.225,
    0.249,
    0.849,
    0.849,
    0.225,
    0.225,
    0.198
  ],
  "agents": {"h1": {
    "neighbors": [],
    "backgroundLoad": [
      0.1911718095486822,
      0.06073772331836009,
      0.08782361264282987,
      0.015306829292024303,
      0.28117305803613785,
      0.0715738524886915,
      0.2991137616290307,
      0.1229877652493655,
      0.10369066721691213,
      0.2427690946820425,
      0.004804370015792169,
      0.1449541601896658,
      0.09745689048942772,
      0.20591195398724318,
      0.17306439742881038,
      0.022975380167762103,
      0.21163966527902076,
      0.2745819437863006,
      0.27701571541076053,
      0.23096248670760422,
      0.09899455450495273,
      0.18968911088999182,
      0.17542164252064363,
      0.2914621965496727,
      0.126949624208291,
      0.1016971080262294,
      0.02536339121281963,
      0.27838665560903225,
      0.09699463755158162,
      0.012726315227984286,
      0.20733651170876602,
      0.026851128199780003,
      0.08974444854881439,
      0.19760610579361562,
      0.01756554238553375,
      0.12964958302102905,
      0.1535081761152898,
      0.13080206314280515,
      0.2780512876497954,
      0.17548593037671772,
      0.12063444894040315,
      0.27755592125626677,
      0.03404219349408625,
      0.10799660868793802,
      0.07305238836175351,
      0.13450473125780862,
      0.013167408144040327,
      0.12919280370901096,
      0.0167841929483171,
      0.005479306312511111,
      0.025660588557769825,
      0.027851883579284108,
      0.13176806713869446,
      0.16708815749298586,
      0.17998718193519692,
      0.17329597057471893,
      0.2677898089606956,
      0.29895919887158245,
      0.09435625544777314,
      0.11551093065721858,
      0.20168852587447536,
      0.036561875899901515,
      0.07735374196411574,
      0.25557323133207593,
      0.11624919874509176,
      0.06983059114374279,
      0.016041328421221624,
      0.06651446499274487,
      0.22438964614597784,
      0.29843018263330723,
      0.18337475614602392,
      0.18076544272619255,
      0.2939531503230941,
      0.08052246903895424,
      0.24507895513080072,
      0.1469229405139048,
      0.037236352426315934,
      0.1333329567790227,
      0.07577467115669899,
      0.005792730561963532,
      0.1986850071785734,
      0.29126087851801524,
      0.22497444070445474,
      0.06131925719779813,
      0.13528664355446993,
      0.2575637204727048,
      0.07619726036872879,
      0.02763017342015962,
      0.1550241754558748,
      0.015803350370004188,
      0.2813994192206018,
      0.2169471861006056,
      0.15583405255229393,
      0.18435735345212653,
      0.0388749918234625,
      0.11602578975795091,
      0.07183183621341753,
      0.12307887948453368,
      0.09132606954568681,
      0.21868489019232956,
      0.12745197303793224,
      0.2879777997111608,
      0.24196365384804294,
      0.10328635687174338,
      0.22708163053115865,
      0.14924716327495505,
      0.14977128824833968,
      0.2018904378771829,
      0.025687311494708275,
      0.24379551691410134,
      0.04677095284677596,
      0.04321805621860013,
      0.1896476095599335,
      0.27332150019341783,
      0.010485236003022102,
      0.06615883796525247,
      0.22657092385541755,
      0.17185673405948326,
      0.17633175358839132,
      0.24871213632634187,
      0.28159876922034593,
      0.2839501405827048,
      0.15689860916935314,
      0.04446669642188933,
      0.21904704480613574,
      0.23047662171450112,
      0.08826849505000497,
      0.2001672893618369,
      0.1978783559079265,
      0.2589237797064777,
      0.05562160135487171,
      0.1761042461480443,
      0.04374309236010186,
      0.25374222680321407,
      0.2120755023015648,
      0.24597704074628188,
      0.21301233717656437,
      0.13219967443693456,
      0.20084205787934478,
      0.15538202211387325,
      0.20501153087538232,
      0.08862441625493957,
      0.16418146003172027,
      0.15014456565745624,
      0.10145700726825006,
      0.14387935349960346,
      0.005338378328557913,
      0.07817567759061846,
      0.21453364394254276,
      0.1784249964529815,
      0.10665195053129425,
      0.24923255378959497,
      0.019021383081578802,
      0.08729528988552372,
      0.18200074616011586,
      0.2341648109441446,
      0.01554762398755729,
      0.1562045530090562,
      0.11366291231760864,
      0.021612969218229573,
      0.26925921321546625,
      0.169880425754991,
      0.11805977889282271,
      0.25985903593647997,
      0.20899945985983479,
      0.031769354201523034,
      0.11266441057484386,
      0.12041331607284021,
      0.11860708449313592,
      0.008540363922691308,
      0.2630467619915859,
      0.21331814351568593,
      0.08848318292875242,
      0.10670007825251754,
      0.16179819696929496,
      0.22853466414366622,
      0.16301412478480823,
      0.167576185409899,
      0.09215149569323884,
      0.07283999154427721,
      0.1739827491330678,
      0.12946820431274553,
      0.09939435302228507,
      0.20802282424341575,
      0.004710653154783006,
      0.09864389909418687,
      0.29323169218045897,
      0.010532883590418185,
      0.14736154913194327,
      0.1368876489737122,
      0.15673619582162288,
      0.08484567336918555,
      0.06837958107022082,
      0.18273671710977743,
      0.09624159099823461,
      0.21222341681517418,
      0.006176656075957787,
      0.27792805562915573,
      0.25423862333910796,
      0.13709536096849226,
      0.18344534012081368,
      0.10392957063327703,
      0.264052412329384,
      0.11524625206922293,
      0.10838177115005487,
      0.002830865629445478,
      0.13374250171057675,
      0.12777848566895827,
      0.28308010054200056,
      0.18453212036047303,
      0.20417499495994135,
      0.002239687846317584,
      0.15151508409912115,
      0.23478113971354742,
      0.2936983645439772,
      0.03999462138916967,
      0.0191643531135248,
      0.0015083109702967335,
      0.2281910850047967,
      0.19965895937732545,
      0.2844333642429578,
      0.21075872408430643,
      0.1803883817820723,
      0.14159424774583043,
      0.27231758052245464,
      0.23262835646917457,
      0.20029471987969996,
      0.2759939925923725,
      0.06466824343106027,
      0.15766220591038937,
      0.14431430312175966,
      0.13385116711615844,
      0.2635939777742945,
      0.17323077567540465,
      0.06677737783763313,
      0.04412250720933242,
      0.09946708024726558,
      0.29211453266049864,
      0.05263605306591573,
      0.05644282074519553,
      0.29216324575441127,
      0.1604461795395649,
      0.11388860625415634,
      0.2660014549755927,
      0.0728671540998111,
      0.14703725914355728,
      0.13847045996122254,
      0.11244979487703093,
      0.030939697463366476,
      0.03497824538192371,
      0.030685996885792398,
      0.17662963245072372,
      0.14840042070435705,
      0.060368354473161356,
      0.1348693787212534,
      0.21300049552187642,
      0.26727459707487405,
      0.18308165754372197,
      0.2567717572181172,
      0.2811188663257375,
      0.2118286988434089,
      0.09832237531760867,
      0.04000879036288035,
      0.232280478355595,
      0.1547393049738167,
      0.12620657860415968,
      0.031784776345420936,
      0.21615558811781663,
      0.18432178845505884,
      0.07176413458436273,
      0.08121732289813752,
      0.22342749537871523,
      0.06199386123328068,
      0.1374750363103806,
      0.1392478260343352,
      0.09282586890409052,
      0.12123845960579624,
      0.13102575200835,
      0.055787699237133594,
      0.0875383376582093,
      0.010756473696336876,
      0.10293699613108824,
      0.1303239071405418,
      0.29475958304131217,
      0.21788761133255127,
      0.13617455193931058,
      0.2434715450381672,
