{
  "horizon": 720,
  "granularity": 1,
  "priceSchema": [
    0.198,
    0.198,
    0.198,
    0.198,
    0.225,
    0.225,
    0.249,
    0.849,
    0.849,
    0.225,
    0.225,
    0.198
  ],
  "agents": {"h1": {
    "neighbors": [],
    "backgroundLoad": [
      0.06224000555869627,
      0.050447661906963426,
      0.17352619274624612,
      0.15914406588948712,
      0.0806708765418944,
      0.045709058120892154,
      0.16039981788003405,
      0.10907019818748737,
      0.1652842267074953,
      0.23423807295670787,
      0.25142683742245264,
      0.1213726511156421,
      0.23298005909363526,
      0.1428855366871649,
      0.2706914418302053,
      0.15419962882306062,
      0.12322100385791804,
      0.026812827839840635,
      0.21901363030152987,
      0.021066610492369207,
      0.29669252212656266,
      0.23184297007108265,
      0.18683751934259502,
      0.17821407035242834,
      0.2350397344250734,
      0.14864327144833978,
      0.28853047059076525,
      0.29019067794207004,
      0.0771476294463716,
      0.1551352222609152,
      0.07242386973100136,
      0.22934394378692943,
      0.07328568924156358,
      0.13777168672335025,
      0.06539194171306972,
      0.08101232345920467,
      0.1951136429945091,
      0.04578622359911681,
      0.2384785051537074,
      0.2006369039624595,
      0.11937966449847465,
      0.2622489808691907,
      0.2525542036544431,
      0.24693890106909203,
      0.2741028934308633,
      0.2259693335552186,
      0.05192878249452271,
      0.06729338204358104,
      0.21882741335348918,
      0.12273372608990518,
      0.17817878728430683,
      0.23534663258135113,
      0.2627458898196216,
      0.15423965542951099,
      0.06203821737887755,
      0.04933187618095159,
      0.2445702373611922,
      0.22513816831187747,
      0.1019899324655258,
      0.030328893659714373,
      0.26976892763438937,
      0.0157884171021467,
      0.0570149394988444,
      0.07675787166849764,
      0.27456825843331184,
      0.14031848153277424,
      0.12513485146581965,
      0.2135385919108107,
      0.19471978927605357,
      0.10782588811691066,
      0.28065876502245574,
      0.17441773465490437,
      0.022394227241142862,
      0.21227730063283948,
      0.13017913997055178,
      0.05072144636147123,
      0.12549175319958977,
      0.09221001878075259,
      0.26150905207976527,
      0.030976302315827098,
      0.2202496014930315,
      0.23719034822548726,
      0.05827428800108698,
      0.0622126268019868,
      0.2945425257682348,
      0.08687344650692294,
      0.24636958508066045,
      0.09846419168615292,
      0.2676605801967839,
      0.03846917959698863,
      0.14115300532765407,
      0.08915942443244292,
      0.03984630895738469,
      0.26952435969235816,
      0.13129099175071998,
      0.1946764239758537,
      0.11844847819336526,
      0.13515976186145828,
      0.2680268477530202,
      0.0711122296254849,
      0.1780671933296334,
      0.2737301891831128,
      0.24351135915321812,
      0.0690375616939754,
      0.1594827820067596,
      0.1631620974504111,
      0.16414508169294928,
      0.0136706266409787,
      0.2776963803235283,
      0.01592677726846654,
      0.04977575681196817,
      0.25810276552401745,
      0.171310632345268,
      0.02961562505181171,
      0.08038178781813611,
      0.1784859472161006,
      0.2347373910176754,
      0.14003911888378603,
      0.040743574955508295,
      0.06415831671616287,
      0.1483975153544782,
      0.054198861331659076,
      0.24307179063682835,
      0.12444270612601059,
      0.06573284564767048,
      0.02392117555093386,
      0.050973738560097015,
      0.2052091409320976,
      0.2289932707289905,
      0.07226190083871094,
      0.17488316129865142,
      0.17004424377958585,
      0.023176596826339935,
      0.2511053360234411,
      0.16645835307633003,
      0.003742725376123801,
      0.275670483352809,
      0.1256172661397519,
      0.1519507235314054,
      0.1931696036446313,
      0.22635956940374347,
      0.13755723796485872,
      0.2688009605420983,
      0.2581384165953999,
      0.10902005014381025,
      0.2618417405145727,
      0.08790230418147803,
      0.12483992039431915,
      0.27773814418756987,
      0.1600894502749622,
      0.2103362935603538,
      0.22123397083820015,
      0.18328959691437155,
      0.08024284588945552,
      0.2642466008594524,
      0.1752412004170098,
      0.28906309486442855,
      0.19341937636685858,
      0.14995232735257422,
      0.02753021571548334,
      0.07295615902235694,
      0.14568092281529915,
      0.1321003979283208,
      0.14814851674675075,
      0.14111381076669036,
      0.26908420238240627,
      0.16219445625205484,
      0.213194347625432,
      0.15025330108249454,
      0.016837674534690827,
      0.10765438448041989,
      0.258162472958622,
      0.27568636984596095,
      0.27709803634895813,
      0.11904240877575384,
      0.010186910982864127,
      0.005275520912126052,
      0.05790198317863203,
      0.27198849245762463,
      0.15734561186308832,
      0.2917854631526556,
      0.12551455072639942,
      0.19566018340545097,
      0.06634849412543974,
      0.20715128935868188,
      0.0863354448394042,
      0.17316994702701174,
      0.0652148856487273,
      0.11180254756182254,
      0.24077102765863762,
      0.19537433736389867,
      0.2836963011118607,
      0.0556022932120841,
      0.1144282554397879,
      0.2225795216575591,
      0.10411663823177313,
      0.1163998232247977,
      0.0433239759434112,
      0.24461874525162564,
      0.2629721103272871,
      0.0220757721956358,
      0.27423429087643886,
      0.13264328031787556,
      0.03270724186983863,
      7.521252975466019E-4,
      0.1134080082136133,
      0.25881907177983776,
      0.2893917608252275,
      0.07973100064642047,
      0.06671384939926485,
      0.11428214644449634,
      0.09681162340023587,
      0.2680757424191324,
      0.18500221874797768,
      0.17103032997435336,
      0.0653940848970977,
      0.021428193034018026,
      0.06547470077106958,
      0.1362145551070836,
      0.07883684116002838,
      0.27962418231928243,
      0.10518893716219614,
      0.06573589331416242,
      0.26160971877238404,
      0.28724106827243884,
      0.17143640499233403,
      0.04052747104527157,
      0.22505037896318447,
      0.05722408714614665,
      0.0663717147147174,
      0.0699579650714288,
      0.2376938870219708,
      0.1690706477102654,
      0.14150818034097418,
      0.23549089290767505,
      0.07478383221640926,
      0.008420039107951981,
      0.07110821885131438,
      0.1824892875050149,
      0.14620130312635823,
      0.21992943215700939,
      0.03287980269122959,
      0.166884672402235,
      0.23726620664287257,
      0.10228119066971485,
      0.03510500801698171,
      0.15079294515403938,
      0.09152764998639493,
      0.2931430768727708,
      0.19064353526492392,
      0.2781050311364563,
      0.1992188966675979,
      0.14702288366785624,
      0.08185866928114394,
      0.22714093912404743,
      0.20761222116250824,
      0.08796128717105121,
      0.21166849163793158,
      0.07170505796175862,
      0.21298204478885233,
      0.22452576719552816,
      0.21333840308796764,
      0.26976994041236807,
      0.14498967100456947,
      0.05269049946481073,
      0.07642375370228695,
      0.003673799677911071,
      0.2381767113607252,
      0.24240638475040682,
      0.01707884766335391,
      0.12965058582831973,
      0.13037949015611902,
      0.08232649637375966,
      0.15463974354746676,
      0.2863289425123072,
      0.20058861504828207,
      0.1210908062267627,
      0.24063099870963592,
      0.0560579979068334,
      0.026469444536100274,
      8.533512190778136E-5,
      0.15620934595292918,
      0.02157067642556022,
      0.13923029745187432,
      0.191032148267328,
      0.20437714028559537,
      0.2530886707486779,
      0.25590177199593167,
      0.012122390960594908,
