{
  "horizon": 720,
  "granularity": 1,
  "priceSchema": [
    0.198,
    0.198,
    0.198,
    0.198,
    0.225,
    0.225,
    0.249,
    0.849,
    0.849,
    0.225,
    0.225,
    0.198
  ],
  "agents": {"h1": {
    "neighbors": [],
    "backgroundLoad": [
      0.07792489802319758,
      0.10488143210902114,
      0.1309055787038048,
      0.20712787335047111,
      0.09001100282218294,
      0.10911977628103804,
      0.29322485045363883,
      0.09282577533997695,
      0.019815063957263467,
      0.28724107629196133,
      0.21949686071270577,
      0.21008175893256165,
      0.014530251998951504,
      0.19102567181791016,
      0.21090808104667813,
      0.1793502807501301,
      0.25697449424597635,
      0.08719813702063371,
      0.13751752533489406,
      0.15451670244310564,
      0.1395642560587185,
      0.29320839708559354,
      0.02730871274647165,
      0.16020742479343095,
      0.21558510241273618,
      0.13950899469203903,
      0.24984473702254753,
      0.20546339353575613,
      0.025089312197825387,
      0.11374321692731995,
      0.2661785850018893,
      0.1735194442402402,
      0.012774127817223657,
      0.15380641583390642,
      0.19525424666216729,
      0.2844781421479028,
      0.0782192312478925,
      0.07032694274984515,
      0.17360110716134744,
      0.13861674567962853,
      0.12499622093316629,
      0.1378932455703762,
      0.16047811329136524,
      0.07314351833724625,
      0.05415321738311942,
      0.10917131933108451,
      0.04453646053426565,
      0.01157106001937197,
      0.22564943866896947,
      0.22031101250237872,
      0.2423369655924252,
      0.19578040193369933,
      0.01331533677913821,
      0.2875974449056102,
      0.11696880943202956,
      0.26731960736601246,
      0.08173126435156959,
      0.11472004713201274,
      0.15370578239196014,
      0.2253656977038547,
      0.28601373062449054,
      0.28098880480556004,
      0.008125989637153663,
      0.28752872778900407,
      0.14482454964305705,
      0.2633541621796888,
      0.07914270049718042,
      0.24647128327940854,
      0.03222470253386695,
      0.15134349332184155,
      0.01896430928616215,
      0.22685746324884495,
      0.022750526770466538,
      0.12192406349084993,
      0.06230095825546081,
      0.1435819069483561,
      0.0515488477554172,
      0.10615219030542995,
      0.29155350366590677,
      0.0041833493981036085,
      0.09771213372210426,
      0.11730099268293322,
      0.21060749463024056,
      0.23298729153370004,
      0.19900502617820334,
      0.17899451944307468,
      0.053595129553361764,
      0.005195131185672819,
      0.00130986087767323,
      0.250603437801748,
      0.016078396833902053,
      0.12275605149268189,
      0.2523342907415586,
      0.14233809307731518,
      0.05705801598072271,
      0.009064694718161292,
      0.16755921061710802,
      0.24733515967542455,
      0.2984580053650636,
      0.21192620311166718,
      0.20300784348324,
      0.04338480040122204,
      0.24414502590580325,
      0.265706462541975,
      0.21612677895538848,
      0.059893730662987366,
      0.09236971524397665,
      0.2134938932162004,
      0.04768496459622473,
      0.11217939114960064,
      0.20603549990678563,
      0.21207704330607363,
      0.06521797372393787,
      0.2302110813658398,
      0.18117502440431885,
      0.10615236457737766,
      0.10218442758324264,
      0.1991860081687536,
      0.08997586569232241,
      0.102317835556566,
      0.299746505036244,
      0.0481957272841777,
      0.19782346709968232,
      0.16719857753103104,
      0.18029539090510688,
      0.10255788212336187,
      0.2186942757951774,
      0.20057573098176326,
      0.15137074749862248,
      0.04297546740108666,
      0.09839276491330592,
      0.18528002097279717,
      0.1902411694130094,
      0.20045741399923894,
      0.2277044261500054,
      0.010303437305828066,
      0.2173619955837706,
      0.16128890552746797,
      0.2362344853122818,
      0.28104883301882233,
      0.2815834253287048,
      0.052697963235182485,
      0.13551524448167077,
      0.2095436138585308,
      0.1782221899880095,
      0.24948863850034883,
      0.14359470170858432,
      0.23078909836654043,
      0.20607822833312298,
      0.2134524698799466,
      0.09184660083742566,
      0.20041320209858374,
      0.057212985537905055,
      0.09714295238757527,
      0.1445421670839696,
      0.23992758671968478,
      0.2780255536804606,
      0.26761748459706497,
      0.08462684313496968,
      0.19066560619202863,
      0.02725599801314682,
      0.15001438838087025,
      0.25152719607286794,
      0.14054081541020746,
      0.23479798472070854,
      0.051015980209595566,
      0.24012665909450148,
      0.2617831032317903,
      0.2392817470488648,
      0.09723352611400969,
      0.18099383757169923,
      0.14299296189288233,
      0.2710045324857671,
      0.1219758291962334,
      0.2621266554916556,
      0.18892515954347217,
      0.05014696698530391,
      0.014081431642015184,
      0.04214713731402205,
      0.2290106498069391,
      0.28786158020572106,
      0.22817390683847305,
      0.08496469324384429,
      0.14911406927373003,
      0.24995516721895378,
      0.20031822557607096,
      0.21398675130157938,
      0.0907039858531892,
      0.2037535801244081,
      0.10822020057122662,
      0.2792390010794553,
      0.15991002268588625,
      0.28945678183873114,
      0.05569895374645216,
      0.1744342684819226,
      0.13875235984472864,
      0.11298174145604072,
      0.18074913765853748,
      0.20081449929142517,
      0.11263232728377541,
      0.17498849361665175,
      0.044664234101769375,
      0.12350531485531446,
      0.15604745122854888,
      0.2727781037314187,
      0.09584689027240896,
      0.2759977286613341,
      0.10950789741040809,
      0.04439473298784425,
      0.034677726234129624,
      0.26275439167058273,
      0.10900737237650555,
      0.03451579743113535,
      0.03595846767379924,
      0.20104123925338932,
      0.11131558405739174,
      0.052669965517443414,
      0.20294469505588794,
      0.04368381977572171,
      0.2683239470740955,
      0.2063842129389732,
      0.23708989372509195,
      0.12068087651081402,
      0.16769541936761592,
      0.176012264416634,
      0.01764165812618571,
      0.06363734615967495,
      0.0903938506207047,
      0.14034271789915884,
      0.265850215252475,
      0.21490685798864037,
      0.23564287937699505,
      0.06306504854904486,
      0.024257359154686298,
      0.29252373779057744,
      0.067481477539042,
      0.030829610699310117,
      0.21371966488187025,
      0.11302168998160866,
      0.1924569645418832,
      0.296716079881023,
      0.1340504195746481,
      0.10607316776343001,
      0.10789876646252977,
      0.2798160594662169,
      0.2830117014001197,
      0.26119103812436123,
      0.026862841329869824,
      0.009780054129656945,
      0.012284866557044827,
      0.16043224546537602,
      0.013032701607651753,
      0.060513210213200296,
      0.16441845466982621,
      0.06015618517169365,
      0.2903073390056397,
      0.19669462013462222,
      0.09664063414841016,
      0.15903489349444966,
      0.22080867568602097,
      0.09445211799445867,
      0.24030132742938912,
      0.2669824363856786,
      0.003431825939503352,
      0.2583167066850247,
      0.2508322415517562,
      0.2910127606560909,
      0.26710524888579706,
      0.242045381331358,
      0.24994373182264737,
      0.08481869782195692,
      0.17684786942727856,
      0.024993918166378092,
      0.22764410988626008,
      0.07707467821208938,
      0.06471304758409871,
      0.00251626269008165,
      0.21677538939922694,
      0.09175560925206862,
      0.11278160623222871,
      0.1414459476066128,
      0.07677519576045379,
      0.2450202728465971,
      0.03850734799607829,
      0.2002021075828992,
      0.10547653516042378,
      0.09105746449290891,
      0.1676699218449979,
