{
  "horizon": 720,
  "granularity": 1,
  "priceSchema": [
    0.198,
    0.198,
    0.198,
    0.198,
    0.225,
    0.225,
    0.249,
    0.849,
    0.849,
    0.225,
    0.225,
    0.198
  ],
  "agents": {"h1": {
    "neighbors": [],
    "backgroundLoad": [
      0.04319927424689689,
      0.1470108289640288,
      0.04852635330429711,
      0.07963201095169145,
      0.2956240850729384,
      0.02743133887631922,
      0.07365076023595157,
      0.2752154611954242,
      0.04796889840515254,
      0.27962520515681155,
      0.23677483674345096,
      0.012551170582076287,
      0.0966649087892917,
      0.2231402741018751,
      0.18474787063803472,
      0.2626838503822891,
      0.010324270514634814,
      0.06766947967983308,
      0.18991505575825815,
      0.10149976980580606,
      0.299702619377867,
      0.14911900890950705,
      0.080338439676798,
      0.12995121540941082,
      0.2623048372695588,
      0.14871619524197185,
      0.17464858212158887,
      0.052637012837367714,
      0.10134605472438353,
      0.1547090399749753,
      0.21285904819554424,
      0.09207276320810438,
      0.22256974425052933,
      0.2237528566191613,
      0.10136608135655326,
      0.26160887020202045,
      0.004908766138775933,
      0.16402202307304467,
      0.01950182557060044,
      0.23291355974587105,
      0.07321281027840118,
      0.018204783946947977,
      0.22815557167729808,
      0.005193438825763974,
      0.15484871085445095,
      0.015591274104924712,
      0.25756002655251153,
      0.012119385187850773,
      0.14752735931881064,
      0.20730402746966742,
      0.019179926560318018,
      0.28672290594101235,
      0.21917256794000076,
      0.13369468105426038,
      0.0819267329153704,
      0.22575063759398084,
      0.014168643734067276,
      0.18893372979626685,
      0.1570964542845665,
      0.11341624991456895,
      0.040077586686153355,
      0.24249407757012661,
      0.18216528048662894,
      0.2257935366812435,
      0.16744564286624558,
      0.27742167350637664,
      0.2187392743993258,
      0.2895816162154746,
      0.2887787484216931,
      0.07384524040115607,
      0.25265963115031587,
      0.2751522099611556,
      0.23555805020439505,
      0.13879319952292973,
      0.08175347236289678,
      0.17833304482780174,
      0.08073305485182837,
      0.0698763020535172,
      0.1365734447510765,
      0.06187866011837642,
      0.1439047856043911,
      0.20037940862745068,
      0.08616142982581555,
      0.03698749888469605,
      0.23709546153896616,
      0.2078411202084354,
      0.2431997550069459,
      0.06178504234370436,
      0.16893134781519287,
      0.1348746424917338,
      0.223163175889151,
      0.0863981699800459,
      0.1273134711059694,
      0.2596375035075323,
      0.14775390525323423,
      0.2739388645495384,
      0.01764278883934308,
      0.0760162105273599,
      0.005710806919215716,
      0.017902369533157346,
      0.06846323828460595,
      0.17605344685785948,
      0.22306296958947927,
      0.2763407081623518,
      0.05515734704420124,
      0.2295604946499019,
      0.12911291139352402,
      0.011865898719074518,
      0.2991983542929502,
      0.14405971311365603,
      0.0019783825710319555,
      0.28603548740356727,
      0.03509683811511025,
      0.14056842564723102,
      0.12857397228004908,
      0.15920651420001156,
      0.015865794567809833,
      0.22188754650342893,
      0.0903934210244797,
      0.27685852407622435,
      0.016504614139106543,
      0.17142990571713995,
      0.29038360420107706,
      0.04963648112840848,
      0.039450121788772385,
      0.06448999761435281,
      0.22889233075316473,
      0.12278322469870252,
      0.1848986840010695,
      0.19924398584180775,
      0.15194274559326262,
      0.07169273655251479,
      0.14024087361599574,
      0.28991466402567717,
      0.20399674162599374,
      0.1393457934865946,
      0.08300865287770594,
      0.2966983172132485,
      0.057777599216125394,
      0.0714687221873553,
      0.21257035565682278,
      0.1912633274084188,
      0.12428962026671331,
      0.007268838197603011,
      0.1688264463721831,
      0.0806206343868831,
      0.07001584378492551,
      0.2594521748306416,
      0.1967929129710759,
      0.16064497511653597,
      0.006075353466238942,
      0.11480247377489557,
      0.17620599687304797,
      0.0020629595441147507,
      0.1504389860688676,
      0.0296980956172887,
      0.06270741405858415,
      0.14659250555653172,
      0.15641126179531323,
      0.005630842097065392,
      0.18841530619410865,
      0.2126594539848766,
      0.2629197608598869,
      0.13359682183133606,
      0.2324895775138303,
      0.10530245955796688,
      0.10962426247503151,
      0.055526676785938874,
      0.15346345605742936,
      0.11119554440859528,
      0.21414711511981233,
      0.019611100438744134,
      0.1855732565057122,
      0.22561524453702855,
      0.05093946157882014,
      0.2961857065407547,
      0.16760588298659723,
      0.04892394917489764,
      0.10170411973464508,
      0.01339686804881376,
      0.0969417540496967,
      0.23513260971224098,
      0.15294157195666033,
      0.17279776370795177,
      0.09016263211759178,
      0.054635851154394045,
      0.15812008931727584,
      0.0051547025155398996,
      0.00795763007233804,
      0.27810478058639304,
      0.016130645531081577,
      0.27433377861776426,
      0.11177815724837468,
      0.1943615672849924,
      0.08442022709785885,
      0.13860401366495687,
      0.25364395003637596,
      0.28614637984179686,
      0.11981356182013196,
      0.09987275364738653,
      0.14357047995335603,
      0.07717109085299673,
      0.16166739273864475,
      0.2968548983393756,
      0.04920246220180202,
      0.08157177157796797,
      0.11884511311624317,
      0.0675615166140499,
      0.072011111655171,
      0.22566265001985544,
      0.09994748364239996,
      0.12865217239648077,
      0.17173655367950116,
      0.2890384811277754,
      0.22043601788804532,
      0.04038543627142117,
      0.057073109646247205,
      0.1313792730646096,
      0.09561247372934689,
      0.14199323653463372,
      0.09261459364376802,
      0.23529532545646106,
      0.2176764781385647,
      0.21526084940368082,
      0.08707410186146981,
      0.12692731989186715,
      0.14465187307258034,
      0.10594824360397273,
      0.18165004384344904,
      0.035995786912954464,
      0.07752684819860035,
      0.015794630911125263,
      0.06836283125381422,
      0.25352280310104414,
      0.05112322953031051,
      0.24877634046324637,
      0.04718512655360709,
      0.05393479704679801,
      0.016648584686848423,
      0.23918064378681855,
      0.028768155367291114,
      0.21025484064670985,
      0.05757706834971795,
      0.0885139919079423,
      0.1334629886651815,
      0.11442319768861335,
      0.13063981978772357,
      0.15514450082952191,
      0.09341523030074664,
      0.0043660115138050345,
      0.27289141682692275,
      0.14873061614019015,
      0.2666197944222549,
      0.03836430062609238,
      0.279715153061444,
      0.2553701872827832,
      0.28928613333765535,
      0.19624957200472032,
      0.14006574521687346,
      0.1971366054388507,
      0.21569865822770837,
      0.04028199541396645,
      0.006344570175600928,
      0.2021479504478925,
      0.035278170662461895,
      0.0756308454915926,
      0.07187433809612694,
      0.06072994580518673,
      0.19602519387716968,
      0.21530454432968812,
      0.026555519344681897,
      0.1786273205968241,
      0.23336756363797634,
      0.25960081065381757,
      0.286799122421237,
      0.07682791422639083,
      0.0805189295774879,
      0.021490972125159966,
      0.05335675068383985,
      0.023904836362803272,
      0.2862782283843,
      0.24310821692891002,
      0.2395798110094562,
      0.08159340703140085,
      0.14582952863241833,
      0.06757738357662725,
      0.1042802766454392,
      0.173572900453243,
