{
  "horizon": 720,
  "granularity": 1,
  "priceSchema": [
    0.198,
    0.198,
    0.198,
    0.198,
    0.225,
    0.225,
    0.249,
    0.849,
    0.849,
    0.225,
    0.225,
    0.198
  ],
  "agents": {"h1": {
    "neighbors": [],
    "backgroundLoad": [
      0.24222137703022914,
      0.2732374002815334,
      0.1347749631688447,
      0.007958170695326816,
      0.2732964696352525,
      0.2535382842636651,
      0.09625010495448116,
      0.14937706778662627,
      0.03341343470720197,
      0.29160145896884704,
      0.11453014097324145,
      0.08581207800373998,
      0.2877916901281961,
      0.03602801034852475,
      0.12622905625061628,
      0.19049832178134035,
      0.24499562396968091,
      0.2049863282473038,
      0.09638583134341501,
      0.15201850432289576,
      0.12368872561066094,
      0.2662276634353622,
      0.1550582434677315,
      0.119927838849684,
      0.1864291265002033,
      0.2831360893111567,
      0.25347520950259805,
      0.08557070104499279,
      0.04772997286989261,
      0.01739784344523072,
      0.2363274642779546,
      0.11750230478142022,
      0.15561365330964488,
      0.039106296069283515,
      0.040619816686849594,
      0.2843889486376584,
      0.16794994356957352,
      0.1323848756532388,
      0.23997219147013474,
      0.2649058959632641,
      0.22854261778902435,
      0.15020240595360215,
      0.08177997487182694,
      0.013080067103037519,
      0.24919871893487144,
      0.18052955321441283,
      0.06040108753686787,
      0.28793514032988105,
      0.2740016098749666,
      0.1030932815553383,
      0.18352647438484265,
      0.006856605048667153,
      0.17389937533100555,
      0.10981198299221692,
      0.056021296120673546,
      0.14056112614447977,
      0.015850398944786192,
      0.09480530793614503,
      0.035626306836415655,
      0.0259252394369217,
      0.203835583211939,
      0.06030521382388005,
      0.1979329569131398,
      0.03274775934792634,
      0.11911677609347536,
      0.005566286446724899,
      0.2978136996776371,
      0.21428789016248054,
      0.0728437256050592,
      0.17333497051985106,
      0.19181031265513368,
      0.16968337972456576,
      0.19914898584016696,
      0.28863403587680686,
      0.17793233799032368,
      0.10721079038997242,
      0.15025060870605575,
      0.2768167523986009,
      0.21257102666307712,
      0.06736653355304523,
      0.001579329886924463,
      0.03473312515175945,
      0.2705159620298787,
      0.24988235346621585,
      0.10937322872481119,
      0.10270581323919772,
      0.033528673045191734,
      0.27906412428817357,
      0.2622207966845404,
      0.14927138576823576,
      0.28244597974182434,
      0.11602608826566675,
      0.05724795989874659,
      0.016690156498148034,
      0.16183346539947993,
      0.05823493483353695,
      0.07180285638466151,
      0.29177353175915827,
      0.048783356538175525,
      0.05240411583512641,
      0.09314817711115336,
      0.20813657961415277,
      0.22716248668742378,
      0.2384413803440743,
      0.08148861536538625,
      0.1101510849920431,
      0.17338235069293761,
      0.16438489563346162,
      0.29027170535952,
      0.06584918248290209,
      0.2526175563557526,
      0.26232033232447544,
      0.2603358507642529,
      0.11758983131124523,
      0.2942556278673234,
      0.06537981500920634,
      0.08759096347858182,
      0.2551654155481212,
      0.14767374903279243,
      0.2521289844135473,
      0.1828281090726546,
      0.07453765925607413,
      0.03532656287242508,
      0.06879673639510718,
      0.18336942075246765,
      0.19589005386850186,
      0.1440494822830354,
      0.05732372045884658,
      0.016151300859272886,
      0.29389596702214144,
      0.04882933694615166,
      0.09237615255116399,
      0.2569887181248983,
      0.21561562849981525,
      0.18158700775639422,
      0.14526596432750485,
      0.1769382190897144,
      0.17146286105845507,
      0.26729367498360607,
      0.13117807271556337,
      0.08653039609073913,
      0.10787437891430707,
      0.227860861505507,
      0.2885589899560939,
      0.19725222100487924,
      0.1170548845133336,
      0.2319563924648176,
      0.26202522487755414,
      0.0491262206109964,
      0.2545403550636406,
      0.16376802796887452,
      0.06238319568944629,
      0.0927211301727961,
      0.15834296099779932,
      0.2517829790886254,
      0.18763408936014236,
      0.20311856055800873,
      0.22919504465667867,
      7.471904365440651E-4,
      0.2076839130274993,
      0.2622230816886276,
      0.16037304154786333,
      0.1796344670704296,
      0.08969953356181037,
      0.14681066324809705,
      0.23061735580088707,
      0.022954353938017157,
      0.08081049067356501,
      0.007685552994407185,
      0.03040443182053477,
      0.04842666220880769,
      0.28852349990707316,
      0.2364029381171483,
      0.09787262298966355,
      0.20206021596199406,
      0.08196522195193816,
      0.28197891169019884,
      0.22572830153691567,
      0.22744593806103414,
      0.024704476392588746,
      0.14084902252687037,
      0.25359092628733054,
      0.16760044365906543,
      0.10502043386856023,
      0.00801330678749268,
      0.29784345576931603,
      0.15710565601237014,
      0.010129088958220433,
      0.12587091460180855,
      0.2149996597723278,
      0.2234903187282848,
      0.23421436670971923,
      0.2913437042263185,
      0.14664362056120478,
      0.10228346593229069,
      0.06902197343503798,
      0.22097362199451967,
      0.16085674988055645,
      0.18749061938566736,
      0.11020939561256918,
      0.25233738771715436,
      0.22133628765768795,
      0.018752365816558824,
      0.061292477553105046,
      0.1469336447973004,
      0.1317399193734139,
      0.046630989871441306,
      0.04457853465282145,
      0.15423710700296372,
      9.88827770086187E-4,
      0.1729793318828446,
      0.022025655307131464,
      0.2756933219158713,
      0.045664305385265835,
      0.24145604593642664,
      0.24269070896811748,
      0.1282221215555573,
      0.10647974935466248,
      0.11649769310493041,
      0.28270561939269845,
      0.23297487360908825,
      0.1999143204074976,
      0.17080212237104178,
      0.12001487777309704,
      0.08077063466374346,
      0.10132055033467446,
      0.0070306211742274805,
      0.03934732132860097,
      0.14161020132577415,
      0.25734426297798607,
      0.24430209247393506,
      0.2724984842678683,
      0.023974483731176964,
      0.02538894388700198,
      0.16083049651805656,
      0.05695535616058264,
      0.014339090704029566,
      0.11760100294847174,
      0.19484688651363533,
      0.0531681050011442,
      0.13305722902660902,
      0.28727272836530415,
      0.09217340671381685,
      0.051922845909884864,
      0.06024730517531879,
      0.16139595855344255,
      0.07511476382981185,
      0.03113046851039908,
      0.10667381475271925,
      0.1530475165832805,
      0.29684858412132087,
      0.24396945673351964,
      0.022140524793564896,
      0.07954913840950091,
      0.08795274623592426,
      0.2371881719297945,
      0.2929429756746281,
      0.050218401853737306,
      0.246890669368512,
      0.202067226467757,
      0.12859986337217724,
      0.1088492718194168,
      0.045327346963938496,
      0.13288769202224612,
      0.015394725215107463,
      0.02535106312052592,
      0.263718571972644,
      0.2530638262476616,
      0.06513405600674689,
      0.1586459238875148,
      0.04370286372675198,
      0.044143122902840025,
      0.1670771728055027,
      0.08266671015735522,
      0.10620598699021346,
      0.10222126753654452,
      0.15067448698743047,
      0.2586791135339225,
      0.2978400627150099,
      0.29207271649743505,
      0.022429017871319477,
      0.0935881723279601,
      0.27644622733805085,
      0.06154861564878835,
      0.2151545822072333,
      0.1901191474285583,
      0.2731173127173366,
      0.011190232317032978,
