{
  "horizon": 720,
  "granularity": 1,
  "priceSchema": [
    0.198,
    0.198,
    0.198,
    0.198,
    0.225,
    0.225,
    0.249,
    0.849,
    0.849,
    0.225,
    0.225,
    0.198
  ],
  "agents": {"h1": {
    "neighbors": [],
    "backgroundLoad": [
      0.24051432874932113,
      0.28179485071517546,
      0.10855606362614802,
      0.046505408606106254,
      0.010703462616564696,
      0.0600051517042673,
      0.16714177711229591,
      0.02837275340214509,
      0.20267217411646782,
      0.1465355948713649,
      0.00878050716079476,
      0.18189354977632868,
      0.03664164774725507,
      0.18685771647116692,
      0.038084567491019336,
      0.06084219272426539,
      0.13947616147802605,
      0.16599605874066836,
      0.04457904403549862,
      0.23604325212445917,
      0.21544454972540134,
      0.2966799029696066,
      0.2396862271200466,
      0.060851776559442815,
      0.1350124011401864,
      0.08227502905428204,
      0.2484752971986789,
      0.03475714921671873,
      0.0545488043878096,
      0.01666373441208846,
      0.25249461412610547,
      0.21323320601336965,
      0.060500849835319746,
      0.21129296848208234,
      0.05961496866946586,
      0.13867158624827305,
      0.28407411661568827,
      0.051058370761235136,
      0.07119681229960463,
      0.1472780307485009,
      0.26066922667737624,
      0.16934300945825592,
      0.01946885440512226,
      0.13944404904228194,
      0.01921167888661901,
      0.07013861410684433,
      0.2298435689479681,
      0.02258133893570169,
      0.2980448433474469,
      0.2664662348676997,
      0.0022626055328371364,
      0.288518899831216,
      0.2403529483810511,
      0.09858025230352248,
      0.295209958157152,
      0.19557111062297838,
      0.06348369848500292,
      0.004928125638136238,
      0.10095946675158561,
      0.0787760138770067,
      0.27265136388917555,
      0.14815334896231316,
      0.2625862171464105,
      0.2919681546428605,
      0.2221963873755315,
      0.12115214417882098,
      0.003627268086374613,
      0.08605526287160423,
      0.1535234993321869,
      0.07990741508122483,
      0.17111161011704026,
      0.043173894959829505,
      0.009340369637834578,
      0.012785204266921901,
      0.1396745564103158,
      0.07378574842268643,
      0.14095614747493615,
      0.16521880861076205,
      0.17026893763672293,
      0.05790800122520327,
      0.24730534338599117,
      0.11413827133201869,
      0.009080770293482265,
      0.08654400143336562,
      0.2674048584078141,
      0.19251346239467806,
      0.07632909935036525,
      0.003251961172569284,
      0.20728014800668576,
      0.13035811295460115,
      0.12306166403404692,
      0.24977120953834295,
      0.16299690875235498,
      0.19326374318444076,
      0.2972409067462394,
      0.19023596830876624,
      0.28054206851320224,
      0.27904576649757296,
      0.19770831377781192,
      0.1264290155766106,
      0.01075982362709207,
      0.2629092342042461,
      0.09360680731552605,
      0.25981855490106437,
      0.1886482826422717,
      0.2002471425120181,
      0.033421963986088044,
      0.053660483268418935,
      0.13419676559591284,
      0.013859355739931111,
      0.026495922771906898,
      0.1848029506959731,
      0.16753999209292114,
      0.07951717917566069,
      0.19536370916666135,
      0.21866415977515516,
      0.06233623854706527,
      0.07322157114412536,
      0.10000472813274,
      0.22648168393676904,
      0.20833166788499505,
      0.26285087292139436,
      0.13202747951318025,
      0.13339074521043776,
      0.26360687986241044,
      0.052729779757150465,
      0.053101416771292397,
      0.13945098444305326,
      0.045551863875901495,
      0.043141469114119736,
      0.1469005607275479,
      0.0508159168957377,
      0.28950331363347465,
      0.15052529677973203,
      0.11575881591371029,
      0.12589510612555896,
      0.1069224725710611,
      0.11570669055753018,
      0.08743733312609128,
      0.23290441950140311,
      0.26473841850823654,
      0.27132266707710906,
      0.03461241702366869,
      0.25391650988939113,
      0.10980798363679133,
      0.21070079518123827,
      0.2167523597333752,
      0.20154911422855348,
      0.0887518294209508,
      0.2977319917846421,
      0.03702027880935129,
      0.11340000647508366,
      0.27066159522346195,
      0.038743264150060776,
      0.18547954788846488,
      0.2637021277058173,
      0.18506944485459,
      0.2657587365031774,
      0.22200593123916681,
      0.2410780986371025,
      0.16577072181199434,
      0.29377225268256,
      0.25723603305598103,
      0.11737630025593354,
      0.15353765547403322,
      0.24136119322239186,
      0.06162702021372358,
      0.24953483986512728,
      0.2421712369586081,
      0.12093725986042482,
      0.0802303827804765,
      0.14637838981225285,
      0.24820680071839799,
      0.07630447576776117,
      0.1011284890398335,
      0.23215717997125013,
      0.2110762210554435,
      0.07758272060293318,
      0.29647392768012526,
      0.25308442264073605,
      0.06350889336670652,
      0.2065026656434564,
      0.11717933844869417,
      0.10533224826714607,
      0.20923896472562245,
      0.05940097149186547,
      0.22395948094414916,
      0.0015094511472962147,
      0.12490658336387254,
      0.012856268624633726,
      0.09304337771080666,
      0.2588636829037908,
      0.04215646992843026,
      0.034874346326625894,
      0.14862952252153158,
      0.2674620656184584,
      0.12407537221172046,
      0.02137560965083832,
      0.22704917566889915,
      0.08176913766451993,
      0.2904222643855072,
      0.1661530450324998,
      0.07205629289409567,
      0.18263946700499226,
      0.015907518391108665,
      0.047744976029051575,
      0.13852954608132204,
      0.18998717677283694,
      0.22169294406900464,
      0.05776856006706128,
      0.1643867325418775,
      0.22811782026592628,
      0.2912461042756932,
      0.011486357517561562,
      0.03839404415475062,
      0.022516542337688284,
      0.26292917567915697,
      0.22173352736421023,
      0.011927955548472447,
      0.24272371623635602,
      0.05970659420853227,
      0.1489771771620462,
      0.07586520178796258,
      0.24489937535232129,
      0.25945520286819246,
      0.058269212165097624,
      0.2643547735606646,
      0.26758152926186207,
      0.2357374093334965,
      0.18940451223066315,
      0.02812834398626892,
      0.07913050393662094,
      0.06543749020088559,
      0.04762622691290925,
      0.1634522909398344,
      0.13972246352313128,
      0.02165764486733346,
      0.2207017891660841,
      0.06439129014391,
      0.22723587495096242,
      0.08636875015183341,
      0.0571222438686352,
      0.270434603498053,
      0.09636063160558511,
      0.296811463476765,
      0.29072608586987314,
      0.20499161548196057,
      0.2220663869029358,
      0.11115406120935663,
      0.1654171362524071,
      0.29962286616632366,
      0.16114572363048688,
      0.28658905006945046,
      0.08683617245464154,
      0.2652804356532033,
      0.2004781244748151,
      0.2015891306838597,
      0.1513619149336744,
      0.049869311793215874,
      0.12775821644494542,
      0.036289442899578306,
      0.19995658682944775,
      0.24828154481276649,
      0.27837560755352925,
      0.13890743463899619,
      0.18468077898567517,
      9.015943242049573E-4,
      0.032961116318216965,
      0.20932957366912194,
      0.20643945581770676,
      0.08521334462643045,
      0.013847250726241156,
      0.012602107136541663,
      0.06990992028305178,
      0.1563652508735553,
      0.005501512418520249,
      0.26101260171497526,
      0.06882003713238562,
      0.02083952326613405,
      0.005647304104473061,
      0.04887259911716927,
      0.2797245938603802,
      0.19020145462963786,
      0.23331881773759072,
      0.2591523338469576,
      0.22913933053304572,
      0.09401868295668316,
      0.16863173826026923,
