{
  "horizon": 720,
  "granularity": 1,
  "priceSchema": [
    0.198,
    0.198,
    0.198,
    0.198,
    0.225,
    0.225,
    0.249,
    0.849,
    0.849,
    0.225,
    0.225,
    0.198
  ],
  "agents": {"h1": {
    "neighbors": [],
    "backgroundLoad": [
      0.11304424373217593,
      0.2633589591847482,
      0.045385474881318895,
      0.11974190615440272,
      0.003162521816603858,
      0.11943645836555278,
      0.2846316472047706,
      0.23909453124764152,
      0.04258036958277062,
      0.16353788309281952,
      0.147775264446276,
      0.19397046263954257,
      0.22477554833714472,
      0.14723107897591908,
      0.13065446423574908,
      0.05031776677269177,
      0.02000841104296398,
      0.18316391952203637,
      0.1802962914706775,
      0.0913715226708857,
      0.25277369765359176,
      0.1895411671128561,
      0.05901502357495864,
      0.2873740223559763,
      0.07295439264293575,
      0.05452180223738905,
      0.2071834108889673,
      0.1214527587447421,
      0.20357164423007715,
      0.19963113378987693,
      0.04184194903084657,
      0.21947845009529365,
      0.06885033085199745,
      0.29198187675741366,
      0.09707143778130847,
      0.24542614745952093,
      0.22708418102591654,
      0.07650322102712938,
      0.15933643065313172,
      0.24885063628168777,
      0.10136118094340539,
      0.26880315522427056,
      0.021215900782815433,
      0.11264618819559066,
      0.26484540589866973,
      0.2207615258671182,
      0.2866869269260891,
      0.03509881218697812,
      0.29746722460657504,
      0.0027513580635456503,
      0.18464178704930262,
      0.0017487335558263094,
      0.2520176678538149,
      0.05089068534050404,
      0.10970959144757682,
      0.16237225934440536,
      0.02562487470634356,
      0.21050846986317895,
      0.2916340725458443,
      0.05344336410849495,
      0.1626982759511975,
      0.26866781181523736,
      0.0456017360103609,
      0.025800483740239088,
      0.24237892851081363,
      0.013257709873228251,
      0.11962792874716127,
      0.06375581050902626,
      0.28285291654539496,
      0.27148899601653487,
      0.15143600943110072,
      0.10934295848556032,
      0.07774529959139026,
      0.2378183768132645,
      0.24352413783003332,
      0.20024173808534707,
      0.09001092489250856,
      0.2550403708265836,
      0.14217790112587544,
      0.03265088427552824,
      0.2176613773561124,
      0.04522002201551243,
      0.24198996836283787,
      0.2342421039636064,
      0.19619171123428064,
      0.13401511936905028,
      0.08558923429739194,
      0.02609423513853786,
      0.11828123650243444,
      0.13823256062121556,
      0.1892397645647945,
      0.0035637822439227636,
      0.20421824105558167,
      0.1488391924918918,
      0.10079550948886488,
      0.1433400785800381,
      0.21763056780266607,
      0.07398282812665714,
      0.1850005187237932,
      0.2095598966398053,
      0.11408137943389034,
      0.19245182290574506,
      0.0917203626874795,
      0.0010343190963945537,
      0.030012319276403354,
      0.11201113353582233,
      0.01295337142270645,
      0.23893751685093148,
      0.2609581828997054,
      0.17185095566482092,
      0.009510032417637992,
      0.028112145616725225,
      0.15981356278909267,
      0.17590386868305583,
      0.008737871897395832,
      0.18462479598744588,
      0.16284538149550967,
      0.15155783440181575,
      0.16026406264875812,
      0.10732695937120708,
      0.2895697173097241,
      0.17065749085008633,
      0.09341046022476264,
      0.05762704989636969,
      0.2650318006321768,
      0.09188782355712467,
      0.28641186514281336,
      0.0496030087953893,
      0.25665418748717317,
      0.017408022746219044,
      0.2060604307060034,
      0.26736859821383024,
      0.07912287814436882,
      0.08825685582434444,
      0.2942690664780901,
      0.04937660506527155,
      0.2454301363626092,
      0.2098279453045734,
      0.15738287004795098,
      0.08772414928143683,
      0.10907948170784877,
      0.10454203706743805,
      0.21948445568164981,
      0.1036438236719905,
      0.05375053127830073,
      0.04733660817853589,
      0.029005687797082923,
      0.15849629719439526,
      0.29330617759661626,
      0.1821563461343321,
      0.016166599250446157,
      0.022267557736040944,
      0.08836614526059262,
      0.15767306132710074,
      0.23096083898451614,
      0.21484775359905647,
      0.16400178997611423,
      0.2782314861818234,
      0.17443292377429281,
      0.2924177461418363,
      0.0903980531079787,
      0.012196730051342508,
      0.02193207445690254,
      0.21221645317488488,
      0.18401337424638342,
      0.029463626757234615,
      0.17798139184194048,
      0.25653073042690533,
      0.11895478369877609,
      0.061528085469651425,
      0.1172462301223236,
      0.23879820681739644,
      0.03810125870798564,
      0.22464212648201054,
      0.07902422139406859,
      0.19312288661441188,
      0.13354941942349405,
      0.22772948860752212,
      0.026125522640012656,
      0.13017297724206717,
      0.018437946487974144,
      0.11184691549253585,
      0.049521086680446504,
      0.13212552693154314,
      0.29504039393095277,
      0.04301925975351538,
      0.01536892790902028,
      0.12070175008358058,
      0.2436373076419328,
      0.021284614915050792,
      0.20616343367592357,
      0.03736860684486919,
      0.15408558113017848,
      0.13823374434460733,
      0.171696380268586,
      0.13448166984003654,
      0.2764673359861565,
      0.21478180518142473,
      0.2940417509257284,
      0.23093611906576608,
      0.14279828395515187,
      0.24395400863914124,
      0.10159178924780535,
      0.11668273712047367,
      0.1409275726035314,
      0.14998595019830233,
      0.12105580881240663,
      0.030180465308538837,
      0.1316122819593784,
      0.28392611342424917,
      0.2649952632150738,
      0.29073553753493603,
      0.029007286676417186,
      0.15080134468210724,
      0.009239392518486555,
      0.14257008540847757,
      0.01922676380441993,
      0.20145361113354837,
      0.05576868006995732,
      0.2889607663801131,
      0.11473311290921857,
      0.20466481934398562,
      0.11468917046954406,
      0.18130869668078067,
      0.16222745824385745,
      0.2738714946960618,
      0.24972860081849038,
      0.10805314687540148,
      0.18602790627761376,
      0.07548050025730153,
      0.21210374364866436,
      0.2989910031735842,
      0.0636781554089085,
      0.06645853544076336,
      0.29002960158846497,
      0.21654316919920572,
      0.28204347274870123,
      0.08598827645702897,
      0.0033617562476836115,
      0.2658641891528954,
      0.2602751349248569,
      0.2974580919936182,
      0.17440093730242479,
      0.27515306902252046,
      0.1736260674084609,
      0.2481289957126095,
      0.12236399961080706,
      0.2817435714864778,
      0.2139591223338584,
      0.06088174614356799,
      0.205457835014396,
      0.1584092125942623,
      0.17781288245590865,
      0.28421383871191236,
      0.2789533456366347,
      0.23280965715979762,
      0.22784178798349927,
      2.8825737039261944E-5,
      0.11773427990239543,
      0.12221890599771583,
      0.2866013685753145,
      0.10885111750715142,
      0.20616716429287255,
      0.1408222497590925,
      0.15600500909158024,
      0.16570327372427313,
      0.287738653827155,
      0.13462990100003205,
      0.20923251183952316,
      0.1477859704414473,
      0.018534625808483883,
      0.16571688642961682,
      0.14794835764673786,
      0.16803694258701632,
      0.04232718258166633,
      0.16987340828189604,
      0.05482853181011053,
      0.0935850993939434,
      0.21612373133355053,
      0.1932317847663723,
      0.24145660677533864,
      0.17666404260569119,
      0.28960233887492465,
      0.12972616012364582,
      0.29195661685699287,
      0.1117356196417442,
      0.1893571821375673,
