{
  "horizon": 720,
  "granularity": 1,
  "priceSchema": [
    0.198,
    0.198,
    0.198,
    0.198,
    0.225,
    0.225,
    0.249,
    0.849,
    0.849,
    0.225,
    0.225,
    0.198
  ],
  "agents": {"h1": {
    "neighbors": [],
    "backgroundLoad": [
      0.2189127153418836,
      0.1959224624043824,
      0.27672974698303077,
      0.17179955642268624,
      0.28905441952149596,
      0.03784950701748302,
      0.05874876769179091,
      0.20161491471937718,
      0.12488044665769286,
      0.13758013281590445,
      0.012379360359481483,
      0.21181281746408623,
      0.2238064398627413,
      0.18484945508450396,
      0.17470980003352998,
      0.05157231357927091,
      0.21835061745535447,
      0.2167647824884226,
      0.19260494144787096,
      0.18811876953234777,
      0.18927360104284344,
      0.06836277166430817,
      0.0280859816488671,
      0.14409891565711416,
      0.15609068089424843,
      0.25053626450812905,
      0.09483586997281374,
      0.168972642594188,
      0.14714967226860456,
      0.058039134105177026,
      0.0602208357998801,
      0.2568414952347372,
      0.29822583907396844,
      0.15147675923685364,
      0.009557443030053537,
      0.0036021031689910665,
      0.14033173890964074,
      0.25398697459195346,
      0.19871290278546286,
      0.01897550483803132,
      0.18599084752983158,
      0.18353368599600695,
      0.18858804367549914,
      0.04310339824842071,
      0.07020024172423708,
      0.10039156891438861,
      0.12246244446009337,
      0.11251609676202369,
      0.04168333140210701,
      0.16549673893780328,
      0.20480087278185802,
      0.09210946360226342,
      0.291701226585563,
      0.24210652490134113,
      0.29821192401932634,
      0.08859851352154427,
      0.2673556463543463,
      0.09303048386870105,
      0.09542740030340585,
      0.18217598997938173,
      0.03125517933943719,
      0.09351927808757618,
      0.04158177427291424,
      0.17812448866247788,
      0.11961917570173457,
      0.16966855336355102,
      0.1551102809861216,
      0.2229849019999846,
      0.09382231583691177,
      0.1980770045234427,
      0.09662457748561473,
      0.20285621597032363,
      0.12021882183024239,
      0.047762893310647835,
      0.26984284473469844,
      0.03486522899745742,
      0.034817657146079796,
      0.050867463985134954,
      0.25506787674284886,
      0.2851080338494424,
      0.20779907003845846,
      0.28308434953117156,
      0.19922575015249272,
      0.17021936012297448,
      0.014546822268858738,
      0.03150912571299273,
      0.0388806720927505,
      0.17336367006542427,
      0.25496157251194806,
      0.18806205482412816,
      0.1498042811644887,
      0.07829833939634562,
      0.23230803235958403,
      0.01772505361415719,
      0.06695887564840565,
      0.19573871064876083,
      0.20638663956356743,
      0.14139476340476978,
      0.24200558963140142,
      0.2624629388174472,
      0.013046478206773215,
      0.03129104442689868,
      0.11672851625689684,
      0.228256492041624,
      0.08722753637224652,
      0.1358398742968546,
      0.2776528438284706,
      0.059066763814938555,
      0.03004884172779757,
      0.02252879159347354,
      0.24008021773288474,
      0.05115813633914629,
      0.10331902550716489,
      0.29751886142576955,
      0.26102728459490526,
      0.15414703388113088,
      0.10449104975400057,
      0.033271044883001456,
      0.012246030190875723,
      0.2227117538416938,
      0.026518771141982467,
      0.24014724735404686,
      0.2126398271418564,
      0.180435534652116,
      0.10439636525087125,
      0.22908094470532925,
      0.2601466686115177,
      0.004010866306786564,
      0.12192552493997082,
      0.20276486096408405,
      0.14000782865537886,
      0.07115047318391444,
      0.28679737165719243,
      0.2503502147101038,
      0.16182146171667605,
      0.15607563184538004,
      0.053530290584756356,
      0.052777598180246896,
      0.22520762457252003,
      0.2663138704671282,
      0.11043537474684591,
      0.03359752993881564,
      0.028662465775386045,
      0.13656071916894266,
      0.20775047668612326,
      0.14338444156185237,
      0.21981491759180077,
      0.26699521673367793,
      0.024756867033788276,
      0.2156376991874469,
      0.19908414720324777,
      0.06860034381464693,
      0.25043477526783153,
      0.170747543349375,
      0.037964160948776415,
      0.14888680734179588,
      0.23563414271306504,
      0.2710701671419459,
      0.09825314933103539,
      0.24917139220005763,
      0.29878610914351633,
      0.20969084142120575,
      0.20001523749960726,
      0.014184509077584716,
      0.01486940794323448,
      0.261896466441624,
      0.2717300992762656,
      0.22126332597166723,
      0.2824505239763615,
      0.20025261668157068,
      0.19912104717343154,
      0.1941633151721829,
      0.07461002546700614,
      0.19031862457678592,
      0.21013861744794493,
      0.2679959475673117,
      0.2570147660118044,
      0.03066593900471104,
      0.10482866473922889,
      0.28014002788358267,
      0.09359156702497973,
      0.05779695981797553,
      0.27371928979098015,
      0.010886302860806173,
      0.1197995397833866,
      0.19578149122102576,
      0.03516163677449783,
      0.13235978929536357,
      0.2067677266201047,
      0.08891285577323842,
      0.08618196790621185,
      0.019530368082981076,
      0.22450899178658443,
      0.1004805941509421,
      0.2842704257643862,
      0.2685335721346953,
      0.07657939158280304,
      0.022992785469646403,
      0.12084200513240978,
      0.2917994251027018,
      0.13241191653029313,
      0.18088875506482557,
      0.018603047258491823,
      2.800572160960968E-4,
      0.23477691693136693,
      0.26443151590893643,
      0.18100681208579036,
      0.2079246512589655,
      0.04891927425837245,
      0.12083823062138305,
      0.24691425516467286,
      0.03687208935731177,
      0.041710254843753035,
      0.15914837816295205,
      0.112677584936566,
      0.07737980620852476,
      0.2130016062442933,
      0.2483735558161198,
      0.13172962001520439,
      0.049149732643552636,
      0.10242802372168715,
      0.20636534562890269,
      0.10712722674153342,
      0.029395726256523078,
      0.20981157391506505,
      0.22329676978060217,
      0.24559405503055715,
      0.10053649989195886,
      0.14842935808148547,
      0.03601603111394166,
      0.09353887500560575,
      0.213376798612628,
      0.09205070822918494,
      0.20988513028774083,
      0.060562479183220136,
      0.23274000045260376,
      0.21062885366068293,
      0.1552168859071188,
      0.09880413737948929,
      0.132315090597536,
      0.2813851904775952,
      0.022802622931604,
      0.13109527596893422,
      0.1670492776887721,
      0.23350225849222786,
      0.2810230583601972,
      0.14930210439932418,
      0.2673695857349504,
      0.1483278649134067,
      0.18646350689456292,
      0.2691121423785979,
      0.08986891010803065,
      0.269246704130307,
      0.18868453005226313,
      0.03088483812464214,
      0.15755706761728513,
      0.2538704596593322,
      0.1864032960268268,
      0.09423264523788134,
      0.012465519756635823,
      0.22958840015139695,
      0.19403093387055054,
      0.04580126741144721,
      0.2745894213405003,
      0.13522577804876307,
      0.2535182683548359,
      0.23458396257011221,
      0.12626454547723334,
      0.08183339056577599,
      0.05405094385089312,
      0.2674063719188733,
      0.2749712590562782,
      0.23427991744990767,
      0.22714700242525504,
      0.23355195611434287,
      0.09182468898091273,
      0.17046096234447497,
      0.27387670607734005,
      0.13001469318705589,
      0.05451510256451757,
      0.07503511247772993,
      0.10010627261625164,
      0.10093876201527181,
      0.20227674578266935,
      0.05027835476934771,
      0.030599949494701018,
      0.1593294093044744,
      0.0339696848776157,
