{
  "horizon": 720,
  "granularity": 1,
  "priceSchema": [
    0.198,
    0.198,
    0.198,
    0.198,
    0.225,
    0.225,
    0.249,
    0.849,
    0.849,
    0.225,
    0.225,
    0.198
  ],
  "agents": {"h1": {
    "neighbors": [],
    "backgroundLoad": [
      0.01844085334119114,
      0.10980344232531636,
      0.19381739615315335,
      0.22133774985842827,
      0.19476931771990744,
      0.2893075166492571,
      0.18837205676538604,
      0.2508304316832603,
      0.2919569557748811,
      0.2015944264203913,
      0.21806695083049404,
      0.13927016539682252,
      0.11845210668310836,
      0.09265236419322218,
      0.08326468414468968,
      0.21090520380175268,
      0.17632433697124109,
      0.04690606698609321,
      0.18730489819125384,
      0.06444417025469507,
      0.2717873019201524,
      0.06038397329405495,
      0.204607416230445,
      0.16324966663774138,
      0.04525523727937766,
      0.2203656152576247,
      0.24299714261579242,
      0.12100349533963872,
      0.0599381900366802,
      0.14007483351615937,
      0.012211785726026868,
      0.12216603410280671,
      0.29088910373552374,
      0.02673368368956074,
      0.12977053038478858,
      0.08064635899711578,
      0.2687005497842351,
      0.2063885855439687,
      0.049116965301296486,
      0.010316986094921321,
      0.014526564497031524,
      0.1898755507481831,
      0.15310353372843505,
      0.0020597894855327813,
      0.04025659816916117,
      0.20669580640001528,
      0.05461643264370198,
      0.017771028497419506,
      0.13549817539326206,
      0.16744902523288588,
      0.1671162251571654,
      0.0034666154222735336,
      0.1352742791848459,
      0.10307975016129531,
      0.2627511896979965,
      0.08967600497045713,
      0.0415888179230808,
      0.09675450578562111,
      0.07396209048112538,
      0.071887000651143,
      0.10515389494356445,
      0.02759068368624531,
      0.2618777988389505,
      0.006286334576012409,
      0.09732525429962359,
      0.24932892392730846,
      0.15930797461403098,
      0.2825904239030537,
      0.27943216208168253,
      2.630920091026945E-4,
      0.250370709632236,
      0.017139858971063047,
      0.293742408273726,
      0.09463117978074596,
      0.17078238278360933,
      0.12056336484125879,
      0.2970734570888553,
      0.07848782425504737,
      0.24650304621549624,
      0.05413273250901309,
      0.025017390759826483,
      0.09317076692960209,
      0.22115836306224587,
      0.07701025702391913,
      0.25884674694235893,
      0.1404584095321094,
      0.18511944146701212,
      0.11981075821648841,
      0.29123656180287744,
      0.24794956148987374,
      0.22176416886789593,
      0.10143241789222975,
      0.12882411824109222,
      0.26972275435382115,
      0.2984257150111923,
      0.20495432090039778,
      0.10562465353872709,
      0.04533959290925662,
      0.05055922190526278,
      0.10792719115554678,
      0.1782426499773425,
      0.28707786917311506,
      0.269892766187824,
      0.19367220574003158,
      0.24829963642971883,
      0.1605406618099659,
      0.1497393454993688,
      0.1194989027313744,
      0.29838936841864105,
      0.1954094815505663,
      0.181133820067186,
      0.17206927446936124,
      0.25786911934097134,
      0.2534571736036705,
      0.1273509833331754,
      0.2267565478471174,
      0.011920658016836805,
      0.21504547912460556,
      0.1061802168978588,
      0.09661302033775272,
      0.21375869321265123,
      0.11193784501472666,
      0.21798807509873128,
      0.026270258507115552,
      0.05192397797831822,
      0.07755108789999728,
      0.23464567135400188,
      0.00958205756477024,
      0.2875179778962466,
      0.2714714666227503,
      0.06600738927178064,
      0.1696556100417118,
      0.042200841571797994,
      0.06296688616206336,
      0.2804309878735747,
      0.08420420704868364,
      0.0018512286054698235,
      0.010800927855741582,
      0.052995463480798165,
      0.22599363143794604,
      0.16727706736627637,
      0.19720037402103033,
      0.17692310753251977,
      0.18613983923245647,
      0.20575303264020886,
      0.0472298576659658,
      0.14751602248729948,
      0.06336267142288891,
      0.2679350621352219,
      0.12810411191453028,
      0.2821490998271068,
      0.20073653310039832,
      0.18002147124071913,
      0.003106468496537229,
      0.08732452426672273,
      0.27119805670999714,
      0.09302478516097763,
      0.19855642984739422,
      0.21596757274741363,
      0.19540783664893374,
      0.1355315018278232,
      0.27698932198415926,
      0.29012368649408776,
      0.06741037062318331,
      0.12460939123409304,
      0.1591912500486792,
      0.24103198914305043,
      0.20286822343021388,
      0.1292130426940154,
      0.15292407396237165,
      0.21684980903245812,
      0.16537109915511602,
      0.2580752119621988,
      0.11691828708027771,
      0.053291016093461194,
      0.2817799097490265,
      0.19062237013602626,
      0.0031914496152644412,
      0.006065949304404084,
      0.03579856978708402,
      0.2981419211881181,
      0.1094496379274947,
      0.1482908929983525,
      0.08715276191374603,
      0.059463227013187875,
      0.23677692980382714,
      0.10393359055177041,
      0.0901863311827288,
      0.19946567775324428,
      0.16418461564119272,
      0.27579212570493106,
      0.19404027744010582,
      0.01396130292094303,
      0.23744443545677116,
      0.13164185772275355,
      0.13649881732315025,
      0.2614883424406248,
      0.2135397968832335,
      0.2544481014481025,
      0.010835763810349041,
      0.1431660140988358,
      0.15439806243980492,
      0.25370137226822254,
      0.18530511838427646,
      0.2556748357263451,
      0.053658838517226894,
      0.04437568192583734,
      0.08787995601905292,
      0.19396342458602078,
      0.0814227701744813,
      0.1551568554808299,
      0.18383426084137222,
      0.07969426077467252,
      0.2837638542402539,
      0.12594631326992237,
      0.25249485690691054,
      0.12315498469029022,
      0.2326164714327821,
      0.20323897757943818,
      0.0669398731631364,
      0.2345367330896545,
      0.08441885024344147,
      0.12689749787507743,
      0.1810383595210556,
      0.21256900323235883,
      0.058406303849097646,
      0.013113904109630203,
      0.0779753807005665,
      0.19229778318425117,
      0.15928978439394356,
      0.28038767608340875,
      0.08643252382298967,
      0.1409272456032519,
      0.10054956319890991,
      0.1531832795717675,
      0.13262594436151195,
      0.2599944430507976,
      0.13577406690207444,
      0.11783351642123027,
      0.1528118927322342,
      3.696697946017013E-4,
      0.24896354806645132,
      0.17720142396881808,
      0.11300959520755081,
      0.0017797782210547284,
      0.02358301309177695,
      0.1956081426800747,
      0.17499653642689492,
      0.2766327518504598,
      0.16680221840480444,
      0.05837048768534264,
      0.2790774245094957,
      0.08717846316417595,
      0.018034413353286104,
      0.100372159261461,
      0.16558356486835146,
      0.09742195475935637,
      0.08613663074305243,
      0.21487572824023501,
      0.24443053270416276,
      0.16698447845451045,
      0.0013903993384000613,
      0.07828582273529183,
      0.01188124806478894,
      0.20469911459045761,
      0.28328964422803626,
      0.15691929319752268,
      0.20638237800074852,
      0.2806681403434809,
      0.08525412038530146,
      0.2505656789805106,
      0.21061053091532386,
      0.10879536326949173,
      0.25486154932228094,
      0.14573320027973066,
      0.10204993089753567,
      0.2331001050804667,
      0.16902834177289433,
      0.29135603018499856,
      0.019599188370856113,
      0.1262769460161417,
      0.29755500793839224,
      0.19697265281571916,
      0.05269799791126499,
      0.17047940130311115,
      0.20232072610037058,
      0.28722834060670194,
      0.0972948842629356,
