{
  "horizon": 720,
  "granularity": 1,
  "priceSchema": [
    0.198,
    0.198,
    0.198,
    0.198,
    0.225,
    0.225,
    0.249,
    0.849,
    0.849,
    0.225,
    0.225,
    0.198
  ],
  "agents": {"h1": {
    "neighbors": [],
    "backgroundLoad": [
      0.1344005652803789,
      0.00801530614112097,
      0.22622175015523716,
      0.15359483942584673,
      0.17399325132539603,
      0.2603760576918114,
      0.26665253234125547,
      0.19568944853169726,
      0.031072563374582605,
      0.03541801374708692,
      0.28490055249857477,
      1.6680799982783377E-4,
      0.001915514318490652,
      0.13107098422723443,
      0.2873147199982851,
      0.056087375875335986,
      0.1462020177637506,
      0.008394143001000942,
      0.01649638216894974,
      0.06503442268675415,
      0.13050219974554433,
      0.18532053046194882,
      0.19209927824915327,
      0.26841823650859026,
      0.21067985476973725,
      0.16479281353386763,
      0.19152254306368857,
      0.1059676732881438,
      0.03541073536204119,
      0.28379772519797086,
      0.18784468681711447,
      0.014740237566339909,
      0.03608394327117471,
      0.05498575659443567,
      0.0631407793415178,
      0.2084111254092655,
      0.23572588061343677,
      0.2600251085473879,
      0.11505713754982179,
      0.16752824433792757,
      0.031892825831762874,
      0.10799093824127023,
      0.11697050927491531,
      0.28824551328427983,
      0.07916866895883841,
      0.24333617900183965,
      0.04533615057240842,
      0.10933836687552226,
      0.07455326839449457,
      0.00743286132574289,
      0.03471876615438613,
      0.21459951084561588,
      0.09948844512639103,
      0.035399314186880505,
      0.25525252831994477,
      0.05339586561571425,
      0.0882353489054499,
      0.15103837177871557,
      0.1796212866861908,
      0.16212380121592976,
      0.22199798240387175,
      0.2960365184732392,
      0.22003613842053807,
      0.2036786204429111,
      0.24648377543161837,
      0.1806692851643617,
      0.2679079060738728,
      0.012530585254564396,
      0.24773678274133787,
      0.14485779737098523,
      0.014314737788059794,
      0.23392306974953916,
      0.15797240998630854,
      0.04447606209310493,
      0.005680959097330363,
      0.03654823607244032,
      0.042987498179659564,
      0.17558149645104273,
      0.16039758640711418,
      0.1306673993955267,
      0.17986944456839443,
      0.1249242556702376,
      0.29485517617890533,
      0.24169918826361314,
      0.0328803152471025,
      0.09088892751486881,
      0.27596482865304833,
      0.2740957286918424,
      0.1283146021412547,
      0.15434935381262674,
      0.24244325022930333,
      0.047983850884125254,
      0.021938832268663055,
      0.2935873832498433,
      0.04329220854867281,
      0.11370221289765714,
      0.11390377535959283,
      0.08675397346772441,
      0.17734409575409557,
      0.06086616769153682,
      0.2928887293800934,
      0.2797185528755047,
      0.1506122865913885,
      0.19138639959271253,
      0.001458658512198796,
      0.28214109978658214,
      0.09042150379458022,
      0.07716023844037893,
      0.2842590817080524,
      0.18251126570941437,
      0.0876395598674369,
      0.03722501022424491,
      0.06771194659784388,
      0.2428657403981498,
      0.12130051330288219,
      0.06186624129207221,
      0.15873108652826962,
      0.1034193829866754,
      0.21265217456741375,
      0.2678325236630445,
      0.08258746692443869,
      0.1512127199642471,
      0.04890976139407699,
      0.1019730653083283,
      0.1927452346861663,
      0.18287187780622122,
      0.20498228667983578,
      0.023839392233314893,
      0.11143892592341971,
      0.20113602867633573,
      0.18396832840581595,
      0.006456243502584724,
      0.06683050853623392,
      0.19250963905402815,
      0.2857341579980017,
      0.05551302416123888,
      0.07899715088625496,
      0.012173253337136147,
      0.04712999736566818,
      0.15811941075320998,
      0.09793365230765065,
      0.004792027720635639,
      0.20250136268179575,
      0.255575661518888,
      0.05428824673050063,
      0.15469218767929674,
      0.279078926458664,
      0.011401467896574835,
      0.04708012940939704,
      0.2750946273287526,
      0.20329226474624243,
      0.1284065097796138,
      0.21224378304237979,
      0.10507253101522955,
      0.13465020679860756,
      0.08137352234248937,
      0.2718016159071589,
      0.00992790087630717,
      0.1265395360585767,
      0.15229581155465746,
      0.16595053509166735,
      0.29811749811290655,
      0.1754480883476446,
      0.2695811404165361,
      0.012489196547054049,
      0.0862528567759369,
      0.032918382870323136,
      0.018326042901196448,
      0.2878174527958824,
      0.23757346413473704,
      0.012303739795131385,
      0.2840273458534643,
      0.29003247556251455,
      0.07845179482141275,
      0.1506351436098067,
      0.24109170440854516,
      0.29683349664991454,
      0.08681439074687974,
      0.24453047034931769,
      0.07408726948439484,
      0.286934580813242,
      0.26639607204257704,
      0.001226176844103466,
      0.19194714397012597,
      0.24152103028698235,
      0.20916891556061296,
      0.11086332014669345,
      0.023453062346121933,
      0.2951094439979859,
      0.03821490814488854,
      0.19732937761350336,
      0.021681395466612907,
      0.023936842719293916,
      0.13434267552896825,
      0.13255569235198403,
      0.09551372702599516,
      0.219590506086913,
      0.14470492727371212,
      0.1713611673815921,
      0.2936328307948908,
      0.2253684238879542,
      0.0824626994600868,
      0.19706547404371821,
      0.12212850606612052,
      0.10892496951057618,
      0.12132035107204522,
      0.17025599042392345,
      0.06828194702198964,
      0.05819722933648157,
      0.23651750763980844,
      0.05787826984490569,
      0.14360625244691352,
      0.20775130042118523,
      0.15302774020653265,
      0.2559537616014978,
      0.2901416176221335,
      0.024775044530176715,
      0.09140680108520803,
      0.1392364592685304,
      0.26083796277832294,
      0.21322475652926426,
      0.20871815399866075,
      0.029502778671119376,
      0.03800401415679354,
      0.1225359297577982,
      0.031783562028470776,
      0.15962772405610742,
      0.01814815051558801,
      0.16121615776103906,
      0.03174734330878731,
      0.2792516447472945,
      0.004551893466718548,
      0.003480089162729949,
      0.2831198735632255,
      0.05782136336792018,
      0.1437267096844154,
      0.08054831688343966,
      0.00244344586703068,
      0.27867490584957433,
      0.09980791575912154,
      0.2550132717131067,
      0.23975344499556828,
      0.1170024078581923,
      0.07131871015508283,
      0.20066732939740933,
      0.1619452543698731,
      0.060524371019923806,
      0.07815024008512879,
      0.16347867490140167,
      0.1953542954325245,
      0.17828870876983308,
      0.13591720212319497,
      0.007396740468770657,
      0.25013061379366447,
      0.23075361126911448,
      0.29568569855075216,
      0.05907460632334834,
      0.1827557206728202,
      0.24364266802058926,
      0.2055614018402164,
      0.08503709565160604,
      0.09728984005822139,
      0.23461825634761163,
      0.25144708480897326,
      0.003974571010430861,
      0.07160597487156757,
      0.1949566118453917,
      0.05637227669187428,
      0.2740308034012815,
      0.17569748155014964,
      0.22693415066444378,
      0.01970199279131599,
      0.015261466084818563,
      0.2940327628265524,
      0.16382493413799273,
      0.29471884719851105,
      0.11154874332716834,
      0.02917428767589788,
      0.21119468837827868,
      0.2157208370754164,
      0.19041597966129878,
      0.12687347226383758,
      0.297520804159368,
      0.19026454131185971,
      0.09935379550206686,
      0.2772233804028554,
      0.28872824597378915,
      0.13601162399800537,
