{
  "horizon": 720,
  "granularity": 1,
  "priceSchema": [
    0.198,
    0.198,
    0.198,
    0.198,
    0.225,
    0.225,
    0.249,
    0.849,
    0.849,
    0.225,
    0.225,
    0.198
  ],
  "agents": {"h1": {
    "neighbors": [],
    "backgroundLoad": [
      0.06786207660193229,
      0.1717704908591646,
      0.13176536072889974,
      0.04403260720947922,
      0.04653252949262959,
      0.2877438112616002,
      0.21125382183299368,
      6.97053699307304E-4,
      0.21778895802090165,
      0.06097737019365272,
      0.2784005296616956,
      0.10138470298790343,
      0.10800335883387763,
      0.23226561399189652,
      0.20099840430104904,
      0.29800664340953864,
      0.27035565861455163,
      0.2929158458601902,
      0.08758544327297876,
      0.02599638636324454,
      0.005719107338443629,
      0.13600210371101412,
      0.2889870647139794,
      0.15123236933754694,
      0.16370804566289393,
      0.2071172350269612,
      0.18755754340155523,
      0.1346302024235128,
      0.013134883589779921,
      0.19187018160971656,
      0.25671128790667436,
      0.045391271548001356,
      0.10110496729597657,
      0.04849391926630738,
      0.1111880275167228,
      0.12939685186351713,
      0.21869877753764624,
      0.26655662241299943,
      0.29920105599538543,
      0.2150212277370279,
      0.13887078764934388,
      0.07748891662775191,
      0.16914440083755616,
      0.15127175229019474,
      0.037449671440724384,
      0.07633974150706004,
      0.1291692914198575,
      0.24930187636726767,
      0.15592418530523136,
      0.16448525332449998,
      0.11027631577850859,
      0.24932544374110965,
      0.29584487068185966,
      0.09039787769936876,
      0.27954548026709486,
      0.011747292340384085,
      0.18042119842712387,
      0.23579815828029696,
      0.0754375163854367,
      0.05881832638564951,
      0.0061768126660124096,
      0.019051555743378957,
      0.11936692437146708,
      0.0031410783388485684,
      0.02179615174088426,
      0.144469393824173,
      0.2927993676337216,
      0.005474836272815053,
      0.018639697410551846,
      0.0822947721320321,
      0.24463795263354166,
      0.27866688754702335,
      0.18485875405299812,
      0.25761826460717296,
      0.19874398069200908,
      0.26134225117718346,
      0.1494413648320894,
      0.2005938610933942,
      0.19923280522032094,
      0.28665378795963403,
      0.2872502527866471,
      0.18911052715474128,
      0.07283433603511283,
      0.1744951786027492,
      0.20360803408348035,
      0.02190396464578659,
      0.04571569516204769,
      0.06593450832206306,
      0.13814393722902957,
      0.19458332749284177,
      0.29337455787024047,
      0.13277044651267184,
      0.19000915153304085,
      0.23264963931136862,
      0.29344550321622725,
      0.15506182291313292,
      0.12862135209651154,
      0.2578370329655695,
      0.15166431479195874,
      0.19273361802921568,
      0.16597711688324943,
      0.24331423217756967,
      0.2604867280396894,
      0.09235132097208561,
      0.22931902222711237,
      0.1487195299249229,
      0.25698226142026703,
      0.2811369907905696,
      0.15238533169909135,
      0.03542895651029715,
      0.22409379438827268,
      0.1035278690939173,
      0.28262651745191264,
      0.09129667790547492,
      0.13276174192985116,
      0.2091926610549017,
      0.23699296277091597,
      0.05152353739278768,
      0.22602531569704465,
      0.05778088516567678,
      0.08760101914671196,
      0.044367151977186825,
      0.09392852728393075,
      2.7330367561517743E-4,
      0.251842587611621,
      0.1669536037911454,
      0.015386538829496366,
      0.2435015593547987,
      0.28514609932913826,
      0.1737765004394496,
      0.20014915559663585,
      0.020230235203786282,
      0.21351105224829656,
      0.2761030071800076,
      0.038626435345436014,
      0.0769300516437396,
      0.18386497090626208,
      0.11879794679653752,
      0.1352643054801659,
      0.15721516466379717,
      0.18977192765411904,
      0.020990524674827205,
      0.24769730428284606,
      0.2399817262525737,
      0.048455424567311264,
      0.12440896785963527,
      0.1511895371258589,
      0.1138459423029264,
      0.21114936547713453,
      0.1669713198812389,
      0.185453062773377,
      0.06605685391313712,
      0.21075972917503805,
      0.22042459724535066,
      0.015104797145830772,
      0.0692747513120094,
      0.22142566050588908,
      0.20599316250386537,
      0.015555300322831554,
      5.891012752685998E-4,
      0.21173528328712615,
      0.12670777749407694,
      0.017756156252584653,
      0.15381840560651747,
      0.18317064731415736,
      0.27712719886733633,
      0.24228384275794076,
      0.17546045914854766,
      0.2414974132484042,
      0.05469131623061767,
      0.022199266572630914,
      0.13163166371059973,
      0.2024143229614364,
      0.28508301355724347,
      0.18083462426605781,
      0.2420218111714696,
      0.07046028255542255,
      0.16087825941254155,
      0.009336837589597491,
      0.12763350414822228,
      0.2975910102588542,
      0.048966808880388214,
      0.13679835639092294,
      0.024082630603077047,
      0.11569378468964946,
      0.02620264893377414,
      0.11364681985631944,
      0.13257468532038919,
      0.14834839011715442,
      0.23922449688256298,
      0.19492725002183767,
      0.11298217329512977,
      0.04715856008616437,
      0.014353402010053517,
      0.12577373579788248,
      0.20204638547613604,
      0.1291086269605372,
      0.0503726624973559,
      0.20446139240326308,
      0.13021415472890766,
      0.12350158533297208,
      0.18056495160111183,
      0.20846247995993056,
      0.19228800954294362,
      0.02062363582123684,
      0.14774287459727126,
      0.19606772124307129,
      0.2414621217739484,
      0.0758165220776765,
      0.09071071505912368,
      0.07844218375725971,
      0.14807190443493354,
      0.2754648444469173,
      0.021885247607136015,
      0.22082019452082413,
      0.26866758225916715,
      0.28986201225284747,
      0.04548206318643938,
      0.014027439368658256,
      0.008440763564274012,
      0.2918056374122201,
      0.07783997613827426,
      0.13470359078657904,
      0.03718676436948025,
      0.12303937905566362,
      0.2537785113246294,
      0.0033931751861981272,
      0.007477636879888349,
      0.2783656202147641,
      0.16946360294183924,
      0.051406550683875805,
      0.28248966994691305,
      0.11869942899354542,
      0.2868419515720856,
      0.0746212086941074,
      0.16908771902187728,
      0.1136685565228037,
      0.04938799799351443,
      0.08467363736190671,
      0.05097585890452975,
      0.24830662167497838,
      0.24161613268310672,
      0.18352915244484022,
      0.04046439435361316,
      0.2387593381428474,
      0.05189392693343914,
      0.28032361177453236,
      0.07897996400386362,
      0.21443061084236345,
      0.05493257824521307,
      0.08279528890300362,
      0.12630519765740902,
      0.11227149298263901,
      0.06764677083625384,
      0.03462850338906027,
      0.23356995816734655,
      0.05434822575794596,
      0.11052405249561287,
      0.015576754716453589,
      0.27241912039659194,
      0.2377935114538037,
      0.10480380236277595,
      0.21978502179996684,
      0.24981078091352216,
      0.251528873484369,
      0.09285954169039666,
      0.05987469940778528,
      0.004821810290363748,
      0.02166252839688131,
      0.02649641383281004,
      0.05809763300495443,
      0.28503270424203453,
      0.24110083819614678,
      0.12466546773722614,
      0.1260794456329199,
      0.2899095937904306,
      0.19814143694569306,
      0.2953786156702201,
      0.24496504761976393,
      0.13330817947557846,
      0.26286139767450933,
      0.18632052862314893,
      0.1451886867952951,
      0.14901792705168992,
      0.29585085994235666,
      0.17538757007248743,
      0.13972143851520216,
