{
  "horizon": 720,
  "granularity": 1,
  "priceSchema": [
    0.198,
    0.198,
    0.198,
    0.198,
    0.225,
    0.225,
    0.249,
    0.849,
    0.849,
    0.225,
    0.225,
    0.198
  ],
  "agents": {"h1": {
    "neighbors": [],
    "backgroundLoad": [
      0.041394742934461916,
      0.19310516565786842,
      0.06879476735367451,
      0.22741265160093602,
      0.03682926272803226,
      0.2753646324679644,
      0.04734609371387235,
      0.08198433708786311,
      0.22735153693486798,
      0.17098093136751,
      0.18195942450387828,
      0.17447044300559528,
      0.09177626510574895,
      0.12753350456938684,
      0.12104202663235246,
      0.15002795694735824,
      0.1134661730739629,
      0.1937880217546116,
      0.16602752586011818,
      0.2517536575542275,
      0.15314376506212535,
      0.1782725377014551,
      0.01662739236195234,
      0.013797984380808625,
      0.2855731002623631,
      0.03565222291572806,
      0.2942768825338408,
      0.019923882175509965,
      0.06410648279770083,
      0.11988667141945522,
      0.0032618978865753376,
      0.2154062685992893,
      0.18672085994747933,
      0.17395267756689922,
      0.04850783932167413,
      0.14833886651216405,
      0.07738852842750871,
      0.16911650354392668,
      0.16625229813078124,
      0.015145141079881741,
      0.22325599836630475,
      0.04123888021483053,
      0.08134563016649199,
      0.2357515995282732,
      0.028036292574188524,
      0.0593738063535631,
      0.11811083023240816,
      0.1606450934310856,
      0.18870218487547813,
      0.21915654345861935,
      0.22131829299223074,
      0.20566175545744578,
      0.12937861756422342,
      0.07206442308966272,
      0.0675152057219381,
      0.09971410469601466,
      0.1787642377386186,
      0.011951088383366547,
      0.14812539187927792,
      0.15258037549130982,
      0.20178041194305205,
      0.1749294182734056,
      0.1824592220321186,
      0.19513180289004414,
      0.07979337688033623,
      0.018368210741992085,
      0.23375141812378392,
      0.0023529592056642846,
      0.209750401414746,
      0.08921513475901464,
      0.17317700246297552,
      0.17884901521726967,
      0.09585993181967574,
      0.14409814799925139,
      0.16349555107380576,
      0.07444294330146904,
      0.0886168892916704,
      0.026176990449935322,
      0.12213046420757981,
      0.27809858853153296,
      0.23167886018769915,
      0.03886829126670905,
      0.2921196203275421,
      0.0010665968719153485,
      0.04642205656280254,
      0.0580669438784141,
      0.09047855299949976,
      0.23932756769774396,
      0.1551575718406319,
      0.0528922150744912,
      0.0867518153630792,
      0.2930761697151245,
      0.1844990639021434,
      0.13737549607951682,
      0.192197643323421,
      0.11623270965178643,
      0.19714145819417953,
      0.15255063131606433,
      0.2761359299620509,
      0.2589565939787953,
      0.011860991276973565,
      0.07949929156326213,
      0.29709665782809797,
      0.12690455124474043,
      0.15369031984425294,
      0.07917340367174859,
      0.2726553142942894,
      0.001070849058872525,
      0.10905588826412534,
      0.017599990562798273,
      0.24779153632014128,
      0.09701300947019809,
      0.08769192769247398,
      0.04524267020747411,
      0.01160121387163433,
      0.2612520028198298,
      0.019940856423160725,
      0.06623455787105241,
      0.1308560879963366,
      0.0031407220809281044,
      0.06209214808631808,
      0.1797052981660036,
      0.039178778307410386,
      0.24683669140800069,
      0.0339503163320587,
      0.1581101651523591,
      0.043813039232583936,
      0.11588352413967218,
      0.15691813615844116,
      0.17616439894513888,
      0.07560799718146738,
      0.24375467398668232,
      0.23660164521905377,
      0.05618972724243374,
      0.03616324481462128,
      0.247968680418295,
      0.2583576044919615,
      0.047112417120637615,
      0.0021974511501907435,
      0.06375659761805576,
      0.03475952181264632,
      0.2867097555071646,
      0.0505418126940011,
      0.26334484028103006,
      0.13243528101921936,
      0.25456484386557515,
      0.19959967610149928,
      0.27304166406040564,
      0.1674988054083874,
      0.14155154000652936,
      0.17629483335517324,
      0.17723719541818608,
      0.1146392747067092,
      0.02603798948872996,
      0.29475072628315296,
      0.11656428050757504,
      0.28253973003592014,
      0.05877717630898524,
      0.17861010706847816,
      0.004808146204208097,
      0.12689463674237655,
      0.10686545637231169,
      0.19430044682339034,
      0.16972305570778645,
      0.28550982433251726,
      0.11966490601248886,
      0.015066785942689542,
      0.023406502142704143,
      0.1071505487397844,
      0.12300729366381015,
      0.08079634222749421,
      0.1038623564682187,
      0.24809866849217638,
      0.2910518798159227,
      0.11902771522113265,
      0.12176567566824323,
      0.20604078058353567,
      0.16248703345662396,
      0.17282545157952714,
      0.25071687564844336,
      0.25642353321925604,
      0.28924774923449637,
      0.2738868580589113,
      0.2825051498491195,
      0.05244004272860204,
      0.2672031190956862,
      0.20971798916985335,
      0.08781294141484625,
      0.07609005451032837,
      0.02763224071344671,
      0.05367658190014909,
      0.06916286004360958,
      0.11142503278911277,
      0.131418438568521,
      0.16461661929998045,
      0.28464026153179073,
      0.06259174118711265,
      0.14956726981561716,
      0.14247406812949795,
      0.281834208415047,
      0.26782357029796916,
      0.27294461156460725,
      0.2925247934511418,
      0.23625052025041804,
      0.16700304021624177,
      0.276728929379299,
      0.020923931625345615,
      0.23883288032412864,
      0.11806995965958837,
      0.01591288025154608,
      0.2892591540757999,
      0.2981767908757552,
      0.028429171671593766,
      0.22869396297272598,
      0.08432129146800374,
      0.11009680856334582,
      0.29716709354371634,
      0.24165765699115102,
      0.10884784031609998,
      0.05896787675680417,
      0.13303464987831695,
      0.20490216109498438,
      0.06359715545275191,
      0.27740618479924006,
      0.12845563401989551,
      0.16048360919436372,
      0.15309723343527332,
      0.021129763966737537,
      0.18528420256711742,
      0.017251621098843196,
      0.05582608623581141,
      0.10064121114199447,
      0.053093324871986314,
      0.09495471598167148,
      0.08456582759178224,
      0.16882470901745966,
      0.02442238758659454,
      0.031145016168449578,
      0.02692813764299542,
      0.16356208930656668,
      0.07695659892104602,
      0.031939413372325906,
      0.06704942436044112,
      0.06072333063882265,
      0.24358529574611668,
      0.10700976482958476,
      0.013736375370662012,
      0.1816036671494789,
      0.0256999596139433,
      0.09255756116064402,
      0.07362545423039797,
      0.017570359034102645,
      0.051892469329393176,
      0.016476415383247688,
      0.24238175027055525,
      0.12113713544692906,
      0.008921055994350146,
      0.2380718071188478,
      0.05180258834407259,
      0.11416759752946323,
      0.09282731889794579,
      0.14995309435078397,
      0.040378907667544824,
      0.1773237193817728,
      0.059543903031477746,
      0.19252306091782703,
      0.14185647211636654,
      0.035154568532002495,
      0.2786412560729468,
      0.05293909576136063,
      0.24405960220251388,
      0.0496576599170239,
      0.19774651035882237,
      0.21045132868830108,
      0.09236420094553233,
      0.008611219832131688,
      0.014129497437330362,
      0.08944494817160153,
      0.032954915852568045,
      0.1051311992018043,
      0.03746372468645267,
      0.02081730114805951,
      0.16706366743578388,
      0.17445753404872041,
      0.04247497114234189,
      0.11911894937218452,
      0.20110343823229374,
