{
  "horizon": 720,
  "granularity": 1,
  "priceSchema": [
    0.198,
    0.198,
    0.198,
    0.198,
    0.225,
    0.225,
    0.249,
    0.849,
    0.849,
    0.225,
    0.225,
    0.198
  ],
  "agents": {"h1": {
    "neighbors": [],
    "backgroundLoad": [
      0.160447247836765,
      0.17728246738133938,
      0.098970153911632,
      0.05441286148298833,
      0.011229357886957525,
      0.05734277549086964,
      0.010608113839408583,
      0.05473782816417835,
      0.022097364198458137,
      0.0763751069618311,
      0.21041075496615602,
      0.2512259279032069,
      0.17518050550127187,
      0.03481787194326253,
      0.2745427366110063,
      0.14266799427995036,
      0.16136248255206923,
      0.10221978943527178,
      0.09526244475868992,
      0.21321926029931632,
      0.07456777144848942,
      0.21366081907530302,
      0.2325037122762484,
      0.08011668246907895,
      0.04609654740869296,
      0.042860371782967886,
      0.14645369475778855,
      0.15613698960439268,
      0.09226802153437876,
      0.2573678242578613,
      0.20423477302321366,
      0.1705816874796858,
      0.1387199256074003,
      0.11262302101904717,
      0.01846870398766205,
      0.05663505839333116,
      0.25320543341117274,
      0.27266240892910965,
      0.12563206034844293,
      0.24467616307687873,
      0.23121344962011184,
      0.29036712048704416,
      0.014939644264520479,
      0.21557035535973304,
      0.19096521119430207,
      0.27149194261130677,
      0.05503547334072382,
      0.1893756488126198,
      0.29980129538332817,
      0.07905002444792081,
      0.0939061117024192,
      0.1264121232679947,
      0.27891484669376104,
      0.2606075538846905,
      0.1799972662659128,
      0.1456862658435389,
      0.200173577675519,
      0.009615058045173675,
      0.17149910503909496,
      0.03857228594422589,
      0.13075189529787512,
      0.08647176642942776,
      0.06336649167118669,
      0.11092185754070233,
      0.08741025697857602,
      0.28345650975750547,
      0.068721121607118,
      0.0030857808951664234,
      0.25582654122421267,
      0.12545037778876228,
      0.18888254402689053,
      0.051212912863630985,
      0.074189142303004,
      0.03463334034662798,
      0.24050860418174186,
      0.11322334089628844,
      0.2389889880641058,
      0.25610319461083864,
      0.047457141092769585,
      0.271869035396168,
      0.18345430298499224,
      0.21890015944634722,
      0.10614700319927033,
      0.031433431919613765,
      0.1374403322356633,
      0.28205093621687477,
      0.07432932724005666,
      0.24760178303701666,
      0.1818104614419239,
      0.12842849928749514,
      0.15170627309868379,
      0.22519319912015826,
      0.11307249730140934,
      0.1610478292890926,
      0.26840744889667273,
      0.012284607609925313,
      0.05740872054124876,
      0.03479330106835273,
      0.19084997744152507,
      0.20255772016773393,
      0.01063735296917213,
      0.2670774374543414,
      0.09314293664638985,
      0.03490715090518348,
      0.06350330242327037,
      0.17747212323613118,
      0.2596518128295859,
      0.21817164706772926,
      0.2061257339456015,
      0.22042835978316838,
      0.22497730055789322,
      0.10009643700255162,
      0.09018642367963248,
      0.2907034187203161,
      0.10717339076696836,
      0.24983411754140478,
      0.23167686333934095,
      0.19688978970168944,
      0.18011509519610078,
      0.20917591404977368,
      0.029025379319638098,
      0.17427407947506007,
      0.25060017417078795,
      0.2480273166555682,
      0.25894048354441235,
      0.18641579212503562,
      0.2760644258200096,
      0.19643890590472807,
      0.0535755690822291,
      0.011047640141094594,
      0.18684967914650405,
      0.15725626868557238,
      0.12354228428021673,
      0.16643071434783224,
      0.2657620608972714,
      0.2207978783939385,
      0.017206655885127386,
      0.16988175598440544,
      0.2103322876386898,
      0.10610726968349692,
      0.27479518633100425,
      0.21869392555937595,
      0.24259279093033773,
      0.1524073753840984,
      0.10175517409601169,
      0.07984724985363952,
      0.0725095903753228,
      0.29496949170582115,
      0.16865313949396435,
      0.05547448993906173,
      0.2840880849923149,
      0.00615721941750843,
      0.06720746655097543,
      0.04504646198203727,
      0.06975310984800678,
      0.2626510137961545,
      0.007122783286367429,
      0.03287687439972131,
      0.07937382768829404,
      0.20715080857570256,
      0.16501891332964522,
      0.031710370231531206,
      0.2941561303175901,
      0.2913543473115977,
      0.18073590995271357,
      0.20172895270508767,
      0.2959983081804341,
      0.2764564344149857,
      0.2922645622157726,
      0.14931151688250927,
      0.10677713197951923,
      0.24272528171068486,
      0.22665683600633219,
      0.19704298297730136,
      0.008587238736307823,
      0.15220528330609415,
      0.10391615388828326,
      0.2585594108968101,
      0.28638918923960816,
      0.00689500229158233,
      0.2773887644781704,
      0.2422104182041024,
      0.2534484816605702,
      0.2986399826802116,
      0.24076667761371204,
      0.1672040692382208,
      0.23031622017934264,
      0.005596659113786839,
      0.031526944806630694,
      0.019209039536673043,
      0.1591087775554375,
      0.1826778317546852,
      0.06123145740531691,
      0.05428523125651422,
      0.13492539372927637,
      0.11773000125027097,
      0.02015202291400345,
      0.03765173186513079,
      0.24438389608538277,
      0.18850018779482106,
      0.07864806154583011,
      0.10910299993478059,
      0.24849845194980658,
      0.20363028550225015,
      0.006330678466580219,
      0.14222725262001032,
      0.053602059369263606,
      0.2949926530849701,
      0.1375340822609871,
      0.06715475710471677,
      0.06277366548007135,
      0.1880611721026148,
      0.24877418069267732,
      0.06992122018793452,
      0.05172052206501265,
      0.16228460654183488,
      0.08449627358806966,
      0.00673053322042777,
      0.21113563882098532,
      0.0752181243598949,
      0.18699588020292274,
      0.0897717287201138,
      0.0852194525669312,
      0.01632598424023778,
      0.16965109908944365,
      0.003087565825374827,
      0.030312771206249964,
      0.025372473843398403,
      0.17321771757730434,
      0.13646793622268374,
      0.16068392148626637,
      0.09960047069062393,
      0.04098636385937582,
      0.030583509533499274,
      0.158500326981218,
      0.2868591870867335,
      0.07832116465918638,
      0.2041137777297013,
      0.034852421877208536,
      0.04808911219786589,
      0.04440191261957079,
      0.06040299684581138,
      0.252548541858652,
      0.13862294348566365,
      0.10382018553139744,
      0.14345779057868627,
      0.1614056619251786,
      0.29737875651804313,
      0.18459459319068294,
      0.12013575907456725,
      0.29878027402934737,
      0.1774385523013871,
      0.2777229044933989,
      0.016459184630468724,
      0.11311705224001406,
      0.11313552546569092,
      0.15730133725863774,
      0.14110062677790267,
      0.0979346997608355,
      0.2730102324004912,
      0.1836378781952244,
      0.189781455251573,
      0.06468936809573651,
      0.07980800828501479,
      0.04038963155162697,
      0.24398518003187097,
      0.0729324811737388,
      0.25651583972200226,
      0.10040901093459033,
      0.2196006080610183,
      0.1477137379762499,
      0.26336739931468583,
      0.1385235290725548,
      0.012780963122476063,
      0.004781306006796348,
      0.07590352360195568,
      0.0037480119822272838,
      0.287672507241091,
      0.10870768885356788,
      0.012230865484779196,
      0.013879047028053182,
      0.27814696344943557,
      0.290400985968531,
      0.019024342288618313,
      0.18014086015097208,
      0.0902068278936476,
      0.18865132221037292,
      0.20143708028631713,
