{
  "horizon": 720,
  "granularity": 1,
  "priceSchema": [
    0.198,
    0.198,
    0.198,
    0.198,
    0.225,
    0.225,
    0.249,
    0.849,
    0.849,
    0.225,
    0.225,
    0.198
  ],
  "agents": {"h1": {
    "neighbors": [],
    "backgroundLoad": [
      0.020831214980872113,
      0.004433987733883582,
      0.26343319246082036,
      0.20416171503943206,
      0.10217064021137419,
      0.08839869263249803,
      0.003991024857322734,
      0.13972604564889549,
      0.14502975380728636,
      0.13717401159689133,
      0.18794006843409528,
      0.2640114157457219,
      0.21943785565761073,
      0.0668880185210922,
      0.2974690232545233,
      0.01192597488787508,
      0.18143911960784012,
      0.24145171599351775,
      0.027086506761230332,
      0.22238093865237932,
      0.03279220667927939,
      0.05670337650199761,
      0.2037874176989443,
      0.08209367156576014,
      0.19092869956824146,
      0.2283743086773961,
      0.1422960833554288,
      0.1829517427210896,
      0.035971893890206094,
      0.2869753034981552,
      0.0850746217445434,
      0.2596288068750257,
      0.07345202113783979,
      0.15694724205651198,
      0.03523938664269444,
      0.2724984638022692,
      0.01893514521534363,
      0.2407024663856324,
      0.10474680937246973,
      0.12641059740532037,
      0.0662161153941266,
      0.29162733450993467,
      0.2798343072074556,
      0.03602027824375929,
      0.16705299258484574,
      0.12008889097174573,
      0.07111962294696912,
      0.14957352207860197,
      0.2577463381555014,
      0.0673734695898441,
      0.24929876423668934,
      0.2189318460574076,
      0.006486167384326158,
      0.187964801378635,
      0.1740801448058826,
      0.2390067510131982,
      0.2953571536812542,
      0.14520465330947133,
      0.05992305458108227,
      0.0499777506894535,
      0.08411174907582997,
      0.22976085947964392,
      0.06264443414985492,
      0.22632641654217464,
      0.03669763078603298,
      0.011852297824006163,
      0.058203060874044574,
      0.22730856507221797,
      0.013793742824444021,
      0.21029904527485196,
      0.23744186276092272,
      0.2735570394133067,
      0.23513896617530272,
      0.07022875219474417,
      0.018349321778932403,
      0.03398255882818563,
      0.055122159534538785,
      0.1766323949885301,
      0.04303343932103173,
      0.19451722844850705,
      0.0207688489296206,
      0.21942221942199544,
      0.05309687628962092,
      0.06604262272627168,
      0.15081405645287085,
      0.27317396720284925,
      0.20713873476968173,
      0.013612549183824995,
      0.03434874160562035,
      0.15985822002335137,
      0.23898156314718227,
      0.2901037615035971,
      0.07242119474921928,
      0.06406892697977364,
      0.15338909456699795,
      0.2832541723072304,
      0.05471296650950445,
      0.2446239402790497,
      0.21517294573285622,
      0.2610054722674376,
      0.1872770357917274,
      0.03769070551714738,
      0.15886082163314305,
      0.23137439325728934,
      0.24587453222053296,
      0.15865297906669892,
      0.06324471076917078,
      0.1633473151785026,
      0.03912060203888693,
      0.25292438903159553,
      0.08688483254477476,
      0.23486826399737054,
      0.1463933542246264,
      0.04271393447684555,
      0.23809712787434653,
      0.2360528444004708,
      0.17651709685905254,
      0.17208738448620645,
      0.2870061460585784,
      0.17913054164605552,
      0.2727112965777505,
      0.1460910249891563,
      0.2522019261669436,
      0.1346664985264923,
      0.26460750970411634,
      0.008016374821976745,
      0.18030385019194198,
      0.009145755586463189,
      0.2300148455915954,
      0.021750296350283447,
      0.25447308652776346,
      0.10370362891792909,
      0.052883509552424844,
      0.03464864772790941,
      0.18822038069179636,
      0.11971747403334755,
      0.13637068686864628,
      0.017979523346269,
      0.07075574516648232,
      0.010176948208472791,
      0.16792754651362,
      0.2842665980870936,
      0.10155688342202371,
      0.07948944960439751,
      0.004467151721724038,
      0.05390579724088124,
      0.17851609247079805,
      0.02568079671112797,
      0.07078675508806524,
      0.24870501793550304,
      0.004494311693195618,
      0.059263942208505366,
      0.25831642454208903,
      0.2574759977457662,
      0.04385237635123339,
      0.08746850714832907,
      0.12729219433542469,
      0.296882793642858,
      0.0554486332715164,
      0.1537812215973174,
      0.12396853044282485,
      0.29944008115456394,
      0.019407354619628402,
      0.1740870997219242,
      0.2844648964299249,
      0.24945332191577013,
      0.2678644030530319,
      0.15704966190332728,
      0.25462555766363526,
      0.24783141343271836,
      0.16445802022265235,
      0.07767586730937469,
      0.2748710269720693,
      0.156151033038592,
      0.14704507103282588,
      0.08676022671741064,
      0.19857410382580482,
      0.02698701509242771,
      0.07931735792414259,
      0.004451864018184681,
      0.09701604492098508,
      0.22020984329867022,
      0.29950790960423335,
      0.19562275965603856,
      0.02083147864300977,
      0.08470470078304022,
      0.08410626610349074,
      0.18003217320651682,
      0.10211521364400229,
      0.170325671771365,
      0.028670583410084514,
      0.24835707749589964,
      0.21659573499888476,
      0.006206025837227014,
      0.2177099951576308,
      0.2838598243461481,
      0.03646827418535842,
      0.2641401338025321,
      0.18108388457525768,
      0.2861465938490146,
      0.06338029528433399,
      0.06954446647823882,
      0.10334415218621366,
      0.28043711428895807,
      0.09544025467300853,
      5.467083603937217E-5,
      0.09253676512386078,
      0.042955504505910014,
      0.06364205216668917,
      0.04020322211734704,
      0.2561804731684202,
      0.2675539573761717,
      0.25212029939904945,
      0.03595164093796821,
      0.17561394804924815,
      0.1854445561037563,
      0.22410497430810622,
      0.07087912136850323,
      0.21361051218663787,
      0.0049914009632961885,
      0.04152979193943764,
      0.1644354442140958,
      0.08204795019062608,
      0.02559679954139151,
      0.033089970886329076,
      0.0806657591335106,
      0.15623001816970744,
      0.05081710847793135,
      0.2790695479510531,
      7.65772600834258E-4,
      0.21830447476898232,
      0.22281001081345034,
      0.1507419240090204,
      0.22612845733487033,
      0.05346280666282276,
      0.20038425083249253,
      0.11309068171776906,
      0.294515330748665,
      0.03202710489091041,
      0.21374615313597933,
      0.13655865567304012,
      0.1861277866456593,
      0.1056692155031564,
      0.16458876057903166,
      0.015401408058083132,
      0.11110717867072152,
      0.1910004297378037,
      0.180305113150935,
      0.1026720038225283,
      0.1376485270683808,
      0.0041705488918304945,
      0.0394179225706223,
      0.20545203973170587,
      0.11339163687416681,
      0.1649894745412389,
      0.1257088155075939,
      0.012014781917787886,
      0.13963174559410282,
      0.257406664497398,
      0.1374271325532351,
      0.203886279529194,
      0.26440887280431546,
      0.11863179096723336,
      0.16704146369116354,
      0.017084475158947964,
      0.1637182693145027,
      0.10143601520112988,
      0.20011222303178397,
      0.23975804785418037,
      0.23577846173144723,
      0.10441671706379248,
      0.19641941738315394,
      0.16221934913959538,
      0.08331787906891129,
      0.22472605177195662,
      0.045458501227283385,
      0.14636947851601106,
      0.19998757552401641,
      0.08746346954244863,
      0.19799565998404822,
      0.1458389458590315,
      0.19390668300138517,
      0.1293164407698894,
      0.08553634406332768,
      0.2040755395330899,
      0.06704243623348582,
      0.2844655865324249,
      0.17088352374437313,
