{
  "horizon": 720,
  "granularity": 1,
  "priceSchema": [
    0.198,
    0.198,
    0.198,
    0.198,
    0.225,
    0.225,
    0.249,
    0.849,
    0.849,
    0.225,
    0.225,
    0.198
  ],
  "agents": {"h1": {
    "neighbors": [],
    "backgroundLoad": [
      0.0642720472390871,
      0.12497707926456371,
      0.09588025357745993,
      0.2808722983328316,
      0.2085641103857311,
      0.29542257829766044,
      0.1783546645655845,
      0.29448204582297144,
      0.2218941396023604,
      0.06737884994104233,
      0.1960357421017516,
      0.07624898292836511,
      0.1026230963110993,
      0.223351570134624,
      0.17147837665058657,
      0.2232027923720614,
      0.03537494118435488,
      0.27457554559354586,
      0.261952786239116,
      0.22162090698763992,
      0.034742784428066185,
      0.13430356993688936,
      0.10582657280688802,
      0.007486046928577372,
      0.2219215465081687,
      0.29720428423110173,
      0.13570057472198901,
      0.2570127814271778,
      0.021956099357080715,
      0.12173471768972335,
      0.27677825661646593,
      0.11824395164385224,
      0.09860595789253795,
      0.10522515101392486,
      0.1790825482447054,
      0.18392239114590156,
      0.07599307227864101,
      0.15608949004118047,
      0.1464847250978119,
      0.06443557163900876,
      0.11995103882199473,
      0.017179627476215986,
      0.02829297133463039,
      0.06520178427265623,
      0.10384638614788569,
      0.24934862414032527,
      0.011407488773267948,
      0.12386363220944965,
      0.29879263445836507,
      0.15857025315798157,
      0.015782824511925607,
      0.23416666080663867,
      0.22244122839769234,
      0.1536252616355646,
      0.01579471784581248,
      0.1252762987406306,
      0.010891100527790798,
      0.22236956310924935,
      0.03329158218779338,
      0.297802307242314,
      0.01101346777639649,
      0.13754695172419729,
      0.24714639034800315,
      0.0070020270109404925,
      0.009558073043296112,
      0.05236844952245357,
      0.11642094445243958,
      0.1151998688833383,
      0.025254700266286234,
      0.08832382973835344,
      0.07724392998701693,
      0.07309031329711906,
      0.09765362344154814,
      0.11145445544787978,
      0.022396856825458753,
      0.18071835321797936,
      0.11608665211024888,
      0.0351857544567463,
      0.04048524157213736,
      0.26207321224696317,
      0.2124384725137001,
      0.18704561725770746,
      0.043031395981955524,
      0.15184299000313045,
      0.2311360694477726,
      0.2797184294843054,
      0.13325791854292016,
      0.20147616739863342,
      0.26207380903163235,
      0.18197066060718395,
      0.03578967320344897,
      0.12009245454183211,
      0.16296065869679355,
      0.07610356112047638,
      0.020086114906181663,
      0.2463136493696563,
      0.005581357832009281,
      0.11005094838396597,
      0.09735124328296994,
      0.18331710312870245,
      0.024947069098843276,
      0.06798769221560148,
      0.04318947882050198,
      0.26039781131979034,
      0.1638658617194247,
      0.015260413846029296,
      0.06390877440737273,
      0.04089615305931322,
      0.2156321980262356,
      0.21458151607657286,
      0.12688969579639084,
      0.10120851769208956,
      0.24616560612001456,
      0.018140031384952737,
      0.21890217948497886,
      0.028245901242807903,
      0.11791071926108572,
      0.24503330161390854,
      0.08092408383354338,
      0.2283121636740376,
      0.2952402087206424,
      0.044595053357178456,
      0.1881937365439983,
      0.13005402851286382,
      0.21032716311929497,
      0.13373783500696507,
      0.07105959656777953,
      0.07953336217182322,
      0.07420697506300876,
      0.06364338781478192,
      0.1316211821352211,
      0.012883562011185389,
      0.14922700895344118,
      0.11077360253644535,
      0.282948062073762,
      0.2654922448678747,
      0.09083344778345642,
      0.05511317977498994,
      0.2619044909522511,
      0.1052956618447528,
      0.12882151973673875,
      0.10783021152844903,
      0.07114379109925319,
      0.14941191097027848,
      0.13390911751121734,
      0.29410010597448494,
      0.09329656061295657,
      0.144128419604076,
      0.15623810145253153,
      0.18859182647370207,
      0.18558661524072526,
      0.18419520246501964,
      0.2081494486582583,
      0.11585733356630384,
      0.13789284381609748,
      0.2171652851309749,
      0.054292272420364225,
      0.07535967413780882,
      0.06626743975215317,
      0.1138417394403574,
      0.054521049897889216,
      0.08611073228723003,
      0.19186665035378742,
      0.041051349346159414,
      0.24886213634191412,
      0.1749370088161821,
      0.009764198724680328,
      0.13685224174096197,
      0.21839495384168262,
      0.17720379081668888,
      0.09755529398490513,
      0.1680724665300489,
      0.1740848815636181,
      0.1522008874287597,
      0.1378723823708597,
      0.14188316204838183,
      0.2831286476507326,
      0.2715004682934021,
      0.12457396479737674,
      0.18572831056327657,
      0.012662402082510738,
      0.12725187556422504,
      0.23596150092922297,
      0.014524263016622473,
      0.008714880686182046,
      0.09196203113796678,
      0.2961305880404264,
      0.20383773938233915,
      0.07613862170649072,
      0.11280602119278206,
      0.24174951506153458,
      0.09052159011586756,
      0.1306056644936271,
      0.057884869042549365,
      0.19084462734453553,
      0.19845110454112044,
      0.2091763060487278,
      0.029000306227267847,
      0.25021176110255083,
      0.2161891333803524,
      0.22994179301101267,
      0.1359836347319476,
      0.2861160241480998,
      0.05299846657708281,
      0.10438544172148845,
      0.022724851343470343,
      0.20597730987607235,
      0.182455015481162,
      0.1958365872826611,
      0.10164891487731555,
      0.06218568941543605,
      0.0808700971506188,
      0.2271818193535412,
      0.08582329918227025,
      0.01790579691597327,
      0.11643974730046416,
      0.07273586212611574,
      0.034718258151305255,
      0.06869771671671722,
      0.19172616290284386,
      0.2862590679547205,
      0.20615646934830464,
      0.28426051895672677,
      0.19945313277970653,
      0.03484365917012237,
      0.029025810539853536,
      0.061245235165392806,
      0.12700994941076393,
      0.21416307724745148,
      0.1056193891178074,
      0.24210985132541152,
      0.19541360816258654,
      0.0595743733445059,
      0.003335011477105332,
      0.08310150879624605,
      0.24225984584397467,
      0.2799501340717864,
      0.24421505100910024,
      0.10268236709602657,
      0.09591484594386278,
      0.1274734780364356,
      0.24388603304658382,
      0.18727239463522233,
      0.17816498934382968,
      0.24494558916064907,
      0.035400212922815644,
      0.10339790366681573,
      0.04668072973774588,
      0.28730736301027027,
      0.051398774744271555,
      0.25875642286132067,
      0.09339389011349697,
      0.08057416154221109,
      0.14699000063549725,
      0.11119833926019985,
      0.03360645067817351,
      0.2360019809408922,
      0.2641094962836668,
      0.12846980402608804,
      0.12295797297927018,
      0.10569837430400705,
      0.1959490674985474,
      0.03863024212550079,
      0.12409466598683669,
      0.15904930732715136,
      0.17845624560649265,
      0.06612065846124664,
      0.21075066512840993,
      0.10701716618560665,
      0.14118291516084172,
      0.014605346457221835,
      0.1919053673039399,
      0.1935166836782749,
      0.10067328349470843,
      0.2437092636224441,
      0.03977630152245669,
      0.14094297361765176,
      0.17866098160390534,
      0.139134175797302,
      0.23806290664744031,
      0.08482077192666237,
      0.014814326628539109,
      0.11270595415397716,
      0.051687156961434,
      0.14423097008425445,
      0.15726476699845485,
      0.22965397832816417,
      0.2601203633725517,
