{
  "horizon": 720,
  "granularity": 1,
  "priceSchema": [
    0.198,
    0.198,
    0.198,
    0.198,
    0.225,
    0.225,
    0.249,
    0.849,
    0.849,
    0.225,
    0.225,
    0.198
  ],
  "agents": {"h1": {
    "neighbors": [],
    "backgroundLoad": [
      0.10850691854921633,
      0.04380023603514973,
      0.17935559898397044,
      0.25586681263107497,
      0.09108235844032962,
      0.16466961193273735,
      0.04553377242896912,
      0.16620895468175784,
      0.05630647078860693,
      0.01797074776230363,
      0.1495607788035824,
      0.23841284021292647,
      0.2668431520753649,
      0.18819034753004815,
      0.14087223523534861,
      0.028383990742722718,
      0.0655441186939111,
      0.22518217088220696,
      0.2551443619236472,
      0.07901503099478915,
      0.13267969248069988,
      0.2535004623181551,
      0.05041642864361499,
      0.0027649191513957503,
      0.015442689358714956,
      0.29961841469133427,
      0.07187903526086394,
      0.22062680858907632,
      0.14257898399216692,
      0.027449102898896172,
      0.05747643307879976,
      0.12813987746597705,
      0.04234958933335224,
      0.10625688645629129,
      0.2854653764975706,
      0.20272443100961376,
      0.25186937146481464,
      0.09212184670396585,
      0.26847656881336013,
      0.12701959227621104,
      0.007378214342150768,
      0.1979039948159287,
      0.21073264076972656,
      0.11662875048498472,
      0.036426255692119734,
      0.12375726024453772,
      0.22658002552900025,
      0.24474480999622336,
      0.2058766611008129,
      0.10449123505540932,
      0.28213044647404506,
      0.15032275607171547,
      0.15958080714356476,
      0.23325082095496605,
      0.005947371613522412,
      0.15502156941439466,
      0.15519314003179127,
      0.02470094746472169,
      0.08184050218129453,
      0.06292994082240513,
      0.29647629292715655,
      0.002727528237780863,
      0.0547626346612071,
      0.23842455733046825,
      0.18455833059635424,
      0.21692755267208788,
      0.12661077231310758,
      0.0508222231086443,
      0.040931383762078076,
      0.24284439563969598,
      0.04746083937814529,
      0.15373461341405523,
      0.04723954907890033,
      0.06456909422612774,
      0.027745293169204054,
      0.20573852046908003,
      0.2794116276254996,
      0.25847909548680714,
      0.071323096033762,
      0.1309879254903298,
      0.1662368204923925,
      0.15281722089471803,
      0.015526042830120278,
      0.025107229808401653,
      0.15875112579078743,
      0.22828854662387593,
      0.10560924709108681,
      0.056272388039249374,
      0.21435542965923274,
      0.18556284492865907,
      0.12864874074279237,
      0.09555587990290966,
      0.17133658681553737,
      0.18633735836340234,
      0.0478638882603729,
      0.2780068192563486,
      0.1784704263637952,
      0.028208927906078218,
      0.2041062997863883,
      0.21545937061116133,
      0.2396349890289547,
      0.06155071544833249,
      0.04958481520042546,
      0.07629504703028891,
      0.2690188256329109,
      0.23419640138691167,
      0.20331163914500497,
      0.2645752060082791,
      0.0015925948259742138,
      0.20773157419118757,
      0.23100922020784145,
      0.24402358286618447,
      0.19555247488881952,
      0.25654937500102887,
      0.22285571569317178,
      0.18189907277616812,
      0.22724093555161745,
      0.059916031050318584,
      0.18130641516511017,
      0.28089569247926904,
      0.07973289742603361,
      0.09327851218912309,
      0.27976677746871714,
      0.20151568926981836,
      0.00102930715556393,
      0.2929628521797809,
      0.18275248519331122,
      0.21034847623715455,
      0.2867168542316096,
      0.06637715817705016,
      0.09546183156139793,
      0.2294141479237417,
      0.23215445338111013,
      0.11721339706371967,
      0.28905721252988564,
      0.26751655313181044,
      0.007219209814456639,
      0.2845999618077361,
      0.2817554812550038,
      0.082055919986194,
      0.13181427281868913,
      8.85120008499607E-5,
      0.11585756130523446,
      0.15131340211756886,
      0.16394678741667906,
      0.19483677168394228,
      0.1955821123824138,
      0.04772454913751752,
      0.2408231140344276,
      0.007713156957639322,
      0.2256206898254054,
      0.13686507114070476,
      0.1420098489635771,
      0.1199742500778336,
      0.06094383295703465,
      0.055082872884861335,
      0.10460900269355937,
      0.09423392247053826,
      0.24043092322907939,
      0.013734296948312585,
      0.04091393217260851,
      0.29538987651482557,
      0.26077947816214153,
      0.16574618861193038,
      0.2630758798483788,
      0.12080785422051749,
      0.16066986950404363,
      0.09016889832452114,
      0.2830209133398914,
      0.07822087509324528,
      0.09372641815232997,
      0.24973388590747406,
      0.08437284587763168,
      0.1710671974613376,
      0.1604677352968713,
      0.19145734049822002,
      0.0777718409511965,
      2.1008403677531538E-4,
      0.0020936119497102943,
      0.03152793124807635,
      0.16489941249768209,
      0.2907979570572354,
      0.18033323172819138,
      0.2695575258086425,
      0.0843847283905052,
      0.15147122077754221,
      0.181751070380797,
      0.0873851821483083,
      0.11264648077466533,
      0.25661692001883357,
      0.053347782250932126,
      0.1604302366082877,
      0.21553863631361142,
      0.0689354195353692,
      0.1405934690915482,
      0.08716744196347388,
      0.019940627130034305,
      0.11123205123142045,
      0.015510903938697017,
      0.10105763802395551,
      0.17706120915851223,
      0.26765967456954365,
      0.16142949293525743,
      0.2988353692264061,
      0.09940338407902391,
      0.05219376855627672,
      0.080129984648123,
      0.09149110964586814,
      0.25585271091791,
      0.049232287292368844,
      0.11892242264788909,
      0.27623011016331683,
      0.16477195995740476,
      0.17603116834154944,
      0.03125830963545155,
      0.24076327328324876,
      0.23303042239639196,
      0.2839528904542851,
      0.032276305157616425,
      0.1527334552354407,
      0.1530039732803254,
      0.004848305380597895,
      0.06511528703443867,
      0.2673985432762932,
      0.2787185289726117,
      0.1774742577962307,
      0.06235102340426802,
      0.22715837092491326,
      0.04138307699701825,
      0.12496736780496655,
      0.023775447384460625,
      0.011285811093926979,
      0.048980583151265945,
      0.08857614050462657,
      0.17680745240075899,
      0.20527830742338585,
      0.11647518122419577,
      0.05541120442004769,
      0.056982449812561564,
      0.24598380704242281,
      0.14664594955882854,
      0.292158837797365,
      0.2352267038325535,
      0.21807742544207964,
      0.16825524553557503,
      0.14529623025136537,
      0.1635708654139866,
      0.26762524193292125,
      0.15174143798915748,
      0.2765445905154315,
      0.15212094537930254,
      0.22407773624371147,
      0.07807387444961812,
      0.0628758381588061,
      0.08232462741532472,
      0.13459063286731923,
      0.22811308180127884,
      0.2956538797461033,
      0.17643870569575987,
      0.20982858268543428,
      0.0734150309988394,
      0.11440850862510617,
      0.16379652113097812,
      0.262470239898466,
      0.05028992485939342,
      0.27423400552255445,
      0.05505514616689285,
      0.17797129669034628,
      0.053965385470143755,
      0.27248281731989,
      0.2717345483835422,
      0.20639349996928447,
      0.09062288530332677,
      0.04353221542337708,
      0.11204396257527485,
      0.22776572295627345,
      0.13058705389450712,
      0.2864999224076672,
      0.25718828471402866,
      0.22658817625310207,
      0.00216947622876118,
      0.28424358411140843,
      0.18958466120720985,
      0.1910754934172649,
      0.1055335636767408,
      0.03143923204642517,
      0.20089508451919186,
      0.15257558625759282,
