{
  "horizon": 720,
  "granularity": 1,
  "priceSchema": [
    0.198,
    0.198,
    0.198,
    0.198,
    0.225,
    0.225,
    0.249,
    0.849,
    0.849,
    0.225,
    0.225,
    0.198
  ],
  "agents": {"h1": {
    "neighbors": [],
    "backgroundLoad": [
      0.1447023658028381,
      0.2892193169756102,
      0.12183172072610657,
      0.0491639434214839,
      0.27053930452279146,
      0.2783357727995025,
      0.28328763719599515,
      0.0760105147806774,
      0.017895267053262963,
      0.2715365743994792,
      0.27148109674440135,
      0.047543048733094374,
      0.121991542327579,
      0.1649198180580069,
      0.006320574150243119,
      0.032826184492982045,
      0.1708928660606104,
      0.05157925586533516,
      0.028146133803319026,
      0.23620690495626193,
      0.11502262544249679,
      0.20296390429763944,
      0.03809964695140304,
      0.028259992741546013,
      0.2518875147728389,
      0.1274246886228299,
      0.28889797750881013,
      0.12875166591736342,
      0.11275423738596685,
      0.027948224722587244,
      0.04128237550932503,
      0.044716447393513714,
      0.15604530338825592,
      0.09343470894800796,
      0.021086243823686922,
      0.20094021707912965,
      0.12838874362423522,
      0.13704089093415317,
      0.07515034415783231,
      0.19308465045038317,
      0.23089958648941186,
      0.1091402372520133,
      0.07207824796640172,
      0.21715196873860174,
      0.2609023344534331,
      0.26281126905867486,
      0.22499444441327612,
      0.03692093552482294,
      0.12838782830685594,
      0.14811922280278422,
      0.28265235677293876,
      0.20282407842933856,
      0.18789877133602473,
      0.12038711692387229,
      0.11644730405151683,
      0.016006477698956332,
      0.2957294214815096,
      0.042617304032541055,
      0.16941833333227718,
      0.2869539042100936,
      0.20042589170451944,
      0.23179389308628878,
      0.09342847686877835,
      0.03274253978805692,
      0.2033159842930903,
      0.27306551893850783,
      0.11772004713038625,
      0.20729653501303055,
      0.09179265958343197,
      0.017843160784309753,
      0.2014024860690494,
      0.05724560792601638,
      0.08816718666281027,
      0.18961708067908345,
      0.22440528604124904,
      0.27572140437067316,
      0.2464818274351177,
      0.018705155361628666,
      0.016773181196155052,
      0.19358368446509355,
      0.05747239244904164,
      0.28554215626087265,
      0.16787079773168803,
      0.07715515579707496,
      0.07285221153553244,
      0.23122436898613738,
      0.10486071375002669,
      0.14337497414841868,
      0.09556366980638717,
      0.17660818970300887,
      0.042926629955419,
      0.25161042482320434,
      0.22493997117672493,
      0.18467312972036096,
      0.23221523937188873,
      0.2835139033474442,
      0.13761507837456227,
      0.008651561775765025,
      0.031335469342962004,
      0.027623827508054755,
      0.2533609743655306,
      0.20278377955051677,
      0.22977200200358658,
      0.19706260525636085,
      0.19243058905263075,
      0.07169732837394617,
      0.23648636317147126,
      0.289719252815426,
      0.07188268547061845,
      0.15128587908462635,
      0.0771028960066283,
      0.19434138535878762,
      7.644800949846764E-4,
      0.07048052030112678,
      0.15705834229411428,
      0.23261634180302657,
      0.12258395109948,
      0.0548971897163428,
      0.1811444924855544,
      0.27220420334148016,
      0.16788957817557892,
      0.10790408816074014,
      0.2373017559911108,
      0.006803247009548019,
      0.021328596896445704,
      0.21005495287583648,
      0.216884595687145,
      0.08993537712955327,
      0.24450583579458882,
      0.24282902433455356,
      0.11759478307296496,
      0.08657986529778956,
      0.2293802471806768,
      0.2853791132233627,
      0.15548371308151118,
      0.059063650636279295,
      0.28951102421824226,
      0.1541412982349751,
      0.056808515786648715,
      0.040544885996504056,
      0.14759779467907982,
      0.053494924274545,
      0.07044999822985447,
      0.14215183495602415,
      0.13337634124182796,
      0.08343643202956137,
      0.29576220359980154,
      0.041422533175231646,
      0.2657525627682325,
      0.06785446022278963,
      0.052756954179413805,
      0.17177312739903386,
      0.1823833600437938,
      0.05796821118934827,
      0.1239143794191775,
      0.2980080024018603,
      0.035553313794169684,
      0.2364357192756084,
      0.0817262800382304,
      0.17399648393265563,
      0.14802597892772842,
      0.28549037286393336,
      0.29979249077147946,
      0.24326772662797078,
      0.09711622099958386,
      0.2775372322783598,
      0.2354147975754449,
      0.25077333191564716,
      0.0011212468207472237,
      0.06539643253909304,
      0.14419335787662693,
      0.03252001787078307,
      0.11809590909029728,
      0.007858875818545706,
      0.0295437916831476,
      0.1491073430663801,
      0.004793254184206474,
      0.030478710570285603,
      0.18024407504736462,
      0.18416888844695856,
      0.06662606251998132,
      0.18586596708975303,
      0.038093711390877194,
      0.07208944049975186,
      0.1559384807278509,
      0.2121380953112987,
      0.006599664951038598,
      0.21179983906138944,
      0.05181160823390837,
      0.2681510896922888,
      0.006014277339754459,
      4.911261732556627E-4,
      0.12950016511756954,
      0.01175448991001229,
      0.20117068523314202,
      0.2838587687254504,
      0.23939466947818175,
      0.044269380029185,
      0.024127417764804537,
      0.21439736178081265,
      0.24431206135509853,
      0.2386706051796168,
      0.1470970515759104,
      0.09637589822475852,
      0.159525556232745,
      0.2408516462710024,
      0.043915483265419976,
      0.027148334561062915,
      0.10459799042762696,
      0.08770018680142126,
      0.17200954540806118,
      0.04369951858561739,
      0.11829836695906154,
      0.002743463613180064,
      0.1637414710095729,
      0.029026579307354725,
      0.22578229867621952,
      0.29747816952390865,
      0.01028325811556704,
      0.28132182407980827,
      0.20985218584784052,
      0.23708713808084766,
      0.1885010987243797,
      0.06744797283227934,
      0.28076186179147505,
      0.09125197098194517,
      0.17376848560823546,
      0.021968275376182955,
      0.038643297474552585,
      0.0849342465371745,
      0.01096919447582273,
      0.130059029870574,
      0.10170547093936366,
      0.14724782619673896,
      0.05743430279672139,
      0.079322531402757,
      0.2775146399217248,
      0.21817572605864907,
      0.18610997334019574,
      0.28639599169133706,
      0.09484206072113704,
      0.21137052953596838,
      0.25934665831930487,
      0.255942459463407,
      0.03664350542332124,
      0.26538450646865913,
      0.206180829908608,
      0.21556067453111546,
      0.0824707788518841,
      0.27605943465024085,
      0.23778157652566587,
      0.20357433643782805,
      0.19075365417906606,
      0.12115627648435312,
      0.17152328433413522,
      0.17581937348566568,
      0.2282644678439804,
      0.14072182713225934,
      0.0871577226446326,
      0.08824865572807473,
      0.20915590389353403,
      0.18441386737796625,
      0.25919293737256427,
      0.24577742603326871,
      0.09189657658444626,
      0.058167127061208024,
      0.016769415999349346,
      0.23892917755826593,
      0.2414230885220259,
      0.25253143142437845,
      0.29512539692244416,
      0.2176968834948399,
      0.04976111078776572,
      0.1811773730946805,
      0.062258762068738066,
      0.12207939736692999,
      0.03323823454972556,
      0.019756574571670203,
      0.18745393944042196,
      0.29909476615421066,
      0.12454733117722312,
      0.22342075351527516,
      0.11475517548677588,
      0.04099396454632318,
      0.0727170717807214,
      0.11210776091659265,
      0.26771439187429924,
