{
  "horizon": 720,
  "granularity": 1,
  "priceSchema": [
    0.198,
    0.198,
    0.198,
    0.198,
    0.225,
    0.225,
    0.249,
    0.849,
    0.849,
    0.225,
    0.225,
    0.198
  ],
  "agents": {"h1": {
    "neighbors": [],
    "backgroundLoad": [
      0.239535462541348,
      0.2181059645653748,
      0.21508694834328682,
      0.08163845000147783,
      0.10060520143262955,
      0.26193297952504624,
      0.17561504916667797,
      0.0188978445587057,
      0.28233307141195735,
      0.021893654411199837,
      0.2751575280924524,
      0.06969411035730903,
      0.06245012880131133,
      0.1511766000963042,
      0.14308572859473298,
      0.23347670188549682,
      0.28339138498330557,
      0.10893130705567296,
      0.1056653486609459,
      0.15490881104396326,
      0.2633565894370268,
      0.11114595010744477,
      0.14840505352726513,
      0.27249844618583297,
      0.1880545879016859,
      0.09043703447688242,
      0.16967245774131656,
      0.09822531300224066,
      0.060497398367583395,
      0.23840572323909523,
      0.12719794322606903,
      0.12651116411389624,
      0.21609860003790132,
      0.1397277004078028,
      0.1992251094939719,
      0.03634948714163248,
      0.19116106441923358,
      7.817386568195972E-4,
      0.22753633294362585,
      0.03541641060809939,
      0.26710577225663384,
      0.21589981034708808,
      0.163370207307322,
      0.0034880006618165037,
      0.05233738089083468,
      0.2621304397928894,
      0.18300705519568022,
      0.1713020495920128,
      0.006723440503362266,
      0.14922354314794725,
      0.2084933901061513,
      0.01587209708943006,
      0.0673742607198195,
      0.12874329749947527,
      0.010841291952016241,
      0.13411709830953028,
      0.1609847895737851,
      0.13372968542080552,
      0.1814893196280091,
      0.08859924078764782,
      0.2561306844955009,
      0.29900361298806427,
      0.1172385111594303,
      0.05907629556633057,
      0.031230227587822144,
      0.07827029691545766,
      0.2634231592433885,
      0.23537295221274704,
      0.2848196606616668,
      0.22425626263282913,
      0.12253453517965095,
      0.03531414816751233,
      0.1026634156148954,
      0.04093263967275237,
      0.19700312907310308,
      0.2667657962532699,
      0.16869172494254037,
      0.13515222884210815,
      0.2868043846929392,
      0.16772965535602344,
      0.03053970166908023,
      0.1151007451633521,
      0.03979977181949302,
      0.1377318495881645,
      0.14288260004228448,
      0.24586178258427127,
      0.014323229192295117,
      0.11936317907644783,
      0.10472628933098839,
      0.24851516097721738,
      0.2942229314377644,
      0.29834116889544093,
      0.24420448769565078,
      0.20723738217490792,
      0.034768355159707894,
      0.01812083956721545,
      0.17461801260850743,
      0.25135151546227796,
      0.2840218085235905,
      0.23265983858296607,
      0.06531378947369604,
      0.24029973729899312,
      0.20527240972023636,
      0.28824092581083893,
      0.17020474673526867,
      0.02759897626305494,
      0.2093608355065345,
      0.08868936536688322,
      0.15947629571133232,
      0.005582816810395086,
      0.027566595314882557,
      0.2500442539797279,
      0.053692118669977036,
      0.1172996384071945,
      0.1319969760016419,
      0.19365846332278794,
      0.14540194913916568,
      0.25482799979648263,
      0.22995051525148924,
      0.02286689178481085,
      0.004394967141821404,
      0.23750695270864614,
      0.18816705235538558,
      0.10284832377336886,
      0.17719141307983502,
      0.1832609656165979,
      0.159313868468185,
      0.2328750057102278,
      0.01091043260344583,
      0.06502041815612222,
      0.18150275196862561,
      0.19431422424338293,
      0.1376693248018702,
      0.09083970855798107,
      0.23636715435733532,
      0.11884309950470819,
      0.047969011579857446,
      0.22572863420625458,
      0.28839165386771387,
      0.05228026842402328,
      0.07310997621961368,
      0.2990228851539995,
      0.043061235266618245,
      0.18094408395376313,
      0.20182540902644827,
      0.08916812537327319,
      0.17816004602902072,
      0.06932271452080449,
      0.24489222068356423,
      0.2402460983986503,
      0.19607516948561762,
      0.09802746498045747,
      0.047014440388928304,
      0.2002151261965696,
      0.23096280633054667,
      0.144015862625034,
      0.14628234384515384,
      0.16266985824851418,
      0.09678011265571548,
      0.1882381786148132,
      0.11610270523110942,
      0.2116187040961956,
      0.0060589445412312145,
      0.2362353551498654,
      0.023518047138550092,
      0.08010138309218731,
      0.2979781262714307,
      0.17881513842495886,
      0.17331318860584466,
      0.2548357014647008,
      0.20067617244181954,
      0.186077432041495,
      0.2940111588401228,
      0.1174577179619406,
      0.1900978592591353,
      0.12103835754429318,
      0.17552949055745823,
      0.012821818988899225,
      0.14695190256817933,
      0.1798191550779948,
      0.10349971418093244,
      0.040660827684474175,
      0.08437896725728392,
      0.2204012882213143,
      0.0348829910308276,
      0.1931441645314663,
      0.10188218437137987,
      0.15767519423471996,
      0.23898041351606752,
      0.185422975111801,
      0.19959882907605545,
      0.17233942320105203,
      0.08981541811011176,
      0.047899325600102724,
      0.07468785278394208,
      0.1465030553400993,
      0.017764639128459925,
      0.2522260027248178,
      0.19314675258709066,
      0.01856606678678183,
      0.14748301457416807,
      0.2220636001633541,
      0.08321862268976646,
      0.29905184413909963,
      0.19078834469216807,
      0.04433735202812694,
      0.27927454319792944,
      0.1597708177242419,
      0.02482385578277366,
      0.028715978401783093,
      0.26304067609922516,
      0.24960810617111345,
      0.09099384143361784,
      0.015063340771238887,
      0.2741972555344639,
      0.040404938268343495,
      0.23196083103613951,
      0.2557963698550645,
      0.09174786494626215,
      0.1018861093132792,
      0.2476270732100034,
      0.024885358736845952,
      0.2133383371349496,
      0.28896657171784856,
      0.22472308577431616,
      0.09901283815101113,
      0.09117511154728809,
      0.15958204352024205,
      0.2650762779280229,
      0.044571007516631476,
      0.24583999514553245,
      0.22448942311221282,
      0.2024944066374904,
      0.2997569820797011,
      0.2668429453580578,
      0.2896817491195084,
      0.24245236439565881,
      0.21883288450763855,
      0.2616730928914809,
      0.20407669821977464,
      0.15726026673259844,
      0.04859113171208792,
      0.27567457223526115,
      0.2328723236403142,
      0.20376117684695408,
      0.07044019338480674,
      0.19112795360345824,
      0.030735111895682662,
      0.27412049004454087,
      0.2562404434711762,
      0.25139550418312057,
      0.08591250783263345,
      0.08585522515681279,
      0.24803326713274038,
      0.2010673601084421,
      0.18559635481916537,
      0.12117092800120072,
      0.12236124284326118,
      0.12732376944745974,
      0.15334149392633814,
      0.29238435367312826,
      0.07531790248122569,
      0.24002140596062063,
      0.052804351797633466,
      0.006637894090790152,
      0.04887580378920314,
      0.2984973638948564,
      0.07537216679151504,
      0.029290022434590855,
      0.2645172892003189,
      0.12458395905689582,
      0.17283660549317983,
      0.14288687680613205,
      0.09174517928725699,
      0.228406329116618,
      0.24576161319813591,
      0.04947289442092432,
      0.06963672761767048,
      0.20913665705467618,
      0.1824777140199592,
      0.02122872064584261,
      0.09685232619783109,
      0.15238428360981332,
      0.06834349008182045,
      0.1401924266074813,
      0.29406336660980925,
      0.04312717364834046,
      0.13659311983805833,
