{
  "horizon": 720,
  "granularity": 1,
  "priceSchema": [
    0.198,
    0.198,
    0.198,
    0.198,
    0.225,
    0.225,
    0.249,
    0.849,
    0.849,
    0.225,
    0.225,
    0.198
  ],
  "agents": {"h1": {
    "neighbors": [],
    "backgroundLoad": [
      0.050426169113702124,
      0.048817484574492066,
      0.22593543259612914,
      0.19316818163594518,
      0.1368298920485493,
      0.26190338851168043,
      0.29874272524198986,
      0.25781575394718154,
      0.13505336827061312,
      0.08522513704609544,
      0.13056892025120526,
      0.20775459219988562,
      0.07637479689494447,
      0.26869942272645353,
      0.28184628656100696,
      0.2045630402167827,
      0.1715458587266183,
      0.2552817450954077,
      0.17315581156635654,
      0.05250986426789712,
      0.002957127180611163,
      0.11946897448791807,
      0.04109069577699402,
      0.10064333786445263,
      0.08012831083540237,
      0.23656183025786282,
      0.0860052754621588,
      0.252074176800988,
      0.004161146999198928,
      0.1637473868166955,
      0.12966513310056174,
      0.25387636834108046,
      0.051152274466255164,
      0.003992512110473701,
      0.06335862614149308,
      0.18941841185221314,
      0.2360268675506287,
      0.13397801755720798,
      0.09508256738547587,
      0.046613733342901954,
      0.24682511658319897,
      0.003621064182128253,
      0.1860937241493275,
      0.22520320593232224,
      0.018672178499741943,
      0.13433596038635706,
      0.14463853888166484,
      0.11562554154017372,
      0.10395990186148406,
      0.24317331806492887,
      0.23368319248566735,
      0.27665576768105177,
      0.021830991583738277,
      0.07978929316167939,
      0.042455445135105165,
      0.1351531212366892,
      0.21354615981930034,
      0.09149473670719908,
      0.2197917767561797,
      0.09901742716492402,
      0.05426462170438318,
      0.06435868734929394,
      0.2618089552894027,
      0.028982070068791818,
      0.161316085239235,
      0.2648783261202966,
      0.032752891421652726,
      0.041417253288516975,
      0.12994411068137723,
      0.03771076874400423,
      0.05168109577937844,
      0.27983502041002783,
      0.15846557131469458,
      0.1502933838967461,
      0.10443658350647234,
      0.26139856452775817,
      0.223784310397857,
      0.26233340306463987,
      0.07208701594256962,
      0.2705085865399739,
      0.19217533941715606,
      0.03381558880855938,
      0.2534644317913088,
      0.1001415850864711,
      0.11182547958892161,
      0.12162539783145038,
      0.18074091427048214,
      0.053296539119731125,
      0.188171553211035,
      0.25066425498587985,
      0.2810468907223881,
      0.2967098896470775,
      0.17327467613942668,
      0.01725448117225493,
      0.03223155340856256,
      0.265879331595695,
      0.22527731022023856,
      0.27383257002700645,
      0.1186873885811782,
      0.14809865356345994,
      0.22802276830917334,
      0.01287858486121476,
      0.05876144894085102,
      0.24454126794892275,
      0.07479465149409505,
      0.06722801609332228,
      0.02286131990115322,
      0.23105358015695002,
      0.22704032869934349,
      0.10215142796903162,
      0.09088041670898143,
      0.0637427996121085,
      0.27770931017489475,
      0.11885605636169194,
      0.15158235600608294,
      0.07148468485395526,
      0.24213789571150232,
      0.12065273430028849,
      0.008619418839831661,
      0.12805328028754456,
      0.0812010595757452,
      0.09614452431167476,
      0.02657892851185619,
      0.0888550165018333,
      0.24685775577965166,
      0.03979177609179178,
      0.24133441284838247,
      0.17797504300616526,
      0.1562252368474971,
      0.08930102954491215,
      0.06475460470481405,
      0.2624676598985739,
      0.1835670825712982,
      0.05635582455657004,
      0.17528439325016446,
      0.06306860325854195,
      0.060358450095693315,
      0.29404689314602234,
      0.23621851558287763,
      0.03585420972124035,
      0.15000402798138612,
      0.2638783489078103,
      0.20241944470203235,
      0.2221268364770019,
      0.05657577377710975,
      0.05839070739134256,
      0.2691744834946811,
      0.2551986708148526,
      0.26319429993620264,
      0.052577697361443305,
      0.19781506362301565,
      0.0053433866268010055,
      0.2744709740017649,
      0.07854897521306682,
      0.2880290203281775,
      0.2861987799624331,
      0.21777904054774294,
      0.0994913733493119,
      0.28712981299723145,
      0.18134725186836484,
      0.23302520984060626,
      0.1215950246547077,
      0.1629306048188706,
      0.09987614421085848,
      0.16454656939081935,
      0.12343440069004735,
      0.1637903510596633,
      0.2266567630423959,
      0.1300807730289591,
      0.001440339106220645,
      0.11244819513002446,
      0.09678914917200766,
      0.06503567659031594,
      0.10340794177540437,
      0.2698239501385943,
      0.017366106318256858,
      0.09423076755625394,
      0.13580008197828294,
      0.0742127277081546,
      0.261892469580311,
      0.16358935966149826,
      0.0359982830482788,
      0.2710343764297612,
      0.27283155384950175,
      0.07895946942800436,
      6.133240622502867E-4,
      0.05487174230158615,
      0.25311398757684767,
      0.22329967216338942,
      0.2506236536718431,
      0.02594169687072424,
      0.14564688594391265,
      0.17009425907074874,
      0.2199973349635248,
      0.13847697680475218,
      0.2012091967667881,
      0.005652182342571332,
      0.08535557413267812,
      0.24162326830980807,
      0.16282239885552266,
      0.22109769474344115,
      0.08813039135706237,
      0.19673972196999356,
      0.036514928726805826,
      0.294474656527146,
      0.10800527685911127,
      0.15340127714099147,
      0.13199842979463344,
      0.26135306125251806,
      0.1683047456923462,
      0.2083580633443037,
      0.03215589159071651,
      0.13936904919864013,
      0.27840223758292226,
      0.00593322766925185,
      0.2766256944768238,
      0.09839768069169548,
      0.2104601520332412,
      7.824198488621037E-4,
      0.23996733845551413,
      0.2446189959060446,
      0.178327991362592,
      0.06010810253481856,
      0.027324817378739107,
      0.18564312335570746,
      0.1687261246349985,
      0.03200073532910997,
      0.2988773811959752,
      0.05165412965629946,
      0.26026552554147586,
      0.17699901670399218,
      0.030721740981185464,
      0.0829348041920181,
      0.14318909055012027,
      0.13977976260270214,
      0.188931667001808,
      0.056176448093911625,
      0.18249737053124945,
      0.15732462937080913,
      0.29992156306509954,
      0.11318255672240274,
      0.177922547842372,
      0.13046607114743555,
      0.2085546948292802,
      0.2714531471850473,
      0.13367643902913937,
      0.20202843937494758,
      0.2192062669608997,
      0.05035084340076344,
      0.036714353636909634,
      0.04775933831486072,
      0.09882964294232362,
      0.030756034313903866,
      0.2313644038235187,
      0.20868269375505472,
      0.012906406828802364,
      0.2925884088473977,
      0.17554553491601974,
      0.15358145055843114,
      0.05905395476378128,
      0.1241554176360374,
      0.01716194877378798,
      0.20132792561547216,
      0.13562130512746282,
      0.24487779023313358,
      0.2505098527445706,
      0.19193051513557688,
      0.2858927859034668,
      0.03223093464062044,
      0.08422653548112392,
      0.2934181488116843,
      0.0053230572305431045,
      0.24267698158996362,
      0.23882689715596267,
      0.2863124095459249,
      0.0951393077647345,
      0.09808503589677205,
      0.29992025515118154,
      0.1584486008183256,
      0.13011210895592012,
      0.27574427843191857,
      0.15521980431530644,
      0.2039612786138091,
      0.09284947367261925,
      0.0846924679502435,
      0.23657344772242553,
      0.18767292485374498,
      0.22480012948216052,
