{
  "horizon": 720,
  "granularity": 1,
  "priceSchema": [
    0.198,
    0.198,
    0.198,
    0.198,
    0.225,
    0.225,
    0.249,
    0.849,
    0.849,
    0.225,
    0.225,
    0.198
  ],
  "agents": {"h1": {
    "neighbors": [],
    "backgroundLoad": [
      0.25559099071394425,
      0.048032432044062975,
      0.08782202238517291,
      0.16823259121493442,
      0.21660252263863242,
      0.28454275035217,
      0.043923046240004635,
      0.035021215237363144,
      0.16091328653954368,
      0.2980061677477683,
      0.24239903963707643,
      0.23623866435591614,
      0.2832507242504873,
      0.04189190525027909,
      0.1862581459665461,
      0.06903965972532451,
      0.20736208838551423,
      0.28025029889851516,
      0.08269503531461744,
      0.03308764584675291,
      0.26279109588647726,
      0.07517120991977398,
      0.16806753341976421,
      0.08842589307818449,
      0.1037979618792241,
      0.11159520531429167,
      0.053348617523882265,
      0.12153910321542004,
      0.09874540184589597,
      0.13400917147657299,
      0.26535180142354203,
      0.006425859281089374,
      0.1133810079332098,
      0.19942433516135927,
      0.29365638593433924,
      0.29340230349853735,
      0.2648282129306644,
      0.20321396427483981,
      0.23905967533232023,
      0.23870187833544637,
      0.17676225284038832,
      0.2060475858612959,
      0.0645842743749082,
      0.014892871099290871,
      0.24913724755546335,
      0.11245291788350945,
      0.0305540719446855,
      0.2689858321451187,
      0.292969256091901,
      0.17888231076345876,
      0.29851094949069323,
      0.09378753907223576,
      0.11758758072720973,
      0.13391288277796282,
      0.2611813885887251,
      0.20459709420576486,
      0.008285818372104469,
      0.2112100064612076,
      0.05183027200864516,
      0.1870567512565734,
      0.05636369782027301,
      0.1727348724899437,
      0.26989805522280697,
      0.18903354438242972,
      0.1626265692206988,
      0.050244607093497394,
      0.09600948831475307,
      0.23873477274501642,
      0.189314426783515,
      0.013098344284764274,
      0.21720005784843102,
      0.11787671237770717,
      0.08401287036474286,
      0.030102500492988748,
      0.029554818085191958,
      0.040164045084642115,
      0.2297447269854044,
      0.0850579754143882,
      0.1525252830686278,
      0.18466183974393396,
      0.012483887252153691,
      0.06429204442551023,
      0.23075177986816137,
      0.2493351986309909,
      0.04212425059177671,
      0.2986406922855085,
      0.28524900099476735,
      0.21481580284100113,
      0.12523191536045644,
      0.1984603113189287,
      0.09876894513018541,
      0.2899193090479412,
      0.147923197941909,
      0.29513519443539266,
      0.19345172375748093,
      0.09437660669053478,
      0.10767699724913204,
      0.1448175709208249,
      0.1547056273738215,
      0.12083476256094416,
      0.20775874816381446,
      0.24638838359597698,
      0.17075859635796395,
      0.18041284974088137,
      0.2921579130976026,
      0.1709723361234076,
      0.17223020188858126,
      0.2845536046562504,
      0.22207566928254563,
      0.04343829383231638,
      0.19672570983432186,
      0.044745932317798366,
      0.18937562126439114,
      0.1074591524691318,
      0.21626081209739637,
      0.12443710824861946,
      0.03965633835377343,
      0.19885653736767533,
      0.23782682709504674,
      0.19406353494652673,
      0.026799743583086708,
      0.046272051684134015,
      0.29476790425353394,
      0.08038079730264648,
      0.12527963491666522,
      0.22975088966006257,
      0.26163279477545015,
      0.2656441864395075,
      0.23333233790554692,
      0.05348222279786614,
      0.1124171335092181,
      0.16792564563565165,
      0.0845092199464481,
      0.05265207071358017,
      0.21823333261756953,
      0.09124234513900296,
      0.13781882771231427,
      0.2485502879645335,
      2.0018908531771463E-5,
      0.013257790046617646,
      0.09614532371250957,
      0.22723799788813465,
      1.1659567636093104E-4,
      0.10927129772919153,
      0.2226709148498516,
      0.07076695544552031,
      0.14720586698745947,
      0.10607572369345183,
      0.22172285683051088,
      0.06256844394591132,
      0.12708853406493734,
      0.214635859717042,
      0.09441801755281025,
      0.22878644653895902,
      0.22857358336498323,
      0.14012954723996165,
      0.20960559015253746,
      0.099423450317299,
      0.2468917008568791,
      0.11560432468127362,
      0.072874936194021,
      0.2982387340971621,
      0.11509914023894942,
      0.12196424916564116,
      0.19893512366208152,
      0.11450058623864967,
      0.018935990076020082,
      0.265962369023258,
      0.1348368394798384,
      0.0016966390591387603,
      0.28019518247005054,
      0.24229350319244036,
      0.05530881019273286,
      0.24074567721775264,
      0.1566194574519343,
      0.13060344759323392,
      0.07591261283697748,
      0.03275588144517907,
      0.22214905833289855,
      0.2135826111698395,
      0.009702661767805031,
      0.11225275422923071,
      0.21412652143409402,
      0.017757864171822624,
      0.10238061477431416,
      0.28321135818878657,
      0.20087912294256435,
      0.2660412677141765,
      0.24019986640883476,
      0.2545045845144243,
      0.20506439308768842,
      0.16996674262121367,
      0.21877282436266562,
      0.2608231057065534,
      0.25913273222399436,
      0.13479272072159323,
      0.004510427977412778,
      0.034964795051857456,
      0.15477555378362529,
      0.20786890692246907,
      0.07396582609672527,
      0.2778646831845132,
      0.20155188623362266,
      0.25937954351435694,
      0.08611497385302412,
      0.27591863923968774,
      0.2588856683207002,
      0.11481082850953112,
      0.11281002151585093,
      0.28976859121344606,
      0.17030664372236082,
      0.019138864706704516,
      0.2291297929814768,
      0.18956539348459733,
      0.14755482281960455,
      0.072455168020308,
      0.09855647188467544,
      0.2792814203234811,
      0.002187699054686176,
      0.2990517484758629,
      0.16355533198851918,
      0.06154929508001959,
      0.13726357480904625,
      0.06963057167309698,
      0.26341372014419606,
      0.22841993209049066,
      0.12452338988978479,
      0.24767086440225827,
      0.10585915526281699,
      0.28242014863877785,
      0.27160761564875263,
      0.21911949688281124,
      0.20104151792133979,
      0.033691121944402734,
      0.12289505092555653,
      0.034458433030654025,
      0.15393249193689923,
      0.1128833416854706,
      0.2558590291525368,
      0.1844025279624161,
      0.12521584393414203,
      0.2845356344059738,
      0.08666829999689456,
      0.2622805171142846,
      0.020230543022625534,
      0.20874156323963755,
      0.16665109055356866,
      0.085724737217123,
      0.26742959495058316,
      0.07391769767922786,
      0.01712532794242003,
      0.1001100034750736,
      0.25332023472332327,
      0.20469559316497288,
      0.032115388411974775,
      0.022517183240670303,
      0.21833492515935338,
      0.009146346282950612,
      0.06283592755129154,
      0.004822781889540162,
      0.11718025618724809,
      0.17302090897997371,
      0.2746378524916775,
      0.2676196890082186,
      0.21430619391631495,
      0.02588893351093079,
      0.27211773739919226,
      0.23195843900020396,
      0.015471034096572666,
      0.02653257788231822,
      0.13586282919519393,
      0.012749238691929676,
      0.29371956153909606,
      0.06401878506774314,
      0.10400972144083503,
      0.2672354876665347,
      0.08485098496127978,
      0.19070805124322524,
      0.20192657823700275,
      0.06846328341363923,
      0.22566810162297504,
      0.12457862229794113,
      0.13714928354683512,
      0.17445384449866433,
      0.2888267999813215,
      0.294768978847205,
      0.1118045966607595,
      0.05169769165805627,
