{
  "horizon": 720,
  "granularity": 1,
  "priceSchema": [
    0.198,
    0.198,
    0.198,
    0.198,
    0.225,
    0.225,
    0.249,
    0.849,
    0.849,
    0.225,
    0.225,
    0.198
  ],
  "agents": {"h1": {
    "neighbors": [],
    "backgroundLoad": [
      0.07572949038714703,
      0.15373659073889395,
      0.17658314164421188,
      0.07861375468295138,
      0.21423852493344475,
      0.24873463804649842,
      0.22243801310359726,
      0.09406922902385874,
      0.16945254435007,
      0.29359000204838,
      0.11307153100395684,
      0.26047860678274143,
      0.07812871351413685,
      0.06094374434209579,
      0.11779920622556277,
      0.1032611537018019,
      0.03217096788753567,
      0.08134724602935436,
      0.2892375469391935,
      0.12904593346845858,
      0.10074026414689878,
      0.03307115042441958,
      0.16483802325735208,
      0.12927829003988348,
      0.2909249387501299,
      0.11646646861701596,
      0.034951038620242354,
      0.10307880399009689,
      0.008355942309051966,
      0.05113812105478594,
      0.25176585139858815,
      0.27355888182905413,
      0.13639219052329973,
      0.2554333845623874,
      0.10194954099333102,
      0.24856580293595917,
      0.0913664922217713,
      0.00545926702344438,
      0.03822450851802887,
      0.14832298553810588,
      0.0044389184387753295,
      0.06583709913260051,
      0.28944619828319545,
      0.29929627305361406,
      0.24768771359771288,
      0.0817728589249921,
      0.23328353507170688,
      0.02416103872526367,
      0.1284478449707313,
      0.13296042836720062,
      0.18084463703419013,
      0.008501808326496973,
      0.21281672877897845,
      0.1191987329937101,
      0.03309442448350802,
      0.12003998357371157,
      0.04632692557483451,
      0.15568048875594168,
      0.0203017784936638,
      0.07632464990755312,
      0.19291124485094427,
      0.08456940610267882,
      0.047571665550648824,
      0.11229401372869982,
      0.09966571924272499,
      0.10261903145040513,
      0.29725404799280297,
      0.2718902497255355,
      0.25420233919213875,
      0.21044639369674203,
      0.16907840988804904,
      0.10454819810227307,
      0.02725158492597469,
      0.1257717446422446,
      0.1733864061741673,
      0.0943683680388327,
      0.1941133830872147,
      0.17676083263079723,
      0.037978427856448005,
      0.1694693121550068,
      0.24013049702805914,
      0.2604761473242524,
      0.1292458355838961,
      0.036703398000293826,
      0.012868494232528338,
      0.17797764386566953,
      0.0264189514415736,
      0.25049738777354585,
      0.09240255912250463,
      0.03164318991351891,
      0.17122272263723667,
      0.2907614315327289,
      0.2587611516375513,
      0.11892412583870181,
      0.19734800235604036,
      0.18092543186106533,
      0.2404086224261591,
      0.21952040394829309,
      0.24850693088808465,
      0.1639745281268755,
      0.245506958348857,
      0.04362574216712332,
      0.14618370563951474,
      0.07142431157194859,
      0.17401351074435467,
      0.05667675555974922,
      0.061916296756901065,
      0.23143957340548688,
      0.03389836975720084,
      0.11471202238268696,
      0.20115960565128918,
      0.14623836046402441,
      0.1763717912135471,
      0.23280881926389763,
      0.20518588602675364,
      0.05570715688344284,
      0.14835646209402853,
      0.2793071318911517,
      0.08579597450299904,
      0.004756362800710589,
      0.17207974383765212,
      0.015174756400263112,
      0.10972105425277622,
      0.19018796961355602,
      0.0659556179957905,
      0.15908042063717878,
      0.18639442474464346,
      0.01077389329951336,
      0.22160943734533728,
      0.291046625392676,
      0.10589566459325801,
      0.27640782788691026,
      0.23184687231147452,
      0.02209120560568558,
      0.022885773572534872,
      6.164063961297206E-4,
      0.16906512272165852,
      0.04345057764516967,
      0.14951237070660814,
      0.14538929091070346,
      0.12476576400470062,
      0.2215926139513337,
      0.2782415022756563,
      0.042531531449834625,
      0.20410632300162784,
      0.1932213087994762,
      0.25136832417523725,
      0.1858446964482566,
      0.2676260697447206,
      0.2952107733405467,
      0.10287042647159957,
      0.05093171069531542,
      0.03451352900774,
      0.26458026014790326,
      0.09475221313095779,
      0.19509796861593062,
      0.04060371906813794,
      0.2691440307956102,
      0.2013864638542253,
      0.1411145100850108,
      0.18233370902533846,
      0.22488079645723408,
      0.17450353727626156,
      0.01176737973834402,
      0.2913463539744971,
      0.1823494585818722,
      0.2715059773703852,
      0.1343941272443349,
      0.08916067219432934,
      0.03132471138908381,
      0.27147702611284463,
      0.2496982755151132,
      0.14735533106763377,
      0.10710629372337495,
      0.2848720530841787,
      0.06826194507573148,
      0.21293375936600606,
      0.28430696818419143,
      0.2465149744708463,
      0.22551983194156644,
      0.27642680376868745,
      0.12530401966147808,
      0.15607905391897223,
      0.11174699169724737,
      0.2543428243524691,
      0.09209510620238244,
      0.18057023052222534,
      0.001552868800519569,
      0.04972057965354408,
      0.14744980654614373,
      0.02499903143396237,
      0.02584369312261131,
      0.258358695102461,
      0.0732116836273925,
      0.05425598493792953,
      0.11972697584128442,
      0.10965436964128152,
      0.1871597428269998,
      0.17243701675356976,
      0.10450107715760759,
      0.282846157362797,
      0.01709284918050118,
      0.19930419306899597,
      0.263578261454405,
      0.10111120981394174,
      0.07160546547979471,
      0.15233266571292378,
      0.08535737247573606,
      0.24431825700526685,
      0.23339155022251146,
      0.13850328431535708,
      0.14899495402126323,
      0.17222496228233689,
      0.0816231852261888,
      0.094690085884245,
      0.18476203811809255,
      0.10290824635910192,
      0.12258624595531398,
      0.1829614827476599,
      0.006979883650454033,
      0.061679641979185906,
      0.28138364662584175,
      0.24112287953306974,
      0.2367404573144774,
      0.177532898225888,
      0.2700257607719189,
      0.23040541186931296,
      0.06822812118746925,
      0.2141483720205061,
      0.07638490086071906,
      0.02918963219269863,
      0.19649037855969267,
      0.13222823103141976,
      0.17278866168901105,
      0.07394964630142845,
      0.1231199365144651,
      0.08066698351720263,
      0.2830869198304468,
      0.0785140652682479,
      0.2729043704849822,
      0.1572086233924754,
      0.08684834325750873,
      0.012715743306460813,
      0.09013825243304181,
      0.09731691978554603,
      0.2420549926612045,
      0.2493550375241939,
      0.2823090138469099,
      0.24900727728090546,
      0.038735360367831574,
      0.08435879458508795,
      0.09687571929514943,
      0.11653092187883815,
      0.24884754028221237,
      0.1109533643232406,
      0.06706754854159176,
      0.14097470701160947,
      0.274883327506989,
      0.21344207170102966,
      0.06982450213410206,
      0.22153370003642828,
      0.07483257296195085,
      0.0713019477974459,
      0.23191890183132133,
      0.11421427172206518,
      0.06950793965471146,
      0.13438101741062947,
      0.2710462812987604,
      0.2968511505936949,
      0.24943545229570546,
      0.14630551149694312,
      0.05100438664971998,
      0.13932622914835321,
      0.2838917194168363,
      0.11220264665568398,
      0.11170198983741969,
      0.211145427912765,
      0.25927665293569335,
      0.06489220381619774,
      0.2086633237661378,
      0.2440122454804825,
      3.317849536553785E-4,
      0.14141697605915074,
      0.2185520863453086,
      0.007346447733162842,
      0.284620297296111,
      0.023230384422280013,
      0.0026126031191565425,
      0.28908341564546186,
