{
  "horizon": 720,
  "granularity": 1,
  "priceSchema": [
    0.198,
    0.198,
    0.198,
    0.198,
    0.225,
    0.225,
    0.249,
    0.849,
    0.849,
    0.225,
    0.225,
    0.198
  ],
  "agents": {"h1": {
    "neighbors": [],
    "backgroundLoad": [
      0.17629617691574526,
      0.27846534141100177,
      0.16233699593481443,
      0.19670881203362575,
      0.28889039578451303,
      0.23793403359013374,
      0.057299722368948834,
      0.13540022704266313,
      0.13250600150506797,
      0.08435369553833924,
      0.10573887066206247,
      0.24544416110929004,
      0.2607732630339902,
      0.013429981432371818,
      0.10703663459156457,
      0.0921511950853804,
      0.24496178741730912,
      0.18146470471820417,
      0.14327246646507172,
      0.06196453927240329,
      0.1524132891384043,
      0.17069880463276088,
      0.05434949924520931,
      0.05086016124431496,
      0.08185450983903353,
      0.2964784202688898,
      0.263932666732857,
      0.046612804277203844,
      0.15865267904166688,
      0.24245140069410837,
      0.24181148171264008,
      0.17961730989676397,
      0.2549167783603942,
      0.21475857340622032,
      0.2836389969463826,
      0.030701424938451148,
      0.03092975691804446,
      0.012873831914322963,
      0.22780337884501728,
      0.13255606097343903,
      0.19773184803471125,
      0.18301041211744098,
      0.21119323839271886,
      0.23666858313091466,
      0.10556815968882001,
      0.06921862273246861,
      0.2782803627224569,
      0.06912223034488425,
      0.01994967769643616,
      0.2556336942391566,
      0.09947959255153223,
      0.2433430607882737,
      0.13204132486079137,
      0.15072929838597293,
      0.15874787233037319,
      0.22420382035127434,
      0.23805805291884374,
      0.24572075598195003,
      0.08514861222725185,
      4.5939973417127297E-4,
      0.25307253157425025,
      0.05826351026838528,
      0.19765098892736302,
      0.2783110767927302,
      0.005324176895072396,
      0.14137381173199867,
      0.04801430887218326,
      0.2986472606011394,
      0.00880936171785659,
      0.04698264393059288,
      0.12833258048230398,
      0.1832007744908729,
      0.15862784417378054,
      0.13827142713938786,
      0.2911357357740751,
      0.16009319005795908,
      0.14476700268259837,
      0.0869983503715047,
      0.07278121445185888,
      0.20448598472467014,
      0.24283565056087864,
      0.2820758074217992,
      0.06986717593437104,
      0.294696890729689,
      0.20152865984100804,
      0.24409521636842751,
      0.2559885387052981,
      0.2668707842447662,
      0.2603519965411729,
      0.11702304315976528,
      0.13853166142626547,
      0.19839230125203522,
      0.0333611844243358,
      0.04179495642426471,
      0.2851885475564322,
      0.24285395151411543,
      0.07299265500689618,
      0.19477883397311638,
      0.22877291585024304,
      0.08936813706004831,
      0.09725221662512476,
      0.10060181011343189,
      0.07608203373687282,
      0.16464930235340988,
      0.17151772630474274,
      0.10557640540621437,
      0.19109939488128247,
      0.19304360254979835,
      0.04074963687442816,
      0.2737499440532735,
      0.2601933831483325,
      0.10394337489531619,
      0.017511599713028812,
      0.13344290659385155,
      0.12059290613609061,
      0.22572196328544697,
      0.10642412753546938,
      0.1846487587761308,
      0.1833310889862461,
      0.26746036781719557,
      0.2759137563802032,
      0.2573511854755658,
      0.18730506335703923,
      0.20935687489484917,
      0.21190984834220739,
      0.09330183057713645,
      0.2765482189398694,
      0.1514520953462454,
      0.2523928445071119,
      0.055077522516217434,
      0.015230284840116447,
      0.05181394918326732,
      0.011027447707209469,
      0.09618821471651241,
      0.06711756555911778,
      0.08979547449234428,
      0.010880593699650975,
      0.1375732142733571,
      0.02319691076164415,
      0.09800796123517104,
      0.1385899066329684,
      0.27716147248740847,
      0.24916182707173035,
      0.2418597288380702,
      0.21923583977875252,
      0.06757127605586549,
      0.0864865178340646,
      0.18871430431884179,
      0.11211227032571443,
      0.04225347313422073,
      0.06101655684363278,
      0.20823637537954295,
      0.1708205695047493,
      0.09031198706041778,
      0.06622082299711836,
      0.06980323265686653,
      0.060921601551113314,
      0.28656251414217343,
      0.28036611720397286,
      0.012038394466466984,
      0.06715673086846519,
      0.09047509606279987,
      0.25819049308256237,
      0.21453982807909525,
      0.21760323266369172,
      0.13861171296892616,
      0.20585123036284017,
      0.2240829138929878,
      0.07697391982820784,
      0.22521861815852998,
      0.12531431750830643,
      0.11159029332375392,
      0.08880742056419169,
      0.03537774442119227,
      0.2201020475883784,
      0.13610642824533434,
      0.10493399925880882,
      0.12297110763891912,
      0.24740768819086487,
      0.07501876646886475,
      0.18076037295397185,
      0.1958166236899489,
      0.2939278178988334,
      0.23063508667464522,
      0.21089266202433699,
      0.02896393154877328,
      0.2718052541034708,
      0.14198889238458823,
      0.2620033518940601,
      0.004634972430527317,
      0.15219409169225553,
      0.03682898522698549,
      0.25048955871351947,
      0.28963920498447493,
      0.22628148662939013,
      0.22394075262802013,
      0.06564526935924547,
      0.03494626593914056,
      0.22905383240698385,
      0.05660742799069426,
      0.23397175724453326,
      0.10569441812905925,
      0.21227356009777337,
      0.29445341437308503,
      0.1626444729280638,
      0.2153524729936754,
      0.0026172862589927013,
      0.07258085836120128,
      0.12876992483755406,
      0.09217895216536957,
      0.07848078694467593,
      0.06496712963764237,
      0.07342773648056415,
      0.1767768422605788,
      0.0018346530199969012,
      0.0852921731480564,
      0.05230792833514684,
      0.2739853923555112,
      0.1285723872356753,
      0.08985451028379111,
      0.27845172234070736,
      0.12512773630626312,
      0.15126650647063425,
      0.21684772455010018,
      0.11392483279728827,
      0.03738365436740556,
      0.21984382837575714,
      0.1906342286021405,
      0.13927910010355,
      0.24035997204708764,
      0.23695848923529234,
      0.214433386340822,
      0.1537611873688775,
      0.04230632086985909,
      0.12080158916276976,
      0.17559400298651706,
      0.177148792206805,
      0.2568969859304701,
      0.26122256488024653,
      0.28481309871738797,
      0.16871809580424332,
      0.06530665513349129,
      0.21455014920361745,
      0.08422245021931413,
      0.24032409652078332,
      0.26145790119900514,
      0.02654602075469531,
      0.11851097121851704,
      0.1868926467873535,
      0.012070196392449871,
      0.217260970624244,
      0.1726473990142572,
      0.028049847358774447,
      0.17490776648832837,
      0.08990986710716585,
      0.24894147710805478,
      0.0060878470369403635,
      0.01266691761786427,
      0.09851491276965453,
      0.15668848933754242,
      0.13969240280401593,
      0.20160033412360362,
      0.2940657309224466,
      0.08886367371246827,
      0.1630276411370738,
      0.07784912704882593,
      0.1065809166468602,
      0.1374876602612777,
      0.02524100207342209,
      0.0749850701222702,
      0.24350936184931815,
      0.16084678974396657,
      0.083984654296835,
      0.21398581948606832,
      0.22132248434085267,
      0.1689310040866486,
      0.1236905743875249,
      0.03218285122642165,
      0.06038818133957282,
      0.06575625409334153,
      0.11454137944050699,
      0.16552814346724218,
      0.14293142768007064,
      0.11023748095584325,
      0.08432848323279933,
      0.2591983211036132,
      0.2893456253571546,
      0.25362851754879323,
