{
  "horizon": 720,
  "granularity": 1,
  "priceSchema": [
    0.198,
    0.198,
    0.198,
    0.198,
    0.225,
    0.225,
    0.249,
    0.849,
    0.849,
    0.225,
    0.225,
    0.198
  ],
  "agents": {"h1": {
    "neighbors": [],
    "backgroundLoad": [
      0.2647237953800703,
      0.041307542718911336,
      0.06517323642715649,
      0.04042343045553285,
      0.24915001789415245,
      0.18765399639038263,
      0.25438294414640467,
      0.18519765331102508,
      0.04007528768735572,
      0.22393658266284291,
      0.23642970599717322,
      0.2880109575139985,
      0.19484507971409679,
      0.2033505507971559,
      0.031216390836656303,
      0.20568460606443612,
      0.09892059582461124,
      0.1332818965368644,
      0.23805541791628673,
      0.1484561749860463,
      0.030456209953193945,
      0.23847650995095132,
      0.15746814099647988,
      0.09596990256970342,
      0.1567721180205177,
      0.2650070529489348,
      0.2547896454204804,
      0.04402202541999147,
      0.2853901001911453,
      0.12774119784931512,
      0.06698775042501479,
      0.19335161084122027,
      0.1005041778993496,
      0.2587401695076453,
      0.26949043729501204,
      0.12233940918239,
      0.12447043318155714,
      0.186172623625726,
      0.23699332347742808,
      0.14333207036486262,
      0.09702833972115703,
      0.19456839971238327,
      0.2857279978092473,
      0.27443382032878505,
      0.0909293980181164,
      0.2696350289495904,
      0.23459647026297567,
      0.22832816399394687,
      0.24211744868948293,
      0.06719866892001086,
      0.21810051850374731,
      0.09430676703097914,
      0.2775828327216496,
      0.2732148198765698,
      0.28535974795229696,
      0.13121751492706843,
      0.1496660561474789,
      0.2689372560419548,
      0.19342468368776347,
      0.06732633732120205,
      8.861219132000441E-4,
      0.1111901086695881,
      0.22413998140817604,
      0.2158289898119959,
      0.2742751079331786,
      0.2242029135067715,
      0.27186339507519425,
      0.2102998711214593,
      0.21985994194506323,
      0.2523720925921746,
      0.045422671275912964,
      0.09534003722909963,
      0.11402801088659474,
      0.11728325700242863,
      0.14737826339509777,
      0.10233280984817718,
      0.12007911214212004,
      0.1770553229041285,
      0.202424523814472,
      0.1868823098346517,
      0.1840881526549308,
      0.06619817810412194,
      0.15529909800917766,
      0.26210269249777557,
      0.021396869565766974,
      0.014230010970230023,
      0.05270475693488019,
      0.03368194434369324,
      0.1536896693797462,
      0.21134886789441806,
      0.21308897162600082,
      0.26512511052782434,
      0.07237794195939298,
      0.24698170020859073,
      0.05799587307289369,
      0.12558910666321704,
      0.18423405637570198,
      0.28569502985510026,
      0.2723458568814742,
      0.16919059134794487,
      0.1959316582627236,
      0.15166210057158194,
      0.128953399671415,
      0.2153014833450616,
      0.2311535285826655,
      0.08094915385070485,
      0.24172185844962826,
      0.0416634332172085,
      0.015548507994973858,
      0.024436817527982557,
      0.2953849618215761,
      0.1989504201158137,
      0.2387848835848628,
      0.006181834127745067,
      0.01674082006537073,
      0.2062703911248632,
      0.05908256556139785,
      0.1301752195330989,
      0.05385298651204756,
      0.1657056175059189,
      0.2813854045195629,
      0.22734264805038068,
      0.10615301323878788,
      0.009809653092950465,
      0.05953115604369508,
      0.11851530864032134,
      0.2229563998474687,
      0.1415816485888069,
      0.1950127752017983,
      0.23838496129099995,
      0.0389736767202808,
      0.16157664594262414,
      0.14780964518666745,
      0.15746823866744417,
      2.7487511135257934E-4,
      0.051019011696389595,
      0.06699268631843171,
      0.2267130327158283,
      0.25478451171760486,
      0.02173483075253646,
      0.06985183737317881,
      0.04451375006557,
      0.2835559347614827,
      0.135055292222924,
      0.2705772107340065,
      0.18139706474465014,
      0.19621502256918963,
      0.17736084277699407,
      0.11504602783845364,
      0.17646456435404784,
      0.005056244497773576,
      0.0352114535148464,
      0.24657999018846596,
      0.1274625729471835,
      0.117960599609088,
      0.02329631887123249,
      0.18631977409542555,
      0.130694584393164,
      0.2434428578990389,
      0.20429566319810147,
      0.10697415814608237,
      0.09916175394931186,
      0.1050192374133471,
      0.2679382369818792,
      0.018968862177730604,
      0.2015439554197558,
      0.039730438298767136,
      0.27686902001147873,
      0.008627755409658355,
      0.24439313097615123,
      0.08120276614707604,
      0.09940776376052878,
      0.25465329237429607,
      0.043062400464456196,
      0.06452406968508638,
      0.1674041591098859,
      0.14853286781426295,
      0.1150716886810191,
      0.23503189448378897,
      0.2734527667505532,
      0.1324203758380554,
      0.18623976118198937,
      0.01850204545858557,
      0.03256009794713781,
      0.16085440471473492,
      0.0033559152657858912,
      0.18330767827657374,
      0.27141305258771087,
      0.008304271841793687,
      0.08293835558377434,
      0.09857195762014105,
      0.19119862852410816,
      0.12262141919438009,
      0.25830174212440116,
      0.2183836022141488,
      0.035936676248392065,
      0.26706928598011165,
      0.17132480807444148,
      0.16555964302141943,
      0.18453798602046365,
      0.1416144636713499,
      0.07690903663654958,
      0.15354514564463276,
      0.08554498091837329,
      0.159996768866024,
      0.21236559500959634,
      3.6834143613654333E-4,
      0.25175970314167445,
      0.09958064883818103,
      0.17938621187301154,
      0.22852368878953144,
      0.08409431265179597,
      0.2018896736910766,
      0.10853628479166186,
      0.055733846917885965,
      0.25241167128385333,
      0.22828529503216397,
      0.15624794003738038,
      0.25797147065326836,
      0.25649185234305877,
      0.035343880031057685,
      0.2979015478723666,
      0.10282671471231666,
      0.22093133642321516,
      0.24470263625045335,
      0.12834765683273047,
      0.09911575601403418,
      0.10039827462467955,
      0.170821482790509,
      0.05028860045471862,
      0.1590079076618144,
      0.1464731496823583,
      0.02553087794605068,
      0.15527777047967992,
      0.04019019002171057,
      0.11492285173796757,
      0.2616374991412272,
      0.1995513449971242,
      0.2772234398120922,
      0.08904314961421189,
      0.13808308630927654,
      0.28062394532754964,
      0.2816038057698551,
      0.2128752292651671,
      0.043022451347270264,
      0.19084147029384071,
      0.2969323608988587,
      0.2319489269849339,
      0.10227644274351429,
      0.28224862965511077,
      0.2920865251300212,
      0.014156506777864885,
      0.2597817730409428,
      0.08960461615042999,
      0.10108615949158187,
      0.24328378901803924,
      0.12173407915541419,
      0.025948382327928874,
      0.2797662077789703,
      0.13119902166756794,
      0.2741921941956422,
      0.08780791356306417,
      0.27104087533256505,
      0.29782601899681704,
      0.16130784144588442,
      0.18551778044192627,
      0.24815313167357447,
      0.2610664676438905,
      0.28036824718937575,
      0.1725582162172514,
      0.20579161761400871,
      0.03374507293244183,
      0.05039868118827285,
      0.21070804314297228,
      0.20889451310090523,
      0.02427958708481165,
      0.1959035568844404,
      0.14294148777854535,
      0.007208739157204302,
      0.08868264522416537,
      0.12548436978292568,
      0.2375550879999879,
      0.2646713049998395,
      0.16572185372977524,
      0.20821156237996782,
      0.17257146859125708,
      0.24604561612772777,
      0.2836543608601317,
      0.05548844031811164,
