{
  "horizon": 720,
  "granularity": 1,
  "priceSchema": [
    0.198,
    0.198,
    0.198,
    0.198,
    0.225,
    0.225,
    0.249,
    0.849,
    0.849,
    0.225,
    0.225,
    0.198
  ],
  "agents": {"h1": {
    "neighbors": [],
    "backgroundLoad": [
      0.22935777462362503,
      0.13967398596724803,
      0.21940433610356733,
      0.1232137733989306,
      0.21186696834824154,
      0.2766823590166933,
      0.2699582655253362,
      0.19322165938080643,
      0.1923360206534666,
      0.107155351682507,
      0.1983156128573563,
      0.07964417395361725,
      0.038524198714416,
      0.008107424403860508,
      0.08769593770661069,
      0.19647827266503567,
      0.13087770024259307,
      0.27922699627194325,
      0.02247606454902712,
      0.040701059042598464,
      0.004433085736046926,
      0.20508935968924966,
      0.07195170798206481,
      0.219004286473064,
      0.2906076048829272,
      0.28276534939772774,
      0.2149909625591342,
      0.023076667189227528,
      0.2395872647951276,
      0.1778780044689181,
      0.20428389421343698,
      0.26575620259471816,
      0.15460975014202313,
      0.2088531530668213,
      0.04681651808386326,
      0.009673344724867338,
      0.07728001273901865,
      0.1870737603006832,
      0.250887785960096,
      0.2729062295489474,
      0.2252852315233926,
      0.22275848424954736,
      0.014986791140183652,
      0.27937666565803737,
      0.2869658901056882,
      0.2886600068773364,
      0.0640047138336855,
      0.18085651230390268,
      0.27685579699775764,
      0.19803627063616985,
      0.032107771337309195,
      0.29017754101298265,
      0.04172160644840237,
      0.25119359232881433,
      0.18750467770000415,
      0.09750667045442274,
      0.121562349498024,
      0.25566805055664127,
      0.23121950783592526,
      0.21949457253924295,
      0.18211697096648335,
      0.19903312758980224,
      0.11345574047274914,
      0.23351545491074002,
      0.24906975884285282,
      0.1249333709081138,
      0.2476324192516074,
      0.21489174886350998,
      0.056602311724322896,
      0.24145858250923574,
      0.19755404943621874,
      0.10447129902713258,
      0.017821618333565624,
      0.2839400513137607,
      0.24398603861077564,
      0.14306098225298824,
      0.23589605260783789,
      0.11718847105864302,
      0.2599687158836494,
      0.22153848245490168,
      0.2596368591463733,
      0.22693916302676673,
      0.2642266261826604,
      0.025304229662605236,
      0.13889974312496262,
      0.07048712039916467,
      0.20853112911454183,
      0.2142141114200799,
      0.06826751120533166,
      0.17654813250061566,
      0.18994776959843626,
      0.016166097208402785,
      0.03629214348354519,
      0.10087241967116285,
      0.23992935538860874,
      0.04764593493498361,
      0.26830301767626724,
      0.1821030604302987,
      0.23300138353023161,
      0.024702975426599782,
      0.21902045759851657,
      0.28888191767078536,
      0.067163348324199,
      0.26416343468849784,
      0.09126681241566079,
      0.031176020232590806,
      0.13219382524700676,
      0.1482575276207603,
      0.02295352886026567,
      0.046523761837775554,
      0.28375919098483293,
      0.1407360918385299,
      0.2793370477944261,
      0.16598707960894257,
      0.17592976099064547,
      0.17906661944458188,
      0.08530860045866163,
      0.14905063920638592,
      0.09676102680545252,
      0.18466637816864492,
      0.06179036033936723,
      0.0676898803956806,
      0.012131537842750872,
      0.29362313659772216,
      0.2805718326979671,
      0.055871076369685954,
      0.2505233033233585,
      0.1455840078376326,
      0.025109338723531882,
      0.2643477341962001,
      0.29627518934220487,
      0.1923823305499948,
      0.08205741816493022,
      0.24338868138658493,
      0.19437526778050326,
      0.01842677318980629,
      0.17966634630256023,
      0.09313234274047412,
      0.25769965273644674,
      0.2821872516083357,
      0.08777218939735121,
      0.15054027948743542,
      0.14282289198607392,
      0.25584180057411204,
      0.10846292925403624,
      0.21809827429203818,
      0.06239975476445778,
      0.06047846499621905,
      0.2203467102503147,
      0.15821043152422645,
      0.034157487644549824,
      0.11180189036285046,
      0.24334725474254137,
      0.1887064557535785,
      0.121658832208901,
      0.29406257341103853,
      0.18810483275204062,
      0.06789377113411194,
      0.17490213613059938,
      0.13209504065516856,
      0.22347764948704704,
      0.16052194553189353,
      0.14951199247299998,
      0.17204886618623746,
      0.08409860204617993,
      0.2128111764415083,
      0.20108127642611587,
      0.28684068527371526,
      0.21894254488288795,
      0.27051043623923227,
      0.2710828972697977,
      0.27253708997045195,
      0.19273967127240152,
      0.11852540044913991,
      0.0874138806180886,
      0.07606008388730705,
      0.1893534066012193,
      0.11019576562859858,
      0.040408072395010416,
      0.04518139477087039,
      0.1488853634713624,
      0.2694207825456852,
      0.06111577740711411,
      0.1712763975559171,
      0.029917921592098516,
      0.0777626650974733,
      0.20030515851678715,
      0.1054754502213683,
      0.16018623558626144,
      0.254608169932592,
      0.06318081249328522,
      0.2566795067522093,
      0.038910642347125164,
      0.15815465540659887,
      0.20629707963881047,
      0.09747595985979203,
      0.06401417769670036,
      0.08948216665069679,
      0.2580780613975471,
      0.1649793143931695,
      0.0626776869923751,
      0.19481196372595616,
      0.013984260830410055,
      0.0928063235297857,
      0.19850256891276016,
      0.07861466489920542,
      0.23810877376135786,
      0.27431516139130285,
      0.04221905213962635,
      0.035130071885897625,
      0.19584028997953812,
      0.10160011437430726,
      0.24671049872355794,
      0.16336634025811156,
      0.2395290795184276,
      0.2796070158609333,
      0.18771670603466228,
      0.14547959780076905,
      0.22133886137385805,
      0.22320010230469328,
      0.05471003093995763,
      0.2584966397589857,
      0.1563005439955258,
      0.1510634022155397,
      0.25578985071773175,
      0.12839926511793048,
      0.23582051580806795,
      0.23509083274663523,
      0.10966199546821764,
      0.06979795426190491,
      0.1562092181859862,
      0.02911006084358636,
      0.1647039498171128,
      0.03668329385359287,
      0.0800171069403429,
      0.21011606645816222,
      0.2386739454727264,
      0.03593305584297707,
      0.16489493062478552,
      0.27045182576869775,
      0.139372862139524,
      0.18220227033983397,
      0.0788471733898049,
      0.19800392601935132,
      0.20892123030322596,
      0.024358348028696197,
      0.2567649874665495,
      0.019133889815192873,
      0.013396799147275817,
      0.031341736198619484,
      0.0660244353738296,
      0.2859975668125478,
      0.26123925925647223,
      0.03413879333299808,
      0.046112093380796894,
      0.09939504316780594,
      0.11975972442407092,
      0.184295300755562,
      0.28600872017732715,
      0.11371777059979785,
      0.07185736523693512,
      0.20749556054076823,
      0.1363573370542092,
      0.014807353845477933,
      0.2921416982079223,
      0.12887167063848604,
      0.23118520066147477,
      0.09151494350392779,
      0.11841170596261112,
      0.07074581997967776,
      0.02835127642665115,
      0.03232951159958226,
      0.1312216920778995,
      0.11014635453409082,
      0.11917673509170447,
      0.28391054693971735,
      0.15626562765336074,
      0.027375142077004175,
      0.2727016357992642,
      1.3950787993934898E-4,
      0.07707044509864798,
      0.2885145896127304,
      0.20379769389130353,
      0.025794893742734103,
      0.18009166468360388,
      0.2163328057810909,
      0.12931313214346943,
      0.008348580668358462,
