{
  "horizon": 720,
  "granularity": 1,
  "priceSchema": [
    0.198,
    0.198,
    0.198,
    0.198,
    0.225,
    0.225,
    0.249,
    0.849,
    0.849,
    0.225,
    0.225,
    0.198
  ],
  "agents": {"h1": {
    "neighbors": [],
    "backgroundLoad": [
      0.26861834440574645,
      0.17769966802095483,
      0.004861937482830636,
      0.05572722998501367,
      0.08527728970713543,
      0.0697560343223956,
      0.15984307096018466,
      0.17149336060793985,
      0.12963421016769258,
      0.18844095932481417,
      0.10107377066372818,
      0.10087475032323868,
      0.11791604120204714,
      0.20524893417730697,
      0.16472138792233834,
      0.03419500007535146,
      0.09278444660108011,
      0.04458846199588945,
      0.18389830903024876,
      0.11688910650429998,
      0.21327160414279847,
      0.26344921808626887,
      0.09327040607817584,
      0.16641308121603643,
      0.2623783812400655,
      0.17704170727628124,
      0.009533786770456387,
      0.24529638137068335,
      0.061781284802316525,
      0.2511855469776796,
      0.029786555219016252,
      0.26054026429338123,
      0.14692194109987242,
      0.18382742569833233,
      0.29201919197844006,
      0.07674706344179986,
      0.08474755859640024,
      0.11156669765993373,
      0.1721584045425891,
      0.127372611446038,
      0.2032909125723387,
      0.2837927956686937,
      0.17605209717856798,
      0.25485558479342585,
      0.05264882010781008,
      0.29599486186186774,
      0.21178744536298005,
      0.26898510617711424,
      0.24441367143644882,
      0.18224401815613464,
      0.10572096515692629,
      0.0043826235919443785,
      0.26474541351553876,
      0.010992113081469856,
      0.06902494366059261,
      0.10522349963450722,
      0.12826614250074114,
      0.06462569448992381,
      0.1908328502801992,
      0.03877941627677117,
      0.05305117057465809,
      0.23210175538769287,
      0.2650494985196288,
      0.2388241261764139,
      0.15131693848851888,
      6.62709413177176E-4,
      0.12284376181980718,
      0.19108459742769954,
      0.014293555708004523,
      0.25067302751632964,
      0.16163594835729744,
      0.12429129666969228,
      0.06886799879704698,
      0.2876223537993723,
      0.2688434385720798,
      0.19454407813827207,
      0.10398917618354768,
      0.15230215811929654,
      0.08349516580480588,
      0.24357800383100942,
      0.08379944101588334,
      0.22103706008334284,
      0.262816641931327,
      0.20323554863608628,
      0.23439628807073104,
      0.2293648583992357,
      0.0785674957051078,
      0.2552836863610102,
      0.26287945487580644,
      0.2154018350261736,
      0.2412062651967309,
      0.13635760421159923,
      0.07468634787262021,
      0.09930789334027205,
      0.13163907585539844,
      0.24227815240963002,
      0.053989299341068976,
      0.16607576465495702,
      0.13749365944762756,
      0.27854737807031593,
      0.18361579317110632,
      0.06554296640947917,
      0.054656403481771205,
      0.29123949988760617,
      0.14858267781944964,
      0.13035505179232496,
      0.09566563612539182,
      0.29487149525794143,
      0.15419116954055048,
      0.1798406556305627,
      0.10307581349957941,
      0.01638599405182801,
      0.2519866218170264,
      0.07897812500553004,
      0.27941265502317414,
      0.13596256312268218,
      0.10786186351281833,
      0.08966764917252797,
      0.042162501190858015,
      0.14970976295783106,
      0.2561739171688864,
      0.21352478977691935,
      0.13608686442533172,
      0.0023460597985674792,
      0.14912692797762958,
      0.01591182296684782,
      0.0478887738598639,
      0.1554766108277215,
      0.2472373776914091,
      0.12737818899467948,
      0.2725218473768595,
      0.12585444857097602,
      0.2691325587826977,
      0.2655649251187478,
      0.23467724856850103,
      0.01276606848960039,
      0.1389447798093046,
      0.06808547595807148,
      0.06551559697962694,
      0.1641260958668825,
      0.18751306863505413,
      0.27355353845356306,
      0.050273753609391666,
      0.23380578876073232,
      0.15160213839159697,
      0.22705613536909516,
      0.23306086022858358,
      0.21128521350177687,
      0.13780181283781814,
      0.02994465448041502,
      0.2826562731131173,
      0.2188250598467455,
      0.03381554558651038,
      0.06276013740234528,
      0.16829947197373915,
      0.09665979436244446,
      0.13833530637237587,
      0.25658153833809116,
      0.06270528105382167,
      0.07490459660280673,
      0.004676832512535767,
      0.23951916519575253,
      0.20535409249184708,
      0.23855833304379853,
      0.03435613312865099,
      0.15586688530436596,
      0.08812909398152736,
      0.10648769680495375,
      0.005662291256522789,
      0.011754183977981447,
      0.25192155320023346,
      0.0013684732146496347,
      0.09807083607368085,
      0.15374654217110933,
      0.29217572811779935,
      0.14213760079263105,
      0.10236647308246052,
      0.2790352699152092,
      0.2923440327644337,
      0.021604998002865194,
      0.20586089851470835,
      0.1732755435942752,
      0.11078843342789535,
      0.051409251000884636,
      0.1659736160375019,
      0.05665090168020519,
      0.03284299573877163,
      0.23041161818043485,
      0.18679359868407167,
      0.18458157329368902,
      0.19405765171607042,
      0.08365560628273012,
      0.009118625339506492,
      0.07731067949440819,
      0.17215876299181576,
      0.2351789393382232,
      0.2519695988777424,
      0.2795631987855684,
      0.10809535096300188,
      0.059441371319105415,
      0.10272863302056166,
      0.291791136787616,
      0.03753102225173249,
      0.2158374213769661,
      0.07761116759067445,
      0.2901146066917131,
      0.13672115621327066,
      0.10021010124120418,
      0.14126560421409085,
      0.0576357388306985,
      0.14059945263820062,
      0.279463616283697,
      0.1450971980117877,
      0.28179648665498497,
      0.1178067376732029,
      0.08876692615132994,
      0.0853176685932575,
      0.22225079266341946,
      0.25753930273747344,
      0.07892763432058131,
      0.12201236304197251,
      0.25375092948775474,
      0.23354902103672676,
      0.29826825752492536,
      0.17213450839608135,
      0.12413472855190438,
      0.17757534653583285,
      0.258527646796116,
      0.1280109400302613,
      3.848285796409501E-4,
      0.24119370863226888,
      0.08245910734219793,
      0.01565431111000699,
      0.2612385099946104,
      0.26652237772539156,
      0.06348265526632042,
      0.18708996803682726,
      0.005323912614511228,
      0.09739897210778987,
      0.18975867849484424,
      0.25654387027929204,
      8.132961146984585E-4,
      0.12604473523043386,
      0.009531646183237407,
      0.11987505885536014,
      0.2715092370530603,
      0.10119367270028037,
      0.014773064588992345,
      0.16658672393765966,
      0.20274660976724976,
      0.21836189579642923,
      0.12143973370105977,
      0.036578101019123586,
      0.16672301038596207,
      0.14829439656947563,
      0.11757925820234537,
      0.15349804813687815,
      0.09184592960082683,
      0.11004316923043951,
      0.16433218075900027,
      0.19495676177308877,
      0.1237170481524876,
      0.2673434400758576,
      0.19718522824982984,
      0.29880763066262217,
      0.016764430170972955,
      0.27305197890189686,
      0.23476602641507227,
      0.05943167616358741,
      0.26693450453664497,
      0.26524688053246576,
      0.041178201056866336,
      0.19211134285655304,
      0.21929003249947007,
      0.25041426877801687,
      0.26320520971097294,
      0.20352610957073794,
      0.10404592749511524,
      0.11974915130910117,
      0.26016943659044456,
      0.02704282200805189,
      0.28201693635041036,
      0.2595220555279027,
      0.2005459655762925,
      0.1954911138044133,
      0.29753619700632294,
      0.06213595620021116,
