{
  "horizon": 720,
  "granularity": 1,
  "priceSchema": [
    0.198,
    0.198,
    0.198,
    0.198,
    0.225,
    0.225,
    0.249,
    0.849,
    0.849,
    0.225,
    0.225,
    0.198
  ],
  "agents": {"h1": {
    "neighbors": [],
    "backgroundLoad": [
      0.15226008537636712,
      0.047867634662907464,
      0.167092904825564,
      0.19416490658384009,
      0.2145907999989209,
      0.23383184606098328,
      0.1844113948091359,
      0.194729975489334,
      0.07137943274807057,
      0.11189216030368,
      0.2637265267166637,
      0.022558719330836263,
      0.027796828261104276,
      0.09564862704425976,
      0.17781584022007257,
      0.23505367144471034,
      0.09581543547295557,
      0.06933340124134696,
      0.07109429871679802,
      0.013796239709238212,
      0.1594881411389348,
      0.11240263149297071,
      0.21133859684033204,
      0.09691972614613477,
      0.16504130170655748,
      0.10892342317370425,
      0.02665260690675206,
      0.09298755126636941,
      0.2794752004436437,
      0.22959474445370776,
      0.10704385908007047,
      0.06927743450848267,
      0.18474021410112665,
      0.18017058755000592,
      0.10016165030796777,
      0.0035822361303994186,
      0.14809730484871353,
      0.2410019928488763,
      0.1936259231101999,
      0.20420415293984004,
      0.25341695979547674,
      0.1243425621254256,
      0.07258778334482212,
      0.10679645841772481,
      0.26876212190287696,
      0.09622623628024674,
      0.030395748581921032,
      0.2628837118462537,
      0.04741986593615901,
      2.757372614802356E-4,
      0.16533958669832388,
      0.09915428434126546,
      0.07781887801157708,
      0.20601262426079003,
      0.13194335594020704,
      0.12342215666321807,
      0.0574180152026386,
      0.1490162978569037,
      0.0709567005489439,
      0.1099390431055912,
      0.05641695570913292,
      0.29181018675481235,
      0.09239841643620841,
      0.18601047202910984,
      0.23539189985907488,
      0.19969583733416893,
      0.008039515305886135,
      0.048967721049879454,
      0.07650000065607193,
      0.10782370774410485,
      0.08438161659759698,
      0.26613889341087976,
      0.19899915623264905,
      0.21000930607714646,
      0.20660608836008512,
      0.1168875718710895,
      0.02195537856072788,
      0.16508877862634608,
      0.2155130316170246,
      0.19899919114207631,
      0.10569712632387648,
      4.500453956190142E-4,
      0.2495017398857757,
      0.22947141986019695,
      0.07319348128228605,
      0.19679644391347886,
      0.10905905054281867,
      0.02670695600811157,
      0.05808132604443502,
      0.15992651131912458,
      0.15014756272131444,
      0.2607460573389452,
      0.22045605443532418,
      0.11187111206962126,
      0.05101488868724223,
      0.0218797290807727,
      0.018218736359147836,
      0.21383642823633592,
      0.20984337106622172,
      0.21013028346485238,
      0.1237284740251637,
      0.15728643241763288,
      0.10575266344183978,
      0.19353551910944966,
      0.0890176558481048,
      0.29800768656520804,
      0.1345846252425778,
      0.14397639212307442,
      0.2742516749487518,
      0.025391747119822883,
      0.004013033301142021,
      0.24635317919915828,
      0.020575368708530304,
      0.20424941771121705,
      0.01669890583968644,
      0.2683212539890555,
      0.2946061788396892,
      0.27175365052733547,
      0.2676894156254531,
      0.01844681275622143,
      0.027346953845301367,
      0.17560692048244042,
      0.24332624447318377,
      0.10152937165256921,
      0.29945207852574046,
      0.15311498509421403,
      0.28153066012195505,
      0.17266945502909004,
      0.0038761167420287897,
      0.12846426310029155,
      0.011608289889692924,
      0.02978592182119133,
      0.11831540246574958,
      0.2713930417583082,
      0.26991013752448345,
      0.006134778692926923,
      0.08787697381713512,
      0.270826036628918,
      0.049728984670233185,
      0.17309601511179298,
      0.18768354798372208,
      0.2561859110362205,
      0.2188939773684138,
      0.10879015329745234,
      0.295455197300839,
      0.2625954024372086,
      0.22715713927430345,
      0.23462218955445655,
      0.1443399556692969,
      0.20612693824631872,
      0.22573360384073932,
      0.0820195530143939,
      0.13903027227361017,
      0.11641042497207932,
      0.13303033890625693,
      0.24811867279226457,
      0.021204079787510686,
      0.24246715074026895,
      0.2949980684546719,
      0.08534521914671227,
      0.12686600576078352,
      0.1355043630123012,
      0.1280016314491525,
      0.2462869964193532,
      0.10396910426409942,
      0.298957249746256,
      0.030916824918393093,
      0.10237489692404507,
      0.21506658004365173,
      0.23065392586897587,
      0.29327479487423075,
      0.09770181797488932,
      0.1970589493417203,
      0.23985327568487444,
      0.1659857223043055,
      0.20637214620289643,
      0.03991720702149126,
      0.1952570188646661,
      0.26247189938595317,
      0.09517593292601968,
      0.20098568968858563,
      0.0851918014218475,
      0.07284945866807581,
      0.1216415224889174,
      0.28310846735032186,
      0.23428389264151794,
      0.19838234473784505,
      0.12755841268330328,
      0.22134176101812394,
      0.2534026072416726,
      0.15714019399564041,
      0.2724406140555166,
      0.21133037051360806,
      0.21926620167428784,
      0.2607228857264885,
      0.13095776344605917,
      0.29597524513852114,
      0.18756507702018468,
      0.1828914785098629,
      0.1613047327758993,
      0.05440419922491186,
      0.12914815011904107,
      0.2798773748835107,
      0.10524255007291776,
      0.20845629442776256,
      0.15286590052047191,
      0.26562490358836865,
      0.24999882274813215,
      0.07479517756367259,
      0.04970207494260515,
      0.08955614124822299,
      0.19877010095299305,
      0.2995306089716747,
      0.29843261314660896,
      0.02092416047041118,
      0.26914673145548107,
      0.14606803526870968,
      0.12312365940245884,
      0.033595939387748484,
      0.030065551562931614,
      0.13667088009383968,
      0.13761339004006756,
      0.16411875212537216,
      0.1725067398757868,
      0.10174129214140488,
      0.20052960875950768,
      0.24556286505443894,
      0.04227576147051195,
      0.07063683707402371,
      0.1702158416087725,
      0.17371977981827838,
      0.05930991671557294,
      0.09241966644585298,
      0.24691492477922428,
      0.11573797989580135,
      0.28630730097950086,
      0.10409211097021426,
      0.25412234870811523,
      0.20524535421127207,
      0.001595100171780861,
      0.03041481037879394,
      0.05287828180691799,
      0.15356322520403273,
      0.1681551215889908,
      0.1573127393755138,
      0.13382045352020647,
      0.12170198684256095,
      0.006176699487913617,
      0.13510974031199532,
      0.24147224870408882,
      0.08812748959646403,
      0.2532442948097277,
      0.2580417653173015,
      0.19242395151909866,
      0.28561014103630117,
      0.10442357687098595,
      0.05411547075851667,
      0.14320700036393527,
      0.17789170762668952,
      0.034449837396406675,
      0.19090225677377268,
      0.12468054511647358,
      0.007486099600783602,
      0.004054270780171598,
      0.14001644387003695,
      0.2965083221094594,
      0.19913983139998187,
      0.2654654755407697,
      0.10949097545889788,
      0.016510718169449424,
      0.1600603381381508,
      0.10704035873559713,
      0.21706338318134813,
      0.1663059262075002,
      0.19249898039956007,
      0.05896632034357241,
      0.28766075116820894,
      0.24520245096828108,
      0.22052954274485564,
      0.0959203673205178,
      0.14656992776778366,
      0.23436495820132675,
      0.23367806243367534,
      0.02863924133283022,
      0.20534394897078664,
      0.014523374339471838,
      0.08208186142336829,
      0.2466018270950952,
