{
  "horizon": 720,
  "granularity": 1,
  "priceSchema": [
    0.198,
    0.198,
    0.198,
    0.198,
    0.225,
    0.225,
    0.249,
    0.849,
    0.849,
    0.225,
    0.225,
    0.198
  ],
  "agents": {"h1": {
    "neighbors": [],
    "backgroundLoad": [
      0.29102443047658944,
      0.09404290715108256,
      0.1518552682062385,
      2.956960840448386E-4,
      0.001025344251978677,
      0.16402343860136845,
      0.08709772391474423,
      0.006796492431821744,
      0.07605747897395213,
      0.225091982491219,
      0.04106340105113963,
      0.2063016667547585,
      0.28459058025586986,
      0.07445455666199888,
      0.02876802483160019,
      0.05296646641805991,
      0.2267085573615699,
      0.2643188307521019,
      0.09000200711337734,
      0.2527448268690541,
      0.19278514613868136,
      0.17253821141605252,
      0.09640443352539431,
      0.09193849919998699,
      0.035178003236071086,
      0.09042364188890212,
      0.23300580712740765,
      0.07642709747040063,
      0.08341595136777609,
      0.24508979801494044,
      0.10031298270849127,
      0.2511359171259407,
      0.294822249076316,
      0.05493856938557468,
      0.1980184517654446,
      0.22444506085550942,
      0.22091781422017645,
      0.29985092402628477,
      0.1643463171236149,
      0.209600685801144,
      0.20682515411410055,
      0.07803266247266227,
      0.03519901693950528,
      0.28022757634806256,
      0.24205398986161236,
      0.1317762596248852,
      0.12072584909415804,
      0.244552039172053,
      0.1383095095962286,
      0.1101028961777267,
      0.0728671504860067,
      0.10099869750332485,
      0.03415454847695552,
      0.1493121751307503,
      0.10743023054582874,
      0.0449410718683375,
      0.2925201990983602,
      0.05943971005884073,
      0.1370903397285993,
      0.10587432034957309,
      0.060247592967009066,
      0.03816607746530234,
      0.257319350847725,
      0.1491302464787588,
      0.2967849991465603,
      0.11394534828868264,
      0.05931274156049235,
      0.028771152283586874,
      0.19235776165249419,
      0.17193298201948157,
      0.1504622964968414,
      0.16758541154559561,
      0.07079700669292333,
      0.1811522890776279,
      0.20434155817676003,
      0.11704972957985385,
      0.14275502130157844,
      0.10859520227300834,
      0.22888271681624947,
      0.28365245933367556,
      0.005821861498442882,
      0.241996830858359,
      0.2988110369965736,
      0.18663467699821432,
      0.051363206814814634,
      0.05288783359339456,
      0.11049809106723632,
      0.2920234922628758,
      0.2833424755081711,
      0.027107593648595572,
      0.2655846713651846,
      0.08363951671605835,
      0.1726789776388118,
      0.062275750430968835,
      0.15119203568765063,
      0.1808359746226894,
      0.22667948508200667,
      0.010458942770491442,
      0.033175370522655366,
      0.25196061356054766,
      0.2342404760439612,
      0.1477732576608197,
      0.00727835959602654,
      0.11498509713015986,
      0.21561012644615316,
      0.008586570397998728,
      0.11701215027166452,
      0.2919022007718389,
      0.13136948736843143,
      0.1068388191485831,
      0.21916091185127212,
      0.09362924586034509,
      0.15938809001088264,
      0.08732015139034587,
      0.20637292443165273,
      0.16197924867975583,
      0.1319347792989548,
      0.06200285404680099,
      0.1514911811039301,
      0.15561907551240986,
      0.004145184446645867,
      0.11418213462709513,
      0.16271954128013652,
      0.2671276978112143,
      0.03987588922718226,
      0.2522903763074718,
      0.23322321485196235,
      0.02743598966604106,
      0.01967400540875893,
      0.1599056821543214,
      0.29924201540404727,
      0.0685005230364104,
      0.027452112531314386,
      0.06216894485270281,
      0.2852838617003874,
      0.29474367312745325,
      0.15079459556795355,
      0.05431997183515662,
      0.11246028709847783,
      0.2621745667989499,
      0.1541573184141399,
      0.1288502424516717,
      0.20964274960098547,
      0.1254692832095983,
      0.26198239091270215,
      0.17259913924972684,
      0.05116049161161661,
      0.06960182257167694,
      0.04701896820685076,
      0.1792234322727663,
      0.008544611643507527,
      0.22519678997489467,
      0.03033545458012593,
      0.09034654063401606,
      0.26915217414661724,
      0.2969875718570318,
      0.10974008401938395,
      0.023380028071835812,
      0.11084359325735257,
      0.22685688912319843,
      0.04665583979364848,
      0.24186673745558868,
      0.03243817696713975,
      0.24178722931074145,
      0.12711639825327672,
      0.2635552892435509,
      0.2918344946533877,
      0.11008858919937434,
      0.13962802796148674,
      0.0751875089690819,
      0.08700640856633125,
      0.13536515631586474,
      0.05754704644920002,
      0.09511972751006063,
      0.18217426659679298,
      0.18877299290178082,
      0.015317241409665616,
      0.28469044655570214,
      0.1939459507105525,
      0.24358233090320036,
      0.21714952848524413,
      0.05936670792509394,
      0.144598460202828,
      0.2810365514563051,
      0.1810310267652651,
      0.2706349047597334,
      0.2188210282206662,
      0.185083129505236,
      0.12679435251187826,
      0.12447619042893471,
      0.2350109391362965,
      0.2181765883320547,
      0.275688658002596,
      0.20570813411212616,
      0.07709940887867694,
      0.06414961103532682,
      0.10133970078617095,
      0.09850134148092052,
      0.0020274718890435973,
      0.06422550160689285,
      0.07896721790704668,
      0.09378439159493936,
      0.14597329318484992,
      0.2131384079566431,
      0.27275302348634634,
      0.10382152850535317,
      0.23067165960508515,
      0.018406025657225922,
      0.0143761542544518,
      0.0781750153894988,
      0.2415706209771883,
      0.07919966669503824,
      0.06173294806699768,
      0.058122902180103395,
      0.024343130564503147,
      0.059663030617052866,
      0.24142270018029574,
      0.02522344596531858,
      0.16578913233363082,
      0.10047376203855214,
      0.23742009627441532,
      0.17048342661228258,
      0.16011028475384562,
      0.12446545777096478,
      0.054574996152452704,
      0.18478822926879637,
      0.11085993661325678,
      0.022473057835821708,
      0.18766529884736963,
      0.21777219690296634,
      0.1446969576911393,
      0.17646500813982882,
      0.07229941409384986,
      0.008462879611408857,
      0.28293452401431163,
      0.19142934782189305,
      0.24231203168951654,
      0.1541110688390275,
      0.09829131011155684,
      0.06243124908758385,
      0.05540259394862555,
      0.1983324894020529,
      0.06467689656731916,
      0.26129504868055886,
      0.04199802374093927,
      0.20727923797205064,
      0.13292385505413887,
      0.19715316352457937,
      0.09040212961719056,
      0.13229379610951947,
      0.19717282179988102,
      0.14256765412389652,
      0.04344258155924622,
      0.1815382335947663,
      0.26885299536701535,
      0.08603412841915742,
      0.18144428649912078,
      0.15108839735903754,
      0.03399402959502298,
      0.10728088007261145,
      0.2845524286353596,
      0.21964419107793762,
      0.10477618482830421,
      0.24636813609984703,
      0.16600443131297474,
      0.27495242094674494,
      0.09026318079309682,
      0.15007068513839542,
      0.03784579430888006,
      0.20697325595772015,
      0.006760545207411139,
      0.028856161262299805,
      0.20878261176471422,
      0.21086190674656333,
      0.1996723121477454,
      0.2750614042836174,
      0.26026602694574213,
      0.13852746572501073,
      0.14753093687559674,
      0.2760940246312813,
      0.11264072184077477,
      0.1515196692034074,
      0.28320822554147285,
      0.16358680386490007,
      0.23982944111898588,
      0.16840834962390488,
      0.14709723318663376,
      0.23713063727176864,
