{
  "horizon": 720,
  "granularity": 1,
  "priceSchema": [
    0.198,
    0.198,
    0.198,
    0.198,
    0.225,
    0.225,
    0.249,
    0.849,
    0.849,
    0.225,
    0.225,
    0.198
  ],
  "agents": {"h1": {
    "neighbors": [],
    "backgroundLoad": [
      0.06567753614910599,
      0.09862184026912021,
      0.04977948952143789,
      0.27834891690851643,
      0.27013758562043394,
      0.05606358662601437,
      0.07274009570169598,
      0.1097005295173056,
      0.1624260033952,
      0.21770835915352607,
      0.20662986373618858,
      0.1346076519675551,
      0.27102294653185416,
      0.1247594244934043,
      0.012429107968256026,
      0.20478999841232334,
      0.0899824587814405,
      0.2930302514158262,
      0.056752988435600824,
      0.19567743707907073,
      0.13841376855120394,
      0.05602226507298686,
      0.2736991076297937,
      0.11465669091912555,
      0.29054230953349286,
      0.14486470616570998,
      0.07609060125892116,
      0.09951665514796644,
      0.04408579807957267,
      0.16473533867895213,
      0.17090622202944053,
      0.08677769293352035,
      0.2360899633754129,
      0.26050506290656494,
      0.28302024390471286,
      0.11830582861547999,
      0.09597623251501057,
      0.13881219177384743,
      0.22605203034803686,
      0.23100605788966647,
      0.11134250184455771,
      0.05681091361947391,
      0.12630786861182425,
      0.08422103664167431,
      0.22839156566400523,
      0.16556839817265614,
      0.11928537736304329,
      0.21394518841102766,
      0.08087253913332944,
      0.276022679878496,
      0.2836999772961254,
      0.19097981326637745,
      0.2594340393547021,
      0.07054751001232201,
      0.2867539865061304,
      0.12451961194782324,
      0.09144391755496108,
      0.08733812399885028,
      0.1705911914537383,
      0.13824339954469728,
      0.16562964855346138,
      0.18838579125741023,
      0.011869033563485043,
      0.2532092889385937,
      0.09293177751878158,
      0.2667009070199192,
      0.07598314513100772,
      0.20373967504538731,
      0.12695071250871412,
      0.20853234800430492,
      0.02732860356247777,
      0.26890933689670493,
      0.2911654768845029,
      0.27012747494245226,
      0.19197673559888512,
      0.24457583127144192,
      0.2590090786610572,
      0.1524558040197002,
      0.01058845543119028,
      0.137901735464967,
      0.1767104216214487,
      0.10361540644300526,
      0.026586757049084163,
      0.1515575217423351,
      0.1623893929426096,
      0.05076876051364575,
      0.013073834683814444,
      0.2540937299457717,
      0.14198706080789447,
      0.14066625298148538,
      0.08131315570466345,
      0.006465168354228212,
      0.2210197553747872,
      0.05743635401720809,
      0.20996697451926347,
      0.06700428632061206,
      0.23125076038883308,
      0.19698298966780123,
      0.08259853012928316,
      0.1849936863214761,
      0.03183337186103617,
      0.24111974860426827,
      0.23740703935991272,
      0.26002084493822225,
      0.2895660191719065,
      0.08227584774896606,
      0.012065204651248483,
      0.14080649395730555,
      0.19293736822711727,
      0.032670471280072264,
      0.27600072550753624,
      0.10089812323938133,
      0.1421661902408727,
      0.19633505243778707,
      0.1987306273669021,
      0.15320690557328565,
      0.0017539522818221908,
      0.030293850680369425,
      0.09682698344042297,
      0.2898896913138092,
      0.1947890061813729,
      0.044152073408126886,
      0.2559660581759717,
      0.28679750989204833,
      0.23923739430179627,
      0.09440706290812055,
      0.24294898286289787,
      0.2944564254045829,
      0.26936436986731743,
      0.210926936988839,
      0.2975028334730489,
      0.2889890231583138,
      0.2553682371472289,
      0.29061057868341184,
      0.15866463441766324,
      0.2035207043058412,
      0.06552816063408809,
      0.25970956492247055,
      0.26015344535453866,
      0.176667790906007,
      0.13900046685223275,
      0.17893573697454843,
      0.23575096499721623,
      0.21270043179389553,
      0.0332804226004483,
      0.26436606892107556,
      0.23702785122003545,
      0.08153948637402648,
      0.2482373674243343,
      0.1811925032632282,
      0.12310515280133374,
      0.22657279863315108,
      0.203718844885193,
      0.2889645504239312,
      0.024028277068372315,
      0.04795456932963741,
      0.2740360342185418,
      0.06588944119018761,
      0.1785850208366676,
      0.047667475754802145,
      0.2540536867221597,
      0.17220649014307565,
      0.10833913885021004,
      0.13080030470457804,
      0.11294371140057195,
      0.26033661936043395,
      0.17966169576643917,
      0.196903546730249,
      0.2253047395108101,
      0.18838374069030409,
      0.21228264693488533,
      0.18806019664896634,
      0.13117103213667997,
      0.007214393164861398,
      0.24665620666807359,
      0.20003108492769786,
      0.08897198895508669,
      0.004950275428506989,
      0.016046094298280623,
      0.22312666410040913,
      0.10432570960873151,
      0.13061310021400474,
      5.084760783796826E-4,
      0.24292612184393952,
      0.15778875060557945,
      0.05240206480662317,
      0.1190788960441187,
      0.24803953240247548,
      0.26424216019633795,
      0.27330561377087664,
      0.03260249238964774,
      0.0372886153763348,
      0.03119582098286948,
      0.02977110774188787,
      0.21703176816422803,
      0.21174179676462374,
      0.07441163433729296,
      0.145849669276707,
      0.1883349260267045,
      0.2871734031930388,
      0.1632904187201532,
      0.0031679691907106843,
      0.1967633608634712,
      0.1467361114743017,
      0.2352246932314746,
      0.06288819138194704,
      0.23183739125559633,
      0.12594253019784726,
      0.20864546970323936,
      0.2634256259150974,
      0.15379626443770836,
      0.11004072788131615,
      0.042300669481489014,
      0.024657971078173267,
      0.0993299679195691,
      0.20245449560138823,
      0.0722897427930359,
      0.13901797685529402,
      0.2616478423657495,
      0.19314650814605488,
      0.28418622971263086,
      0.0096765778881568,
      0.2006953778902824,
      0.2747728457862901,
      0.28107745934043726,
      0.2834010693520865,
      0.1317592411827069,
      0.19555510807058726,
      0.011354209231359014,
      0.18860994901744993,
      0.004006331277867836,
      0.2284331629200276,
      0.2931475706541767,
      0.15283535209044294,
      0.20483405947510058,
      0.280258821802587,
      0.29267765610163277,
      0.24656353147167281,
      0.18360546681199902,
      0.28518806584123046,
      0.13666893984069214,
      0.18224500048708595,
      0.23020050564344083,
      0.20061712243398447,
      0.08174205064502538,
      0.27419868452832236,
      0.06501711642551884,
      0.025515567539613326,
      0.2847750980774846,
      0.11382000158990269,
      0.2837596500610856,
      0.2188247763075149,
      0.1452250541312348,
      0.26714808925157707,
      0.05464205926722921,
      0.10500893034628651,
      0.012889955137741204,
      0.0774909730779166,
      0.12798519051558396,
      0.1996329678564055,
      0.24812045458671234,
      0.20231115363725063,
      0.24158672782419374,
      0.23427030294367174,
      0.2839848438623118,
      0.2701354683917856,
      0.0972043363816253,
      0.024799734373691252,
      0.014744154772712414,
      0.14874928654775432,
      0.10034412972864792,
      0.006862563563178781,
      0.21952926718577542,
      0.17928067645410314,
      0.037092792357435685,
      0.1599974620142133,
      0.02805335986803523,
      0.033695104137189055,
      0.13483088288708267,
      9.035060696466423E-4,
      0.19790546984822135,
      0.17389763567921201,
      0.014570874124108056,
      0.16344157086111466,
      0.21933093048410804,
      0.0985245606107725,
      0.15747295483233384,
      0.056843323169865255,
