{
  "horizon": 720,
  "granularity": 1,
  "priceSchema": [
    0.198,
    0.198,
    0.198,
    0.198,
    0.225,
    0.225,
    0.249,
    0.849,
    0.849,
    0.225,
    0.225,
    0.198
  ],
  "agents": {"h1": {
    "neighbors": [],
    "backgroundLoad": [
      0.10973312656928914,
      0.23157480288658092,
      0.15383406685532527,
      0.23162170745778476,
      0.036326505657425796,
      0.1147467896780074,
      0.16707727200962802,
      0.10328295862614872,
      0.20363755609175385,
      0.03251217825338005,
      0.2320799742148039,
      0.15010839180946048,
      0.07397971617189802,
      0.27192259366360616,
      0.28000846230541737,
      0.15102438590769707,
      0.03123673105684449,
      0.1318768312786178,
      0.1825876432332307,
      0.054699379083910225,
      0.006155300905044736,
      0.12069985883589163,
      0.0667449555036491,
      0.24910816521963175,
      0.17679052290184608,
      0.12016849904256457,
      0.2923487027254148,
      0.06668702772742548,
      0.17976183021957018,
      0.17519823015730832,
      0.2949908063491672,
      0.17520192879253424,
      0.03162056965289044,
      0.2475512788780453,
      0.02605646390856283,
      0.027759280825865096,
      0.2637071495467996,
      0.12862243332525283,
      0.20588791820562238,
      0.29218794015500354,
      0.22900738919817312,
      0.22451560202652682,
      0.24037048627259805,
      0.026779636328911106,
      0.1913166225210002,
      0.20926208681595534,
      0.2638891948208288,
      0.2752095829598786,
      0.05863256185715515,
      0.14830712743545937,
      0.2629063978416233,
      0.16374960210111095,
      0.1517794820786552,
      0.15196033686085675,
      0.12005787440678278,
      0.18075009098079622,
      0.17495155319796987,
      0.19829490046736595,
      0.25074805060342137,
      0.27064418837578413,
      0.27342060302555393,
      0.16211877480499154,
      0.28626493640846223,
      0.2659793848554944,
      0.01634312457866763,
      0.1433053669731005,
      0.16208212004078118,
      0.23179493830257097,
      0.26818326198812475,
      0.1295428471473042,
      0.2769122561941856,
      0.027976732392126467,
      0.06863993957492628,
      0.24207917495578968,
      0.230143335112241,
      0.00662751073523492,
      0.28461084017351246,
      0.00530756142571368,
      0.17580869763313772,
      0.07112080294559264,
      0.13625576590690475,
      0.047456902438369176,
      0.22537718015542804,
      0.20718807073198867,
      0.26145600434560584,
      0.04397554030599503,
      0.22551922886103576,
      0.1739351761064952,
      0.030730470454520986,
      0.20141531976347568,
      0.2527827729839818,
      0.20666607266782813,
      0.19511395492286876,
      0.08266339812740292,
      0.1082321836534431,
      0.1499284319457111,
      0.18880243223198917,
      0.02422939767381773,
      0.17279170081742892,
      1.0682001789251716E-4,
      0.002800350095774762,
      0.026315354963426785,
      0.20675617979468736,
      0.1537305624522137,
      0.038144590653019714,
      0.0042739384141141645,
      0.2832273650225803,
      0.1712039959041914,
      0.15997874236577353,
      0.011327379275376604,
      0.05601879624615532,
      0.09910658000595098,
      0.12068333279906465,
      0.18908867794455378,
      0.05288810520090045,
      0.11965743200940417,
      0.10258563763703722,
      0.05931320001245594,
      0.2275199289841423,
      0.02368224329061339,
      0.0671911027851305,
      0.07008687932863368,
      0.2755522162439279,
      0.19128791035467874,
      0.03616525819060344,
      0.19449242977649117,
      0.23479491379420617,
      0.06024784320777338,
      0.23716675291001652,
      0.23789893737331008,
      0.2784514336046109,
      0.2557642074873339,
      0.0379647787982923,
      0.024038429650035654,
      0.20161357223677615,
      0.01151439715352579,
      0.2475648143764623,
      0.26621745497910776,
      0.04662408176855185,
      0.005287455575558175,
      0.13308627224723416,
      0.1646875473072696,
      0.19828282425710267,
      0.06629029471115037,
      0.2493793893799857,
      0.19930690736923812,
      0.058813263636949574,
      0.15932072834936306,
      0.19088318041151156,
      0.2854016180860445,
      0.13812111524290616,
      0.289831575978346,
      0.005695615747722982,
      0.010056609420475348,
      0.27829760735575054,
      0.1382444092997449,
      0.1085866697377764,
      0.12709096657588462,
      0.2978349551918209,
      0.034795006123462466,
      0.09890327318947309,
      0.2567800825278787,
      0.1696480648245386,
      0.239871596140325,
      0.08210523311407415,
      0.2349991219827103,
      0.23645816431513925,
      0.10585799686046202,
      0.25235977676132904,
      0.2538408709014963,
      0.13374808922351875,
      0.21685650532194198,
      0.287631310240314,
      0.17003197492657776,
      0.10376001916732402,
      0.052268395631846244,
      0.04988819019860415,
      0.029575495584052168,
      0.2126848973884134,
      0.2196515572475764,
      0.13010955507954725,
      0.05267672309022563,
      0.22730132255368676,
      0.16697240735940055,
      0.0431712879172305,
      0.055399583090643724,
      0.1502144881707186,
      0.2713980693278809,
      0.21711176625021492,
      0.09866868071696135,
      0.11973528869311784,
      0.13104688597581826,
      0.2566416018723737,
      0.03192560100018813,
      0.07618565087269741,
      0.01597458818939972,
      0.10631940899143978,
      0.07484412926047136,
      0.2905990823458091,
      0.07772127350691409,
      0.1922203017192649,
      0.06760819396445474,
      0.19249395729019272,
      0.21359347457532957,
      0.1422993012421422,
      0.15742114713772182,
      0.19562918076662886,
      0.041313671150475226,
      0.20447596760321182,
      0.2969262510089097,
      0.1558304751453045,
      0.08754204237441933,
      0.166516567421667,
      0.17830310155639195,
      0.19757367334819848,
      0.10186250434253093,
      0.05633658231521917,
      0.20614957418754973,
      0.008252041445962898,
      0.09074575419642397,
      0.13496263247308352,
      0.029429397864720784,
      0.11442613627370857,
      0.014776059538459639,
      0.09966458560408756,
      0.2953777599073611,
      0.1560016399180116,
      0.2802096828862345,
      0.023902888362420504,
      0.01864300027911443,
      0.13242556117781165,
      0.01498171472574611,
      0.25259792914377077,
      0.23450820224921606,
      0.0412906344879466,
      0.2604466998710183,
      0.17820068272919995,
      0.07278715511648118,
      0.28970406036233937,
      0.11968681497204979,
      0.07088958715072805,
      0.2517306290169341,
      0.044077742177972834,
      0.12313739106003732,
      0.0384590059121776,
      0.0132676009544339,
      0.22168766607970103,
      0.0170811944172323,
      0.2552106526789671,
      0.20737093831611855,
      0.06876528725607162,
      0.2900446611837396,
      0.13258018538348895,
      0.061496846365252544,
      0.25497984584906574,
      0.18822586107531936,
      0.14215566981773056,
      0.29158251980945504,
      0.0805256818437308,
      0.2904104865125277,
      0.27909528796463184,
      0.2765057064393849,
      0.27435157816408456,
      0.28345113546683026,
      0.048792139210148674,
      0.13631896495657506,
      0.06077003542144854,
      0.08219418458331326,
      0.0021187151925933343,
      0.2959133950339587,
      0.2794546701979341,
      0.27838827573412767,
      0.03609703511967703,
      0.2270447656903582,
      0.08137226934399125,
      0.12890054939454984,
      0.29543008300745127,
      0.18643744069092386,
      0.015335529594202634,
      0.007326903457025624,
      0.004999322780758863,
      0.2907869438487184,
      0.2095839337395759,
      0.06527810695604241,
      0.06106454099856857,
      0.0567584677504093,
      0.17327759189871686,
      0.07214378846866662,
