{
  "horizon": 720,
  "granularity": 1,
  "priceSchema": [
    0.198,
    0.198,
    0.198,
    0.198,
    0.225,
    0.225,
    0.249,
    0.849,
    0.849,
    0.225,
    0.225,
    0.198
  ],
  "agents": {"h1": {
    "neighbors": [],
    "backgroundLoad": [
      0.2683438319173965,
      0.2958474937229339,
      0.011679515985944177,
      0.10223902408485783,
      0.20562687650474373,
      0.031009999004169595,
      0.13143970916026532,
      0.06941573802801158,
      0.09167783355135457,
      0.06606443397687421,
      0.09441231509707944,
      0.1788676118720726,
      0.14755148111313587,
      0.137330262737714,
      0.24745256731713444,
      0.12484392356590597,
      0.021554372358891603,
      0.09921818380081625,
      0.12185513865789832,
      0.08033842597867759,
      0.17712338528284305,
      0.1292224311093483,
      0.2600676667189432,
      0.22095187113524248,
      0.24381085206642256,
      0.016075263651817637,
      0.016669646177525643,
      0.07424904366463654,
      0.05465869793615417,
      0.2811509459191752,
      0.0925931479729138,
      0.20341499736885735,
      0.061614491285026794,
      0.052418267234654814,
      0.03698936618966401,
      0.14738812545217042,
      0.030975886117533102,
      0.21458687730791612,
      0.12174478692136517,
      0.24056159380793138,
      0.21154127909460302,
      0.13465411513539646,
      0.1546767368090413,
      0.03799177380339101,
      0.11471462934804705,
      0.10874416921664933,
      0.06437381717350701,
      0.039652635561261994,
      0.024606810710732507,
      0.12051558149496802,
      0.1804685487124513,
      0.05816549549880161,
      0.20682332363019612,
      0.03995902960205966,
      0.19890433567004298,
      0.19892792004311227,
      0.010852662810925928,
      0.0602283051265621,
      0.14142856374033216,
      0.27865225789257286,
      0.07104919456644977,
      0.2657918636701838,
      0.2545007376781771,
      0.2878633845010666,
      0.18018330193991738,
      0.2361836808464458,
      0.26554080725154877,
      0.07684273557141015,
      0.280266764777298,
      0.2574745380018271,
      0.031646837471857446,
      0.2631005331999308,
      0.06886401096644022,
      0.15913942983495802,
      0.20565643601446254,
      0.25054201981594576,
      0.08115308345094199,
      0.03480539961057809,
      0.1415600728382231,
      0.11189767532189858,
      0.18863130369711342,
      0.20887409461566314,
      0.012564893270372312,
      0.10026573555824389,
      0.08756170920373536,
      0.2835990790053826,
      0.19210065185683475,
      4.851730050781433E-4,
      0.1478177850751593,
      0.2160429764162827,
      0.20424192625002913,
      0.27456497933631563,
      0.2116796023886519,
      0.15157811149610773,
      0.29741622810196205,
      0.10998969087990265,
      0.09938899608340536,
      0.18441918148619205,
      0.20015162192524769,
      0.26092505072443717,
      0.058845206586952456,
      0.24383959192506738,
      0.025100398601595096,
      0.2294340849090154,
      0.274585698036293,
      0.2090748823215132,
      0.11778402733060732,
      0.13490865419374715,
      0.23987601852139528,
      0.11539773202949524,
      0.24180804485841653,
      0.2711103072548825,
      0.05482915236866813,
      0.19957762894109785,
      0.2805871137875588,
      0.002497900903186256,
      0.17533850400986772,
      0.004473508157424832,
      0.13384210840700406,
      0.26211255659735977,
      0.18138782321577226,
      0.14455828846699956,
      0.08640066947081186,
      0.1790856273458401,
      0.2848105761804174,
      0.2802606174960035,
      0.07375647440929996,
      0.06394957596161845,
      0.2362236953768438,
      0.022308671899524044,
      0.017917390471913975,
      0.1510542366855777,
      0.051571589752229106,
      0.22150172858708475,
      0.08181266554095327,
      0.0845412650678028,
      0.16939194846832897,
      0.04394532489397341,
      0.033502417618393586,
      0.19775871575487344,
      0.017911342042469015,
      0.14625904240801363,
      0.2933035607158737,
      0.16146036231867172,
      0.18205646952615304,
      0.26163583397217116,
      0.18676431536109117,
      0.11759340372896675,
      0.051400084322986296,
      0.2935336546968898,
      0.2362344963633948,
      0.25366422370876013,
      0.23568873930911927,
      0.17317619198058098,
      0.2790177663217192,
      0.07799114531257831,
      0.011150564623963988,
      0.2723817544017019,
      0.21370972612780065,
      0.19434948984483638,
      0.023923716743099652,
      0.2501475066853332,
      0.20362233931373258,
      0.18066335500892938,
      0.1544932554951481,
      0.2611687168664512,
      0.09846024485237992,
      0.1490038322038443,
      0.061258322278766805,
      0.15567074805258435,
      0.1696568487641483,
      0.07268793036343492,
      0.08997955167088462,
      0.20264762209051526,
      0.255993753403567,
      0.08217572727294091,
      0.22572229393739837,
      0.24031310089680433,
      0.022390417241860694,
      0.12421053182715758,
      0.036159515159267186,
      0.20241448637519666,
      0.2893024196059124,
      0.202572455047268,
      0.003927748493562177,
      0.24158915175468373,
      0.26435542523080946,
      0.2918748403597734,
      0.2523508346922879,
      0.06592999008607515,
      0.1257495263851727,
      0.18620089801395767,
      0.1792995621125882,
      0.06287253496012062,
      0.16751679086194057,
      0.25055281245612215,
      0.023311260427098388,
      0.022154235226644847,
      0.18711650267204777,
      0.06280641546106074,
      0.056418775400752935,
      0.026176108082046266,
      0.13328421006359298,
      0.07107343451416616,
      0.2645997919156372,
      0.22600069573647721,
      0.28091186839354715,
      0.1699308291214713,
      0.21901404920437342,
      0.12164552459849354,
      0.20899411995893005,
      0.015155220495743027,
      0.05827334682113267,
      0.24330726611824022,
      0.012281634244455808,
      0.2786655725452299,
      0.17652017766612307,
      0.005886001596012114,
      0.02939824855420463,
      0.02377837916799793,
      0.10260008693262192,
      0.24027238014944452,
      0.11752698242900696,
      0.052277536530570254,
      0.14632516955178101,
      0.25088379449756454,
      0.07685273228850215,
      0.04528948387441517,
      0.14211147964200305,
      0.2417539106357147,
      0.09386685256645529,
      0.2985168790552782,
      0.07565185400598243,
      0.07877836066544944,
      0.1787304600917121,
      0.02951151107006895,
      0.14029096015552622,
      0.22973520816745507,
      0.14581692472687965,
      0.18019120009368367,
      0.25389070045737355,
      0.1224347325821896,
      0.04595493081664492,
      0.13899282040108915,
      0.09855633677425556,
      0.2700020978690312,
      0.0907537701062214,
      0.15389625324824224,
      0.06222286831736896,
      0.1096345893199248,
      0.1515813005904395,
      0.029176239676452706,
      0.29574757381632993,
      0.1663938779813143,
      0.22564071523701826,
      0.1890759715399032,
      0.026957850353663625,
      0.19558899560532741,
      0.25641039767581036,
      0.29480032909460635,
      0.15864491304416453,
      0.29783542553552217,
      0.256511085350789,
      0.12179315172162608,
      0.1419423152877215,
      0.20213693214184145,
      0.07565487738823455,
      0.16694576936576114,
      0.2863450847944109,
      0.0013338007693050047,
      0.09230167033491728,
      0.018107831179068522,
      0.24144304777272288,
      0.021144101666571657,
      0.08300922121529153,
      0.004317424248087531,
      0.2470787203107575,
      0.23540881050689733,
      0.28781111252741853,
      0.19485924846592295,
      0.012641420279113224,
      0.03130243368055533,
      0.028919786253109456,
      0.19803590801318313,
      0.17146449260020377,
      0.23786260133277787,
      0.23964925034800552,
