{
  "horizon": 720,
  "granularity": 1,
  "priceSchema": [
    0.198,
    0.198,
    0.198,
    0.198,
    0.225,
    0.225,
    0.249,
    0.849,
    0.849,
    0.225,
    0.225,
    0.198
  ],
  "agents": {"h1": {
    "neighbors": [],
    "backgroundLoad": [
      0.09098914036182769,
      0.24545966730131052,
      0.028114890595440024,
      0.28116285209221964,
      0.1258606448741482,
      0.11006186847590406,
      0.2987166283347128,
      0.014281011046561464,
      0.2430347426990145,
      0.2004803090025096,
      0.027037930739076843,
      0.28468945338423945,
      0.29180890094320544,
      0.1213397457731749,
      0.20951645094771384,
      0.12408621051710284,
      0.02395931995063297,
      0.09904883467394462,
      0.04079752830549353,
      0.18418579141660898,
      0.11928852608853101,
      0.12181183644894542,
      0.24615765851010551,
      0.06095107930692978,
      0.10886225823162067,
      0.12385349182292188,
      0.20969124617138932,
      0.1657460958786491,
      0.06104310178597787,
      0.05394112686134559,
      0.11242608122648372,
      0.021275498491223555,
      0.12086666248386638,
      0.20696940896800095,
      0.24103825682948654,
      0.09993807952335378,
      0.26275674499296864,
      0.0996444164469891,
      0.203594150751796,
      0.266050831367571,
      0.003888489086374824,
      0.07430352349083907,
      0.17001092722201167,
      0.08368269287346979,
      0.10324162483910525,
      0.09616677359828384,
      0.02941561986216462,
      0.26325252834057766,
      0.10637772592702362,
      0.23674802714855664,
      0.24949435060844485,
      0.1020020237549962,
      0.25972025543661986,
      0.004469952516437858,
      0.013657040191379366,
      0.22497003739883578,
      0.018297002435060883,
      0.06889244810271235,
      0.03371630886559016,
      0.08881282425236259,
      0.014714949762955454,
      0.2723161682834054,
      0.036013922042904246,
      0.23258274109545185,
      0.14902233512577565,
      0.0029924068249605027,
      0.2863629995492751,
      0.13065920033155823,
      0.2143756563454646,
      0.19296543232476954,
      0.272138399633601,
      0.28072636540050017,
      0.2919738161928065,
      0.20896711113727912,
      0.1049020709324079,
      0.09354857238412984,
      0.05288397662852081,
      0.13576093289365823,
      0.22991391897020116,
      0.24995672141637584,
      0.2502131663002505,
      0.2888205277362229,
      0.10206469262113452,
      0.28043861057468705,
      0.004132560771389648,
      0.15276830587054674,
      0.1150986801878611,
      0.04818079500250768,
      0.21793070213419896,
      0.07484088535254037,
      0.237559712667187,
      0.09721651170069597,
      0.07025032956899502,
      0.20882242925304306,
      0.2695628643163245,
      0.2339716996336736,
      0.08581933820905446,
      0.0674381100134528,
      0.2518310938394673,
      0.11228344134734694,
      0.16556156993218407,
      0.2371940534951665,
      0.24745215522456848,
      0.032867991158665164,
      0.29082375377373393,
      0.2190778980968272,
      0.05234110955898379,
      0.09491468637914352,
      0.13285754081706264,
      0.03961895081190673,
      0.0035422922126986276,
      0.09727819188926957,
      0.27533604054268584,
      0.27663021605357396,
      0.05109839204419173,
      0.20402960744295653,
      0.25287160572650125,
      0.25177262728387645,
      0.1832734719407937,
      0.21369816741726272,
      0.20378497052227143,
      0.20895935806349444,
      0.27915084610512575,
      0.10778772379363899,
      0.11885956708824821,
      0.21296754633230996,
      0.14741144765257902,
      0.04622779681315901,
      0.29097008619485193,
      0.006421777246102378,
      0.21351663399422174,
      0.09817013206139803,
      0.03612091633854213,
      0.1649797806935023,
      0.08825822711366889,
      0.1320407868701295,
      0.10051707192549626,
      0.08356338482941784,
      0.17743568942467358,
      0.28287258896264583,
      0.19906899587904173,
      0.290392690336284,
      0.24366773567091923,
      0.09977905205043222,
      0.2344302261904196,
      0.04168586257182903,
      0.04597554773790776,
      0.27891771986179975,
      0.11267449073101249,
      0.13033936700521503,
      0.026633496350393204,
      0.08280989805834119,
      0.27519717456968795,
      0.201082064861698,
      0.27531115422730046,
      0.018012409117743277,
      0.050815598972198804,
      0.15500511254298943,
      0.09558198536031015,
      0.03056884923052525,
      0.28631380942114304,
      0.18770877615442316,
      0.197202902068384,
      0.1578973892911132,
      0.24664753949043458,
      0.08061251630602949,
      0.1252674637843559,
      0.13742782538231546,
      0.05869369636432955,
      0.20888224566563032,
      0.04251263679255002,
      0.20748646569992285,
      0.012116894517876975,
      0.14668642034952942,
      0.2838638349076824,
      0.060260580260164405,
      0.17259534113120456,
      0.27205824569817955,
      0.07177184958338141,
      0.15966607998901536,
      0.2984199885278691,
      0.1658477796511673,
      0.28951533216970704,
      0.03534709905295865,
      0.09572261403969339,
      0.2529848327542817,
      0.21167591477636952,
      0.22236862939293844,
      0.18333765021412318,
      0.14535550745129666,
      0.1499355516756016,
      0.006078992871661637,
      0.011469114158617988,
      0.1718545199397056,
      0.2964200592087976,
      0.19951433982397282,
      0.22900846718560136,
      0.10261557823101046,
      0.25317488290920026,
      0.16292378114215705,
      0.28230591337584837,
      0.11944814515300589,
      0.19554157663892452,
      0.06087929969932014,
      0.0762074955186805,
      0.0685160071790721,
      0.09480943324603792,
      0.24900877988864473,
      0.21920386979424786,
      0.25281958394677967,
      0.019194802092734907,
      0.2628885361757036,
      0.12082206203077904,
      0.0029158294258453507,
      0.03501436818793787,
      0.13458813907979272,
      0.06947280985326017,
      0.11565770655796649,
      0.2086601490667649,
      0.06473776498920553,
      0.033359567642265976,
      0.058873365667440655,
      0.2917985478035273,
      0.17811992354551015,
      0.24727681276970487,
      0.13799638064911268,
      0.2880942057208254,
      0.05133409548187547,
      0.25165254895518757,
      0.05387734968494431,
      0.030234179372723668,
      0.15705234682782981,
      0.22062526907212196,
      0.1654702016788648,
      0.23429012504482583,
      0.10172080989973553,
      0.097722339928689,
      0.21444601640427924,
      0.07261720590822587,
      0.003209246587246395,
      0.13686925561515484,
      0.2516451933549619,
      0.16609754137998853,
      0.17330771785397622,
      0.02522882723565838,
      0.008566402845220178,
      0.05995074415358101,
      0.1422689267717743,
      0.15180804578443505,
      0.1419237636337413,
      0.21638168892335277,
      0.10310461757584323,
      0.1848733343493789,
      0.11168954721786367,
      0.21314295117470253,
      0.12448132745772335,
      0.05581891315235064,
      0.12475395311577853,
      0.23283796656078254,
      0.17599002161622854,
      0.2567167766223556,
      0.25633430275524194,
      0.07028565448319739,
      0.2602770273005376,
      0.29898410061147657,
      0.17106025758434354,
      0.1491946801776979,
      0.016255242164562443,
      0.09810300213804045,
      0.11565015558286777,
      0.1670311230383516,
      0.1821826179850342,
      0.19162864393736365,
      0.13772865553244165,
      0.10440390261547644,
      0.05707052349360174,
      0.23945186427271967,
      0.17025926703831065,
      0.29307337351039386,
      0.06881893689350212,
      0.11572955780847884,
      0.08262451116638807,
      0.23877326084960926,
      0.0014260794821116085,
      0.06161279488649185,
      0.176931661551349,
      0.20370033323340567,
