{
  "horizon": 720,
  "granularity": 1,
  "priceSchema": [
    0.198,
    0.198,
    0.198,
    0.198,
    0.225,
    0.225,
    0.249,
    0.849,
    0.849,
    0.225,
    0.225,
    0.198
  ],
  "agents": {"h1": {
    "neighbors": [],
    "backgroundLoad": [
      0.24568909391798754,
      0.08124948356927965,
      0.1626769053726472,
      0.14418904568125032,
      0.2315259683075204,
      0.09446241584677738,
      0.17173398997584557,
      0.0883727575300049,
      0.26471044433935537,
      0.23812693570150667,
      0.21055390599371326,
      0.2321268001830642,
      0.21192025965464747,
      0.022649340906897842,
      0.2992028425691483,
      0.2394584846169517,
      0.10636045839581901,
      0.031874827427342385,
      0.15726509516363762,
      0.19726639387771586,
      0.17563799476546896,
      0.08336717340815172,
      0.10407883242817158,
      0.19504237300150348,
      0.20807356656536222,
      0.005470757285735817,
      0.2808049282501828,
      0.25424774632328734,
      0.24859668132978055,
      0.27343864684325,
      0.28243832905430205,
      0.27075773819971755,
      0.25474218178748237,
      0.1580528521048246,
      0.2546149062090022,
      0.10637226032335668,
      0.17544174883320668,
      0.24831790112544871,
      0.08641714917476968,
      0.09274151232077495,
      0.16299552864496614,
      0.05274093399569863,
      0.2579897902705175,
      0.20522257085093662,
      0.259045434024305,
      0.1449848497035646,
      0.10794036277553384,
      0.16221847031853973,
      0.22259074855825137,
      0.1365350845274726,
      0.1675856851885553,
      0.19269198797644685,
      0.06410746912746415,
      0.08798823556418131,
      0.13750314503282532,
      0.06250066531315297,
      0.2543285085096315,
      0.2619413958324571,
      0.16050153547387372,
      0.007713128778132727,
      0.0017971687499086285,
      0.2060206476231982,
      0.24846050169707065,
      0.08651353365325597,
      0.032567534847633306,
      0.07818443785427491,
      0.17572040190203445,
      0.18339884853088342,
      0.142210533524209,
      0.14137433145907644,
      0.11600678436375439,
      0.07536226442964701,
      0.1786129587414831,
      0.0745823773932929,
      0.06597881524326617,
      0.28795652582969067,
      0.2623444898932737,
      0.23676911148760715,
      0.25510251337220313,
      0.06312367021014674,
      0.1413280331227971,
      0.17569455082850716,
      0.03131582364096608,
      0.04791720961870769,
      0.051728845044533296,
      0.06828644733933942,
      0.14049955801448535,
      0.051754611048301445,
      0.13169341371681864,
      0.0641757789312288,
      0.1759975871022296,
      0.03735466843283579,
      0.28211263624936356,
      0.18068187481722867,
      0.14479877314591794,
      0.10048476503735349,
      0.07749176857924935,
      0.15695015418606895,
      0.18553413103474878,
      0.026441221220137368,
      0.07170009962702535,
      0.06624439461291537,
      0.16444947066997553,
      0.18244593698329983,
      0.0782997730730051,
      0.22326661650325524,
      0.10553729757486746,
      0.290861366456053,
      0.04625283921057381,
      0.12696906107763486,
      0.2856418943463279,
      0.076990746491101,
      0.1910590969563788,
      0.2855661749017022,
      0.05155662712708232,
      0.03778024263518528,
      0.017999532272375652,
      0.013910766525806294,
      0.12752935556597997,
      0.20786412874408977,
      0.29246187032522747,
      0.23336408923847052,
      0.12088458192834295,
      0.25238971016098743,
      0.2271897016467499,
      0.10696510584588827,
      0.08959394713529163,
      0.09004949778299266,
      0.1059463186874775,
      0.28500309111926375,
      0.1501086193468524,
      0.06938322959092398,
      0.284584062032617,
      0.07473215278367075,
      0.16831385933167484,
      0.22524588598222228,
      0.1331566779040059,
      0.1413786821779671,
      0.06317860411555637,
      0.027525084875197336,
      0.14851013667561766,
      0.28878328367101697,
      0.24904927448709419,
      0.2357529839585748,
      0.14843899775357774,
      0.24081560965205367,
      0.1974931510008015,
      0.1991860309881197,
      0.2756830218874354,
      0.010026310942156157,
      0.1355312595177044,
      0.24769785828850155,
      0.1687712539541065,
      0.2821553959271755,
      0.005479450652474826,
      0.2773085638515472,
      0.055234954555602,
      0.25250589338415574,
      0.13906071825580332,
      0.05580112168074007,
      0.13516013420800838,
      0.12416200915376074,
      0.2398297331667253,
      0.0683392879512207,
      0.13601138239201313,
      0.0035142052649008494,
      0.2760905212081528,
      0.008978831605049286,
      0.2617981011954589,
      0.1611124819740288,
      0.24897368920248394,
      0.061768524555768034,
      0.273406931819399,
      0.004535062470796003,
      0.07429934648342298,
      0.07360471388923627,
      0.17963717064762566,
      0.09312411407439972,
      0.26972561084683927,
      0.23529914237006333,
      0.28964651297613936,
      0.0531245048725966,
      0.04884301825387988,
      0.053248043500210014,
      0.1595269925236734,
      0.1048119318161395,
      0.22277669291390942,
      0.2708639150141008,
      0.09706993119877308,
      0.29339406418909464,
      0.2586165993006245,
      0.28731865931636785,
      0.013852829613610295,
      0.1950105474362045,
      0.21313059616202876,
      0.29630092628410154,
      0.0936009063721671,
      0.20476181396127666,
      0.16333785184260546,
      0.24697362474609444,
      0.27227632913232996,
      0.19267633307282211,
      0.09639876902561952,
      0.020756938347114694,
      0.0654407040780199,
      0.06458887886370325,
      0.022085738406046874,
      0.08349040326511482,
      0.13186983024834006,
      0.2626272133672342,
      0.13609928274952404,
      0.025523367444629796,
      0.06413200897517435,
      0.009668415949034536,
      0.10446231943774135,
      0.04537596833628919,
      0.048529086267935735,
      0.24304796045776556,
      0.09037692833476797,
      0.18292721676259188,
      0.14647910222955154,
      0.12233889755933919,
      0.22345791042321117,
      0.2937292236759733,
      0.107091693604086,
      0.12145065380538024,
      0.14938346835529837,
      0.18263874798664823,
      0.11023167447047133,
      0.2339763349968215,
      0.08306565411652389,
      0.21663381954003963,
      0.22138367358310151,
      0.28786835886688533,
      0.1242042609403296,
      0.17788395862096754,
      0.024513556401156867,
      0.1454757147162208,
      0.11165285157930911,
      0.15970957180896653,
      0.14299688341558628,
      0.1972207460041822,
      0.07848515322302858,
      0.073245258456325,
      0.11868239548805114,
      0.14954456472341607,
      0.12598559037399457,
      0.0675557003320547,
      0.008331502460942409,
      0.009236522167947302,
      0.25448489054315904,
      0.19268099492821786,
      0.02532977835894693,
      0.2104743609622228,
      0.2081805928500491,
      0.14399948608441004,
      0.19521104823090152,
      0.18822347753406785,
      0.2134380671938175,
      0.13641049984960357,
      0.030897838700954458,
      0.2852717046858774,
      0.028598654938429557,
      0.1224269319340443,
      0.2750582518112823,
      0.1251389981592005,
      0.20882416981660912,
      0.21179890402644339,
      0.18478226428681593,
      0.07568798193211779,
      0.1494050146500155,
      0.26512105624740845,
      0.268814162143895,
      0.1435958972751547,
      0.0442089890970559,
      0.2667289681936687,
      0.10062675256425539,
      0.045442276105664835,
      0.03927782222449314,
      0.06766312972765175,
      0.12331157169160223,
      0.04895243749866258,
      0.15195565947355727,
      0.2590224756559197,
      0.03872604935664348,
      0.10270653561210769,
      0.0784193292617963,
      0.0813241261733496,
      0.2061388993626724,
