{
  "horizon": 720,
  "granularity": 1,
  "priceSchema": [
    0.198,
    0.198,
    0.198,
    0.198,
    0.225,
    0.225,
    0.249,
    0.849,
    0.849,
    0.225,
    0.225,
    0.198
  ],
  "agents": {"h1": {
    "neighbors": [],
    "backgroundLoad": [
      0.1975657517877829,
      0.05239887128177421,
      0.19832987993716014,
      0.2243388343605726,
      0.22359353313211638,
      0.22145953411156888,
      0.04657279745387015,
      0.02877127578055509,
      0.23670774591017302,
      0.23726797208058975,
      0.1672713740529556,
      0.15928137947501445,
      0.08448308529848592,
      0.1494290422180978,
      0.06409099515573172,
      0.206023281884596,
      0.2495087602166534,
      0.22057467400784345,
      0.19594317010241288,
      0.2681041459207618,
      0.2692309164676484,
      0.12104737058858628,
      0.19994568579900154,
      0.26299739260105454,
      0.29859673904530226,
      0.04574136565813057,
      0.25762842704874495,
      0.14005226708459054,
      0.012712702034442424,
      0.039091993724255446,
      0.2479259877345835,
      0.02401982155270258,
      0.13782445491951423,
      0.1080267467539237,
      0.09278916810703272,
      0.017077315478260312,
      0.22484967182210733,
      4.7387715511847394E-4,
      0.07482250771491451,
      0.26914754323353096,
      0.256087552299353,
      0.01884609836045108,
      0.2451513401681142,
      0.1664642290588284,
      0.07453990214487091,
      0.23861241579101752,
      0.04742749695935465,
      0.2595884680604766,
      0.11844360448187412,
      0.19134478815940878,
      0.0725895243344604,
      0.11713627147225114,
      0.19077834613218214,
      0.19768611633769426,
      0.11525307370655337,
      0.03528605604664287,
      0.01288462357023742,
      0.14277293753535053,
      0.09075645581267185,
      0.29020186653481067,
      0.2775799831400981,
      0.26594697076739143,
      0.05757219518619264,
      0.2705151666179543,
      0.140617353916316,
      0.11104208242908233,
      0.21155002947862403,
      0.17666187852456025,
      0.18495943182484206,
      0.04166648251536614,
      0.0781544162393896,
      0.02476282820459782,
      0.05144038674348663,
      0.16668014328006914,
      0.015413414184122454,
      0.2953289419297276,
      0.15112323143150408,
      0.2098449822042833,
      0.16221623158253282,
      0.04878436211738852,
      0.2232371884642461,
      0.11723451902604987,
      0.20061831701090058,
      0.09270851619158994,
      5.810941972125061E-4,
      0.14443131181002095,
      0.08886995019817327,
      0.21477981132122964,
      0.04601175598919744,
      0.1848923159631726,
      0.18234670188999255,
      0.13567291743074686,
      0.17945121506375275,
      0.17760539542418954,
      0.0679941736182488,
      0.06796383537346976,
      0.05483588543708667,
      0.12323430959829944,
      0.09056642625608498,
      0.10282002060198525,
      0.17548168239871184,
      0.1294398936965515,
      0.09324687471257033,
      0.27481433163097474,
      0.04452733680153643,
      0.1267985043456615,
      0.13438486411178766,
      0.03271053239860746,
      0.23762942426906003,
      0.10461273281555546,
      0.07923910235743332,
      0.07220730189344483,
      0.28997135022149056,
      0.2969613042740672,
      0.2368419050762923,
      0.14302452221288972,
      0.08175937478122143,
      0.24949184485833725,
      0.28240345586230436,
      0.19602246228904394,
      0.17814944490621284,
      0.044716032842547326,
      0.039347819563398855,
      0.19455701570706577,
      0.2706430664942391,
      0.2712779555928266,
      0.07985870172790636,
      0.11912853796908766,
      0.11653991737540405,
      0.09723210918048394,
      0.18157041037973498,
      0.18920981481648275,
      0.2680087577153402,
      0.1938743270221212,
      0.09309960301010071,
      0.29213841482796066,
      0.29859707719845735,
      0.05040715574073683,
      0.1836641363550975,
      0.15964114778424598,
      0.19736492394360083,
      0.22875113237660383,
      0.11221573134054522,
      0.008097098077559994,
      0.24084054014847872,
      0.2359032381397088,
      0.05811247462503361,
      0.14628392705271193,
      0.06660318755636775,
      0.2653739240373456,
      0.05287423472599873,
      0.12947276540062636,
      0.16994212351448398,
      0.15736097263276322,
      0.2647110604535728,
      0.08192761616967753,
      0.16736503383440463,
      0.25932006907365035,
      0.13304326773754502,
      0.05921920571668565,
      0.05676473861068708,
      0.060314625526141225,
      0.07422736209438867,
      0.13706929274399765,
      0.0646602447862931,
      0.021436342950941756,
      0.24021051475716065,
      0.07690849829841424,
      0.05333476128688858,
      0.07349970478054564,
      0.11518869262561511,
      0.04825439448336598,
      0.16601920450109733,
      0.16041297761786066,
      0.06888352436873156,
      0.2104518236603061,
      0.10849070318988799,
      0.006697457471454026,
      0.12213842718958673,
      0.28071992076825303,
      0.14677596802367357,
      0.27360033201886635,
      0.041107680133349554,
      0.14363623161308964,
      0.2556364182750719,
      0.0391648195246303,
      0.2710420499604175,
      0.04948143317213098,
      0.26781661370284043,
      0.09522322367795122,
      0.030422569002592603,
      0.20512405412960844,
      0.22456968356247703,
      0.28296355980474686,
      0.2843929851103628,
      0.14205388976811242,
      0.26257831463654263,
      0.09310021642863825,
      0.0277761146455884,
      0.11006214243382569,
      0.06378970391064882,
      0.16365449532687376,
      0.1122129118942839,
      0.2366261502995468,
      0.27240133520742604,
      0.07317289858724099,
      0.13853058357424558,
      0.13023635696629107,
      0.16566729352062812,
      0.006391720824668523,
      0.026459023848743855,
      0.19522288645047012,
      0.21543921971277644,
      0.0884772355269804,
      0.043130890300339064,
      0.0667363748316963,
      0.2833987342502905,
      0.18743057650712508,
      0.06142196438158136,
      0.21098805153614206,
      0.08838874028096311,
      0.0063371738999817625,
      0.23938143450145394,
      0.2263177592818804,
      0.0445674150504189,
      0.09617024483740698,
      0.2821429521091818,
      0.19771330022549538,
      0.010334914368876668,
      0.005451639049961787,
      0.04119564567254989,
      0.007243158201956489,
      0.17748113846100746,
      0.16722086547872303,
      0.13157029463743194,
      0.08036856093060969,
      0.03240507526327058,
      0.23067746668066474,
      0.29493963073484925,
      0.0943239323399465,
      0.16005547765876263,
      0.28962158058853554,
      0.09054077773575735,
      0.0799558760663179,
      0.08495106120900021,
      0.036875299599586575,
      0.15175386120919757,
      0.16619609602452948,
      0.035532918392108356,
      0.2735562438195429,
      0.16035971020724032,
      0.095880453974072,
      0.2799118101231041,
      0.1703357398609162,
      0.19453376552533747,
      0.14855754131239765,
      0.19394053512650347,
      0.2578682068975756,
      0.051569531709431356,
      0.23527586691678817,
      0.11061351533300166,
      0.016825605101982565,
      0.2778564554149186,
      0.023887264731365775,
      0.15539986910654943,
      0.14570263040238843,
      0.21204730797050503,
      0.21421904927944627,
      0.01168453960747211,
      0.041683926387938115,
      0.1586200499758689,
      0.2947478015673281,
      0.1660066513125599,
      0.11113011217592907,
      0.2865956576071426,
      0.10216119227415184,
      0.16944824731574426,
      0.2043693068237438,
      0.2390858265532143,
      0.2480911547232229,
      0.29177020687498745,
      0.2530185887833822,
      0.2597969929790741,
      0.2746021782493904,
      0.1591139439102414,
      0.15594199923037197,
      0.08256952817722125,
      0.04812782730442574,
