{
  "horizon": 720,
  "granularity": 1,
  "priceSchema": [
    0.198,
    0.198,
    0.198,
    0.198,
    0.225,
    0.225,
    0.249,
    0.849,
    0.849,
    0.225,
    0.225,
    0.198
  ],
  "agents": {"h1": {
    "neighbors": [],
    "backgroundLoad": [
      0.25152581928014045,
      0.2251893829852783,
      0.26718695680831406,
      0.14526178243938132,
      0.16090714990428395,
      0.1181255876533458,
      0.295565499352545,
      0.24846648680523756,
      0.18587921458572276,
      0.25180119086024577,
      0.09646485714377002,
      0.07342111448345376,
      0.08975951303072273,
      0.26187604944297915,
      0.14167545063361595,
      0.10326230048336492,
      0.00913740867940489,
      0.28551317610708593,
      0.19851587301844098,
      0.20165889835216386,
      0.2633458610595236,
      0.26415865844088515,
      0.21879854595352535,
      0.14126576523897225,
      0.07287874389517635,
      0.03718196398194524,
      0.25924452467881326,
      0.2853949036301407,
      0.139616093200404,
      0.0436943965706015,
      0.08345859945595537,
      0.2903795707235717,
      0.25923976734334686,
      0.20026795938249856,
      0.26853826464117725,
      0.005675427648739462,
      0.12020814251306938,
      0.2317334524610196,
      0.2275847144464254,
      0.019419189125379977,
      0.09172958326820609,
      0.06077117031524218,
      0.16843705204645812,
      0.17791081954563173,
      0.2968869890695001,
      0.1480555507728134,
      0.2054659873880978,
      0.09231170986933354,
      0.0735413332465409,
      0.042747246717105176,
      0.020553563280512454,
      0.1743932718725668,
      0.04460850955326932,
      0.2852155917532312,
      0.2860771079079604,
      0.06493699392720499,
      0.1079578925581471,
      0.05278103081037284,
      0.09072558789306719,
      0.28277319142086454,
      0.23013792160836619,
      0.2799743549734721,
      0.06643714774977184,
      0.09067060793728016,
      0.18540570970523737,
      0.23191162303708351,
      0.14164052674962227,
      0.2320721447159205,
      0.2538075550933073,
      0.09425122225439547,
      0.10094191691081468,
      0.13354126529968194,
      0.24357747708234512,
      0.23424606922807506,
      0.18764037654097218,
      0.23630826895685303,
      0.01984064776896065,
      0.1905365218489127,
      0.09271137004582224,
      0.08605891063034239,
      0.18701899397360158,
      0.1287399350041157,
      0.21725601838518058,
      0.2786934440097826,
      0.008362021678893338,
      0.24219685058549606,
      0.15286062836808836,
      0.27086963614630655,
      0.06450721158723247,
      0.16078540819630233,
      0.12797314367988696,
      0.16042762099765262,
      0.19585978269845009,
      0.22110382150540445,
      0.10722444868388949,
      0.28635439994825695,
      0.045061854835422153,
      0.09419459719991846,
      0.23659839445645003,
      0.258112726450951,
      0.18159082538726545,
      0.20589810222195695,
      0.12857706365916993,
      0.12161174505136191,
      0.28445229968563857,
      0.1853233929752179,
      0.1122337274911446,
      0.25676805448415185,
      0.05984560934480884,
      0.13526918727738554,
      0.15177268274181813,
      0.08824931884400586,
      0.21116800762018675,
      0.17051190147414894,
      0.1686887226084663,
      0.12380207827020474,
      0.09270953484117156,
      0.22780754995590122,
      0.08548819650480739,
      0.24056920516807367,
      0.27150558389067486,
      0.2410970404919544,
      0.23280961853212132,
      0.1010006817736092,
      0.29032036598810634,
      0.12321982670017449,
      0.09750893929119066,
      0.06953480559582717,
      0.21408474624472265,
      0.27632224026173885,
      0.07077737209482843,
      0.21420497443472308,
      0.10985745904491985,
      0.2850224448088917,
      0.19127765079311568,
      0.22675242861995437,
      0.1118615726530792,
      0.11514191371973215,
      0.06735153303505648,
      0.287637193237384,
      0.12330882579985382,
      0.051941111643850346,
      0.1874425730047937,
      0.07208408644220723,
      0.12152842612998975,
      0.05746095775652775,
      0.23903062738716732,
      0.19523731666586105,
      0.25451988563479494,
      0.16805392788517795,
      0.2736919956691379,
      0.24817713566149313,
      0.12027992404966498,
      0.27655021057316603,
      0.1497890237415904,
      0.09733757227400297,
      0.04548773894375595,
      0.28230646383283836,
      0.1387503816068887,
      0.010388434934623159,
      0.07195335168332828,
      0.02745527651888463,
      0.10751488259565836,
      0.17757018087775325,
      0.14260657595760123,
      0.23650719632382983,
      0.21012658089151484,
      0.21819823315262826,
      0.154898523948012,
      0.24632080404235973,
      0.15463437641938718,
      0.005908092308489321,
      0.15965616694752294,
      0.2012931931231816,
      0.00530903712470202,
      0.06708460312082115,
      0.2833492574161525,
      0.24809948560574202,
      0.2944698273028661,
      0.1313898805191244,
      0.281242641824894,
      0.2553055695892939,
      0.18084127460024702,
      0.022568115275191824,
      0.222466195662453,
      0.10209793041905608,
      0.18818294052237536,
      0.14960353112881009,
      0.035225197046136456,
      0.04039988905457643,
      0.1216736098597144,
      0.15962316103840926,
      0.24220214971997203,
      0.029264740130804844,
      0.16309956840869663,
      0.21850239341044347,
      0.26176888165398704,
      0.09943467246017047,
      0.1892362360932613,
      0.26445837093797714,
      0.23911046085595702,
      0.004377124800586263,
      0.06311473923266778,
      0.21694954295830945,
      0.27023416612479473,
      0.001704046937716952,
      0.024771471894760245,
      0.08113302387264261,
      0.264198002375694,
      0.012929295678998554,
      0.14636091215730232,
      0.11644690728491996,
      0.01577687086525561,
      0.21049877572876993,
      0.0031361429113523132,
      0.2870274067528021,
      0.20327923287874125,
      0.2251574111298484,
      0.021891221589035746,
      0.11165834227127942,
      0.06996262797383426,
      0.1727498758240929,
      0.23294850782989973,
      0.06604622582941276,
      0.2957741851563255,
      0.13669900322278455,
      0.024181257751307705,
      0.2349240950653623,
      0.2021935814018547,
      0.015001503386038872,
      0.07512678980860261,
      0.14184633599500746,
      0.06492474844480796,
      0.05285509473105084,
      0.29545136097100544,
      0.09756701777487244,
      0.11260711607919102,
      0.23801194814818105,
      0.21199477264690225,
      0.13954297500078025,
      0.2582258762539872,
      0.22889602614408366,
      0.20343770712861522,
      0.23175614038520959,
      0.05064606138197699,
      0.012824171590390909,
      0.04527888077960631,
      0.03650695389773218,
      0.28003251693325715,
      0.04727469297242892,
      0.06571715946774227,
      0.2782724662156343,
      0.24418908680849763,
      0.22441133999071478,
      0.10849612553648888,
      0.17562060887583725,
      0.2891037705969874,
      0.29668953432965406,
      0.2440480231951335,
      0.18765868793939355,
      0.2141007153150563,
      0.2344703276485466,
      0.09597597122725197,
      0.19842716398069526,
      0.07656761119423257,
      0.0705773420599455,
      0.1287117248692542,
      0.0016699303510134377,
      0.05754206234656062,
      0.17979533972651474,
      0.027979578241465086,
      0.0773124725141787,
      0.29138334024820994,
      0.0958102446255222,
      0.06939124576687904,
      0.22576306681605604,
      0.1612484408685365,
      0.2805652201711933,
      0.2628131949300709,
      0.27710766987888247,
      0.2276367310579858,
      0.28184191597217784,
      0.08693110805636131,
      0.10955061632384339,
      0.13366874952551358,
      0.25621643004523537,
      0.26139795349749756,
      0.05220807965379569,
