{
  "horizon": 720,
  "granularity": 1,
  "priceSchema": [
    0.198,
    0.198,
    0.198,
    0.198,
    0.225,
    0.225,
    0.249,
    0.849,
    0.849,
    0.225,
    0.225,
    0.198
  ],
  "agents": {"h1": {
    "neighbors": [],
    "backgroundLoad": [
      0.03178053219943735,
      0.26004631128101363,
      0.09110724043071801,
      0.007120326785770559,
      0.17762226854825397,
      0.06604805273368579,
      0.22704861833655426,
      0.1115755234029995,
      0.01795630518868745,
      0.10441365033734658,
      0.17156510132250977,
      0.12347097695630067,
      0.24216698467267694,
      0.20747466526667066,
      0.06413326353234862,
      0.0969252451342264,
      0.12369259351852346,
      0.18537407392591154,
      0.17264156779649362,
      0.058014263769395454,
      0.1064875755836426,
      0.2287352912167805,
      0.07799533812778973,
      0.11697413762386054,
      0.13670824649134453,
      0.23748441230082667,
      0.289036169079454,
      0.1698288329672187,
      0.21836333341806075,
      0.04399268612913371,
      0.2941135606646957,
      0.1263431808968785,
      0.18493110647730715,
      0.009319453138093447,
      0.06151680943104961,
      0.03592050510571123,
      0.2472272072147987,
      0.06200978343968391,
      0.149254883843515,
      0.10307981849774657,
      0.19417577668010239,
      0.11482517020039845,
      0.04028887032819049,
      0.2881907039193606,
      0.2727163773030231,
      0.16505721239754806,
      0.1151361176184667,
      0.18998948746441288,
      0.038470925952952206,
      0.28418839927742806,
      0.07779318584264468,
      0.08021477984418421,
      0.18438222574973503,
      0.003318043843409024,
      0.1531473414340661,
      0.018817444468709477,
      0.09512646810246404,
      0.2579286099487698,
      0.20424248525573013,
      0.20292982982457508,
      0.018135508348228444,
      0.2981480521120216,
      0.23141871446454507,
      0.01874424542666072,
      0.2828147209186121,
      0.1580542063686517,
      0.052904518984019454,
      0.08367143049022355,
      0.2065850103975147,
      0.06465257837882506,
      0.0753288327025758,
      0.2379386336736516,
      0.07572849488102726,
      0.15664860420725435,
      0.07392687133614956,
      0.26103319537857805,
      0.22772571310536344,
      0.17360875798683398,
      0.18562048528798852,
      0.18489446816139446,
      0.19359051653623224,
      0.14025793337454892,
      0.06656322566491117,
      0.10598949308731279,
      0.14375785244839734,
      0.0926033998327477,
      0.043151382172885985,
      0.07943279358813772,
      0.2561135542615249,
      0.27401837886921926,
      0.16104519523310404,
      0.2639006183866626,
      0.01884657485108483,
      0.1425131437920772,
      0.23356384389977658,
      0.29758063279420494,
      0.2937286311558831,
      0.0780987263788488,
      0.10029131488946326,
      0.06984203240672328,
      0.2162855739485396,
      0.2745723282870788,
      0.28800557842416014,
      0.20061448804924484,
      0.2596828220868622,
      0.029526750059419758,
      0.19798709163211778,
      0.07496440410745706,
      0.2668274408869643,
      0.11489093847849954,
      0.0013320222718936625,
      0.18545612179162582,
      0.2798816399808878,
      0.22490228852471847,
      0.1770164880407724,
      0.1377171326732226,
      0.18413865745518473,
      0.16723003823094423,
      0.10111763289333997,
      0.2724935872249909,
      0.173581992638728,
      0.18426045290663912,
      0.14906982027504587,
      0.05674567744093725,
      0.28712529419327637,
      0.014178314383310341,
      0.2453110444992509,
      0.23506699864695946,
      0.06284553404028473,
      0.26056481313553714,
      0.0889110864156155,
      0.1534925972041223,
      0.01834238871628675,
      0.20784982793151277,
      0.026320884220218242,
      0.09254018976063863,
      0.26065620715855475,
      0.2855127157110649,
      0.2452517915619648,
      0.13215545065305373,
      0.23416157616404656,
      0.2282131094451083,
      0.17244143035018136,
      0.011990308075898038,
      0.19789201237656456,
      0.22656802443630272,
      0.24167981891037882,
      0.06383228300164585,
      0.031708096501468774,
      0.15949481342734226,
      0.11014467332871906,
      0.006804378624401908,
      0.18248514238139338,
      0.17530075275622486,
      0.2549266764257781,
      0.14247085176811553,
      0.21831700277245658,
      0.14262419089478326,
      0.07144871873096809,
      0.09402400786410843,
      0.07988667894458108,
      0.0012466688195604035,
      0.23041769558687045,
      0.02912497276892336,
      0.29746709297466245,
      0.09260166390263204,
      0.11035298294040792,
      0.0034990842992554173,
      0.072156172217846,
      0.1828939056332031,
      0.11522675004393806,
      0.2612045007498333,
      0.09900429606326881,
      0.2831755532607715,
      0.06312872380477334,
      0.21409932357486802,
      0.0973205488039814,
      0.019384701796541604,
      0.20476124084998798,
      0.18036723485044173,
      0.18537385526184502,
      0.24053488715708504,
      0.1405726747815078,
      0.22426970882264602,
      0.2842177456389429,
      0.22039315226550796,
      0.11905736651531681,
      0.13346024608546442,
      0.145489564370705,
      0.07517460924146795,
      0.1728952007029006,
      0.2688038793198373,
      0.02902378728029198,
      0.20843694577481917,
      0.2806609859552759,
      0.04237674479464926,
      0.08428898080205406,
      0.07095159841256535,
      0.23155946829652446,
      0.2101617490931009,
      0.2364525974704522,
      0.03496107626379217,
      0.08773805868877062,
      0.2521634790405929,
      0.2948018703077804,
      0.03065210529340786,
      0.14461790812665903,
      0.1711614371708279,
      0.16638446798601633,
      0.04819723349536468,
      0.06772875462958428,
      0.022091199116300485,
      0.233867749704044,
      0.17265300935644232,
      0.14278210733104565,
      0.060358980072243724,
      0.07104957756470183,
      0.1004831265209677,
      0.11568181728854506,
      0.24193104999765122,
      0.09335490985632688,
      0.12242360936851224,
      0.13879507518715317,
      0.18727442259854454,
      0.21551244413095083,
      0.08796951695264285,
      0.04103197941011309,
      0.09272054200376952,
      0.17387388413609126,
      0.24937154487954521,
      0.1969128296483961,
      0.06129215427436743,
      0.02221101429863077,
      0.24476870714396495,
      0.15205264891370998,
      0.22033133276063768,
      0.17754752396462206,
      0.11474512215565387,
      0.19788319822209627,
      0.027002371528950207,
      0.1778154984652571,
      0.12688872087738,
      0.16237651266372244,
      0.07222085023656528,
      0.2609520607283501,
      0.191616469538762,
      0.2910120814739014,
      0.13108686323870267,
      0.15951149344910803,
      0.296916504073612,
      0.15716245956905625,
      0.043852516187781694,
      0.036418713190738604,
      0.18794812933272145,
      0.24729735791132465,
      0.13687492943960694,
      0.20427616505488005,
      0.052130678652530425,
      0.036339455307099346,
      5.621721790513012E-4,
      0.19096787617158625,
      0.0383082607866133,
      0.2453866772942875,
      0.0038132280489722725,
      0.08656856901428957,
      0.2387090064120847,
      0.09115437566292978,
      0.09920936467749406,
      0.2762750139155802,
      0.10275179066708935,
      0.16064559382425866,
      0.24058117722380037,
      0.21582281516754262,
      0.08306574664061547,
      0.16415827203346517,
      0.2523615652819724,
      0.1942297312452533,
      0.27680958643068976,
      0.2313975916869177,
      0.28558012733460153,
      0.09692363303477576,
      0.1784805527034114,
      0.2489423463698275,
      0.17820504989035904,
      0.2166303719719428,
      0.2775183283068776,
      0.03860714566746654,
      0.2349512152564103,
