{
  "horizon": 720,
  "granularity": 1,
  "priceSchema": [
    0.198,
    0.198,
    0.198,
    0.198,
    0.225,
    0.225,
    0.249,
    0.849,
    0.849,
    0.225,
    0.225,
    0.198
  ],
  "agents": {"h1": {
    "neighbors": [],
    "backgroundLoad": [
      0.2158462176768541,
      0.011287181492410203,
      0.07017627206885575,
      0.1347168269266491,
      0.15236332211988832,
      0.10942055497125505,
      0.0737574392540718,
      0.08871968954793676,
      0.17212654898628016,
      0.07167977453597478,
      0.24695944690153984,
      0.2306754154198735,
      0.2330538266426513,
      0.2804562117744861,
      0.2350283213059726,
      0.13487955700974344,
      0.15629786054301711,
      0.1619170310018222,
      0.2665941046144289,
      0.04609179891040196,
      0.013884066306386578,
      0.10166088417802142,
      0.08761162055954666,
      0.08411771855020331,
      0.22035553297058724,
      0.06919464381268339,
      0.14795639134907726,
      0.1983682049941743,
      0.1481706333970599,
      0.2751250127847418,
      0.24650160949532934,
      0.0598031976958674,
      0.25869812500861805,
      0.11036620290893003,
      0.2747765601966699,
      0.029928419235928226,
      0.039301466342681175,
      0.2186843248993065,
      0.05456719856617424,
      0.27118679189576494,
      0.1311176858407958,
      0.0019309807537273849,
      0.043440219663520886,
      0.2909915068001015,
      0.17687745552327822,
      0.20223411206187192,
      0.20410851172632724,
      0.06818771362419426,
      0.025180020568996896,
      0.24098950038482617,
      0.10787933231193957,
      0.13760615532255804,
      0.20844118833830397,
      0.02357692411101655,
      0.24947684052784233,
      0.1696040645103668,
      0.2407546923537452,
      0.033338451353216746,
      0.20763865450137586,
      0.2544584323818348,
      0.013498100269695711,
      0.1270070001107103,
      0.15641455976727706,
      0.26212454260632045,
      0.29794080401370876,
      0.1472999152027615,
      0.05698658972346155,
      0.21039796510133915,
      0.20286454526754258,
      0.15548346423837528,
      0.23069517506240014,
      0.2761108696491312,
      0.08474132526745716,
      0.21930693391661368,
      0.20147150262318678,
      0.07150107587660376,
      0.036686674940349606,
      0.1331201220068769,
      0.20062763740140405,
      0.19528814863791324,
      0.22596817237796027,
      0.15921906999524527,
      0.2258821686535737,
      0.2637834004402437,
      0.17175784405938663,
      0.18277460196553735,
      0.13595643640128183,
      0.16418147280060583,
      0.1452953159767663,
      0.18657588853415408,
      0.2771591432446267,
      0.05949645843121334,
      0.18479145413185272,
      0.1681216699034595,
      0.2105548803967686,
      0.06158238528152574,
      0.03679420500465452,
      0.06409729580778768,
      0.24033074162887508,
      0.13074854553923462,
      0.15850519232559918,
      0.10601466003587133,
      0.07410267691792935,
      0.026662205176715293,
      0.028259183788358844,
      0.07485450349679243,
      0.28337365758116184,
      0.07694929038534568,
      0.0560084597624844,
      0.16099409505372697,
      0.282404140150153,
      0.27654500170721313,
      0.027775335348257133,
      0.022189241985429573,
      0.03141971540888736,
      0.28429345369507014,
      0.1124496844828921,
      0.01980372028967051,
      0.22942050394828434,
      0.20315567101719248,
      0.15231514835402823,
      0.25369536246140667,
      0.2171753583113652,
      0.06475171871427336,
      0.05226098648559302,
      0.04362492027005927,
      0.02623832601691942,
      0.07778984477841784,
      0.20109259691578849,
      0.16328448321743141,
      0.21994505745600643,
      0.07880586627162874,
      0.09218372861919813,
      0.22507773604161554,
      0.08229379070932133,
      0.12103965589605598,
      0.21386910895872638,
      0.22317163687323688,
      0.26020561081808713,
      0.11071784677178977,
      0.1346688375897965,
      0.0026467400577377064,
      0.0036073723355725226,
      0.07515798152253121,
      0.0371937197378963,
      0.017613202275875293,
      0.25844887721053744,
      0.27711563757740026,
      0.20651398420381709,
      0.0894494657555389,
      0.23619092430707087,
      0.15514616117557073,
      0.012386067540277578,
      0.2627507371340296,
      0.02556809396209184,
      0.1488037906551134,
      0.1280695684581081,
      0.2544588862194752,
      0.18160955198248604,
      0.24429951574241482,
      0.12905353441272666,
      0.056882044465333056,
      0.29567799294295466,
      0.24518493606737463,
      0.10921699794963213,
      0.2663986007091093,
      0.16661446665024357,
      0.24197933706749986,
      0.25539992992814614,
      0.00955321286515387,
      0.24780405987218215,
      0.1728702184864985,
      0.03438419729692753,
      0.1478232320821237,
      0.2558330254884456,
      0.034113217795986035,
      0.023423187973384996,
      0.07967488908082507,
      0.2739399275341631,
      0.2841177031827572,
      0.2778400872204424,
      0.18147154452937173,
      0.27347349207895605,
      0.1479853572051104,
      0.06298719465837299,
      0.20495059078214242,
      0.06342193806976991,
      0.17717676144017508,
      0.16335320212655488,
      0.29666150680518816,
      0.038439974354948676,
      0.06296910021296671,
      0.09379825734375485,
      0.18776057509693395,
      0.043616914852848576,
      0.1891958377139282,
      0.07406837086539142,
      0.22405644618391027,
      0.017657853412324277,
      0.29022490584495775,
      0.13852240256559767,
      0.0271083856353747,
      0.1973269213366756,
      0.041426298204578105,
      0.20731981668680624,
      0.06493234794531934,
      0.13857023408436195,
      0.10608686304906335,
      0.285598959356684,
      0.08607183082120935,
      0.1558115960221362,
      0.2711908968404546,
      0.24748589590886472,
      0.29604750814476233,
      0.06272543454771776,
      0.20320407993019388,
      0.0066157858977344275,
      0.104240765141045,
      0.292933406678627,
      0.04358965182311387,
      0.04509756475289629,
      0.14551244730697607,
      0.13539612514584892,
      0.12973198497430158,
      0.11469843489665779,
      0.02845964336719261,
      0.14996326294699464,
      0.23636972344245363,
      0.164051872997688,
      0.2077527318130507,
      0.19376980709349337,
      0.023498789401640418,
      0.033910378593491816,
      0.21497144898932738,
      0.16497055819412645,
      0.24527154652686325,
      0.2600819834934866,
      0.21111184133802352,
      0.1797289994637312,
      0.27975993026737866,
      0.1702507638314841,
      0.09854857014450916,
      0.06253837252307294,
      0.295054450041927,
      0.29232851355739803,
      0.051581250596552095,
      0.18211473434627626,
      0.22039387524714346,
      0.06655466376086812,
      0.10532674081105083,
      0.11503533510848188,
      0.093690493456834,
      0.17310287060484875,
      0.15735099012585704,
      0.17753402473255037,
      0.19671841144221996,
      0.282454522268456,
      0.2989275246887275,
      0.22381337034879992,
      0.24922943433533018,
      0.121847561437542,
      0.18451858061276222,
      0.029370842183796597,
      0.18765878316729634,
      0.197153123710975,
      0.22861087345672737,
      0.19814078567705784,
      0.1915326156572675,
      0.14037328778586497,
      0.10408174649009318,
      0.29565271292903356,
      0.10944557785057023,
      0.16209703053635083,
      0.00952845585299622,
      0.2640318954114188,
      0.06196747710858099,
      0.15533267745445772,
      0.11040224649686929,
      0.02414525419561766,
      0.05796465079088235,
      0.2851134388237168,
      0.0953170690064394,
      0.289527724219339,
      0.29851493723924993,
      0.09421375195612276,
      0.2280450762758752,
      0.13681351326410068,
      0.03510136893791372,
