{
  "horizon": 720,
  "granularity": 1,
  "priceSchema": [
    0.198,
    0.198,
    0.198,
    0.198,
    0.225,
    0.225,
    0.249,
    0.849,
    0.849,
    0.225,
    0.225,
    0.198
  ],
  "agents": {"h1": {
    "neighbors": [],
    "backgroundLoad": [
      0.12749043984857852,
      0.11797261425236558,
      0.02856442748649944,
      0.10147681575839129,
      0.15182396479459712,
      0.2577234991201164,
      0.2192019170406124,
      0.1163860090008696,
      0.03548058887725185,
      0.25852380472761577,
      0.007717043351429675,
      0.06080776741170846,
      0.18382888387384397,
      0.28936287935662464,
      0.023578827064549467,
      0.2668299152731886,
      0.23063236539446524,
      0.28594788303520885,
      0.1565930636451129,
      0.16414279338994417,
      0.2093659409292472,
      0.2095593521370747,
      0.20025261009172432,
      0.18109702695545918,
      0.14394031856404393,
      0.16883065602904004,
      0.2187713968404339,
      0.08395236864327246,
      0.15232196794145464,
      0.25899384488424176,
      0.1613869208409837,
      0.11270333523226954,
      0.03492907929075817,
      0.23728261870366815,
      0.10964559829478726,
      0.05724287105651205,
      0.23512222022585158,
      0.17441038598066616,
      0.2031647540077245,
      0.2733590668490902,
      0.026173450893239445,
      0.033475602211936024,
      0.15050719686242162,
      0.04049489242175116,
      0.13057951553214686,
      0.06580543712901067,
      0.028980504485499013,
      0.2546868189099842,
      0.2261828200371375,
      0.1561439385837469,
      0.17040396299403354,
      0.1323731382622791,
      0.20051660413270447,
      0.08008327206210807,
      0.09797789905233856,
      0.16010636117312296,
      0.1369495137034078,
      0.011325575069140125,
      0.033241793707078506,
      0.14365696572043737,
      0.1094194512969562,
      0.10407231502870173,
      0.15358661483481453,
      0.28039188121780334,
      0.1595893497086658,
      0.21917974041115226,
      0.13475332081320315,
      0.14308238969290174,
      0.21491549186134815,
      0.055918323527595,
      0.10504768417179165,
      0.0453246435281482,
      0.2866423509969022,
      0.17564335610876788,
      0.07490291599584113,
      0.028602875676045702,
      0.15752551309260335,
      0.13150088191034398,
      0.17606115677435663,
      0.024696141491526245,
      0.07000013997176416,
      0.2953900131495813,
      0.29589567200140715,
      0.08976703993191372,
      0.11731151906641135,
      0.26898533310882894,
      0.16300762791992174,
      0.2622388068198104,
      0.17042198998052802,
      0.21870307993961705,
      0.16156197196532265,
      0.24968985335440227,
      0.09082631995454202,
      0.22938239353316203,
      0.06686011625179868,
      0.27549245939852235,
      0.10223615161900412,
      0.023256353007995213,
      0.2860349925599846,
      0.05226107184274876,
      0.16242206217048383,
      0.2380403255477409,
      0.12258967824958045,
      0.26670649210099895,
      0.09487356002448691,
      0.07431005843472939,
      0.10723096657593434,
      0.17483195646354702,
      0.24079810161659965,
      0.07223653289574854,
      0.2680236395468598,
      0.2610051518606505,
      0.1833901777854555,
      0.22864275668839018,
      0.17429502605329744,
      0.15821671811390484,
      0.23775020872823585,
      0.00292010048926582,
      0.19626481021552683,
      0.11873412921362603,
      0.2152273184498468,
      0.26874604136603336,
      0.27507121421277664,
      5.234647488895017E-4,
      0.20390943333787817,
      0.15542459609947298,
      0.09298816300738083,
      0.12481119168084168,
      0.2594698067949052,
      0.07761807800429416,
      0.08299140047881677,
      0.2876275330047051,
      0.1184076943987437,
      0.2564917865463044,
      0.12540018596412433,
      0.02810930579071751,
      0.2645589468083423,
      0.17701729705757527,
      0.11569650600369207,
      0.2879521667353921,
      0.03385846495291722,
      0.08958043932983534,
      0.13638208935089444,
      0.13995311452478423,
      0.16991116577514567,
      0.014307983092079445,
      0.18986989756737088,
      0.08410362239060287,
      0.2979592941026421,
      0.15859545124816557,
      0.12938845014570266,
      0.258396265683606,
      0.06660482298872535,
      0.22653573138780342,
      0.16353969538126453,
      0.026867127637318966,
      0.008554935940577624,
      0.05132017189412734,
      0.10729347774372956,
      0.205637405346013,
      0.04775133289582948,
      0.21177238775788695,
      0.22030956625317455,
      0.12801082746218323,
      0.02518518408373015,
      0.1413432553088525,
      0.011672729199884468,
      0.0212730203111522,
      0.15183199961190103,
      0.1729602655574472,
      0.03906150774483164,
      0.06633100972895291,
      0.12292511450635361,
      0.2433356700541396,
      0.2558479247355572,
      0.20813934209513862,
      0.02206958235733345,
      0.0785877072398548,
      0.039979179689917266,
      0.19637000185278694,
      0.22833012234064518,
      0.07332414533600168,
      0.060243558673993114,
      0.02004583761628955,
      0.13686581332128397,
      0.23228520275655234,
      0.20991114722810733,
      0.15205836012216908,
      0.029677023625476584,
      0.20390222393459276,
      0.015290919453609164,
      0.12045719250669422,
      0.2227143612427272,
      0.27324412354319183,
      0.14873051101147697,
      0.2736464275068377,
      0.28862777298853926,
      0.28765122463965587,
      0.14417221602522995,
      0.25431553017933306,
      0.09439947643472932,
      0.18853854655693966,
      0.09034884752236817,
      0.05767225805467691,
      0.0890535620572267,
      0.1471647671445753,
      0.17287424736392973,
      0.22383391042017278,
      0.09378766807049443,
      0.006541001308397076,
      0.29682565164609204,
      0.11391386212272514,
      0.053868494002286924,
      0.27483343733754806,
      0.15039641410082136,
      0.14501061566727688,
      0.0024224614145538447,
      0.270658114118246,
      0.28116484045687523,
      0.20414376270948165,
      0.025787620039444924,
      0.27466433941181445,
      0.2644812540078717,
      0.2867779730864519,
      0.20777054826327127,
      0.018626824999551695,
      2.5143359231010186E-4,
      0.04452169261864077,
      0.2190910269487359,
      0.11345952055047864,
      0.1859472166887147,
      0.14825319784689198,
      0.02382098778032484,
      0.15891768951909893,
      0.16154539066219806,
      0.059521945168329746,
      0.15835760418218212,
      0.2939678992664304,
      0.07420886579939998,
      0.011909131646242554,
      0.09109671612049354,
      0.13179040898295194,
      0.17177985131851073,
      0.20973802938544026,
      0.16711792252413193,
      0.015331693109453447,
      0.1146264278483593,
      0.2182228283970169,
      0.1504527556321014,
      0.1823117814289017,
      0.2573966135005036,
      0.2177588867713354,
      0.01727725927600927,
      0.08181116956755143,
      0.05623135430401077,
      0.08755944430985325,
      0.11091831230994573,
      0.19744936310846994,
      0.018982518560315874,
      0.287870442966655,
      0.2589864379809326,
      0.22188249002754445,
      0.2931969078264885,
      0.08672389184037578,
      0.0036042655888678943,
      0.25242999938097616,
      0.03028061067519304,
      0.20510996137820273,
      0.00798640404684734,
      0.18745502789336466,
      0.15423042283965238,
      0.2975368567279704,
      0.12436417328475399,
      0.13214437150774125,
      0.2802264414689848,
      0.09015074408606129,
      0.08818356028319817,
      0.15103171094344894,
      0.04059702272878096,
      0.2669609448068737,
      0.06289546045614494,
      0.12095402532876715,
      0.09186174269540022,
      0.07877067222648255,
      0.19360275813339317,
      0.04912577759515405,
      0.1561627258247367,
      0.04150697401237282,
