{
  "horizon": 720,
  "granularity": 1,
  "priceSchema": [
    0.198,
    0.198,
    0.198,
    0.198,
    0.225,
    0.225,
    0.249,
    0.849,
    0.849,
    0.225,
    0.225,
    0.198
  ],
  "agents": {"h1": {
    "neighbors": [],
    "backgroundLoad": [
      0.1331986873584158,
      0.24510023191089808,
      0.09061806610491793,
      0.01526310783784972,
      0.11119393656283884,
      0.2684504364862891,
      0.22360992825061063,
      0.05613701611399217,
      0.034531425821274477,
      0.07666048518672834,
      0.09673183480049781,
      0.26074165991098813,
      0.2783963855077546,
      0.15266397947738877,
      0.02161596991002721,
      0.2108816945624892,
      0.10077051568185698,
      0.11703982882317568,
      0.05956766843180855,
      0.0662323076511603,
      0.16226935966231754,
      0.09578936860629518,
      0.18036116808364433,
      0.09236528098861686,
      0.23829981885766027,
      0.21816644260854537,
      0.13069343122147548,
      0.24723618427356225,
      0.06355560417302347,
      0.1379774554522916,
      0.24582540751055837,
      0.26429513029479823,
      0.26255000413712537,
      0.012926977489864233,
      0.07941237756589481,
      0.04637655000869965,
      0.18803730292193802,
      0.2620422309395892,
      0.01733618718381927,
      0.21352162911852055,
      0.2621643871451005,
      0.21619765510670788,
      0.05678737471756326,
      0.1387998600097009,
      0.07344055535181913,
      0.2469558089801497,
      0.12512148429375625,
      0.2879684482191335,
      0.173472990365688,
      0.2767605223538307,
      0.15514628363949365,
      0.16807884371431336,
      0.17634326399284098,
      0.11849215241298135,
      0.025653501355936924,
      0.1524307290456423,
      0.05178556582674162,
      0.23860360304837208,
      0.10412728594431389,
      0.04077411209102586,
      0.06376958798204202,
      0.05334911248712689,
      0.08349628945932225,
      0.21589025113821325,
      0.2625789144350479,
      0.07746735157875757,
      0.12982573683912024,
      0.12880186506345748,
      0.045429646426493615,
      0.0280802584450863,
      0.09417791270887534,
      0.07024178248712772,
      0.29100725175678327,
      0.1415687051928034,
      0.10427401792817657,
      0.05297663850753887,
      0.10101359744441962,
      0.03557819873095732,
      0.039192188100187784,
      0.27617254608461633,
      0.21311168847837403,
      0.15956639171916817,
      0.09236893109147545,
      0.2729549048168247,
      0.2905898637195406,
      0.03765699434803077,
      0.056282232784628246,
      0.16472143437927683,
      0.24660876208346735,
      0.16779422724906004,
      0.11793591097189345,
      0.14145433453508835,
      0.2396040975554108,
      0.08843040608305038,
      0.04082482549717864,
      0.004334087342890402,
      0.2807816674157299,
      0.1598261385963021,
      0.10369423233130169,
      0.0644108212208201,
      0.06611328064540652,
      0.15085313385277174,
      0.281423975513002,
      0.04630067131727323,
      0.1674293614531078,
      0.1863791862809294,
      0.05816769752076958,
      0.1599608869211641,
      0.20292694478052822,
      0.20819360362529696,
      0.24373782232139188,
      0.2521673291834591,
      0.03499498813649996,
      0.13577090813133094,
      0.17739460998074894,
      0.2820225557983397,
      0.16835649916808554,
      0.02289961413384195,
      0.03891732147587211,
      0.26890744692635166,
      0.030219628987379274,
      0.25912245185818256,
      0.13928152938295568,
      0.2437524851521289,
      0.27802409844753306,
      0.06677845772740837,
      0.24929741380158546,
      0.20928929548174594,
      0.15798465275155316,
      0.2424521808872382,
      0.23261520703982666,
      0.26600807313897396,
      0.22354677413157104,
      0.2859666424600593,
      0.12338985670901671,
      0.012598826078709668,
      0.22230649637018698,
      0.08018979617931933,
      0.2972965098420615,
      0.00985187909544336,
      0.1424350137339578,
      0.05053101595618328,
      0.13028748754240968,
      0.20107199587599547,
      0.22441584979035067,
      0.04283994348069274,
      0.08832743170768431,
      0.032153727416153785,
      0.0398206804856992,
      0.22976698365892612,
      0.07149464488261283,
      0.2054628320322771,
      0.025485509699360143,
      0.14697165395585418,
      0.2696733153145804,
      0.19934802559638765,
      0.2132091842765233,
      0.29353022411630747,
      0.28418058533611534,
      0.008397826666585173,
      0.2755445519643686,
      0.2711005949590301,
      0.0881552605716231,
      0.0882350143721717,
      0.24081211125673083,
      0.19431876418913854,
      0.10811810343325626,
      0.034456546464911565,
      0.27648151434352053,
      0.049240313415419186,
      0.058418910183908185,
      0.17080835865841473,
      0.21520469697214734,
      0.010861457498944871,
      0.06034678404771357,
      0.25001386655659547,
      0.17916107770245907,
      0.15726960617062558,
      0.27379142894599706,
      0.1100613759785087,
      0.043066030238150976,
      0.2989818063091686,
      0.18103578458473454,
      0.004793429073558742,
      0.21264099710339254,
      0.03288796699567712,
      0.2598684808462347,
      0.1548594888073309,
      0.013135562162602287,
      0.006627094432890124,
      0.24650625752846275,
      0.07215361846437358,
      0.2701321827193101,
      0.11253185865901612,
      0.2498942932054513,
      0.004469560787589566,
      0.10173570270453111,
      0.038841600002220866,
      0.016010244777925762,
      0.2403489476834457,
      0.26188669553172916,
      0.16359240977965986,
      0.008727540730920325,
      0.18371232918405403,
      0.014021333120867518,
      0.06731356799980086,
      0.2838657222397734,
      0.06477100851583587,
      0.11948413242651684,
      0.15754921106202305,
      0.0241207070705744,
      0.1597258632077627,
      0.27059119287629424,
      0.2562360366744496,
      0.18731646485485512,
      0.003536290428064015,
      0.2977437763394062,
      0.06333592896128391,
      0.031179852495363758,
      0.2633016737883524,
      0.2510437172747092,
      0.13662159822805944,
      0.04299258828338191,
      0.17791846190324737,
      0.07404672253189933,
      0.0784197253096789,
      0.28658983556164636,
      0.12754871918731567,
      0.05878547019405014,
      0.0031539503201074457,
      0.21819358659738636,
      0.17369444704407366,
      0.08785270893201771,
      0.011693631925310876,
      0.07012163376920093,
      0.16430224263857682,
      0.24844644406343602,
      0.27517774902081316,
      0.10617121622573435,
      0.26281734363741155,
      0.07318243964697294,
      0.09196610283528946,
      0.008686858588691991,
      0.015583334775081592,
      0.19192565368902262,
      0.16772725160699886,
      0.030378115459757625,
      0.16336778478516711,
      0.22054091569927037,
      0.23045194338842656,
      0.10530902974339992,
      0.11331782111687638,
      0.15424271791506303,
      0.09614946513525181,
      0.26590829401823324,
      0.13184480149398806,
      0.08921252177700019,
      0.1665572015560921,
      0.2277529770528445,
      0.1153841269094328,
      0.2133767298576205,
      0.030561029048124275,
      0.006260906933701648,
      0.06397451730451739,
      0.002918754538401591,
      0.2406888505489133,
      0.1996544793169001,
      0.21010287496940674,
      0.07318056490097466,
      0.09275499557283018,
      0.27395290813740664,
      0.21540531059970697,
      0.19958599412455327,
      0.16838603442832697,
      0.1311755495745363,
      0.16659248419540076,
      0.03877451556133704,
      0.15132035558759266,
      0.1432693902550368,
      0.014377041892248065,
      0.0032917934526051963,
      0.10950585317381746,
      0.2556823673401105,
      0.24686169154386453,
      0.034923597588197165,
      0.01858108503234356,
      0.19269808148226225,
