{
  "horizon": 720,
  "granularity": 1,
  "priceSchema": [
    0.198,
    0.198,
    0.198,
    0.198,
    0.225,
    0.225,
    0.249,
    0.849,
    0.849,
    0.225,
    0.225,
    0.198
  ],
  "agents": {"h1": {
    "neighbors": [],
    "backgroundLoad": [
      0.2349702305360496,
      0.032810209171814854,
      0.21070794020376982,
      0.08255181269916607,
      0.27022047092835716,
      0.18833470687164208,
      0.10970782807614507,
      0.12756553574710394,
      0.2322395894701418,
      0.26009955977897653,
      0.14741471200888423,
      0.21967445839392571,
      0.1586888892244511,
      0.006378816577232283,
      0.18975321326926248,
      0.11601728781244819,
      0.10087109658409774,
      0.14466744069739623,
      0.049299769468703014,
      0.2704972454754785,
      0.1990307028952673,
      0.2996922758747202,
      0.12437396822209454,
      0.2785046902433515,
      0.10107156341121042,
      0.11254307830925499,
      0.16038094608978923,
      0.025128433347489775,
      0.18567090372086753,
      0.1709178097669186,
      0.06059846864293186,
      0.22153463949257937,
      0.27114799434211584,
      0.2215073908028248,
      0.14808430477198833,
      0.21706816829551875,
      0.26283968043692607,
      0.27339612695701687,
      0.10911618439635869,
      0.2627060923685143,
      0.06170412067905427,
      0.13531057377981462,
      0.01667612741458252,
      0.29415455218499853,
      0.04908464731670219,
      0.2045185144381437,
      0.05199650544757373,
      0.18541700175797235,
      0.14007523052380375,
      0.037335385907907644,
      0.2009608262254128,
      0.07017075130129032,
      0.2893618578991498,
      0.12292716012800808,
      0.21232097224378463,
      0.06955731090868628,
      0.10022164108064656,
      0.19386579219089037,
      0.1278119650287782,
      0.11938132095187709,
      0.16333774735637402,
      0.12874779534682868,
      0.20629645262109494,
      0.11471528133214014,
      0.28646375574498495,
      0.11082053780215533,
      0.26601980220719296,
      0.21162567259207593,
      0.08419493208363461,
      0.22034473316025907,
      0.03425386222657751,
      0.26596184662070205,
      0.23509072579302503,
      0.28883199867795484,
      0.242780122562243,
      0.08816335705044077,
      0.23137722605682196,
      0.2985126562286423,
      0.24542560037917138,
      0.24000913909322932,
      0.26274375318084137,
      0.298961625911034,
      0.25906683784400975,
      0.15943159139618143,
      0.028748314373525895,
      0.26794954093607143,
      0.052278316804380054,
      0.17610308728207513,
      0.1263096170301294,
      0.05445494457475527,
      0.18138757336161876,
      0.129089775565372,
      0.03637481124941686,
      0.007453840071910866,
      0.23150583907519987,
      0.1285264645543738,
      0.28236431891857433,
      0.16706690954773162,
      0.04728969598353242,
      0.0975039595432094,
      0.22728969645140384,
      0.2042851238288712,
      0.1474768273858302,
      0.2000156652484452,
      0.2648643428733373,
      0.23765660933603128,
      0.06555492581104316,
      0.10801751960839524,
      0.2645560210637551,
      0.17012454603741847,
      0.20276607310883543,
      0.222364420779532,
      0.11330381738171301,
      0.21528412313768544,
      0.2614872842085231,
      0.18086274419536974,
      0.14257068411723833,
      0.16046323949006996,
      0.11019013771510204,
      0.09288314497017908,
      0.22328430640254504,
      0.10655162855478605,
      0.05510961886488706,
      0.2919504947015035,
      0.12348168696991148,
      0.026892929319610546,
      0.21545901844003526,
      0.25940507603455004,
      0.11723227101301978,
      0.13688886517198715,
      0.10287161092100451,
      0.29029772348955746,
      0.002050616614915435,
      0.2995045068833777,
      0.2223313955538995,
      0.2799471033072473,
      0.09208595252757847,
      0.15596254098222517,
      0.10254665873281003,
      0.13835806236317602,
      0.06379003838714253,
      0.2780820979727285,
      0.08386600203351648,
      0.15022618340712265,
      0.015013904490346786,
      0.26935660524985,
      0.2615577466147731,
      0.2524745358453066,
      0.10964966211270437,
      0.010942892774442946,
      0.22986622203573978,
      0.19770344992058994,
      0.04487349728947587,
      0.17310683108449987,
      0.24661321085590646,
      0.27295504307291246,
      0.00567447839226144,
      0.25403454634943046,
      0.17154442700211897,
      0.11210894423483841,
      0.2528434262013617,
      0.19358988426260365,
      0.059896592857114635,
      0.16105858448231863,
      0.005024798998207736,
      0.270345967522886,
      0.09308029469387677,
      0.14227935120040636,
      0.2964021587248942,
      0.12352064191653381,
      0.16914090811070942,
      0.12100245962228151,
      0.059055239774518827,
      0.044335740456731776,
      0.026792343737979306,
      0.26979313868438193,
      0.18671327496338028,
      0.20212280904715266,
      0.23128666367811246,
      0.03846791421524058,
      0.08102442886002709,
      0.05855233611622115,
      0.22813947095529333,
      0.050408338642703006,
      0.24818998434320597,
      0.17912239274403055,
      0.07065905107468645,
      0.11474452350108233,
      0.2903955345256945,
      0.2167293575733128,
      0.2216646001618426,
      0.044724610412434425,
      0.006862260934352249,
      0.05249542573226529,
      0.09177116299565953,
      0.21038476141904425,
      0.16771945925250087,
      0.11286300317411735,
      0.20450748170221547,
      0.0021195653358958566,
      0.28955239606518984,
      0.2506488272092515,
      0.19976114368676723,
      0.2438598901607011,
      0.20183672719808718,
      0.14509491615702308,
      0.11401881497544754,
      0.2976416088309242,
      0.2423313446326114,
      0.2876759476571943,
      0.0276503364976838,
      0.024283579857178883,
      0.29930631339371466,
      0.05637119741128807,
      0.16528409926802903,
      0.26829491379238724,
      0.0776325613653085,
      0.014221340118334968,
      0.10402469889874963,
      0.12012768067019447,
      0.24285965513055083,
      0.21534976325543878,
      0.10251868802332133,
      0.069125756940614,
      0.05604875111784413,
      0.29833941559307064,
      0.19586276113791593,
      0.01189736805454641,
      0.15988217819398906,
      0.20493530198528112,
      0.16584762432159586,
      0.04618652169436952,
      0.047685313203031654,
      0.21582557503730682,
      0.11232912375817829,
      0.10184132719626912,
      0.016511798497313622,
      0.05796884892525299,
      0.25591326246456647,
      0.11263871207300918,
      0.04688865527039876,
      0.06787684958069838,
      0.18209201479874354,
      0.25241482069886695,
      0.20435168682578808,
      0.056566197286863316,
      0.24583756437970883,
      0.138154031169279,
      0.133760159568033,
      0.23466642236167207,
      0.10662261133956406,
      0.07550503878326567,
      0.027280500788796156,
      0.288250459456367,
      0.25058915637182994,
      0.2658135299205277,
      0.05973494868897325,
      0.05241332539714081,
      0.13139264115824775,
      0.2079943901639004,
      0.1940821930159269,
      0.1270365624238642,
      0.08777853179064156,
      0.29012075021773426,
      0.029503661773377963,
      0.010654763251380083,
      0.2522279586027031,
      0.18673793950037557,
      0.14482558460837847,
      0.13310911418327923,
      0.20759071107873792,
      0.05142400448632204,
      0.2217890744014364,
      0.21025251186117985,
      0.13426894831591454,
      0.19956366511766593,
      0.11755664215744537,
      0.1696303838507654,
      0.08409237828526589,
      0.11164597053698387,
      0.14500413139969837,
      0.29519419642043226,
      0.07430535511879362,
      0.20925696489767356,
      0.004869901303796186,
      0.08478139817606124,
      0.06136899332483667,
      0.20410820584139608,
