{
  "horizon": 720,
  "granularity": 1,
  "priceSchema": [
    0.198,
    0.198,
    0.198,
    0.198,
    0.225,
    0.225,
    0.249,
    0.849,
    0.849,
    0.225,
    0.225,
    0.198
  ],
  "agents": {"h1": {
    "neighbors": [],
    "backgroundLoad": [
      0.24015758310909277,
      0.16385688556929098,
      0.1810531419535619,
      0.23130078444923113,
      0.20338171133095287,
      0.17285996449459437,
      0.2389149683199177,
      0.1921142518669384,
      0.1092679443393388,
      0.07245775247528265,
      0.016496404965742794,
      0.13052384322707283,
      0.15896212988056715,
      0.0683753038504394,
      0.2738988701812142,
      0.23926519096760904,
      0.04420063059411082,
      0.29919717304051535,
      0.12577460977569258,
      0.29513220021165765,
      0.1153839625034124,
      0.1723019981865881,
      0.07108726703752963,
      0.07975263004391898,
      0.1349774275511409,
      0.2852292424525432,
      0.18054583889198345,
      0.22321764786448853,
      0.15857840629659517,
      0.23649429830967156,
      0.25347321689432756,
      0.22069679013796098,
      0.148506554240501,
      0.05050378457989051,
      0.12541910061945197,
      0.041996198396429395,
      0.0967475886905729,
      0.032938878917037506,
      0.21267818613034326,
      0.17023462861747515,
      0.06651483780016937,
      0.04958836706547787,
      0.01152193634994605,
      0.02403385483259671,
      0.2748709098462257,
      0.09364539154338329,
      0.2237023368532654,
      0.2648984517376343,
      0.03803672008192207,
      0.15082487553332294,
      0.08841130014744396,
      0.1331873905462692,
      0.2791378138155007,
      0.22149412157068993,
      0.024470373471353446,
      0.25162264821561764,
      0.2351351684661181,
      0.0631652427608302,
      9.594768850108348E-4,
      0.2337768054499461,
      0.29566398123024495,
      0.204747609230213,
      0.25079123473106024,
      0.28883135502495844,
      0.2659185319191672,
      0.10770368661034266,
      0.18108353478176883,
      0.05389642366867124,
      0.0477509888424792,
      0.2940369945958123,
      0.13003575979042745,
      0.19631640983092796,
      0.20810862225280297,
      0.2866582321860089,
      0.23660067227828466,
      0.23362638461386204,
      0.038255042246744385,
      0.09537002409248099,
      0.2643732452170735,
      0.1693571402265154,
      0.07963632894705032,
      0.17755728189869519,
      0.1499218847923438,
      0.14450240287743935,
      0.015433364736064836,
      0.2280125287520498,
      0.14311773432896732,
      0.1840557538246112,
      0.17985134784321577,
      0.27669584145935167,
      0.21265704074035538,
      0.19895330973264927,
      0.27604993747862777,
      0.09571600906078301,
      0.014125274909194617,
      0.14103978812695642,
      0.06118704241893347,
      0.08241687795628592,
      0.29033352010771146,
      0.1476574476657159,
      0.20811211704375845,
      0.05476949817965382,
      0.2481089741893662,
      0.2869515627105539,
      0.2554582005048984,
      0.23709713348764117,
      0.19761528606128304,
      0.14193386050422782,
      0.19736637223621364,
      0.2052738266700979,
      0.16810408459412926,
      0.20120015500181912,
      0.1098549180161334,
      0.19921779759368052,
      0.1681372801938325,
      0.07774931947593526,
      0.02362221552704209,
      0.12480808521724579,
      0.2585688276036362,
      0.22628122220494937,
      0.09669610069534058,
      0.003256182315667444,
      0.2903497609252275,
      0.2533072728609663,
      0.18575440455465106,
      0.10707175266568152,
      0.1762982471614516,
      0.2007908267563319,
      0.2240475705333017,
      0.15310754348707928,
      0.025995270427326633,
      0.10080566873634762,
      0.009464244016629385,
      0.173541888460644,
      0.033979054806886975,
      0.20337287928670003,
      0.07234574386467771,
      0.2379645687405167,
      0.03585373013855592,
      0.10164216974855825,
      0.07088757791997594,
      0.07378811950850074,
      0.20268018214597433,
      0.14354443596955954,
      0.19266987531788565,
      0.10743218672550782,
      0.009607288082022658,
      0.0884862295031129,
      0.09891413596052519,
      0.16288473878384294,
      0.12400575173664097,
      0.04430143282903247,
      0.13937173261032954,
      0.13037013565963515,
      0.1238050019819704,
      0.21644043300951682,
      0.03121057077238608,
      0.2913199347875151,
      0.1744178808130592,
      0.06076445389873942,
      0.1967475790818025,
      0.1512401875530795,
      0.03715479885892784,
      0.10860450071497631,
      0.12673911402044813,
      0.2590947134887155,
      0.2274059588288932,
      0.19015820820429116,
      0.2664439806966559,
      0.13324925340222876,
      0.15738979943665268,
      0.2000125515182772,
      0.2875649797226165,
      0.09060290089403243,
      0.1514659308921061,
      0.23228641244557766,
      0.09448069796763471,
      0.18861141911896215,
      0.1962507395839831,
      0.009166733493789802,
      0.2124062500515876,
      3.754282048940349E-4,
      0.09170324376719204,
      0.23547306564528236,
      0.12047911692816277,
      0.2716871921968123,
      0.03403195482121731,
      0.11936057769421676,
      0.15003995140594384,
      0.1224390593255498,
      0.16243987323216202,
      0.11711926453219586,
      0.17709655260564539,
      0.14904536583266212,
      0.09094155197593254,
      0.1524724181974478,
      0.12976795395777518,
      0.012787014771299886,
      0.15239228424631193,
      0.12146840097373901,
      0.016337219591871465,
      0.2996084258227187,
      0.2631968495239394,
      0.006352293077116489,
      0.2583444174964345,
      0.16895863188581076,
      0.017205218150004864,
      0.1000945674454778,
      0.2144094993631367,
      0.00777237574772589,
      0.24360833167771256,
      0.13012645336340678,
      0.29562813932274074,
      0.18999739402704796,
      0.08763481293480398,
      0.004583245380471957,
      0.16661418937307704,
      0.05316243431160023,
      0.27401995371274857,
      0.05589086012185688,
      0.10286477166881816,
      0.03873456273657446,
      0.055995381652997334,
      0.03136230947809824,
      0.03847152160428796,
      0.25451477880268425,
      0.2461415948697628,
      0.22531852053399448,
      0.022830533917689876,
      0.12092980131802293,
      0.26996736270989424,
      0.20571122868029404,
      0.24904124633943606,
      0.18042740713819455,
      0.1845673624286313,
      0.24987578657574983,
      0.2610397351746544,
      0.12813227701336324,
      0.25729084663937196,
      0.12028784711290318,
      0.23701338171142183,
      0.29312255488890837,
      0.07588396223269728,
      0.04966930219269285,
      0.2623838246346161,
      0.014690342349846985,
      0.08407094215481677,
      0.12092538308867185,
      0.2792396175439097,
      0.001629182208508262,
      0.06622650320382278,
      0.22559252332018356,
      0.2007831900944639,
      0.10554310229479436,
      0.1336924111552415,
      0.19924870428432462,
      0.04735845058706443,
      0.17388296344238233,
      0.08049686233087554,
      0.18971521578359693,
      0.038791617475256224,
      0.151993438879552,
      0.24854406517078764,
      0.09018521335486007,
      0.26787912609311837,
      0.011540186965413179,
      0.07829344773413212,
      0.1603766390271002,
      0.10790384053825189,
      0.1428726697450286,
      0.051754691257993035,
      0.25577810262432205,
      0.14219482984669257,
      0.08943974875927421,
      0.06739562312060106,
      0.02806881019095705,
      0.08313909138254219,
      0.14576432604635078,
      0.2823150022100699,
      0.2424411679863372,
      0.06899273504303075,
      0.15887742404185176,
      0.25368784947544687,
      0.25933254438665515,
      0.2211823158011006,
      0.24807344316088223,
      0.08745558589283127,
      0.2925244814949268,
