{
  "horizon": 720,
  "granularity": 1,
  "priceSchema": [
    0.198,
    0.198,
    0.198,
    0.198,
    0.225,
    0.225,
    0.249,
    0.849,
    0.849,
    0.225,
    0.225,
    0.198
  ],
  "agents": {"h1": {
    "neighbors": [],
    "backgroundLoad": [
      0.2725105946955198,
      0.11073377601003274,
      0.05628939904210148,
      0.10562083216080626,
      0.24986070491500526,
      0.2976080747159143,
      0.21151731533990098,
      0.17364110481287873,
      0.05788633956953251,
      0.19110218110528995,
      0.09732048780465591,
      0.213838511552384,
      0.09264116315836148,
      0.04223222431393525,
      0.25911417474576326,
      0.23925537544925085,
      0.04481027269527462,
      0.09822153479050882,
      0.18966958431651978,
      0.13746290777878925,
      0.19535166337259766,
      0.041812800721469964,
      0.2393542730087892,
      0.2720236758510151,
      0.07243636275273141,
      0.2206252259287005,
      0.2000139666686594,
      0.23345728874596192,
      0.10386336343635238,
      0.12505915970456194,
      0.21703949366956707,
      0.1580368847207653,
      0.07445988506922822,
      0.011628977774672533,
      0.13170395348227154,
      0.2975173972428722,
      0.013226542190713774,
      0.041977286017110114,
      0.2452995745592452,
      0.12983768003536952,
      0.18910846107535836,
      0.2893754878425755,
      0.2308132901216963,
      0.16230393359204973,
      0.043662811890305055,
      0.21628352492818825,
      0.27232297599496746,
      0.024718736723994172,
      0.23322627357946063,
      0.03621205059405663,
      0.06875913286774049,
      0.2222105845093817,
      0.1435253347080675,
      0.11970285316164364,
      0.1259098342213977,
      0.023157124203634537,
      0.21388488559561572,
      0.2235590352625778,
      0.2674025826839017,
      0.22936938355991976,
      0.2471611878914121,
      0.11642745860107959,
      0.2810546064918653,
      0.2389858622803283,
      0.1740961961123003,
      0.24120970780736406,
      0.015296157114370134,
      0.12871936665325492,
      0.14588530036135985,
      0.27608352668070585,
      0.20435929721665738,
      0.06610736952771724,
      0.15170372427302029,
      0.29947427112174024,
      0.052316707631607846,
      0.028192223984692663,
      0.24743850748615687,
      0.19642789241308656,
      0.29042663579820716,
      0.02570139290365405,
      0.03456740700975384,
      0.10441004542257402,
      0.04394113053713713,
      0.09515904890186828,
      0.2726137905821096,
      0.19879883135361942,
      0.2576336893480978,
      0.2331953920930004,
      0.28325057329211806,
      0.02649188442089361,
      0.2664630769668581,
      0.1287161508359901,
      0.20669954527928566,
      0.010751876014820005,
      0.2547249586381354,
      0.2981762001266255,
      0.0671764591514565,
      0.15704420589447657,
      0.20258345916893597,
      0.17032705274751508,
      0.24289196449051498,
      0.1381030811829703,
      0.022669306017400248,
      0.13538004960520839,
      0.09831502106552122,
      0.1321215512915716,
      0.10631552151526462,
      0.12689638891569746,
      0.2510136675539767,
      0.2746627518236744,
      0.0725042113517898,
      0.11710690727283185,
      0.2966691763495812,
      0.07328768989163245,
      0.04720922279657791,
      0.0681724066149051,
      0.04808286033505867,
      0.15113863185055046,
      0.045761534464162354,
      0.21729892527873063,
      0.26287318937032556,
      0.29648873184868424,
      0.06550244375669885,
      0.29911730332676856,
      0.12386804175162332,
      0.0052046613112262325,
      0.21449689895782106,
      0.11510684076813303,
      0.2676688260157468,
      0.03378776552083807,
      0.16728333014049385,
      0.10990446906555894,
      0.07470054216299567,
      0.24589121160653887,
      0.07832471673957749,
      0.22432567234641546,
      0.22263203264103368,
      0.1883050837466411,
      0.007925382258282121,
      0.0625265537857572,
      0.13036709272368893,
      0.011492298090997765,
      0.04605383728953555,
      0.13237448446409902,
      0.24825028118351597,
      0.23204646708608911,
      0.20909194865371453,
      0.13948066092330108,
      0.012034573766241318,
      0.2559899980743888,
      0.1328034547377351,
      0.21650746918944896,
      0.2798434232802766,
      0.03615358541382032,
      0.03814888149707022,
      0.10447445101729289,
      0.24677348060957427,
      0.13418622708091074,
      0.2284165721886331,
      0.20227209931851617,
      0.04391137968700693,
      0.22971995863899414,
      0.008393052907991349,
      0.046968851535296015,
      0.22863811079608365,
      0.10806677162019507,
      0.11290871011197556,
      0.15266813699733936,
      0.003469969481973978,
      0.294925054083094,
      0.06786082319418224,
      0.24027438227350634,
      0.25468511569421637,
      0.10096229115974387,
      0.2511525745820623,
      0.0778695792793957,
      0.11095313861478913,
      0.12583694262939435,
      0.06502914148808527,
      0.22066716887980417,
      8.399694645212285E-4,
      0.29866818303519915,
      0.0029565240907014176,
      0.24946309898241228,
      0.08171846561290781,
      0.27859054034329866,
      0.12178644160169172,
      0.11792912965124502,
      0.012201146003769203,
      0.005434061132802348,
      0.26773075646825606,
      0.1792906513970477,
      0.18637413566859706,
      0.22000685300955247,
      0.043748804099408754,
      0.2070872448949425,
      0.02032427871310215,
      0.14210543291825453,
      0.1187752626369365,
      0.09690491048538889,
      0.04966664000082157,
      0.17039313867736067,
      0.2442259106314703,
      0.19445764724361628,
      0.0694859228146454,
      0.2760548971488169,
      0.09382299966657545,
      0.14657386401482125,
      0.246575959593798,
      0.29718534410964165,
      0.2536442280247861,
      0.05551858890027821,
      0.011314127179689725,
      0.11734954831571012,
      0.18746584613212366,
      0.261978852517307,
      0.17068587698300736,
      0.022081472172978487,
      0.23967909201685136,
      0.06663422251018992,
      0.18004942017111544,
      0.14106859277852238,
      0.03383892721756249,
      0.20096593266278592,
      0.24645503256786136,
      0.25220576273439566,
      0.14717801786319185,
      0.1463463776688633,
      0.07009224503245118,
      0.25018187014114085,
      0.15749257877270845,
      0.08517801632666917,
      0.11427946650739038,
      0.24814576289138185,
      0.2790594834395084,
      0.2404378703783882,
      0.24839822980356413,
      0.25219071758204437,
      0.12345080936946927,
      0.0605012327176307,
      0.1774191946964298,
      0.2598417892652919,
      0.2788027630671964,
      0.20631293264967995,
      0.10469258246496047,
      0.1613513264336308,
      0.11608518132114576,
      0.2659675700383262,
      0.01689865364603399,
      0.24570904848420155,
      0.12370163091055074,
      0.10256542565295347,
      0.0016123927989314167,
      0.09521543315850158,
      0.2765368000534351,
      0.10136972674691776,
      0.15010005353685849,
      0.07839085993593788,
      0.009314589173931275,
      0.1571537990174129,
      0.2514876258009304,
      0.1641964436722139,
      0.29348835357096253,
      0.14517245797573922,
      0.22004265912610813,
      0.20566349274454762,
      0.12141312962231258,
      0.07564666852476344,
      0.15332481503997852,
      0.20683224307808093,
      0.08825086112998712,
      0.04124620876316108,
      0.06311772849365785,
      0.19812110874792893,
      0.19564158411569618,
      0.09705097789007791,
      0.22117250723341134,
      0.09006678849524581,
      0.06867443942180147,
      0.2082912838555683,
      0.279716727042197,
      0.03648411845266145,
      0.04955529407465703,
      0.2156702076755102,
      0.2544255508716472,
      0.12284461518956054,
      0.07011035389873842,
      0.27528860037799563,
