{
  "horizon": 720,
  "granularity": 1,
  "priceSchema": [
    0.198,
    0.198,
    0.198,
    0.198,
    0.225,
    0.225,
    0.249,
    0.849,
    0.849,
    0.225,
    0.225,
    0.198
  ],
  "agents": {"h1": {
    "neighbors": [],
    "backgroundLoad": [
      0.2847041526821439,
      0.26815576817020154,
      0.19639338304939577,
      0.12944416963822009,
      0.27033556463759073,
      0.01655937227391816,
      0.2415501223029774,
      0.10135023588277867,
      0.04595419151603253,
      0.26563845426410565,
      0.21062480693160301,
      0.2162362986502364,
      0.1538196021419335,
      0.22775621600507814,
      0.14093113405718824,
      0.027329411330231757,
      0.17177211899021047,
      0.021031743843566163,
      0.16699172332932483,
      0.12778256745499322,
      0.07633548500196893,
      0.055945125222583235,
      0.26536533288604847,
      0.17964794011638568,
      0.07168564728809962,
      0.2535065973560788,
      0.049009633837599965,
      0.14218939593849683,
      0.009434705288476274,
      5.317292825957942E-4,
      0.16229748911191852,
      0.046310771577429244,
      0.21100533029659155,
      0.1984824227610486,
      0.13874524283676087,
      0.12802405127824373,
      0.07308309122436546,
      0.23521250897373377,
      0.013363174184922265,
      0.13490767913758187,
      0.08041013432680141,
      0.1050881591168918,
      0.22243658171958805,
      0.2219755289337185,
      0.2569894827354169,
      0.16767223518424154,
      0.07806748544128611,
      0.23936502218147707,
      0.07176201165013422,
      0.1159483161246793,
      0.21996670681015804,
      0.1673559301602027,
      0.09225719273754816,
      0.009862597565508734,
      0.021411231353434455,
      0.16788016901375166,
      0.010450897169296768,
      0.1880989016063767,
      0.22543436462060062,
      0.04782428858254325,
      0.014739030277201014,
      0.1269161264291663,
      0.25540478999705785,
      0.2134004105872486,
      0.19366400278391252,
      0.09566237448111609,
      0.2452837427139821,
      0.08273437196103274,
      0.05442245537154548,
      0.030515089458835173,
      0.2666417824953117,
      0.055961555014928686,
      0.09049975779525629,
      0.09359982975848173,
      0.2838366463141615,
      0.17388127641376647,
      0.19921307272390076,
      0.06441099242956856,
      0.14994265159737355,
      0.24295014263358916,
      0.18088316679302546,
      0.061196056720463216,
      0.003324104723559984,
      0.13694461212130185,
      0.10382389219205192,
      0.11846431546399872,
      0.09524236353921069,
      0.17994914553908128,
      0.27656089485696006,
      0.19574160911998342,
      0.27591396637251225,
      0.18647441995076036,
      0.23862186443442873,
      0.011966744576438025,
      0.2964116380936736,
      0.24334260870370333,
      0.2717683245553173,
      0.06043732469352555,
      0.1484081969666591,
      0.11020791356608985,
      0.054258338773245596,
      0.16393619662411296,
      0.1614811992528752,
      0.21297610118181842,
      0.13875770562666465,
      0.2021186169553735,
      0.2678009498960341,
      0.1526111976560298,
      0.07675306974877845,
      0.20445691366466945,
      0.14223005145665696,
      0.24532115169961297,
      0.15627111366827234,
      0.10395450232402641,
      0.09667335020688735,
      0.13871085379451709,
      0.12030333546568373,
      0.16025146757831119,
      0.1626735932780583,
      0.2770544063346065,
      0.2857375454670191,
      0.09281305442118401,
      0.22306209002526375,
      0.013543950798808213,
      0.028994003110536556,
      0.1545006427058066,
      0.17533117201923307,
      0.19850490794425776,
      0.20072159703153736,
      0.13282388580464893,
      0.039859064778765115,
      0.22175173833559084,
      0.013118646436292103,
      0.1290472023737653,
      0.020800877571643527,
      0.0825451150610347,
      4.701720280634758E-4,
      0.137854522510841,
      0.13424582908735935,
      0.2586304916529042,
      0.22032500116766035,
      0.15253491957353474,
      0.10967167998587642,
      0.09951731455786626,
      0.10307008347227004,
      0.14221671878218375,
      0.22537914180343327,
      0.18409540872140373,
      0.2365273683163527,
      0.1127423867234999,
      0.022467469688692676,
      0.05667736066524683,
      0.2918443817308208,
      0.22776930591021205,
      0.11686251556782956,
      0.13044355517545428,
      0.2007397911824344,
      0.1734060395471635,
      0.20698677857535466,
      0.21229061311122474,
      0.11216490243971595,
      0.1724054148390795,
      0.234714651673914,
      0.03328233341619536,
      0.27274448796858447,
      0.0659876874410047,
      0.2329328434224403,
      0.09321705010973264,
      0.14227411500346077,
      0.17627400692204978,
      0.17860371153202437,
      0.25287475998326564,
      0.17944832530821164,
      0.19362795179659337,
      0.013337021794916082,
      0.01159460822449958,
      0.277246651516379,
      0.23800646901265907,
      0.27598796053387187,
      0.2071915779636034,
      0.016194686389134537,
      0.2788946336877339,
      0.17180822424033199,
      0.1526674339641014,
      0.09304501995865484,
      0.06587432820589809,
      0.1876750307796727,
      0.2772574143800012,
      0.0155047946587345,
      0.035247104028148624,
      0.1616597470444155,
      0.13963172766344012,
      0.2932660799536659,
      0.22685314901874343,
      0.05622496347136402,
      0.2649226352099686,
      0.0331429064663135,
      0.19373716459283324,
      0.009230578227255726,
      0.08702873458702723,
      0.10073358748180991,
      0.22829771497893553,
      0.12844455906728416,
      0.11375347601448564,
      0.05166968608525624,
      0.23472900897704155,
      0.006162776518392221,
      0.20629357190689065,
      0.028354427030671925,
      0.12058668348045015,
      0.03778664486511298,
      0.20275451759233262,
      0.012852760325611567,
      0.22377737245285623,
      0.2386519822420569,
      0.2816641495021359,
      0.17852038587172775,
      0.29681001851266736,
      0.12587165560850577,
      0.018273935383094454,
      0.23645541405175954,
      0.011721685662528502,
      0.09930582915296457,
      0.2448772793978605,
      0.24565978293225982,
      0.21270428307266775,
      0.024079752530211152,
      0.126823941180051,
      0.2436505462861731,
      0.17352643712618215,
      0.14067057334953903,
      0.20445695760482027,
      0.22227534325394666,
      0.20488098270051122,
      0.28589617267327594,
      0.1206074930827686,
      0.10786188612680062,
      0.26278018795256464,
      0.2971507048020267,
      0.2879925332608046,
      0.21947660962062415,
      0.24606429843336272,
      0.13564656155927715,
      0.16177013936740273,
      0.0015098839120517792,
      0.23051993391775555,
      0.20389274455500556,
      0.020015015206569464,
      0.13375729203019207,
      0.12758318559804066,
      0.00427036948309818,
      0.062264643723311315,
      0.27879150668695907,
      0.15288441142909034,
      0.11634976238999184,
      0.18350240741696447,
      0.20126878027616799,
      0.20667551450087085,
      0.12005983713477945,
      0.05928564489014954,
      0.2046139748247994,
      0.2990782970298452,
      0.053006047671238454,
      0.23701879615017205,
      0.10731313361089707,
      0.26121648955674387,
      0.15997259435964029,
      0.1084843709090449,
      0.09645561397020178,
      0.2398072309777977,
      0.08002347646340492,
      0.16153518377788934,
      0.2352138244278521,
      0.07733521716052973,
      0.23506563743418524,
      0.15442017229808577,
      0.14385808352013624,
      0.1637644437779044,
      0.007719261817991296,
      0.07777181880964229,
      0.08694162819400654,
      0.2093293670192707,
      0.2641329086965359,
      0.15975699560018836,
      0.2465237880830015,
      0.21957398844341283,
      0.0361442667709977,
