{
  "horizon": 720,
  "granularity": 1,
  "priceSchema": [
    0.198,
    0.198,
    0.198,
    0.198,
    0.225,
    0.225,
    0.249,
    0.849,
    0.849,
    0.225,
    0.225,
    0.198
  ],
  "agents": {"h1": {
    "neighbors": [],
    "backgroundLoad": [
      0.23232595319766228,
      0.08173892950376827,
      0.2841716450219722,
      0.0627368329978716,
      0.29648932290128044,
      0.10049347658380006,
      0.07274560734840671,
      0.20983223508408844,
      0.2471553140332944,
      0.29862677558545797,
      0.2897880626957271,
      0.0446749530602754,
      0.05531573762122533,
      0.14297020743643687,
      0.027843237257155474,
      0.06166366188122635,
      0.14787569141342397,
      0.03741974345046143,
      0.17396568085543343,
      0.2446295214880416,
      0.23374349206224793,
      0.07471761665136818,
      0.21640506440793575,
      0.11711787041028558,
      0.22464571337786818,
      0.17497045016236762,
      0.2050045817817474,
      0.1145421595014533,
      0.2529888998439376,
      0.12143220393914289,
      0.02972215411552541,
      0.17324919988958584,
      0.06957609345342437,
      0.14859498351751263,
      0.2919264086934167,
      0.1415619626036296,
      0.04581691322742347,
      0.09246178093186302,
      0.0762598419773464,
      0.2621395196113943,
      0.22862434300813092,
      0.24092200795019247,
      0.28118858329490953,
      0.27015359887347645,
      0.0195948492708251,
      0.09701246392157654,
      0.2688394601543229,
      0.16604728362360824,
      0.07530227551593671,
      0.057733662530393234,
      0.026304400006320162,
      0.13566424000017574,
      0.06404312307569793,
      0.2238558599374527,
      0.1892183830574626,
      0.1655524149006837,
      0.19069980289589297,
      0.07869307324803095,
      0.1985917624547283,
      0.23798048443303305,
      0.07360457188398918,
      0.2683804939059005,
      0.046882883369988505,
      0.0959670150156093,
      0.16020209288974183,
      0.14242364394585008,
      0.09594572870298304,
      0.17585101640193207,
      0.2091615025468099,
      0.2509564302501391,
      0.14880902332523768,
      0.2617960758507655,
      0.1108904771141346,
      0.025721789079485625,
      0.2197743396352401,
      0.01431342907818852,
      0.05060489538726145,
      0.06143965914845567,
      0.11527243106196819,
      0.2461419561350743,
      0.23824812806086765,
      0.09673997774304295,
      0.11305193202248254,
      0.018344385993925193,
      0.22842467105046807,
      0.04488685590193605,
      0.21933815143858118,
      0.04691053461091333,
      0.2587136088410653,
      0.1615453550610439,
      0.18910549163997775,
      0.19897072606912178,
      0.14574393432351265,
      0.20143851947620622,
      0.01616642714190224,
      0.29678625101924866,
      0.19497424570557056,
      0.23698251336494627,
      0.19755131489221964,
      0.022777825802928274,
      0.03611259523307416,
      0.1277881440544416,
      0.15738057149009735,
      0.29097251205076985,
      0.142130403884371,
      0.289443022885072,
      0.05880556227700857,
      0.16184818723249944,
      0.2581905611637106,
      0.02184623127370425,
      0.001164044386084706,
      0.21747721931063,
      0.1632984351669782,
      0.11120193753103576,
      0.11655797920330307,
      0.19006895001742546,
      0.28228518335653113,
      0.16120413352047602,
      0.04079543273261764,
      0.22397895062698708,
      0.21936015862223832,
      0.07746568711583508,
      0.1636939333015978,
      0.17705577939220912,
      0.05526296668283054,
      0.16570858941607836,
      0.19735701002145314,
      0.08371903706364288,
      0.282351398339152,
      0.12170244277045206,
      0.15602791657381423,
      0.17007120881194526,
      0.09203702592712498,
      0.18828963229806492,
      0.04345590434007054,
      0.024251092568069444,
      0.09004045730786449,
      0.27576877679393874,
      0.1536684117774815,
      0.03633152821741298,
      0.23661873537534167,
      0.15454474708448238,
      0.0986378359075192,
      0.11188529762847546,
      0.05126022426229502,
      0.1898374451575969,
      0.19766058711768994,
      0.22500883275705585,
      0.07328065433665411,
      0.19406969937724608,
      0.02509750720435736,
      0.016159781509772073,
      0.10888429946348817,
      0.26343690808642184,
      0.19833321142199192,
      0.2423655565521231,
      0.13956208465597228,
      0.10464424646481171,
      0.29346541046193464,
      0.01863512374549999,
      0.13907246997315062,
      0.12438934236869148,
      0.2667094518677689,
      0.22200525846124144,
      0.006439228831591859,
      0.2837455441339269,
      0.12942815204402952,
      0.1017546782630126,
      0.0516657671944983,
      0.027343858222932425,
      0.027332440585507312,
      0.08499580896701134,
      0.19863874988855665,
      0.15800277353552736,
      0.22035492334656448,
      0.11685814387736239,
      0.2789683418418461,
      0.08292615883890472,
      0.25784227183033787,
      0.24080654708323246,
      0.19687318012223864,
      0.2715982001603791,
      0.06936015678453773,
      0.10230303914984618,
      0.2934093925722705,
      0.22463162718937327,
      0.05057152360087719,
      0.2176290584411222,
      0.12646846309309662,
      0.0044093652654413,
      0.2530296159099645,
      0.016782908307017962,
      0.003907534795618206,
      0.2056030796107971,
      0.10945195626750216,
      0.15360010285492884,
      0.2606420681227024,
      0.049559911525881004,
      0.2823223380486934,
      0.2910027024150902,
      0.18910850078477742,
      0.06399343799929716,
      0.14100630390345228,
      0.24823293415915768,
      0.2440926165265965,
      0.23145451084064228,
      0.1537515725460323,
      0.21627021072994645,
      0.10101899222892834,
      0.014172493209069936,
      0.2069695522974401,
      0.07179985187399186,
      0.10614283330083595,
      0.041321569816386225,
      0.25157102077734955,
      0.08725389930777865,
      0.0266894231551535,
      0.09652784030634798,
      0.17511251305922482,
      0.2202787982081996,
      0.06788733529140636,
      0.10678463382124943,
      0.127468272357764,
      0.1124410536171039,
      0.042679968319902416,
      0.04347717007250633,
      0.16545072482154177,
      0.03403174016269809,
      0.2699872372179142,
      0.1243181858699656,
      0.051210999307293004,
      0.1596194271819562,
      0.11112760165572284,
      0.1646761401208514,
      0.10920454390299959,
      0.1874975046934112,
      0.0924849716597252,
      0.0703394219338002,
      0.0944119541343765,
      0.2757183022022442,
      0.17585661248645523,
      0.2244864794493395,
      0.0503925737332955,
      0.10306484413231748,
      0.13957130158168274,
      0.21066425259403168,
      0.14368857842015312,
      0.04339297800571738,
      0.05937785390010272,
      0.2405178510394627,
      0.2776916974441591,
      0.12241200391091134,
      0.1097426575228736,
      0.05580398712446464,
      0.19395743122838896,
      0.22389513813827486,
      0.09519380822453828,
      0.10060830311943045,
      0.01776420895240208,
      0.005433213897992406,
      0.11945984206345099,
      0.282616239711917,
      0.14499515151710465,
      0.20224536961232675,
      0.045031300977539435,
      0.07448430319168221,
      0.19028921380812622,
      0.19106544817614382,
      0.26096184631139174,
      0.26339734679245225,
      0.21666946041836044,
      0.036403945173209704,
      0.12458824108205863,
      0.2516260027860463,
      0.03643386552741201,
      0.042470664398629794,
      0.211018473182305,
      0.15375665470701813,
      0.003986295753723845,
      0.2159080001700723,
      0.14339612761875595,
      0.13188345489770262,
      0.03797165568417075,
      0.06410086979724586,
      0.05082373890454027,
      0.13048750718176189,
      0.22756481627616845,
      0.23052449385311274,
      0.2618953466592547,
