{
  "horizon": 720,
  "granularity": 1,
  "priceSchema": [
    0.198,
    0.198,
    0.198,
    0.198,
    0.225,
    0.225,
    0.249,
    0.849,
    0.849,
    0.225,
    0.225,
    0.198
  ],
  "agents": {"h1": {
    "neighbors": [],
    "backgroundLoad": [
      0.12134155233078364,
      0.16119569585419247,
      0.06535765739339859,
      0.007562737595576663,
      0.22530187017977105,
      0.1529296929033491,
      0.23272104825662177,
      0.13402437276972723,
      0.1384295605278479,
      0.21353672329587572,
      0.036480354035553886,
      0.07132760851519039,
      7.225178742439553E-4,
      0.0810727763945728,
      0.06423123691000364,
      0.12245698047941833,
      0.13453004538009228,
      0.17433712906376056,
      0.109477541649611,
      0.23255637647519672,
      0.1939133999788197,
      0.2775069818563862,
      0.19396981500701904,
      0.21213162727377793,
      0.09945930993548348,
      0.2505042129733369,
      0.09032313742088989,
      0.13443217842382274,
      0.17392485412862121,
      0.12461969722667648,
      0.10149771411427201,
      0.004382683677946686,
      0.20096721017763938,
      0.13685178289909378,
      0.2940000580770106,
      0.17341090819563273,
      0.1261581330830053,
      0.1362918823205655,
      0.15048055226504464,
      0.006697804039239996,
      0.17752212886401714,
      0.18431982211454515,
      0.06294531646423611,
      0.2970652349458003,
      0.17611963398373576,
      0.2157777047873469,
      0.16655903824997742,
      0.2019333836446444,
      0.25069720596059597,
      0.12063699946667503,
      0.2946151553177912,
      0.29331554695345113,
      0.053313375630804107,
      0.016682602270149394,
      0.15609826364709742,
      0.1990728255206465,
      0.03881320227075339,
      0.02162551227032231,
      0.29925969305231476,
      0.003085447276757358,
      0.20749185472507262,
      0.17240737048034763,
      0.20720173707291983,
      0.10075084670503268,
      0.1400508150057941,
      0.26387172022791383,
      0.2343410786494638,
      0.2759491650852509,
      0.008862747054590692,
      0.006008951987074729,
      0.12071475241811899,
      0.06371622066465393,
      0.22618552297697794,
      0.09126333937929046,
      0.027465527733089235,
      0.15480702254986958,
      0.1793212526615237,
      0.04373865348289996,
      0.08747708177169429,
      0.13153015086455774,
      0.15220411486842764,
      0.2240498530986396,
      0.04145481284556478,
      0.16047680558046487,
      0.07699688246560517,
      0.07814003518121766,
      0.24503034098492535,
      0.15875869217932373,
      0.1438984232379851,
      0.040050167038784654,
      0.28270885741886653,
      0.13166797373603867,
      0.23813800780046554,
      0.251487669079122,
      0.054374006969587836,
      0.2224967582853686,
      0.20602516668092943,
      0.1702715736282858,
      0.06575124440614584,
      0.13113410573238513,
      0.19662580888261227,
      0.158378493053667,
      0.15080554615390804,
      0.14268138634923275,
      0.019715479229351327,
      0.10738987296971797,
      0.22003752334833068,
      0.1614277781988803,
      3.181919669019928E-4,
      0.22106133473454634,
      0.14137871702207172,
      0.22636074989032895,
      0.10297597851071304,
      0.2839138434384433,
      0.267279161469039,
      0.1268068341236158,
      0.24611080906882596,
      0.18245189717368418,
      0.034293215563650836,
      0.18888648700977426,
      0.07026352785729338,
      0.19778438948114513,
      0.25243709110824614,
      0.15956297339028302,
      0.15672047421963606,
      0.04483469744327205,
      0.24132829040053272,
      0.2021062617582005,
      0.20228102816344548,
      0.13264769668456322,
      0.07497892297639604,
      0.22009020234355706,
      0.095832000334178,
      0.1916753560245876,
      0.298616937658912,
      0.018191862732966302,
      0.1949308313698161,
      0.12280074746646828,
      0.14591227160968376,
      0.20974860220465583,
      0.08184998174866887,
      0.2996837463705148,
      0.1738928112409522,
      0.21106638844016853,
      0.19674843749460308,
      0.22572863856009823,
      0.09059254081341507,
      0.08954836194590672,
      0.014945204410786748,
      0.20845818253763057,
      0.15221951086634278,
      0.0993092362766478,
      0.18141600632910218,
      0.11460089795147874,
      0.1473782132284345,
      0.08580944694836269,
      0.020821348287209485,
      0.19960235239391688,
      0.2690401794350464,
      0.1304200708433316,
      0.24108566466958123,
      0.09689485253312148,
      0.2820184435552125,
      0.11930325452806002,
      0.29135104144428764,
      0.2759631041120853,
      0.06828788378666341,
      0.03549159000717644,
      0.21146200975892324,
      0.008101531224779511,
      0.1757978535473162,
      0.27452040304785336,
      0.24141493163075556,
      0.1605922896147783,
      0.2940413811619328,
      0.14055487012356607,
      0.17986594205784276,
      0.22596229158098963,
      0.14883302038257185,
      0.12546092784719184,
      0.15028524994951029,
      0.14325141782960366,
      0.17121894216621775,
      0.028475815462004814,
      0.12046830397666321,
      0.052441698547263126,
      0.22693477972319503,
      0.25011663508346543,
      0.061027630385529795,
      0.08942898046273975,
      0.26894337130135554,
      0.1548079128772952,
      0.14502988460674235,
      0.16659107987804458,
      0.2008370269264034,
      0.16039210335175053,
      0.1817989552678471,
      0.17700168378507128,
      0.19965675528856022,
      0.12356804382867628,
      0.2770005465895769,
      0.12158865058601284,
      0.1245497829985405,
      0.2526526722342116,
      0.17383255059463817,
      0.11639436317497671,
      0.0364140590284559,
      0.03998280078608565,
      0.2370533487613933,
      0.15909171031530045,
      0.06429651307522079,
      0.03674687005233803,
      0.082487650912723,
      0.055783125745047075,
      0.05835256958929984,
      0.1759071368838159,
      0.21006527360838048,
      0.26703974292048394,
      0.13196435781649354,
      0.05782535948975156,
      0.049316821612071814,
      0.1987466492689016,
      0.14557377912452577,
      0.1674425395146362,
      0.20436778592000956,
      0.16979908957958528,
      0.12782860906401497,
      0.1114554508591791,
      0.161237542793207,
      0.2708858803579569,
      0.20035546061936968,
      0.20056545168123763,
      0.013424643101347755,
      0.14505780269711932,
      0.13664508384937527,
      0.10779294564380103,
      0.2669025546274922,
      0.21749292658830352,
      0.20698405434784137,
      0.17687632755745236,
      0.15137773636869564,
      0.06275534173517047,
      0.22061711020458039,
      0.05776083036718124,
      0.026033811722228715,
      0.2316028501192628,
      0.20104619224147935,
      0.18575055014751274,
      0.19557593123632375,
      0.2645532791733953,
      0.21589032212117934,
      0.033671866854841435,
      0.05090331506904663,
      0.03264005127256969,
      0.10988055829541228,
      0.27043865891815133,
      0.2904031981855483,
      0.2810175052042634,
      0.13658403663802407,
      0.21836980039929124,
      0.17510370805818476,
      0.2435433619806229,
      0.22282407892225625,
      0.2862063105986702,
      0.24615917108029142,
      0.08363159752328937,
      0.03289131654194433,
      0.24784876898547287,
      0.032731642733057974,
      0.26548147718700005,
      0.1350346501315747,
      0.1509386136821664,
      0.010713121624806598,
      0.2562618180621266,
      0.03630408107351426,
      0.21645358192870626,
      0.03941021102269308,
      0.0259490716206649,
      0.2686996260643614,
      0.06017916699543617,
      0.09442076631019156,
      0.20707792393024643,
      0.007456726727363738,
      0.19210729897206458,
      0.07530375108336322,
      0.2619041720906323,
      0.2920548942813668,
      0.05193007694287228,
