{
  "horizon": 720,
  "granularity": 1,
  "priceSchema": [
    0.198,
    0.198,
    0.198,
    0.198,
    0.225,
    0.225,
    0.249,
    0.849,
    0.849,
    0.225,
    0.225,
    0.198
  ],
  "agents": {"h1": {
    "neighbors": [],
    "backgroundLoad": [
      0.020261078665162222,
      0.2257696382983077,
      0.286303272826643,
      0.221360677532648,
      0.242637979486728,
      0.24701367993719534,
      0.18005216711420763,
      0.023027306880786858,
      0.0018861714143138752,
      0.16663661565104462,
      0.12798901183793535,
      0.2713732203388188,
      0.21869323002139848,
      0.014423130845157305,
      0.08673252066783087,
      0.19150780611074922,
      0.1655739231062861,
      0.03897786883439305,
      0.14059482271687787,
      0.1364442538309313,
      0.21968193784939244,
      0.2272009147817301,
      0.09024652622278408,
      0.26568430137977994,
      0.2031837144667469,
      0.22029045297620256,
      0.005406406994694157,
      0.018482090707082722,
      0.062354559730274116,
      0.2850397715226669,
      0.0013464632052279989,
      0.2999053665302428,
      0.10708972563965205,
      0.2630406451309907,
      0.028138694312468203,
      0.1495680477518033,
      0.2989487127739594,
      0.18236935192788953,
      0.11971316280319291,
      0.08504384521310948,
      0.2755261112044637,
      0.1203029538134889,
      0.025180755301103686,
      0.16466140357582032,
      0.03374703836124634,
      0.19030418344434064,
      0.1087680084769913,
      0.07414459935328159,
      0.21681357892128775,
      0.025159940659166845,
      0.2670847212731142,
      0.23706841019858582,
      0.04675420187088695,
      0.08801933582236064,
      0.13309731574170375,
      0.11315476450995077,
      0.1601609383763746,
      0.09799401083353076,
      0.07263608372933852,
      0.05291003960736242,
      0.0028132435207685936,
      0.23542334802381729,
      0.18155040611164885,
      0.13167703880233608,
      0.15263224632925404,
      0.2491260297601582,
      0.2812816331821834,
      0.24072246655539925,
      0.15809632894772294,
      0.19732867951569322,
      0.16289290988694452,
      0.18960975650239323,
      0.043965350647430644,
      0.28274344440306104,
      0.07846595223334472,
      0.09957985849026708,
      0.19883278533962215,
      0.24634489257126857,
      0.08704413310601244,
      0.28980198978849253,
      0.04110135656669221,
      0.1829241326946031,
      0.05672662276428916,
      0.2655463010452364,
      0.056472527956527914,
      0.1314655336260483,
      0.20773045636650758,
      0.207099458542356,
      0.13932140005077429,
      0.2386662756077156,
      0.1466307339609676,
      0.2727477050510508,
      0.2418098782652498,
      0.07172478624682356,
      0.020995869269327238,
      0.18921331899185087,
      0.1519317739676844,
      0.24840457010473144,
      0.2244758153250987,
      0.1441749545406856,
      0.030382531375869604,
      0.13608268436259222,
      0.2745056581373592,
      0.25012626253040593,
      0.1549548832809339,
      0.035167182750387424,
      0.2572873219153568,
      0.0747788618117545,
      0.18978992657232707,
      0.13920652136132797,
      0.048402218241214046,
      0.05533719944985085,
      0.29212463945764516,
      0.12463948168230003,
      0.2230835582217243,
      0.2895639379736969,
      0.2366181502999039,
      0.26366421619457975,
      0.21822228933100882,
      0.18818815930060312,
      0.20307607440312467,
      0.10055414812781782,
      0.10868369378125615,
      0.24785545698502143,
      0.1694628741063671,
      0.11123237670201909,
      0.20639813673966997,
      0.061850398781647414,
      0.06324592990834775,
      0.2319586162764357,
      0.2984390370143171,
      0.03813273968473607,
      0.27052533215010854,
      0.19234813256098918,
      0.26133464863751593,
      0.11616607614193512,
      0.23993111008503784,
      0.18406716436489176,
      0.20608882456293706,
      0.0974522251329777,
      0.2719874822701103,
      0.11002330017816352,
      0.05388256610555324,
      0.16590750999584566,
      0.19080766736749674,
      0.2858654055204466,
      0.13600805704675994,
      0.20638264402406664,
      0.15700704132254972,
      0.21865889216785994,
      0.025977572551365402,
      0.24312325622592126,
      0.04846770673718671,
      0.05871838058845643,
      0.24911202810218488,
      0.06342414679374819,
      0.21362900858638353,
      0.2938201762000491,
      0.2326856631918513,
      0.24453541513862195,
      0.034477968318867465,
      0.16685400864973982,
      0.21909467533725163,
      0.06904880672470967,
      0.22039346074844077,
      0.20350476911632567,
      0.12944501444221415,
      0.28075595667051173,
      0.2776594489489028,
      0.17339040573312042,
      0.15166051529204339,
      0.24337854351090404,
      0.13231687672622464,
      0.09373296788396852,
      0.03191498281496442,
      0.13790540367771906,
      0.2876485571138977,
      0.10927793629838758,
      0.11935787007722536,
      0.08175720543873849,
      0.06453610141635417,
      0.29603436843266273,
      0.029676509629746904,
      0.17920667195553336,
      0.23051324201925597,
      0.23540472530281545,
      0.17589657438101047,
      0.086474360268327,
      0.09505228823837733,
      0.09448966692690444,
      0.042732933502149184,
      0.19109564447116537,
      0.28523018188099997,
      0.05495285846106922,
      0.0522882296655079,
      0.29505470925432414,
      0.29265143278052247,
      0.058085164917776065,
      0.1508427478702615,
      0.23074649276160814,
      0.07623042904677114,
      0.14211162294988453,
      0.1668238902262615,
      0.17235577628409124,
      0.08842179803654854,
      0.21570636529377912,
      0.04326486141812286,
      0.1335309569401235,
      0.1435495023727192,
      0.17178486808505458,
      0.15316983067552845,
      0.11101048866143472,
      0.19314240718042056,
      0.18659110503664114,
      0.2696345722542301,
      0.01001743387759999,
      0.05717705901473094,
      0.07792439577818859,
      0.2808706552203739,
      0.0105122198381982,
      0.2741925569818745,
      0.15345212122201937,
      0.1809093620286387,
      0.05919499114834313,
      0.19705879567329987,
      0.12537338958158808,
      8.254901076229947E-4,
      0.10172541882795318,
      0.00253539860973534,
      0.2558959049403483,
      0.24364139313700722,
      0.20425383110953846,
      0.2657411653988284,
      0.2847206632628113,
      0.08359277706835645,
      0.08772673265246929,
      0.2815834559214448,
      0.23604567829145495,
      0.21431679706745005,
      0.011763251014623843,
      0.23537673312736057,
      0.0639615575723509,
      0.042117857433639695,
      0.01092309171597453,
      0.20021371403664423,
      0.2695224471899539,
      0.2272334721774762,
      0.10347685627287197,
      0.09052123898305034,
      0.007395009997171442,
      0.10742025182277716,
      0.12335748335345394,
      0.09019122189355626,
      0.2473468662849174,
      0.18480965795194723,
      0.06980633953304902,
      0.060070830257933014,
      0.2542119063414648,
      0.12090545782456043,
      0.17798287723487483,
      0.03221967405488245,
      0.008968169287025629,
      0.2941540674174932,
      0.176572297335978,
      0.09511164546456888,
      0.20740854055453786,
      0.24265978707925207,
      0.2662365992388239,
      0.1522863876383838,
      0.16899264776586456,
      0.12647871026187202,
      0.18963238652761907,
      0.21827591828856427,
      5.461999310041654E-4,
      0.07791004189733917,
      0.001383831662514856,
      0.02583334387896564,
      0.027389889556903347,
      0.28791357734497125,
      0.04542133565074503,
      0.12005113027621245,
      0.15655329524869738,
      0.29015808005479793,
      0.05900884330710393,
      0.17011181406496986,
      0.11484154007910838,
      0.2679318652970759,
      0.29484444698375956,
