{
  "horizon": 720,
  "granularity": 1,
  "priceSchema": [
    0.198,
    0.198,
    0.198,
    0.198,
    0.225,
    0.225,
    0.249,
    0.849,
    0.849,
    0.225,
    0.225,
    0.198
  ],
  "agents": {"h1": {
    "neighbors": [],
    "backgroundLoad": [
      0.025990200994248248,
      0.03470058093755444,
      0.01856375140701941,
      0.08546500246623016,
      0.17890938485803315,
      0.2507822834867777,
      0.2487131244269559,
      0.1732326455516808,
      0.29501115289720237,
      0.2337922329397626,
      0.08983626738665008,
      0.29069976406629383,
      0.01584434175580567,
      0.19450048528805672,
      0.1864292998934649,
      0.1814538725890432,
      0.05828076440960069,
      0.16180982330068563,
      0.2579648693833726,
      0.22903187222662547,
      0.04800884905117666,
      0.23519697587136248,
      0.08976857750248475,
      0.2861735773419795,
      0.18847809340964292,
      0.0076527972825693345,
      0.05466999086513234,
      0.21133888871209702,
      0.16702369240301831,
      0.11937130433828565,
      0.2160015933528476,
      0.2640524427796732,
      0.2993140148135115,
      0.2913411468957558,
      0.20410013994417242,
      0.11039737309115948,
      0.14075712710060975,
      0.20568401837592584,
      0.29550377520793303,
      0.2574431957703154,
      0.24872423206772318,
      0.08976338938253917,
      0.22248738051908093,
      0.12500615166800208,
      0.20923591808839437,
      0.2116311487344513,
      0.09668433650543472,
      0.10116293173062987,
      0.2912329640631989,
      0.20363007909645334,
      0.22648135964038044,
      0.19827711816928592,
      0.2510544148234827,
      0.13552978826153256,
      0.1426663192484364,
      0.23205159636643305,
      0.24663995207372655,
      0.16014038743737186,
      0.11074672634234087,
      0.21511911278688342,
      0.07229533495437283,
      0.2939400779423977,
      0.2114548676615561,
      0.23542147318299547,
      0.2320679547215742,
      0.07054640053083423,
      0.06923049738913405,
      0.14910489249424397,
      0.20552920563040394,
      0.10078765914842332,
      0.07856574841321347,
      0.06197017008200295,
      0.2289169951923448,
      0.14095617061686636,
      0.16823454024870835,
      0.21229150522046303,
      0.18583028980248315,
      0.08352955427129184,
      0.0033381284766879405,
      0.22906300000133792,
      0.12017481697810983,
      0.0032185021576444316,
      0.07064800535278914,
      0.09262158849830941,
      0.13794275044171553,
      0.22151339239167808,
      0.06824970531920697,
      0.1112637144499923,
      0.15653629505180125,
      0.24782307019512798,
      0.24116022307767537,
      0.090391692343048,
      0.22672373201532,
      0.13864523300230677,
      0.14486076777062,
      0.2198575079009959,
      0.09745001953186812,
      0.13826121588927817,
      0.11873034203072852,
      0.11141192961511381,
      0.029415687270144684,
      0.13443974970214032,
      0.22517004236079036,
      0.2108476078760266,
      0.09383877803781791,
      0.20313104194248058,
      0.04819615740653723,
      0.09649894348855183,
      0.001873230355437605,
      0.29031385065815557,
      0.020348798628690656,
      0.13111791059841008,
      0.259074661584264,
      0.29075379779671734,
      0.23616315759249495,
      0.10668949780000252,
      0.05205720370580919,
      0.1904112266624309,
      0.26575620689756796,
      0.013330275094248778,
      0.09666105258469575,
      0.18653913832431637,
      0.08502388367394796,
      0.04343870233669713,
      0.08341171110544267,
      0.2807285351924179,
      0.20263136414263097,
      0.27418845503337186,
      0.03525039040585169,
      0.18973828045255933,
      0.19171215650767662,
      0.019547341239521565,
      0.0728317010423258,
      0.19032248325669845,
      0.07193036660567549,
      0.2655863186277654,
      0.07658588022420572,
      0.19057334902076734,
      0.09695196032944768,
      0.07832257569197737,
      0.04672075984136371,
      0.2677288692719481,
      0.04897845837767207,
      0.12586903728482537,
      0.2813443839993525,
      0.27059166961524034,
      0.10610296677040625,
      0.02760391923943555,
      0.2538418460298066,
      0.2100693853694726,
      0.05934870528886432,
      0.07187240040536719,
      0.06713607412400403,
      0.2101864053611287,
      0.09312469800470759,
      0.2158885786682032,
      0.118375434922107,
      0.16349882869566376,
      0.2958143864409702,
      0.27625350049045505,
      0.2245252998153406,
      0.007511211967603315,
      0.13636979348883696,
      0.022260434038043318,
      0.26547720052342094,
      0.2276477663360737,
      0.08656412830163393,
      0.23743357683323882,
      0.05055804582748029,
      0.27477543732735804,
      0.24811131946980514,
      0.24404018096872865,
      0.12030914655318162,
      0.24541459647774905,
      0.02898784781703516,
      0.13399301088078455,
      0.06261960376437938,
      0.032578512070544664,
      0.22696523657654913,
      0.008776737599795914,
      0.2854274649193835,
      0.058034991012784365,
      0.07360469429080466,
      0.148282990796248,
      0.2500681976917084,
      0.24338424546774315,
      0.0062447354111453855,
      0.11190152015986715,
      0.13019936976474214,
      0.13286381099025918,
      0.1277365424579357,
      0.058743976704696894,
      0.17289343296932072,
      0.15538450168730497,
      0.11654012051363072,
      0.26982611475145074,
      0.14974315455153414,
      0.07388155971586609,
      0.014237598915968963,
      0.2523760825754115,
      0.07465529476011598,
      0.029314024556150408,
      0.05061376705714654,
      0.16532768067709971,
      0.05357113977856049,
      0.25033213756466527,
      0.0609170635774979,
      0.203838647389635,
      0.0349906407581212,
      0.2945521495136106,
      0.21445864513416044,
      0.13676108530899658,
      0.09470174375996432,
      0.045172279408511325,
      0.12994008240208757,
      0.06139680079175844,
      0.26708988322028143,
      0.22817574605143348,
      0.29876655993726514,
      0.02689903129392854,
      0.07794663873232698,
      0.006389957091740816,
      0.00485740543544646,
      0.11045612620741954,
      0.2800702892999812,
      0.22176689646220263,
      0.26850700107444564,
      0.27038413884945556,
      0.1269172847668843,
      0.27911023226153825,
      0.22081362899573356,
      0.17119166016861628,
      0.06856253590915397,
      0.08142858993945419,
      0.2612172391376836,
      0.13809956293798037,
      0.038091738894240466,
      0.09532354292571953,
      0.11394799219443276,
      0.05195654725591383,
      0.1551511654971676,
      0.26755400727268863,
      0.07951362026778236,
      0.2729734855594375,
      0.13178188919049727,
      0.2628270204887243,
      0.06925482269816668,
      0.06725526984064208,
      0.018339150031110505,
      0.08859712403560073,
      0.05088260591585476,
      0.12967851084279836,
      0.046402808233219385,
      0.17887957871281968,
      0.12019671214126287,
      0.14147958014014775,
      0.1582145430796475,
      0.22886023171053343,
      0.15562845626324415,
      0.19019077802602521,
      0.22310044366787318,
      0.27209815324609427,
      0.10562590484679892,
      0.2677278451834503,
      0.22254242768447802,
      0.1066486600815364,
      0.10966092342277442,
      0.02941680145051495,
      0.06573041119845294,
      0.0017563007204767999,
      0.05669109328750028,
      0.12418011509450087,
      0.1516838150402947,
      0.29828621480479256,
      0.2558527776316301,
      0.2577249069962305,
      0.03587014803965392,
      0.024617202168908146,
      0.05836025403756775,
      0.09309674053486047,
      0.2759057396013873,
      0.11111994021127967,
      0.03489807255245588,
      0.10955405554197463,
      0.15408868322635655,
      0.14237536800868808,
      0.24361564909240332,
      0.18745428270701,
