{
  "horizon": 720,
  "granularity": 1,
  "priceSchema": [
    0.198,
    0.198,
    0.198,
    0.198,
    0.225,
    0.225,
    0.249,
    0.849,
    0.849,
    0.225,
    0.225,
    0.198
  ],
  "agents": {"h1": {
    "neighbors": [],
    "backgroundLoad": [
      0.24094664595351895,
      0.03305498996218511,
      0.2725079027312563,
      0.07589628327596588,
      0.1318517843401897,
      0.15641551371290172,
      0.12590662468863575,
      0.19283107550010378,
      0.1708515959914117,
      0.2746944815179366,
      0.2931685173968596,
      0.019052696429724635,
      0.20178478927095397,
      0.2212703759528037,
      0.02782816240443652,
      0.1988583377296795,
      0.13330037233393438,
      0.13552856063990104,
      0.04586330558429493,
      0.00217776790104649,
      0.15027430562369118,
      0.2904509389095531,
      0.02331806716352449,
      0.14821541407839514,
      0.09423535983643595,
      0.18414060026850473,
      0.10401916395051372,
      0.08492385271581145,
      0.04029977647679804,
      0.11929225145687831,
      0.037732697706305114,
      0.009809957980015794,
      0.03621145366918866,
      0.10805067045056706,
      0.2775003245673243,
      0.11688762260692037,
      0.11098174600276353,
      0.1789470719250494,
      0.1510278314389134,
      0.04001753745074151,
      0.24226188710293298,
      0.13803071764212776,
      0.09178489478408067,
      0.2869367613939269,
      0.14002332419847488,
      0.006223123102320071,
      0.03466108554472199,
      0.25889866555210705,
      0.27872342050221294,
      0.03989125370043437,
      0.056459473721642416,
      0.09318196360625619,
      0.22732992694077764,
      0.1332001413833142,
      0.06126565352433213,
      0.0431293704592645,
      0.13664983068174605,
      0.295419098393235,
      0.22584023105213305,
      0.17768107763900984,
      0.15442122003007847,
      0.16500185097627654,
      0.04234347675759239,
      0.10136467903353538,
      0.17054415748316273,
      0.04078126900297694,
      0.02767413713109662,
      0.18488337552773973,
      0.04636493653300606,
      0.2542213810896796,
      0.28654509463862676,
      0.0818552510663751,
      0.08087960439299963,
      0.2542747124732923,
      0.22640411744857275,
      0.2779164529849035,
      0.20139088799147856,
      0.24397275070960409,
      0.14208008426809135,
      0.11549126673220256,
      0.12577193698650027,
      0.20048341076207088,
      0.1793980869254908,
      0.021001139397699643,
      0.03804495785499209,
      0.158578905468221,
      0.25741082692629985,
      0.03367632815790461,
      0.15871834197526116,
      0.10665484894504806,
      0.1513381978327472,
      0.08206014104278397,
      0.051534079169926826,
      0.24206066286071476,
      0.014156494437376321,
      0.2004075271205818,
      0.12728442869931159,
      0.1287326944950869,
      0.2004598121319819,
      0.03607251197828504,
      0.1479047896682075,
      0.14957062864268142,
      0.09861410455095398,
      0.16196941995512668,
      0.16752765334619388,
      0.08479223309251195,
      0.19770227728424844,
      0.07563046677728698,
      0.24489032695571067,
      0.054577282091353936,
      0.21102863519218087,
      0.06077047057428907,
      0.11090789388917677,
      0.15466745370271948,
      0.03250480826986994,
      0.225284341031612,
      0.18957683806382108,
      0.1405083003145067,
      0.2965354539328715,
      0.2699805634212186,
      0.009990322057440382,
      0.2874850516558348,
      0.15447733611908382,
      0.005075002920993654,
      0.21789679992329658,
      0.1737632572338581,
      0.28014300066678977,
      0.07746065430425621,
      0.26404340873411525,
      0.2061166453387945,
      0.20758564219722977,
      0.1591931097372396,
      0.26515923525237817,
      0.2160324126506822,
      0.2966313862685592,
      0.07790583458434631,
      0.020027845251755827,
      0.1925261413642715,
      0.2675126780144693,
      0.18209769275159096,
      0.2650094050717459,
      0.017846460786945906,
      0.19259581875387283,
      0.026654605308760636,
      0.08576957840075233,
      0.10175968710702545,
      0.01237858542648954,
      0.19754020747556314,
      0.26656538306225935,
      0.11812520102435074,
      0.05299174484164066,
      0.13344144710009723,
      0.23266889149409367,
      0.04153563219772829,
      0.19329714312608126,
      0.2078171395096523,
      0.026776796229181075,
      0.175627899691011,
      0.014179414001069356,
      0.11008258600045204,
      0.01740440638111077,
      0.17612439868795962,
      0.20845789463801126,
      0.2723586221589235,
      0.2266155300872119,
      0.17298842904163703,
      0.01993044411694902,
      0.13158816098630818,
      0.28618781379136565,
      0.03973928494662734,
      0.27699193425116986,
      0.08813448530107927,
      0.10825343622726263,
      0.17606410410870257,
      0.06824745515815346,
      0.0851515359564682,
      0.00806556718846404,
      0.05568698063355083,
      0.2671902046929471,
      0.21853621650062208,
      0.2164246505392293,
      0.02797076620058896,
      0.2875487870299865,
      0.21101259360772914,
      0.24183474530190552,
      0.03133297278256516,
      0.1621249221718889,
      0.11499259782768462,
      0.09650305588274631,
      0.11633201393156162,
      0.08140390124516418,
      0.2192379413497831,
      0.0547585456757459,
      0.09967369903822916,
      0.29210965049327864,
      0.18188784949059675,
      0.08515815361416895,
      0.15195539579015135,
      0.16706679640363506,
      0.2420131853179251,
      0.1498478966466543,
      0.20386500599141283,
      0.1669848616032504,
      0.039848959380198945,
      0.13698477829782899,
      0.13380188727340067,
      0.08167758294984347,
      0.27190637742743884,
      0.024401348938294043,
      0.11735974011207505,
      0.2732921343774114,
      0.21283499266494513,
      0.19713131208812049,
      0.05484038753739013,
      0.038001191843601255,
      0.1646348518424734,
      0.011097111902864299,
      0.14948995661363754,
      0.19764130034971114,
      0.1549653059781021,
      0.24461207321515668,
      0.269367733912019,
      0.19872637081695035,
      0.10668225434603239,
      0.008674522531756866,
      0.28667397029212155,
      0.27101414327791107,
      0.10688193000129546,
      0.11088520238456062,
      0.18047510765345814,
      0.23642375376223382,
      0.1274133970635725,
      0.09424663893291026,
      0.11064860969235465,
      0.03488053169695825,
      0.08533092437400104,
      0.20663243101543702,
      0.07369044582307886,
      0.26375451426167273,
      0.008115512960326686,
      0.23173928167787683,
      0.04459719386886816,
      0.1566989160304569,
      0.15795916060052698,
      0.03688126553634256,
      0.2814448538248394,
      0.24284588891222275,
      0.025917637792959136,
      0.23063704785433536,
      0.054720567877197736,
      0.08226276323700421,
      0.07956581640343575,
      0.03569899472482219,
      0.0789363276325545,
      0.09071642909596819,
      0.19631208642957268,
      0.16455909205078809,
      0.15859968598558474,
      0.25539500928619213,
      0.2921541913738516,
      0.09938497559994347,
      0.21961728083363916,
      0.08608969805655056,
      0.00816445273923636,
      0.08957563986369615,
      0.28013806818494347,
      0.09755515348695788,
      0.20631129950011215,
      0.041988269306732405,
      0.25514684151643663,
      0.028168404111101063,
      0.19303177200381993,
      0.295852359145059,
      0.057517027327154545,
      0.2532907257774548,
      0.1463029925653519,
      0.11885500873406113,
      0.29389376043024296,
      0.09960176575529733,
      0.17351009237880485,
      0.22030248129182853,
      0.14828596513784087,
      0.04662988906562584,
      0.09421582337628516,
      0.20518068797468997,
      0.25523724298365036,
      0.19798161094346053,
      0.009018346792782283,
