{
  "horizon": 720,
  "granularity": 1,
  "priceSchema": [
    0.198,
    0.198,
    0.198,
    0.198,
    0.225,
    0.225,
    0.249,
    0.849,
    0.849,
    0.225,
    0.225,
    0.198
  ],
  "agents": {"h1": {
    "neighbors": [],
    "backgroundLoad": [
      0.14911655276389088,
      0.279460619198579,
      0.16434955684193997,
      0.05900568311481138,
      0.29423986228914245,
      0.16323483462566454,
      0.25146275118530775,
      0.013143993111457641,
      0.009944771151442698,
      0.263462066090302,
      0.060309866550181584,
      0.16307553841192388,
      0.08361215642116694,
      0.03711723101023706,
      0.13998840951876992,
      0.0475837872459157,
      0.09159444925080382,
      0.01654529776935678,
      0.251234501435744,
      0.21270515062361559,
      0.18751845917154472,
      0.17751129576800537,
      0.17820560055521228,
      0.06054332409858908,
      0.023222848773940284,
      0.2803386036316816,
      0.29632451274544047,
      0.06075305512088661,
      8.862878851923605E-4,
      0.17478162929357505,
      0.292701106910824,
      0.27424879616660297,
      0.28704547475417325,
      0.26152687826496174,
      0.0905552691537129,
      0.2883668337955119,
      0.11444173281275594,
      0.21001010728739353,
      0.03638667501756517,
      0.12356843750279373,
      0.2696911853267744,
      0.29317108378541157,
      0.1889335978267408,
      0.24449495852884592,
      0.02132261419539697,
      0.07125383859406602,
      0.12499160588978003,
      0.07519382782245851,
      0.11051249862325155,
      0.11946657284995973,
      0.14105471552979745,
      0.22806638339809482,
      0.14514203133806808,
      0.26704926476264756,
      0.02414508122693951,
      0.15560735342707963,
      0.051931250906515014,
      0.21411902744383673,
      0.0667162530473349,
      0.1921822926905251,
      0.04278601859114861,
      0.11234360699279643,
      0.06022127003636557,
      0.29203318555848884,
      0.2347960390555386,
      0.025870140509598905,
      0.26246941416005104,
      0.017768193302253432,
      0.15779027400668907,
      0.15627741082909988,
      0.29254496115244305,
      0.29046382460174597,
      0.1444093462342743,
      0.27303325092022623,
      0.15671404120923393,
      0.18036540987101982,
      0.25381974748810643,
      0.12510301012755815,
      0.2994858035281978,
      0.0700649922897524,
      0.25389986705738493,
      0.14966656681838472,
      0.008668394953761593,
      0.09253851133022631,
      0.14117503258225472,
      0.2307109666653805,
      0.0888049480715553,
      0.13234381288762123,
      0.06565030870294604,
      0.009210430936928459,
      0.020032379096676822,
      0.27069012780544627,
      0.10124706328593965,
      0.18932662067762904,
      0.09318899374155346,
      0.19421409699225275,
      0.2861534197740524,
      0.17275433852818065,
      0.078686816256147,
      0.09446732149812628,
      0.15292840044692707,
      0.09870161919723192,
      0.2778754583986286,
      0.14184829494002574,
      0.26832035429255946,
      0.26054448588783913,
      0.06258790114639169,
      0.01296663825336447,
      0.17124067566867476,
      0.05080577744193619,
      0.2409011665975202,
      0.2626119254718779,
      0.21631461097105636,
      0.09220356564761167,
      0.033963534585985056,
      0.21559357389950634,
      0.21733313437388588,
      0.2863719439478995,
      0.2184734740910376,
      0.030833240820811878,
      0.015274497021590859,
      0.12071185782071586,
      0.023176928017537266,
      0.16738048289857888,
      0.15347941855503633,
      0.14931170914508474,
      0.264189734601254,
      0.08342773504455243,
      0.12865724321163613,
      0.27574402851111374,
      0.14339533166848553,
      0.259542942057408,
      0.031616404719666764,
      0.03054392693373635,
      0.1519195904450837,
      0.10835479884196919,
      0.26909173791309865,
      0.01936389531207946,
      0.22545161129877722,
      0.0924446282084835,
      0.05575389163320708,
      0.2935320157929977,
      0.014819571430924605,
      0.14280278966014656,
      0.10036249104661898,
      0.03504838180985402,
      0.18083634996935383,
      0.14206955577350855,
      0.10924932127136956,
      0.07611063320272043,
      0.11060125968686382,
      0.07029733080955787,
      0.10366250400239398,
      0.14973812100433603,
      0.11467352905948426,
      0.11139754426398768,
      0.06635027052180388,
      0.02260813544259237,
      0.010561583198861746,
      0.020650953889141264,
      0.20386810416833984,
      0.08129102305113015,
      0.10330765738159282,
      0.2030173310240612,
      0.18444736082998917,
      0.18303817186922056,
      0.20484757363639472,
      0.09264329243035387,
      0.2945405650507507,
      0.19677639749712733,
      0.19169626083992586,
      0.1618749841751959,
      0.10108016422068977,
      0.15579494706489871,
      0.0329412553042703,
      0.18657270377095167,
      0.08597339742797706,
      0.1640477328230249,
      0.10880288083079409,
      0.07511092361067509,
      0.2578529666625517,
      0.07593451126656993,
      0.1709095514571253,
      0.06440341857731556,
      0.17899303223788268,
      0.2991626948110719,
      0.1641854352400673,
      0.29580848305193913,
      0.2882601694057569,
      0.13012083227901,
      0.15234537890354596,
      0.10632087509217523,
      0.20093257396519476,
      0.08679157075993825,
      0.12214654941802439,
      0.25915109963139,
      0.05617601118961788,
      0.017397628308700862,
      0.009605765042524273,
      0.258886008086667,
      0.07043647315306996,
      0.20065458321000765,
      0.19235916623274668,
      0.1968440970932872,
      0.003668151118982543,
      0.21097875877866942,
      0.11210916482271974,
      0.0640163348125971,
      0.2811825116255163,
      0.09624770708164157,
      0.06273620411992188,
      0.11028817590730584,
      0.2726593555511788,
      0.14223002865730006,
      1.039825625025359E-4,
      0.10737175438177302,
      0.17503381278772878,
      0.172045342806715,
      0.11538490300757562,
      0.16660940578377928,
      0.15030689503850148,
      0.21841235162228792,
      0.17755928398235507,
      0.0783091874445856,
      0.03948489595653067,
      0.12026538614154891,
      0.11124051175285793,
      0.09519227989206315,
      0.2829950210962935,
      0.18428959263423833,
      0.20005101804226316,
      0.11818423296095136,
      0.04515762883171983,
      0.1699874413711472,
      0.2668377181152713,
      0.06993525345727382,
      0.25784744115783675,
      0.1159414937361351,
      0.16341553584947796,
      0.12230646114151555,
      0.07008540998153896,
      0.2973111265061517,
      0.056751009412724915,
      0.1535502418857404,
      0.0705384297626135,
      0.18644822657527388,
      0.12672025240490645,
      0.07330219400647305,
      0.29540576907221805,
      0.2713681302577946,
      0.28453612296623554,
      0.2777611908135623,
      0.04527941462032398,
      0.185054921427235,
      0.1446898597808188,
      0.04625084591175738,
      0.19474499753301688,
      0.19080226081848015,
      0.13170604815633874,
      0.04873008386108284,
      0.05601233424687282,
      0.17985702565160724,
      0.12554448463567683,
      0.2523110194892794,
      0.14768438749022827,
      0.09589045814543169,
      0.07750640752136088,
      0.12764155428324647,
      0.14406144783872168,
      0.21793772783121135,
      0.002732828535519438,
      0.1511001363476006,
      0.0463019051094812,
      0.2665816338165326,
      0.06417675419170858,
      0.05006119513717324,
      0.1952171931281592,
      0.25748199974194796,
      0.0024576580536075474,
      0.03497727712080373,
      0.15442747007818983,
      0.08339393354426375,
      0.09702070543937588,
      0.11834810603485674,
      0.05026049166135036,
      0.05266338219958733,
      0.28335103780509063,
      0.18818520866963845,
