{
  "horizon": 720,
  "granularity": 1,
  "priceSchema": [
    0.198,
    0.198,
    0.198,
    0.198,
    0.225,
    0.225,
    0.249,
    0.849,
    0.849,
    0.225,
    0.225,
    0.198
  ],
  "agents": {"h1": {
    "neighbors": [],
    "backgroundLoad": [
      0.07386704665367982,
      0.04662186960573462,
      0.10217914046932876,
      0.2604946272853734,
      0.25502942120286015,
      0.1610994752150824,
      0.24320765021184795,
      0.11338470090280042,
      0.11340247485093971,
      0.2932681033651988,
      0.1663790034938135,
      0.040008764507036255,
      0.16085648674124142,
      0.11237473657419314,
      0.2741282151279575,
      0.2059856212127991,
      0.030317151519693063,
      0.1507174163858341,
      0.2146258778124388,
      0.14274962630345192,
      0.0775015641527221,
      0.0553193303703605,
      0.06855030913328382,
      0.26923632340374815,
      0.005530186272733495,
      0.0322436451271085,
      0.07862504360761685,
      0.2703316965619701,
      0.07279389830304585,
      0.08531253627579298,
      0.0864248223989497,
      0.17119214360162263,
      0.07052393817138815,
      0.22427398880543892,
      0.11481100166695735,
      0.2923999801837283,
      0.1349926148322889,
      0.275214955485026,
      0.2859195164513421,
      0.261361686781423,
      0.026800732334671284,
      0.28991796197339137,
      0.09746996802310486,
      0.27567592086911274,
      0.14933214904315315,
      0.17807319526503,
      0.23403045468288394,
      0.04115531350734478,
      0.033259241823296946,
      0.2013688772010986,
      0.2450010927792714,
      0.18952298456729944,
      0.15856055580509634,
      0.1852527109170252,
      0.182687665911357,
      0.08730204336366888,
      0.11434900080078575,
      0.17138814176523534,
      0.2214845092205111,
      0.1900773801797859,
      0.2635173713990946,
      0.03406553022003532,
      4.386932136673072E-4,
      0.13017374986937888,
      0.28284307957012594,
      0.10857366109346915,
      0.1467884574188759,
      0.13597427217640218,
      0.10950942867808205,
      0.141092834059301,
      0.284574617046093,
      0.25335349611702274,
      0.11636647995524758,
      0.13903984175249748,
      0.17700143941012644,
      0.13042397612043752,
      0.2879229125709884,
      0.2785971527506322,
      0.26865698711838987,
      0.12065201178379248,
      0.1343292871702978,
      0.1908073072783854,
      0.15873018039490053,
      0.18425409761873188,
      0.29812697602800553,
      0.13567389214874068,
      0.2750821735974031,
      0.08033447973551075,
      0.2587484817025266,
      0.031211393808666374,
      0.056622654960458804,
      0.15864144995049484,
      0.18921709256170083,
      0.24175016256019394,
      0.2948503307114677,
      0.2801050258624741,
      0.1304136358818566,
      0.10083012512683284,
      0.21556049457037949,
      0.1537515071410825,
      0.1192399797092107,
      0.020449310427968236,
      0.22490118962452002,
      0.21693349554997915,
      0.05290132746520909,
      0.27893815776594905,
      0.08210546669899489,
      0.1989649836813873,
      0.12388509740509034,
      0.00945279499878604,
      0.15193605216488495,
      0.021293287766389855,
      0.07068447436798163,
      0.14470602256965484,
      0.07138049231414578,
      0.10884534194372993,
      0.19450108292324367,
      0.08561348271778946,
      0.013363185074930728,
      0.14776400063682227,
      0.23652690779615992,
      0.216634852397447,
      0.235485545484102,
      0.008518989206519011,
      0.19662224280671056,
      0.08453999749481955,
      0.1685416838678873,
      0.26320366057458516,
      0.16458817059895822,
      0.22349702920294284,
      0.15764282656934514,
      0.021827975721320114,
      0.17691897043524077,
      0.14103114956442236,
      0.03325207430693002,
      0.06888030534770602,
      0.27017152633277547,
      0.09104158410491131,
      0.17586257952313242,
      0.24902639552059838,
      0.20914542070202213,
      0.16328392828487315,
      0.011215663508798301,
      0.1522342277041631,
      0.08234431751755607,
      0.28750190239646767,
      0.2394942918819457,
      0.07018802704461426,
      0.23242543499634208,
      0.11781675315490346,
      0.07066821735619784,
      0.1523739759087394,
      0.00419597693113839,
      0.0395523481243066,
      0.03795186630284185,
      0.21265003744618693,
      0.0919502255527906,
      0.15408733428497753,
      0.11359650503452265,
      0.11791894433375455,
      0.2682515416764268,
      0.15523838491713787,
      0.2752598204612497,
      0.27740619640086417,
      0.10210086000276804,
      0.04856188993131909,
      0.10310642597629278,
      0.011609835598378804,
      0.15357552516458114,
      0.21075440926234207,
      0.21126414890658213,
      0.16289891855018027,
      0.1543171449862924,
      0.1022849076002252,
      0.18807640881052673,
      0.159776187858029,
      0.08942167055391814,
      0.16725899422265858,
      0.10353464249758322,
      0.19435032188971216,
      0.12301648000252903,
      0.02197140538187169,
      0.2533820132375055,
      0.21618548475497198,
      0.13349965005288905,
      0.27840262367882496,
      0.09823340546410927,
      0.24530767875560075,
      0.1676847660607098,
      0.22080936823607653,
      0.29219956521807694,
      0.19246841901443243,
      0.2555647835251095,
      0.013058741636658466,
      0.27391097590193997,
      0.22386977035050842,
      0.053905314202691325,
      0.22020229206348227,
      0.20154897781688189,
      0.13332602831607876,
      0.09802681021521262,
      0.20868051303944818,
      0.2624345285817923,
      0.0303129805164139,
      0.17660403945053058,
      0.13606162156174967,
      0.16567723077365787,
      0.0022814712434504167,
      0.09403678571621313,
      0.011248413819034053,
      0.06927513666953056,
      0.20737563962000016,
      0.29844692435387954,
      0.010616821951846222,
      0.14688546182268722,
      0.06513138258120671,
      0.012498354461713324,
      0.17532302201178002,
      0.17686519319707342,
      0.18273217630235086,
      0.22650111076535145,
      0.02320197851926876,
      0.05396504543554801,
      0.019595122511992424,
      0.2841042717797961,
      0.14570458428390642,
      0.14279100536982114,
      0.23897882862923076,
      0.2445019161674485,
      0.276348232779869,
      0.19126306803342813,
      0.1390313562871528,
      0.16768676906213117,
      0.18245065841582497,
      0.09339190584477637,
      0.2439378982336585,
      0.18592706287324637,
      0.05592652478214808,
      0.29094244514677475,
      0.24331866841418265,
      0.20852980775701044,
      0.24322220320891166,
      0.20532234023640542,
      0.1694249583702557,
      0.2103725117151249,
      0.042767194855648984,
      0.28254060867505376,
      0.1572247528480148,
      0.1540912921863322,
      0.21684691131034947,
      0.11525712922761194,
      0.1338248745603554,
      0.12750254795725494,
      0.29174873124313255,
      0.01996867566025946,
      0.2541350747194603,
      0.12368829488659676,
      0.13616420376532315,
      0.26111496710527815,
      0.08740458245940204,
      0.049414071728233,
      0.12374124552893634,
      0.17275060134882175,
      0.11621510957208708,
      0.1286959406329134,
      0.2568712110354362,
      0.23039801263547105,
      0.23017810968689964,
      0.21172565238786578,
      0.20658528596216577,
      0.26916058335814524,
      0.14123022327426496,
      0.2203152116557944,
      0.062327762577188,
      0.24449320002538108,
      0.24839146251870864,
      0.1361493420732724,
      0.05497645612275085,
      0.18301812601616355,
      0.12338101629020302,
      0.07873459789926887,
      0.2192119653109508,
      0.16684994930643826,
      0.22999790100347312,
      0.16418639601825444,
      0.1673035028376004,
      0.020837948654325276,
      0.01890013344360698,
      0.20561497443856971,
