{
  "horizon": 720,
  "granularity": 1,
  "priceSchema": [
    0.198,
    0.198,
    0.198,
    0.198,
    0.225,
    0.225,
    0.249,
    0.849,
    0.849,
    0.225,
    0.225,
    0.198
  ],
  "agents": {"h1": {
    "neighbors": [],
    "backgroundLoad": [
      0.17234120439101908,
      0.27628761231459326,
      0.234447058262095,
      0.21799149753527122,
      0.054243526873767156,
      0.1811227922414416,
      0.05783069261828089,
      0.14398710207583926,
      0.09891128130669018,
      0.04656799117533778,
      0.07855995583266752,
      0.25728538266757733,
      0.13262579972055097,
      0.1066702120735727,
      0.2403568835954177,
      0.21632528991746292,
      0.18445495519495922,
      0.07886263645433375,
      0.10661158167128379,
      0.28123376878464207,
      0.007294128146494705,
      0.15151285330306832,
      0.12857722942180602,
      0.2401285846006701,
      0.2577044644900292,
      0.016591081745500745,
      0.15901384013461733,
      0.06654908391639705,
      0.23737469155539181,
      0.24160338028664383,
      0.25963976292954155,
      0.12349721931845813,
      0.1359033597733618,
      0.10141508212891795,
      0.22647214762553736,
      0.25080563856372623,
      0.2694017494661118,
      0.23709129385542918,
      0.24890332240850158,
      0.029660234268063378,
      0.06874416041086417,
      0.05222374565640425,
      0.2903685350634934,
      0.12007232931232426,
      0.10232554993943878,
      0.15459224512715955,
      0.05033998435993557,
      0.17603151390062857,
      0.1317131856442373,
      0.26903429818534147,
      0.157419535276241,
      0.23403888256895605,
      0.2107998723137178,
      0.2297059424524822,
      0.23888791590864095,
      0.20559406125593566,
      0.11471182168267263,
      0.14265113307627147,
      0.28392499994582093,
      0.14328392271821447,
      0.17700272764359512,
      0.18990512620093072,
      0.05141459487081843,
      0.02406624889016876,
      0.17619932293938975,
      0.1620115020509124,
      0.08185017457807371,
      0.11503671708541813,
      0.2231987168118826,
      0.2618155054614163,
      0.20498340332334447,
      0.08817268971141717,
      0.07940574181723944,
      0.17371236275443955,
      0.1479987372238796,
      0.08562725840239868,
      0.009415035464774612,
      0.18751006578677162,
      0.23795403075812463,
      0.24875478664792047,
      0.2471971710104544,
      0.061173621996222005,
      0.009155645972612158,
      0.23378004326148677,
      0.11303281134068,
      0.285911806623209,
      0.058700343398405075,
      0.15292422939591074,
      0.2616524929607791,
      0.10422384782390774,
      0.01737237528609533,
      0.10016871060132893,
      0.1747784118640774,
      0.19378195051556096,
      0.12506017147034723,
      0.24508826226577507,
      0.12803791192896255,
      0.019969906240040403,
      0.2548340515738236,
      0.0747308170929963,
      0.15275695739135453,
      0.18236286666978307,
      0.05527630482652996,
      0.14182373154047295,
      0.24574340188184834,
      0.017587527156073333,
      0.2831552475155517,
      0.205025675822085,
      0.2010890468399586,
      0.12808792542420083,
      0.08321973897083941,
      0.00651896963714601,
      0.07911606650856204,
      0.12407407306215607,
      0.035980213727687914,
      0.22664061556497198,
      0.020095851752137704,
      0.16519424282514214,
      0.16342704860687662,
      0.25176097275982645,
      0.2001498362948725,
      0.25536993609465647,
      0.1301549444992101,
      0.14021795372581922,
      0.12672271412710756,
      0.18190156090610535,
      0.28802275904740904,
      0.060337944549151985,
      0.1635782870784477,
      0.2089379808616653,
      0.1829472849773833,
      0.25956158037774635,
      0.19920746904061393,
      0.07192195953058896,
      0.13787848892495905,
      0.11585440582937961,
      0.19989939200573142,
      0.10694202969674606,
      0.2144863962905406,
      0.05994753690808846,
      0.2417183839648721,
      0.07192842222855421,
      0.0699657360267188,
      0.17574185452120125,
      0.22239213198483265,
      0.26043274551619905,
      0.07650159567002347,
      0.09941261872374292,
      0.1520715549844543,
      0.059807599629755,
      0.1938681513951285,
      0.24984127459608127,
      0.2757889186573405,
      0.24563512896751208,
      0.20837957044033453,
      0.22111668328683146,
      0.14721300838353196,
      0.2005042342850961,
      0.2487455757415188,
      0.057183353245609414,
      0.08458953368179546,
      0.20652047039718696,
      0.28414908577794395,
      0.06638518809763584,
      0.2602190289092326,
      0.1833182441331332,
      0.15851559930344633,
      0.24846457329158628,
      0.26285096960559245,
      0.034475975798895386,
      0.053463608883937065,
      0.27389386657408343,
      0.17295891888835963,
      0.12164274307680199,
      0.24107427391233693,
      0.11055151256192398,
      0.042296772618221845,
      0.2288950213938983,
      0.12404608491434371,
      0.035859827610366775,
      0.043777025932724256,
      0.13100883677737987,
      0.19137637927844126,
      0.13919305232318402,
      0.18928636511613686,
      0.12529213954444887,
      0.19540543857356651,
      0.09858000253822403,
      0.137652390953411,
      0.15038018353732116,
      0.07100271185669584,
      0.06272756658320268,
      0.27988800416848203,
      0.09689895099914704,
      0.0478275415609359,
      0.07601826010983294,
      0.05262349297585173,
      0.2444435137326126,
      0.2813939523472622,
      0.04867094248293147,
      0.08684698218139138,
      0.09113317533171875,
      0.2545824039322103,
      0.18161155850634872,
      0.006034947432729099,
      0.22602685697171693,
      0.18214130487601246,
      0.22602727598368455,
      0.2539947172226972,
      0.16369740075669145,
      0.20487967467357085,
      0.06345298391819357,
      0.2577127792405658,
      0.07398149860141537,
      0.17908758302633623,
      9.581704413843539E-4,
      0.2538770072868272,
      0.1837141947787435,
      0.26398002169020246,
      0.19967736747219064,
      0.05319518959876109,
      0.05925360201944125,
      0.23924594135033905,
      0.018586942970189424,
      0.2294244403349397,
      0.12779197596930328,
      0.05371566997358226,
      0.07090922664417217,
      0.27044154897341155,
      0.12867598056305257,
      0.25086738940804015,
      0.24346057086225545,
      0.0854516814808936,
      0.2444249937668595,
      0.237965354630158,
      0.2966827506923843,
      0.06376612172199615,
      0.24901001468604542,
      0.2170397239315065,
      0.1626277668791657,
      0.15457987324720443,
      0.1481779894601797,
      0.017455182867079786,
      0.24754894331814825,
      0.2679247084950949,
      0.2498485745224512,
      0.2005527163625682,
      0.2025298369553188,
      0.07395095019937353,
      0.05491598405395493,
      0.21666639457643305,
      0.1438938510964721,
      0.059224940519999277,
      0.14483437622077158,
      0.1009092050460941,
      0.09529697627848133,
      0.1290017768984652,
      0.21150186214125896,
      0.22942107264084105,
      0.13267312528650202,
      0.06280385048322697,
      0.1549275714030664,
      0.2751105622259001,
      0.1789652057233268,
      0.026488609120287842,
      0.2250956139681588,
      0.28969790408843304,
      0.030316695913383616,
      0.2786390794505662,
      0.02642892244766106,
      0.010462749317760133,
      0.11479373180367439,
      0.11092526013707209,
      0.0431900111463285,
      0.2578986085344142,
      0.1465261193736264,
      0.2866549479017766,
      0.09487391518674831,
      0.21773360751517784,
      0.14317874323476046,
      0.07503219832154466,
      0.2642955804770676,
      0.2659621742747553,
      0.002716988673967635,
      0.1882576441475238,
      0.21156225170873422,
      0.007394573118364145,
      0.24739049839985622,
