{
  "horizon": 720,
  "granularity": 1,
  "priceSchema": [
    0.198,
    0.198,
    0.198,
    0.198,
    0.225,
    0.225,
    0.249,
    0.849,
    0.849,
    0.225,
    0.225,
    0.198
  ],
  "agents": {"h1": {
    "neighbors": [],
    "backgroundLoad": [
      0.018439821274252532,
      0.09704814627533827,
      0.186711141287759,
      0.06827011086124096,
      0.10310284712662572,
      0.0392956719384678,
      0.037918762850219466,
      0.04980108992160751,
      0.26203498344186343,
      0.22902000447585802,
      0.227169572274529,
      0.22822321453975508,
      0.04831071248443802,
      0.26487438103945576,
      0.15544513784435235,
      0.27090695268330456,
      0.194442877918628,
      0.13253211195633866,
      0.008344072819292102,
      0.020563737832112062,
      0.06891656092352057,
      0.16328523746551066,
      0.2620950091008035,
      0.29655157230575807,
      0.06286987583083765,
      0.12332958282260484,
      0.14194891565822482,
      0.2603885887166628,
      0.1296393402979659,
      0.043297488259841865,
      0.18605875593415752,
      0.2201699048750824,
      0.055098983262378096,
      0.08701724402085034,
      0.11955298240580993,
      0.037175933840609875,
      0.18201594014390152,
      0.2804157595022055,
      0.17521260685541198,
      0.2884769076676978,
      0.2920494156873268,
      0.027753909281677012,
      0.24948639952381385,
      0.14721707598099457,
      0.29796360045047565,
      0.047453131000987143,
      0.11997223954430368,
      0.21599214705399514,
      0.28590857357784794,
      0.034713975088447147,
      0.01316048681823504,
      0.2858212733861712,
      0.08915372566728778,
      0.2755433871614434,
      0.012331535281693085,
      0.011060515592700715,
      0.06049667388544535,
      0.010309661245744483,
      0.05534681595368799,
      0.2233817077926021,
      4.2867265006611975E-4,
      0.18104846946907613,
      0.17071654314190363,
      0.08543557857393365,
      0.20567699302253034,
      0.28893690018067136,
      0.20166793420987003,
      0.213751475774715,
      0.19700660495794853,
      0.1154894561560851,
      0.24431934240956504,
      0.12690508727658587,
      0.07940753975659541,
      0.12997929427531127,
      0.06492875676563871,
      0.07639397447749666,
      0.22216574957851734,
      0.23235347596395442,
      0.23365530752338182,
      0.19055697929741816,
      0.05465303302343805,
      0.037276114467405884,
      0.29720572122998523,
      0.2325374216734433,
      0.1195423371958204,
      0.2194077231589356,
      0.24049928068413484,
      0.23166635200328242,
      0.14488181464941202,
      0.05426305767682875,
      0.2079942938937693,
      0.27689176927787174,
      0.23644064693888428,
      0.122652469632837,
      0.12009635324483868,
      0.26492871876930474,
      0.12759582948222037,
      0.2775868187200751,
      0.012977338040557661,
      0.2842638752560235,
      0.07413508740560948,
      0.037041886849253754,
      0.010580635821470773,
      0.01154844215923737,
      0.016445683042057468,
      0.24975660962884005,
      0.1907193326311121,
      0.1654179329731211,
      0.21189684872061368,
      0.15175160291196965,
      0.019093744200833172,
      0.11808823376467198,
      0.1590676029339496,
      0.13595724996224898,
      0.15327708425464412,
      0.06912109855543633,
      0.09705948782947411,
      0.08423751331384435,
      0.17096285701169464,
      0.014159510020223386,
      0.28491147124654725,
      0.06411839496133655,
      0.08355765062974164,
      0.21255425445574763,
      0.2740562299457957,
      0.021267051390073132,
      0.07809075262480127,
      0.11230440208861642,
      0.20097337447931118,
      0.23977327856203848,
      0.04143730895692316,
      1.1149978668023586E-5,
      0.0948047097756489,
      0.007423071472673281,
      0.2779019445789246,
      0.02314889616347803,
      0.03780108266901537,
      0.2965542653346846,
      0.16788374548047688,
      0.2889032502974533,
      0.026711228097827954,
      0.02701766850339631,
      0.1442647381754185,
      0.07694426901709468,
      0.22559288104256447,
      0.25563176463130627,
      0.1903300876207089,
      0.06624076685080758,
      0.1325391298967274,
      0.2708305758528894,
      0.12015677117213917,
      0.16758816021979783,
      0.18130235169402473,
      0.0043014351375028955,
      0.11737042635904643,
      0.03185877659573043,
      0.2604233868232754,
      0.2130460741988162,
      0.12589860011506723,
      0.246242791592224,
      0.10433512024299932,
      0.12280558691106608,
      0.2436366456823541,
      0.20172659947779953,
      0.03993780403300325,
      0.03962124143989595,
      0.22285117592820272,
      0.25510755186583917,
      0.05180590541562866,
      0.2594969173117895,
      0.2295087893857431,
      0.021817794863112305,
      0.03969645991523772,
      0.18760364348429232,
      0.2394375792776788,
      0.0490318425729229,
      0.040426005616973466,
      0.1248019826962829,
      0.2428522369893094,
      0.17571624291763557,
      0.26927421847667954,
      0.061509823157121744,
      0.11741555963221129,
      0.2547809630788757,
      0.2971763440905563,
      0.0029684203783304384,
      0.19767346167498773,
      0.21696033967954956,
      0.26772388879234266,
      0.035257604320865145,
      0.06612416778921133,
      0.14966346913249765,
      0.22560027202055477,
      0.13991870010409255,
      0.18736602046011377,
      1.6933819029407716E-5,
      0.04197763136456751,
      0.14800890876730236,
      0.19886511914683475,
      0.27709269632751143,
      0.21434170132949473,
      0.007828932910348096,
      0.2760674858847275,
      0.05120441436472012,
      0.010817408101967074,
      0.06045936723706952,
      0.25046538039775906,
      0.13069270718548764,
      0.28852766612846803,
      0.2582099968162105,
      0.2100892732774877,
      0.2695663464340044,
      0.25445918463693556,
      0.2849013057054411,
      0.19261872714243608,
      0.15493858304226305,
      0.2834665559839824,
      0.07975005352662591,
      0.20141760526682884,
      0.16627798973659239,
      0.08718430856531179,
      0.1434965558327874,
      0.15176101926498808,
      0.19330668638079238,
      0.013324854625266846,
      0.08670054956252467,
      0.2754235526702927,
      0.07222419424703759,
      0.10246755336398485,
      0.24751447824666103,
      0.2717915511156639,
      0.027710365203242094,
      0.2449908707407762,
      0.0652696529280418,
      0.06172297692995431,
      0.22646247231487818,
      0.03401933619730644,
      0.19831543587529094,
      0.12059403618377368,
      0.2218613086541227,
      0.142745854903589,
      0.06149809647939075,
      0.1602974805587206,
      0.16226202940364415,
      0.024253968408207736,
      0.08522021443888692,
      0.2624015219637611,
      0.250368317978408,
      0.16343817438622973,
      0.2224925109312978,
      0.07172489005678147,
      0.2626516915069629,
      0.18120644015802176,
      0.2706464696693303,
      0.13343772888272545,
      0.2994536005400226,
      0.03492871869374065,
      0.12543184770038407,
      0.28607984345994536,
      0.256566622983317,
      0.2725034171623003,
      0.06885106255058217,
      0.2597174570511092,
      0.1889876608000985,
      0.10699945225903552,
      0.08426538883765418,
      0.14195784505915987,
      0.12703537486598682,
      0.2441495909929796,
      0.1483896198972434,
      0.0686204220233982,
      0.03717045735772806,
      0.22629379516633413,
      0.12299034586214823,
      0.23667333586332917,
      0.07665593277917056,
      0.23519254127346145,
      0.20738032122977512,
      0.06397096069043588,
      0.2407329699974091,
      0.1837208986088991,
      0.0871397567382214,
      0.01831797357630057,
      0.23749511521457842,
      0.18666870843882089,
      0.2785415228676142,
      0.2415901389385209,
      0.16242785221628878,
