{
  "horizon": 720,
  "granularity": 1,
  "priceSchema": [
    0.198,
    0.198,
    0.198,
    0.198,
    0.225,
    0.225,
    0.249,
    0.849,
    0.849,
    0.225,
    0.225,
    0.198
  ],
  "agents": {"h1": {
    "neighbors": [],
    "backgroundLoad": [
      0.24174442583470374,
      0.13501677276924912,
      0.18015660785650367,
      0.2988238467235254,
      0.05347694015112949,
      0.1243581737151661,
      0.2576497857017612,
      0.2360917441463245,
      0.27959268929378345,
      0.2185591099007035,
      0.02358272584154728,
      0.08295585776479528,
      0.12777426827709767,
      0.055095933372967205,
      0.18696143921128225,
      0.1857392144907419,
      0.29945600166786185,
      0.07794331921089268,
      0.2444246102304063,
      0.08721037989295405,
      0.25772166540367253,
      0.23006344566543988,
      0.0599705098757591,
      0.07206203939617183,
      0.2601174030606842,
      0.08326516683617509,
      0.041467581649067886,
      0.26541388953103623,
      0.11364275761650255,
      0.288405383485023,
      0.21673606401873155,
      0.2554278810566955,
      0.2691635496530809,
      0.20458372553111634,
      0.18322148460533175,
      0.020766203893942212,
      0.0017785703966669896,
      0.17875094032548666,
      0.03577624244165791,
      0.015381252367059327,
      0.25306941115084924,
      0.22013136127602634,
      0.26230079262007416,
      0.15382156965657945,
      0.06463101359888003,
      0.24353805607678586,
      0.19983559173493648,
      0.005055049137040212,
      0.08674502213219232,
      0.2042197726407843,
      0.11656995596805059,
      0.15169356884490848,
      0.045737055806356904,
      0.04141555925305933,
      0.09643655228888666,
      0.23486999175953713,
      0.015473551916108996,
      0.08355091037997693,
      0.23041908059973687,
      0.1129121504071991,
      0.12651772830383315,
      0.025908872395412206,
      0.09958905987089135,
      0.058965704699108334,
      0.18285169509698085,
      0.2954841195641113,
      0.09084210582802474,
      0.23982361101794386,
      0.030948058198296456,
      0.189829956610667,
      0.022896820230947378,
      0.2431061123376545,
      8.891280329533679E-4,
      0.17786645289718644,
      0.29815261501038703,
      0.16335579125151237,
      0.2913314136460448,
      0.23213887098729474,
      0.043906426953009045,
      0.13669719872463224,
      0.24290315345327373,
      0.17720238517558032,
      0.19841585641887863,
      0.2404992846571916,
      0.22610054852837452,
      0.10139343089029745,
      0.06558330141880254,
      0.2566821632313065,
      0.020657348549931686,
      0.18558726381186805,
      0.22410277948333063,
      0.23126488262629344,
      0.023437257643178888,
      0.055561149640099894,
      0.19228933259035805,
      0.07923229889511724,
      0.09146946621113984,
      0.2716200357303077,
      0.2972914288956649,
      0.18391257991190574,
      0.11563452641308283,
      0.1772474411694815,
      0.1768040492651744,
      0.08625950411350988,
      0.2166967413617013,
      0.23094713526052882,
      0.09129638294849356,
      0.14967482101627982,
      0.0763056219643919,
      0.1800832859156889,
      0.1252753757050586,
      0.1574869926291811,
      0.08173142574390596,
      0.06721202006345357,
      0.009383286871060225,
      0.02157603878477222,
      0.2019787252188345,
      0.25900980477215824,
      0.023994220472035775,
      0.1935941563740791,
      0.18927424514193028,
      0.2344853616412407,
      0.09554422761443136,
      0.09648505135125747,
      0.21651079630035466,
      0.11880442512223607,
      0.014534746973118616,
      0.20497943078551487,
      0.280222440569318,
      0.2612312181111617,
      0.19297363431968045,
      0.01669353917632863,
      0.009423772635185845,
      0.17800922672679412,
      0.0277891343969059,
      0.09007978512571048,
      0.29413136197536566,
      0.005049540033546651,
      0.22954579839299327,
      0.009229275589422558,
      0.10070227159637969,
      0.21710260264151268,
      0.12490169201673862,
      0.024645951766857743,
      0.14881204748878127,
      0.297874112344986,
      0.0322571980165175,
      0.09128565157136313,
      0.039626937006865,
      0.27951185877315987,
      0.14022928129767143,
      0.0693449984037273,
      0.19987492438692347,
      0.08508479371538104,
      0.23274681947528236,
      0.20305717481727234,
      0.289868392895255,
      0.09419569304363513,
      0.2596180494423891,
      0.20504106740282876,
      0.24020371699068455,
      0.054191522839422857,
      0.2603809685083498,
      0.244543014816723,
      0.2674616175947306,
      0.20797044621627986,
      0.29828956808331747,
      0.008865355380030226,
      0.26315546937951906,
      0.0689864193216959,
      0.29832468831108194,
      0.2690878550892237,
      0.2748824860126681,
      0.148844714718785,
      0.16671482940657403,
      0.09248732791790774,
      0.2348650877615096,
      0.16125819506561853,
      0.2571950865915421,
      0.06300936336890024,
      0.12804311993176912,
      0.18995959898087464,
      0.20227354813519957,
      0.02961971964675305,
      0.2719144593002434,
      0.16788029878246216,
      0.11042301500527597,
      0.15375337177279624,
      0.13557545877376476,
      0.0032024163855364106,
      0.17668505667176213,
      0.19191814488942574,
      0.12281106097186832,
      0.19419879386879488,
      0.024537477267701033,
      0.08978650105403403,
      0.01055639728297606,
      0.0762716493267503,
      0.22179510983959583,
      0.21681536333412119,
      0.04680645458763994,
      0.27032173046515895,
      0.1361838249626358,
      0.06978848761213256,
      0.13498583461781405,
      0.13147907123746136,
      0.07734723847618728,
      0.18902021753473086,
      0.14754732280896957,
      0.2414780038176203,
      0.18080749611421848,
      0.08932156051059965,
      0.23490277606681437,
      0.13002937589631935,
      0.17144250917158407,
      0.060704544137238435,
      0.0751765930636594,
      0.2585737991723796,
      0.2892950570768483,
      0.2582607209392389,
      0.1657665085690344,
      0.10129102463065352,
      0.10176683277156826,
      0.11761870235806089,
      0.2482556551445146,
      0.014103908476061843,
      0.27693374871789295,
      0.20934460635057783,
      0.22031993774514558,
      0.22152968192205072,
      0.0031891751573126957,
      0.252157708541216,
      0.11136481876650924,
      0.2247845895071233,
      0.17411807917315306,
      0.19855345357415802,
      0.1451738266377577,
      0.06021290257982965,
      0.15041939312253494,
      0.1522243557584988,
      0.10360042944787844,
      0.19568855324492995,
      0.2190419351366328,
      0.004902592806241168,
      0.03521443059034855,
      0.14931017755579976,
      0.02137634308201102,
      0.25992369744381516,
      0.1035372135335637,
      0.18781428011483547,
      0.027159707549074395,
      0.20414760776914767,
      0.18781665101263653,
      0.2951343302140474,
      0.2690274331535794,
      0.22578288968623483,
      0.2142879128513086,
      0.0035580995639641344,
      0.12308377617492627,
      0.24045847354654548,
      0.185680461862742,
      0.07027185854954732,
      0.032347139258277355,
      0.18279136867306797,
      0.14107814968371804,
      0.10214425867604394,
      0.12960853882535348,
      0.18483663760458321,
      0.1348171010249783,
      0.056039639019965025,
      0.25560792764309603,
      0.15585342427021087,
      0.03997287441486889,
      0.05506963718019799,
      0.19318609502839248,
      0.04532270127724226,
      0.07422681858651327,
      0.041888537903763734,
      0.052298072097322436,
      0.24778337989478894,
      0.21095929708671082,
      0.04946448061670987,
      0.25077046401283465,
      0.04710783452113138,
      0.27607251642275554,
      0.25201159117851174,
      0.2763011199767224,
      0.007679080275213357,
