{
  "horizon": 720,
  "granularity": 1,
  "priceSchema": [
    0.198,
    0.198,
    0.198,
    0.198,
    0.225,
    0.225,
    0.249,
    0.849,
    0.849,
    0.225,
    0.225,
    0.198
  ],
  "agents": {"h1": {
    "neighbors": [],
    "backgroundLoad": [
      0.2213785320035208,
      0.1386173479157303,
      0.09198266284521713,
      0.12212854966952272,
      0.2563763126533623,
      0.21615363163606674,
      0.29870725338899323,
      0.23060112910848424,
      0.17186224690558835,
      0.01157231598473305,
      0.10305175275311405,
      0.23427494276170907,
      0.2962193602207835,
      0.04480458574267238,
      0.07659391087854193,
      0.09737829633133109,
      0.10446645878110662,
      0.23421557847986404,
      0.18375565955709455,
      0.19821847701471948,
      0.035560930926160736,
      0.2854569770288603,
      0.1923667911673824,
      0.2770592132807447,
      0.06902575793846522,
      0.06806965852767784,
      0.275578781097791,
      0.29779681930218915,
      0.11693595059948436,
      0.11369198884812909,
      0.21630530147873717,
      0.17369338986299843,
      0.21629961479914997,
      0.06982887666302609,
      0.020300676983880717,
      0.010783389514470708,
      0.07063518928101443,
      0.05236429183581217,
      0.10012890674639528,
      0.1834253449465949,
      0.22003670595225025,
      0.06718953125657275,
      0.05336349913601202,
      0.20634101175869493,
      0.14856224795626896,
      0.034655200883781025,
      0.0537132376115516,
      0.10138529383276904,
      0.18852403965254438,
      0.014668466883507024,
      0.21834853929403766,
      0.15315193321075032,
      0.20617675859232085,
      0.23905718172882653,
      0.11679651514884491,
      0.17233820252969884,
      0.14843537636097826,
      0.14603669327554342,
      0.2147576103378173,
      0.1101480505968191,
      0.08174922148496441,
      0.15876689446088044,
      0.15867688972759747,
      0.21271337655779995,
      0.010503590799028994,
      0.024403052135336743,
      0.19184511388822165,
      0.03931134050693975,
      0.2626046325075215,
      0.12659861372465486,
      0.03144919036529579,
      0.24846850273898016,
      0.29278364237414717,
      0.06272773949477208,
      0.17882514053296644,
      0.2452576210498099,
      0.10582789561162638,
      0.12306481532144604,
      0.09351724533112918,
      0.2970539347593323,
      0.04734756328089732,
      0.060778945015570046,
      0.2625640786520903,
      0.05444156091583685,
      0.1656540415084419,
      0.12559719530903185,
      0.10457285404826976,
      0.08804302113056008,
      0.17827628349039953,
      0.1236224629530675,
      0.04491334588749318,
      0.07370736068750758,
      0.27177150362797936,
      0.048247371031712345,
      0.2165620502753992,
      0.1548709266311902,
      0.04505754727665377,
      0.13757506031049443,
      0.02882274759209593,
      0.15689139511019737,
      0.10636518033310306,
      0.06785590936805208,
      0.15263853952642759,
      0.18516347772481884,
      0.22164998703729952,
      0.13441236334004492,
      0.17709372226677972,
      0.10859192789967723,
      0.039108194393699315,
      0.2834746594922357,
      0.010768399426288244,
      0.04988051732662221,
      0.020839443582272243,
      0.06815543912908219,
      0.16448499567386846,
      0.053636805527384625,
      0.1529812078583017,
      0.23013185032812347,
      0.027254535131598888,
      0.016532888230709374,
      0.06002128366880733,
      0.05834534767901961,
      0.18638814372785628,
      0.04231590788960823,
      0.22856356256583837,
      0.13968778479623717,
      0.19911774798954823,
      0.011846857746159867,
      0.0900935643835232,
      0.006261916456739514,
      0.12115272648133019,
      0.06853419167650317,
      0.2940219721766598,
      0.06543307390493504,
      0.18805865874413083,
      0.08420727759801463,
      0.16364376896388122,
      0.023036220897369928,
      0.13729963100194578,
      0.2698275936341573,
      0.09561920023785599,
      0.1845884008349979,
      0.042443237825027014,
      0.03286561748503588,
      0.12556351248021141,
      0.19241713737166094,
      0.18614563775280243,
      0.21019425905928282,
      0.2926383428402472,
      0.21283524212707602,
      0.08119029817782471,
      0.2399328476266076,
      0.033969260937628754,
      0.27996311497999976,
      0.2241146818894232,
      0.1998587501678698,
      0.1585830453605453,
      0.2730257611884771,
      0.29317739783263885,
      0.08872864052281695,
      0.23500433596491221,
      0.288764573350681,
      0.2942790820957723,
      0.23902963048481293,
      0.18647211282264065,
      0.12898175159329675,
      0.0018984796869602636,
      0.08699169492837985,
      0.022505330876875184,
      0.012518687891833935,
      0.007403461551517909,
      0.023374204102566732,
      0.13444496844373924,
      0.17151891925102944,
      0.18977120281336363,
      0.1614852485700117,
      0.25644877596494875,
      0.0337915885456103,
      0.062169370153089584,
      0.06592862626271803,
      0.12227871928162949,
      0.03767990565788149,
      0.212631664069743,
      0.002445412007105596,
      0.17816615801187916,
      0.12431190195367209,
      0.21297272950690088,
      0.15143331745676583,
      0.17539481163674306,
      0.1666418037329885,
      0.299937099224555,
      0.013067679541179933,
      0.016688165193770275,
      0.27883551384552585,
      0.1606812984142091,
      0.1778160525161504,
      0.05411945706918642,
      0.0973593105011236,
      0.07987233453562821,
      0.17981409371882923,
      0.1004817228527293,
      0.20348420115646804,
      0.2856808929911511,
      0.263934631873508,
      0.07467238212954964,
      0.21492449097639627,
      0.1775196158029748,
      0.22086042810532217,
      0.1433440171531946,
      0.05288524423992958,
      0.15865140557540675,
      0.2419465127838748,
      0.15088575230665438,
      0.21927740655382794,
      0.08871256159708103,
      0.2742753922668419,
      0.014289558654971835,
      0.21418165006388287,
      0.16755558262277045,
      0.015727481762136595,
      0.23863642895965462,
      0.028002069549876184,
      0.04932860604427834,
      0.12502858509773576,
      0.252396861177522,
      0.046247254586911465,
      0.2140945397345205,
      0.0999169616205643,
      0.2265170568672036,
      0.15326658122794054,
      0.11148927483336117,
      0.04063950211199663,
      0.1887662564392901,
      0.2640996292595478,
      0.29410852572616086,
      0.03811361642568908,
      0.013014403027904142,
      0.014284000066109036,
      0.29368014868897957,
      0.07986002450328226,
      0.045926088307993995,
      0.22520200303348833,
      0.12753964281907634,
      0.10773749341325699,
      0.14697939686362824,
      0.08919123778390667,
      0.2789013770570821,
      0.06060090330514786,
      0.002533467113154397,
      0.12005211668649644,
      0.25138348384316306,
      0.2097217088822329,
      0.14819007692635455,
      0.08732981260897381,
      0.04123624460610733,
      0.1548090442092247,
      0.22618167589253274,
      0.230424657858109,
      0.27470123227536597,
      0.05868396835178891,
      0.08737359633769408,
      0.24098401859844706,
      0.2973474512184855,
      0.2346833032745591,
      0.03994277290661682,
      0.28358090329115865,
      0.024927348512758952,
      0.09892431061787973,
      0.16821569106644266,
      0.029190862861311714,
      0.20034987870722978,
      0.07331977433453866,
      0.22397578429782933,
      0.03894720991658357,
      0.051015613217724576,
      0.14981205597976202,
      0.19478874407091815,
      0.20797292739590148,
      0.15625966107859804,
      0.24593338986027133,
      0.06386693572709953,
      0.14710619372390174,
      0.27223652619085087,
      0.14181363678385175,
      0.21274212971664602,
      0.17289474746532013,
      0.19087442145549324,
