{
  "horizon": 720,
  "granularity": 1,
  "priceSchema": [
    0.198,
    0.198,
    0.198,
    0.198,
    0.225,
    0.225,
    0.249,
    0.849,
    0.849,
    0.225,
    0.225,
    0.198
  ],
  "agents": {"h1": {
    "neighbors": [],
    "backgroundLoad": [
      0.18085849055471134,
      0.05052065429075927,
      0.11845088401314009,
      0.026152602110540355,
      0.27144587515407437,
      0.24186610623376176,
      0.22894904422445095,
      0.2231016583977407,
      0.06560328661256214,
      0.16297767785339765,
      0.19841369482464483,
      0.1615408211336247,
      0.0892399647054275,
      0.2681488089796947,
      0.12642049494864613,
      0.10987277038757683,
      0.15847431001695822,
      0.22159848943752083,
      0.25153612451320023,
      0.20562997030108757,
      0.061894886668428545,
      0.02143903519425311,
      0.23243461271066074,
      0.22260474153289808,
      0.16735548550752807,
      0.25930029995324666,
      0.1870636179444826,
      0.13912146685881596,
      0.1524614470348727,
      0.11539926310279985,
      0.10717925501521436,
      0.2386486224832496,
      0.0925194254720658,
      0.2126672818290962,
      0.02633840966748415,
      0.06285855122525487,
      0.23514341196802618,
      0.15045384060386893,
      0.26273655002092094,
      0.09130983754350265,
      0.15229670507242118,
      0.16349430768485454,
      0.13127984079632107,
      0.26257930974547944,
      0.09288276663136483,
      0.23390017719568917,
      0.09278295595220967,
      0.22726212740388643,
      0.15712234942517203,
      0.14163936377020164,
      0.2712111410598584,
      0.12289648648672259,
      0.23835379833942633,
      0.22699411329317026,
      0.2893634808767964,
      0.09863011900727703,
      0.25806857795824806,
      0.18505884389509503,
      0.27251388568969526,
      0.20283353171012802,
      0.020181199938117945,
      0.27889367463730463,
      0.0016690556529992183,
      0.2500224157842358,
      0.024283406357923587,
      0.09518134313555372,
      0.2801857426215722,
      0.17991143092208994,
      0.15892188465997287,
      0.15804190277733968,
      0.15642748019272795,
      0.18084998506716143,
      0.15962082642730788,
      0.2797855062933626,
      0.24718130221125115,
      0.032845979796083176,
      0.01959852008972285,
      0.015194533008052413,
      0.03390454086539922,
      0.17349695946040797,
      0.11174745546346417,
      0.22831315389381318,
      0.018156381343172243,
      0.17260328129000632,
      0.25760281431456883,
      0.25833427108842477,
      0.012479896500287623,
      0.15811085168560676,
      0.21164410192146166,
      0.14924544516069407,
      0.0755668863993992,
      0.08452464246886378,
      0.1623854814786109,
      0.0894907173185376,
      0.08219362916880792,
      0.23953408396018327,
      0.169425954131204,
      0.134503679752663,
      0.1799452871556116,
      0.22571518230027096,
      0.29410874884096316,
      0.0020581813775423785,
      0.2016059826590603,
      0.04346057690120658,
      0.13656382415528137,
      0.22516702540525915,
      0.020532133907522787,
      0.08740774348930716,
      0.0944234105134273,
      0.19964148814353733,
      0.20100883787603985,
      0.26361206493030637,
      0.12119012815695322,
      0.06816190082744743,
      0.05113749478963044,
      0.04047293155619064,
      0.05118534578903806,
      0.11271956750080288,
      0.09053590471160639,
      9.522994512003446E-5,
      0.1546027984889396,
      0.2992411686127503,
      0.07170678145723446,
      0.2700439573877111,
      0.23191509594492157,
      0.19755797297359998,
      0.2294093184934973,
      0.04175608072116832,
      0.0286645027268291,
      0.17114944181497196,
      0.07901969086545092,
      0.23540250501167237,
      0.018100513370949388,
      0.029268252178614215,
      0.019512010817286762,
      0.017449691468499496,
      0.017086778325682894,
      0.29965567081516536,
      0.052194579358891935,
      0.13455346920191796,
      0.2497547936393606,
      0.28417332143444135,
      0.0683866245847748,
      0.14620467222747205,
      0.06965834242094766,
      0.17139898103827314,
      0.25010584015613346,
      0.19242889312796133,
      0.11494389411629179,
      0.09797231850187185,
      0.22185901596685767,
      0.14920851200481147,
      0.2615236060221291,
      0.10246292529904663,
      0.18614758089359776,
      0.10886071274320189,
      0.08848885627623448,
      0.06576931390653364,
      0.27169760836027423,
      0.19253181020315469,
      0.03051049640948492,
      0.19665360660478065,
      0.12863667766938716,
      0.15241513421479838,
      0.14319870363005424,
      0.01331738107001189,
      0.17475051631680671,
      0.09115301885302052,
      0.2624616308066577,
      0.026218090860863828,
      0.19481628671127016,
      0.048680710383278036,
      0.15393928078321215,
      0.19040232898526283,
      0.20343317223478954,
      0.22202462641171744,
      0.08851340589392187,
      0.27187043812237366,
      0.24902747110365026,
      0.21704369092824052,
      0.09156916533119404,
      0.15521288047843979,
      0.07394504311290682,
      0.08862727952577783,
      0.19976744431469395,
      0.05475819663777171,
      0.16549536758538108,
      0.03948513266064828,
      0.29018801690934976,
      0.16451124025491734,
      0.2481232203154789,
      0.27773678548472785,
      0.26005294068810947,
      0.21949609118607627,
      0.04461403543533891,
      0.2543420695727667,
      0.18915546389226304,
      0.13832018769715376,
      0.08569744135678632,
      0.07747445647610067,
      0.08205404994078848,
      0.0068412324112675504,
      0.26129197603305687,
      0.18781345919589457,
      0.16052117563605794,
      0.1019171106757683,
      0.2555658262945725,
      0.16009583931909646,
      0.021404818735635288,
      0.215785583938984,
      0.05588208198293656,
      0.23509920403535028,
      0.1901981825734322,
      0.2434916852358275,
      0.1051141653430467,
      0.13388145620967498,
      0.2210655665859533,
      0.07676909930003432,
      0.0010108084969137731,
      0.1871484409984872,
      0.10624925613138661,
      0.20603157702147143,
      0.27490163101498094,
      0.21354177979318864,
      0.2455829534132744,
      0.1758209516995469,
      0.09982213275253597,
      0.13913258051000402,
      0.1359687128109889,
      0.14362628573597952,
      0.04572017537461642,
      0.2392296630359968,
      0.06163389251623211,
      0.06120022422529472,
      0.07894567921317516,
      0.10933510313109097,
      0.25326181058572345,
      0.19194759699281583,
      0.19631879253306694,
      0.11345638954650648,
      0.28205906133963854,
      0.213931012317628,
      0.0019053604106459843,
      0.13299216994333463,
      0.17917973223016329,
      0.10681243150637973,
      0.023144919837320886,
      0.26548222959896955,
      0.17724502889553656,
      0.14308975331829285,
      0.08573604453863673,
      0.08684293188772792,
      0.24560771410669288,
      0.28445426653067984,
      0.023385629819621213,
      0.23322860521293834,
      0.25567598831532384,
      0.040324298519791836,
      0.0970399464274999,
      0.030929740804306282,
      0.18839971668070438,
      0.04533915895172814,
      0.14344613973083142,
      0.05637911578599383,
      0.005865193795914836,
      0.03127447420782805,
      0.2328235071292889,
      0.2552062845169603,
      0.23697282339542616,
      0.22538689489570685,
      0.16673731029679423,
      0.16458886700464062,
      0.1490533301497052,
      0.01396099702541652,
      0.1163071928051081,
      0.10376151332039339,
      0.09762969348664977,
      0.2366308686207055,
      0.29301570047318226,
      0.04752783841886784,
      0.29332125981786755,
      0.29803305570635,
      0.06644110360237096,
      0.02556024411067076,
      0.2971603266958682,
      0.007420300519718292,
      0.03379536068098652,
