{
  "horizon": 720,
  "granularity": 1,
  "priceSchema": [
    0.198,
    0.198,
    0.198,
    0.198,
    0.225,
    0.225,
    0.249,
    0.849,
    0.849,
    0.225,
    0.225,
    0.198
  ],
  "agents": {"h1": {
    "neighbors": [],
    "backgroundLoad": [
      0.10958387720781543,
      0.08421484954960737,
      0.12351118464849155,
      0.19321487114230584,
      0.2923073112778656,
      0.24871787844270715,
      0.12471269752709462,
      0.17456207601427484,
      0.09827496870339396,
      0.10903823488221781,
      0.20876683758969755,
      0.0945818348283027,
      0.1793723615214459,
      0.24391051181176018,
      0.25964772306717654,
      0.21732344049043448,
      0.053505130185791214,
      0.02218026372954539,
      0.1998395071333255,
      0.1776207362610571,
      0.20108239786414137,
      0.1972485630309232,
      0.21396574909332658,
      0.056074405311620945,
      0.20329061824780162,
      0.23376825992330716,
      0.29862783718679353,
      0.0020365150524225273,
      0.25884814974884107,
      0.08347675545295653,
      0.273019510605858,
      0.11469627482547877,
      0.028986644823612982,
      0.1454955608293389,
      0.2797062400538839,
      0.05513477309332471,
      0.22115366557248137,
      0.11477336157709327,
      0.19976780852157772,
      0.06639883594708586,
      0.2882546181840266,
      0.15007697898792816,
      0.05356910896917857,
      0.06538933009650862,
      7.090038733804982E-4,
      0.2891448196470132,
      0.21514350819642192,
      0.2926027740928823,
      0.05841393208627967,
      0.10450705875526485,
      0.10200956933359338,
      0.23509622356933613,
      0.05732954421267217,
      0.17509778509368543,
      0.03426111989384445,
      0.16567024905819241,
      0.18187928299741252,
      0.18736015641415718,
      0.15983923137792155,
      0.17695565885374284,
      0.09673834283635716,
      0.07502240648534339,
      0.022433508322465334,
      0.0993872790684099,
      0.23767738032099683,
      0.14737812601492192,
      0.18511954984921794,
      0.005612678382307689,
      0.2269481329681651,
      0.18487969836081272,
      0.09498920536710548,
      0.12584136145556485,
      0.10977796515970924,
      0.17922993598858208,
      0.23878084969905286,
      0.171315852551466,
      0.22648430801807412,
      0.21270204190446998,
      0.2756224157456164,
      0.1673821864392475,
      0.21165199464270734,
      0.09120213827592503,
      0.2973656672897719,
      0.2844111095296924,
      0.2076404680164962,
      0.09056642289592687,
      0.005969842236804101,
      0.14553790468782937,
      0.027952564697062643,
      0.11751867412070799,
      0.2569576686979715,
      0.12467341582128422,
      0.05349707680959707,
      0.2445374867091777,
      0.008343759515719317,
      0.2804352147000955,
      0.11751381067340956,
      0.27179410717241126,
      0.22740809576558044,
      0.10122707109152192,
      0.08898526545205938,
      0.24013255286266025,
      0.1464477649202712,
      0.05860152376623709,
      0.23500585935671647,
      0.09657137192451382,
      0.15455992851587907,
      0.2201690434867839,
      0.057563877186249474,
      0.11961134010325081,
      0.24250643587797485,
      0.04100286538099622,
      0.04454930659006262,
      0.21676248185441654,
      0.05549822627615398,
      0.12011387496880921,
      0.13921156618957858,
      0.10774702636881184,
      0.1088308078993357,
      0.03263275168219417,
      0.16695078250250195,
      0.2704471313935889,
      0.08700020179645082,
      0.2771206435295207,
      0.27918110383992645,
      0.09193210605370483,
      0.20380756581962223,
      0.22122480471904735,
      0.11277366867539307,
      0.16802586413195414,
      0.10953118541826597,
      0.06359150374030013,
      0.029625915750687914,
      0.2866776514731972,
      0.2177395384219055,
      0.18149426426990933,
      0.2976573005479148,
      0.16071854817751136,
      0.2719733925594605,
      0.17689799586460808,
      0.1291193589011119,
      0.16174775512807954,
      0.04801639182317978,
      0.13631221249266787,
      0.23843604024370918,
      0.0549399202382993,
      0.17834918203897326,
      0.027730631318930308,
      0.256243358541646,
      0.25994185155850547,
      0.29437127923759254,
      0.2653352260403195,
      0.13122755075318654,
      0.15371705911580438,
      0.2167936450482064,
      0.1605480710213182,
      0.1924407788352255,
      0.2394677558658373,
      0.264347395976213,
      0.1118354219357604,
      0.24983613695374873,
      0.10785103163778025,
      0.02318980760481103,
      0.1497490706237815,
      0.24812959790945785,
      0.11054182725761193,
      0.043322053440857274,
      0.16198321415826222,
      0.06746114596809995,
      0.06665497226332019,
      0.17249093664127346,
      0.28614488421401396,
      0.10280569017892467,
      0.14250038088830794,
      0.09790170698968707,
      0.0418749802248509,
      0.267795861222227,
      0.0019725222221702032,
      0.26785893847497677,
      0.24597321977046027,
      0.10797016590621077,
      0.004914570588609546,
      0.13517423755407454,
      0.19246662253100458,
      0.17180538621962954,
      0.10469213753675828,
      0.25962062046809237,
      0.020924622120570346,
      0.20163126342246052,
      0.21647867962191517,
      0.22948526960425397,
      0.24315101827719435,
      0.09204728373492835,
      0.2506190112557112,
      0.17261291868748094,
      0.012098140088668085,
      0.24121730891795995,
      0.25728719541332123,
      0.23441490236130447,
      0.2762711926661415,
      0.20626814081756095,
      0.22482659180409167,
      0.1379548939418185,
      0.2852754046228387,
      0.27228663079981735,
      0.23227151743180294,
      0.2625065709368597,
      0.134426605522617,
      0.042162632860127766,
      0.21818964983229988,
      0.1646988842501441,
      0.24992589788732697,
      0.15755429276705912,
      0.03379991330060068,
      0.13394258917249338,
      0.06136541664523278,
      0.06467635931520577,
      0.21852393127221206,
      0.15626371842169473,
      0.25911982303776004,
      0.10703859837918125,
      0.07754936319916579,
      0.24108122532893356,
      0.07175412850908443,
      0.11298446878963131,
      0.29640523179033795,
      0.14216791431705247,
      0.13003776106045647,
      0.232480333003507,
      0.061008306629086684,
      0.14461633210309466,
      0.15365815970120877,
      0.19551189921591192,
      0.0760236671188547,
      0.2302558480421251,
      0.08235601874899898,
      0.05203527694050396,
      0.07714569916920386,
      0.22599087110161958,
      0.20853727246948936,
      0.12789419239324756,
      0.08517828246904102,
      0.10175094420046306,
      0.16292577499537794,
      0.039759780290251186,
      0.01909533442114497,
      0.07383817908216374,
      0.09276485209211384,
      0.11888458014499965,
      0.1909772604670927,
      0.16517181340690448,
      0.15074957435449993,
      0.00829242051420942,
      0.12028296590700722,
      0.22184277953896683,
      0.1407878167307855,
      0.25277733245510114,
      0.16505374975172143,
      0.13960707920133889,
      0.10668647895879341,
      0.017554570855416694,
      0.028026139166163477,
      0.13055758543623158,
      0.15843546476605327,
      0.08188238987353098,
      0.28617977326609734,
      0.008440332929075377,
      0.2235086414558157,
      0.05596572462589245,
      0.011306768721805938,
      0.2433974598175302,
      0.14842108090207265,
      0.017600746537348565,
      0.12055742558693361,
      0.038035786061490606,
      0.17989514676005477,
      0.03343114350008137,
      0.06812668137497793,
      0.0022235122575620437,
      0.292145322142765,
      0.11843542602587814,
      0.03775861289587138,
      0.15657541234530561,
      0.19960143466262323,
      0.0520292143908084,
      0.24731584056194156,
      0.09775251005306158,
      0.019077257700260874,
