{
  "horizon": 720,
  "granularity": 1,
  "priceSchema": [
    0.198,
    0.198,
    0.198,
    0.198,
    0.225,
    0.225,
    0.249,
    0.849,
    0.849,
    0.225,
    0.225,
    0.198
  ],
  "agents": {"h1": {
    "neighbors": [],
    "backgroundLoad": [
      0.18479450538736134,
      0.03409666146137875,
      0.11721430334782666,
      0.012117964733193775,
      0.032187135875570726,
      0.17328202357190262,
      0.009601426255044676,
      0.26155809822386283,
      0.08520019078776363,
      0.07436096230116555,
      0.17874315912907376,
      0.2354622806410637,
      0.061947418411077565,
      0.013614125190020709,
      0.28423429952129614,
      0.07401827829614616,
      0.07161617146213058,
      0.18082781444623836,
      0.195121661549113,
      0.08535708723970696,
      0.19648900549272777,
      0.10224128698201455,
      0.014276940255504689,
      0.1591260440800239,
      0.250894704298731,
      0.2221597545864201,
      0.11842693277955894,
      0.21408279413004935,
      0.13948183770160513,
      0.08957412130815803,
      0.15247295794927898,
      0.21114398274292437,
      0.06601269210751727,
      0.06886868829320889,
      0.012699150610988008,
      0.2893503223112877,
      0.10314155629738798,
      0.0438123543465672,
      0.19194167677473192,
      0.19647219265050234,
      0.18299251728143962,
      0.07322043456048812,
      0.27565591464724293,
      0.24991365812242303,
      0.288914292342461,
      0.18768859737555724,
      0.02977334564909302,
      0.007517621308074939,
      0.19077158418798482,
      0.051137171529733724,
      0.023039049889114427,
      0.16461393577373643,
      0.20648529198809418,
      0.1902972580107671,
      0.21972295762235447,
      0.07449014541130182,
      0.0460868529650658,
      0.07278986573197828,
      0.01910622571247431,
      0.12785324221436556,
      0.09411128307054724,
      0.19747817710099427,
      0.12915862117862342,
      0.07351833450812478,
      0.16393045848926882,
      0.020260944503800202,
      0.21508205451940343,
      0.22595472990252818,
      0.15168923593804975,
      0.21551004486095468,
      0.12946267793507973,
      0.295696065445182,
      0.009302648172271144,
      0.08877884954781226,
      0.11342969776667443,
      0.189929595759384,
      0.14018982851801884,
      0.12515954399462667,
      0.2040106333185404,
      0.055070002750073295,
      0.09080698841761319,
      0.2671111959039507,
      0.2831272031073285,
      0.13391499807558102,
      0.21800211508369952,
      0.09026979272838134,
      0.14325637212447953,
      0.10635411342119044,
      0.2657636962597994,
      0.05562921778551302,
      0.12618912430768753,
      0.2815404499427216,
      0.03029750857717568,
      0.09681606143835354,
      0.08307569113118989,
      0.2758115392343435,
      0.07566719442915984,
      0.29066060293722074,
      0.13155470860718696,
      0.2054055299166697,
      0.12769910266276846,
      0.03647093123469743,
      0.07191373288219706,
      0.18214446219618222,
      0.09002211668031376,
      0.17621720513907566,
      0.009227892904179923,
      0.13070274839778986,
      0.2279950950998279,
      0.024280900480098445,
      0.20660514755415324,
      0.25557376708095325,
      0.24134107643896285,
      0.234603805986611,
      0.029759556092420356,
      0.1081523329387495,
      0.05747707840476962,
      0.09251423135186826,
      0.10943458228237914,
      0.0895550299671008,
      0.2712806518949924,
      0.23483804546937487,
      0.125034930369037,
      0.2764211765158979,
      0.08532339295716791,
      0.15553652314716415,
      0.019165453892437154,
      0.05822591022543817,
      0.2950117206568527,
      0.28696828097932636,
      0.26461560577960025,
      0.26074580330570035,
      0.0061090205595689335,
      0.28080215624266475,
      0.13352807808077072,
      0.1263597558311385,
      0.2797282125872492,
      0.2957651550348019,
      0.0388043170402086,
      0.05835989426115122,
      0.0070204144031041915,
      0.2463438101642886,
      0.15985470809434457,
      0.06164197012983541,
      0.1330066931971707,
      0.12112594034343649,
      0.14975704762915476,
      0.14567816597842986,
      0.016667541754776947,
      0.19905092136141098,
      0.02224793951499343,
      0.1229345514043774,
      0.2180430240506258,
      0.0221436697697187,
      0.007456401757769837,
      0.12523381193311628,
      0.12040875512950154,
      0.26463481194650473,
      0.03488806224980998,
      0.11355614150050057,
      0.04319757203828266,
      0.19850846634659075,
      0.06769698972324147,
      0.15951204773026087,
      0.09474508060864821,
      0.20449364482532303,
      0.09906872809611945,
      0.20454940964602025,
      0.27567698722953804,
      0.08099791033747009,
      0.20582109467013565,
      0.2962914350069351,
      0.04429337566661116,
      0.22714064372368176,
      0.16417194554537373,
      0.10611526030112582,
      0.021332990955933707,
      0.17037457190028119,
      0.24918082235984912,
      0.03822314152189747,
      0.1893343366978465,
      0.0070805159182573685,
      0.11315632773412343,
      0.07027944090780675,
      0.1479291277120043,
      0.19792658904579943,
      0.245514376767248,
      0.18903752776716182,
      0.13032455609859822,
      0.041856379252100916,
      0.1943371156008269,
      0.16033384152187882,
      0.04216758683930744,
      0.142218260647089,
      0.2172045411345275,
      0.24172498604313505,
      0.21467137788823448,
      0.24896036970052332,
      0.006292455641694194,
      0.1560100466825802,
      0.03662091465467476,
      0.27001947216752964,
      0.09784176040649016,
      0.13426083984250967,
      0.03947899654487239,
      0.07744156414310037,
      0.22306521803450496,
      0.07666366314654378,
      0.21381883028032703,
      0.04510327442088996,
      0.18967192194601373,
      0.13035167812590503,
      0.10220089429664055,
      0.19797494959553627,
      0.23217707505971782,
      0.27569405380182743,
      0.08230174999832544,
      0.20166724830464947,
      0.20195475879512487,
      0.16703873525982035,
      0.279590409349919,
      0.0012384633360320917,
      0.2160806987724875,
      0.10309916045238804,
      0.23500812962380865,
      0.22561934658647306,
      0.04545934742425501,
      0.10199031299484103,
      0.2346034872568315,
      0.04224090858342034,
      0.09860841467673633,
      0.21493760713088206,
      0.27846318317498314,
      0.23143056261981504,
      0.06078302582206327,
      0.022518320242219978,
      0.15088047402166951,
      0.19933512118993887,
      0.20444719848989557,
      0.19159387788387755,
      0.06731830221536207,
      0.20195125925996588,
      0.2597494907677548,
      0.2676043017490078,
      0.030923687547586075,
      0.040264535206343495,
      0.165621090021543,
      0.2336215982019612,
      0.01889204201096387,
      0.23299996899843745,
      0.25623022032696596,
      0.1174864231479011,
      0.25133076473831345,
      0.20439887344412175,
      0.08312193591336192,
      0.26000470871281733,
      0.2847876640588734,
      0.03156717743133889,
      0.15844433422018042,
      0.1615758995685918,
      0.16722279907734994,
      0.09056011305018696,
      0.286190308664271,
      0.23712429767718582,
      0.2773176677639521,
      0.17002891241576745,
      0.2016505464456569,
      0.07912235711041236,
      0.2882339936323517,
      0.026998982132811353,
      0.01965566013153833,
      0.2004226197208178,
      0.03039511580171117,
      0.003994870650362792,
      0.16210680215039228,
      0.16517311833970602,
      0.2393692215178797,
      0.12697023910102684,
      0.10332378624399827,
      0.23342991593127493,
      0.03640730752242496,
      0.24860890048409412,
      0.008818168003924919,
      0.10692297016334146,
      0.29467581718160984,
      0.11505866013305859,
      0.21885807339971639,
