{
  "horizon": 720,
  "granularity": 1,
  "priceSchema": [
    0.198,
    0.198,
    0.198,
    0.198,
    0.225,
    0.225,
    0.249,
    0.849,
    0.849,
    0.225,
    0.225,
    0.198
  ],
  "agents": {"h1": {
    "neighbors": [],
    "backgroundLoad": [
      0.2694215420354343,
      0.031629145574929185,
      0.22893482424915937,
      0.019139090503685962,
      0.05779710779087943,
      0.12327759303840291,
      0.17797984305846362,
      0.285452617200033,
      0.2974172491527968,
      0.18850216488795413,
      0.13538151454296474,
      0.22620705467473315,
      0.0676650233521713,
      0.2886362973152383,
      0.077075457144699,
      0.15470088300970036,
      0.2082718037021567,
      0.038383542257226344,
      0.2998425393245612,
      0.11655437253791302,
      0.2731342608418413,
      0.27968824428445643,
      0.008049037404128568,
      0.12082155648792176,
      0.13062491046033273,
      0.026858190792803913,
      0.15032702944301465,
      0.14866224520522064,
      0.16447429358628235,
      0.00992760255369619,
      0.1587269523144961,
      0.2212587878249802,
      2.5358964280567384E-4,
      0.2891234780624433,
      0.08942336212100904,
      0.21222637966971772,
      0.06230518364372939,
      0.0929700508299124,
      0.1017967228216739,
      0.26761488989891186,
      0.1956588983051553,
      0.12396859401904933,
      0.14094967739501207,
      0.16578616381765177,
      0.05363896136291948,
      0.17489587834749348,
      0.21672773153866137,
      0.0789020714963781,
      0.24163743792251557,
      0.08824602146663778,
      0.2578232299208481,
      0.20046752647594795,
      0.15916378713490859,
      0.08482718204623851,
      0.25878987266416154,
      0.2331408388076358,
      0.13847830640477485,
      0.18771468685533838,
      0.10535658510736198,
      0.16674275908377775,
      0.08215294912385514,
      0.00644877796536234,
      0.19270965951745167,
      0.2408711577740619,
      0.23810015110687377,
      0.23163784738091975,
      0.2936566456230657,
      0.24877685233903823,
      0.09516593402210734,
      0.09665717868650076,
      0.22047774967209374,
      0.2803033974742582,
      0.06957165766802771,
      0.28665940972865817,
      0.11976090767827427,
      0.04065293543951604,
      0.10088071520222089,
      0.12916503246821445,
      0.023297298040481907,
      0.09932937354933001,
      0.2771416239372225,
      0.12453805730798105,
      0.06373253691926713,
      0.27110736106956945,
      0.1393320276094777,
      0.06651248409853917,
      0.13291059813278422,
      0.2102133200437345,
      0.050542521150582095,
      0.0690975549073128,
      0.15905804080468053,
      0.18390359652600408,
      0.27700615908801274,
      0.25161708468432986,
      0.01132211727553858,
      0.23502227690960126,
      0.20026886114987777,
      0.10108955679535817,
      0.05258935768204598,
      0.10829312173795237,
      0.21028477255781886,
      0.10328099187524638,
      0.1527783400556576,
      0.1279604173721991,
      0.12007274355414183,
      0.16816341617730704,
      0.009130054920567187,
      0.17200976693260997,
      0.16265588675531176,
      0.015543297864783479,
      0.050481287596805514,
      0.12485287732348788,
      0.06518968697764767,
      0.25410512329183976,
      0.2262098867813936,
      0.2407219612545746,
      0.2474833315912941,
      0.15374814344854915,
      0.23886148627755213,
      0.060301070821888444,
      0.14229797162931357,
      0.0829279899007729,
      0.022033739180162302,
      0.06570854622802003,
      0.04908946247900298,
      0.24754598376903317,
      0.006243812237698964,
      0.06596165262062025,
      0.18739635830857249,
      0.07644353528640473,
      0.2042867802988459,
      0.19142465195349026,
      0.018310469524143048,
      0.10563117131599628,
      0.28370068597946635,
      0.2835978790804098,
      0.05342202184824613,
      0.22054895995661145,
      0.20295007384254946,
      0.18952071512629168,
      0.28770485202444696,
      0.10800571151216525,
      0.08300341730126774,
      0.023324774536389748,
      0.14247890241222466,
      0.0980621503132305,
      0.2592613486942243,
      0.17845149822618028,
      0.1389220112746833,
      0.012711981975092745,
      0.09221802882219739,
      0.0781095886793262,
      0.21802463675414754,
      0.1622886569049711,
      0.2742839909708594,
      0.034181630362743576,
      0.16065632985622005,
      0.2792885811180955,
      0.18407921707511513,
      0.22507698161188966,
      0.11044051409851961,
      0.05182006583637587,
      0.12584034292213364,
      0.259617805507829,
      0.2455017853667468,
      0.26182381092372164,
      0.026283136900213687,
      0.24204860312314772,
      0.27918994427692684,
      0.17158410787256914,
      0.02022866061259535,
      0.022210273770724407,
      0.2639888222851973,
      0.013950808070042143,
      0.09326901298835723,
      0.14300896488398032,
      0.1972087477127138,
      0.1817080777136583,
      0.24052700145677502,
      0.0035022775902171063,
      0.10147857659509367,
      0.24945574199334974,
      0.08962310269160252,
      0.15477534061650483,
      0.16355956566763832,
      0.024072285541741976,
      0.12963159927531698,
      0.2053901837159221,
      0.02869198008930912,
      0.2920249224882075,
      0.21948018299051758,
      0.25641236233237236,
      0.16634596588870632,
      0.12522375749422607,
      0.2785753397110638,
      0.06915252804498868,
      0.14004799153056402,
      0.023970316972398785,
      0.036960610468314455,
      0.07447904702332335,
      0.027810335557322628,
      0.23955504553188067,
      0.20061840674347794,
      0.06976544065462736,
      0.07863417624367904,
      0.23326762850640212,
      0.16560585872852354,
      0.2199849017970662,
      0.10775652888442012,
      0.0751849655197915,
      0.12982442460953905,
      0.02332653784582691,
      0.24422465292552176,
      0.23062648987615197,
      0.07933625138862274,
      0.2755760315193659,
      0.09281788187818546,
      0.21794764114778095,
      0.0020802925307331077,
      0.09967795721738006,
      0.08083522846693662,
      0.14950455650296218,
      0.10618643179701888,
      9.25130690528264E-4,
      0.1412622722831415,
      0.2645768534772208,
      0.029831881839927497,
      0.05401692507537998,
      0.03219683326584648,
      0.2169913427471641,
      0.2180712978508234,
      0.1868361666779827,
      0.2771561761830169,
      0.19704521967128044,
      0.16828848866927398,
      0.025484091697667677,
      0.10447553577916954,
      0.12694495183526283,
      0.2796505706096169,
      0.04447390480163766,
      0.09556257219785104,
      0.10723315531639455,
      0.16844103380202274,
      0.09908195166373507,
      0.29003995748667205,
      0.2489916354838664,
      0.01931159307951451,
      0.2511736334825341,
      0.11369915326778113,
      0.011365693808353882,
      0.23152572262738846,
      0.0958401514535492,
      0.009658112264847507,
      0.24433732529809046,
      0.1363376948597383,
      0.0530371553038637,
      0.08187948753938053,
      0.2662784500226587,
      0.03608695743617294,
      0.003916453628979255,
      0.09458527159359421,
      0.17655653589236722,
      0.11739305219565305,
      0.16233373430271333,
      0.2265892786535967,
      0.1812198952331798,
      0.04544381284513018,
      0.129208867336036,
      0.01904375153814797,
      0.15283684366684197,
      0.017249942028619136,
      0.06524258327600668,
      0.28673552758586573,
      0.282380573724197,
      0.13169901676744725,
      0.10925157582651909,
      0.03586969008024538,
      0.29414241613377196,
      0.2990145019137637,
      0.21520268191730424,
      0.0027472667352217207,
      0.06257855967595984,
      0.011862673065043138,
      0.24452506676490918,
      0.21313672755151292,
      0.18520060895904816,
      0.15327995828692212,
