{
  "horizon": 720,
  "granularity": 1,
  "priceSchema": [
    0.198,
    0.198,
    0.198,
    0.198,
    0.225,
    0.225,
    0.249,
    0.849,
    0.849,
    0.225,
    0.225,
    0.198
  ],
  "agents": {"h1": {
    "neighbors": [],
    "backgroundLoad": [
      0.2538807799434721,
      0.05614735757362966,
      0.18248723640695916,
      0.22364530332733648,
      0.19667507065212078,
      0.24339691923339435,
      0.07918324200932067,
      0.18775919734135485,
      0.2882550696249856,
      0.12438210670535349,
      0.25426104384311304,
      0.2030641469831871,
      0.09570477481727255,
      0.2658554550850913,
      0.09323643407854616,
      0.26149890063350434,
      0.21332457589043777,
      0.27762982824483146,
      0.1356565033866453,
      0.016344858047118247,
      0.27329386551517354,
      0.08626185326649828,
      0.10320137866682196,
      0.06475575094421154,
      0.07000435164363572,
      0.06238101844385887,
      0.1888455556276064,
      0.28035646142866466,
      0.033104311243812835,
      0.18983917984883678,
      0.19698893446944732,
      0.19703347946841254,
      0.21156484897335331,
      0.15822752197396608,
      0.11052325600389905,
      0.14820068451672985,
      0.23519898782731316,
      0.026956072714158428,
      0.10224437869655763,
      0.26636870397166196,
      0.06716026216132422,
      0.03533742779656925,
      0.011256750247109903,
      0.14552645374994808,
      0.1767099092015001,
      0.06934974032355537,
      0.2045763124648306,
      0.2748789653367012,
      0.08203160389329307,
      0.0874138875352704,
      0.16420799162653518,
      0.12209239468952388,
      0.19813923879347,
      0.035849984890047426,
      0.1593447047990566,
      0.20736595705196967,
      0.2377585042996061,
      0.29864416821351003,
      0.289766191398297,
      0.23845689962896957,
      0.02626936323757448,
      0.065638883951142,
      0.1778917534210279,
      0.160785706158964,
      0.06421903674436523,
      0.28235346275614104,
      0.04191849252072287,
      0.25268269848082414,
      0.08165036785271419,
      0.05832841263867415,
      0.08488350913495879,
      0.2747896221925491,
      0.10557947525041271,
      0.26047755063525774,
      0.13072187161415322,
      0.05973456324779781,
      0.23009643519901443,
      0.09228179370723597,
      0.008054456692656796,
      0.04081922142179123,
      0.21665866188264635,
      0.22950957310846418,
      0.19390399467889788,
      0.13698366813449683,
      0.2776808600242577,
      0.2806441364356345,
      0.026266569660997052,
      0.29855471009420653,
      0.22082680471067828,
      0.07745659349703299,
      0.058141566954786214,
      0.23624456882918354,
      0.13134969198407162,
      0.04968308306710081,
      0.04499232379646323,
      0.14676858780066102,
      0.03878558470548885,
      0.25419230883397637,
      0.27578569934182157,
      0.19692627806652307,
      0.040060370505676055,
      0.002921764675694982,
      0.2970324702408966,
      0.07782778273403529,
      0.16210033964967493,
      0.2973966355966594,
      0.29278758298830965,
      0.1933821437021624,
      0.06799661854188885,
      0.05212933910421982,
      0.13855995345966052,
      0.06686442381713588,
      0.021291084613508957,
      0.24038767969420016,
      0.08911195927037036,
      0.0702032747207883,
      0.12210931042711208,
      0.24601729495010238,
      0.01828582578114112,
      0.11279882576532246,
      0.0698625230389325,
      0.024057237609398284,
      0.28353416137785686,
      0.14299631356279,
      0.05746424917166023,
      0.25060978583251103,
      0.14075681572854268,
      0.2287584479521885,
      0.008054236760224431,
      0.19473268373883426,
      0.21574382431781478,
      0.17679454031409564,
      0.07116209790858301,
      0.14980549052247846,
      0.08253553880826626,
      0.23535604950204497,
      0.21363720949567833,
      0.057048490830911576,
      0.2412357473045903,
      0.05802344223543306,
      0.20869598676077405,
      0.16661954051809247,
      0.23972914003543416,
      0.028628456376340015,
      0.14221355806446728,
      0.2861885046403432,
      0.18943601680716154,
      0.22131442207785676,
      0.25408765728305177,
      0.22477456260360085,
      0.22529896902924545,
      0.13529187356876646,
      0.21790230254043114,
      0.1092209924878885,
      0.030108855933796707,
      0.0632537829915628,
      0.26980677794915503,
      0.2231588566527543,
      0.04258359370232643,
      0.2990032836067962,
      0.2850197348760001,
      0.15110767722451163,
      0.07432146419136376,
      0.035948159521075274,
      0.23022026968805992,
      0.016828498980260776,
      0.15917128436039213,
      0.14677071030938751,
      0.27516768658756185,
      0.14673614875561233,
      0.1257854504588495,
      0.10345316755856133,
      0.05170787575945407,
      0.2446411596286875,
      0.2661427444826089,
      0.29715380483895115,
      0.28121746938676145,
      0.24086845911698124,
      0.20526931221467162,
      0.28395116522002845,
      0.10488117078186293,
      0.2752483443118281,
      0.14804326807816395,
      0.07032031650898966,
      0.11565680406673322,
      0.24051951728856455,
      0.29030803670850447,
      0.21689464017179785,
      0.2064365291128494,
      0.13668192115387676,
      0.20764019175714069,
      0.08085072240986348,
      0.2027084994158184,
      0.08505710471145414,
      0.2691353258339191,
      0.08052974931218884,
      0.2250007582139495,
      0.1972746235732684,
      0.04805364465191857,
      0.06662971689922077,
      0.0998653018898634,
      0.14910967045280032,
      0.20205512094412167,
      0.06429772397870484,
      0.14301551111469948,
      0.022369735776114064,
      0.29196366540796337,
      0.1917548467562299,
      0.15101468547348615,
      0.1708627207207863,
      0.1694619590255987,
      0.20306540921131622,
      0.09036880045599358,
      0.24823865684191387,
      0.07593248916776636,
      0.011494074253907015,
      0.14621112473458261,
      0.15081487040609673,
      0.047553981816184566,
      0.08880199998293191,
      0.03573480639159902,
      0.2962625009298391,
      0.07171812036070468,
      0.11056656926391956,
      0.2617331440550198,
      0.2335869368313609,
      0.2364744092223006,
      0.056280358169802945,
      0.21376336104893465,
      0.27744036862332044,
      0.20894568994860901,
      0.253113800212347,
      0.021518464657375124,
      0.2622752866463864,
      0.04947993677092294,
      0.20509836147334812,
      0.061101150144941684,
      0.018781230469652997,
      0.2731539313263693,
      0.10218966651688864,
      0.06753971074061065,
      0.14798832344096424,
      0.029915350909695868,
      0.14448385809451053,
      0.06882012443132009,
      0.07187162561139304,
      0.018511958119154116,
      0.015550769064574043,
      0.16776935716063757,
      0.21995725085045728,
      0.08539005232095905,
      0.16486849557235853,
      0.27702374407967006,
      0.25629903101860885,
      0.1544803623055787,
      0.0938514356357502,
      0.13434371093701372,
      0.1798459128604243,
      0.04066389203126882,
      0.1809835633091688,
      0.10165996298358855,
      0.23672891502137458,
      0.06769789677682811,
      0.2739976829390253,
      0.18194507958941233,
      0.1414171360911767,
      0.12002575927535429,
      0.15335607005318835,
      0.12234394650726403,
      0.17768952709843666,
      0.011004799991444603,
      0.23359522912056302,
      0.20287353993580948,
      0.083615084220115,
      0.043471033631286835,
      0.2089215137276965,
      0.030542291602877157,
      0.15163744496879192,
      0.028521979466128965,
      0.2672885859991779,
      0.0951212510796845,
      0.08216661417352938,
      0.2743484335555136,
      0.014220950934130904,
      0.04074336207906809,
      0.21736410775584683,
      0.25525980167258744,
      0.08488309921752982,
