{
  "horizon": 720,
  "granularity": 1,
  "priceSchema": [
    0.198,
    0.198,
    0.198,
    0.198,
    0.225,
    0.225,
    0.249,
    0.849,
    0.849,
    0.225,
    0.225,
    0.198
  ],
  "agents": {"h1": {
    "neighbors": [],
    "backgroundLoad": [
      0.16334505911058694,
      0.02499665720812454,
      0.06577535638267455,
      0.16661983956523513,
      0.2692636763493,
      0.14748288732773018,
      0.09197509082088784,
      0.2756814153929206,
      0.04627307717274241,
      0.28018631948283507,
      0.06626087972083468,
      0.01780578926849693,
      0.1073116540376375,
      0.15767410576497123,
      0.11247354389239994,
      0.1096588774583133,
      0.21791951619429215,
      0.2861832756598791,
      0.21724932342121095,
      0.13421761519573794,
      0.06891063688374728,
      0.28544312836852564,
      0.04601237766054384,
      0.15101785504464155,
      0.12695029051634255,
      0.14316555059420014,
      0.26444505658256057,
      0.10631929844436569,
      0.22776392228539966,
      0.18254868411067668,
      0.03620499365860473,
      0.2684268480576571,
      0.1834298125315519,
      0.005100002235519673,
      0.2483085063442667,
      0.13454495554610515,
      0.06099471829156156,
      0.12085113514810658,
      0.0785147774906318,
      0.23538438499288947,
      0.1444146385065266,
      0.01790319961770125,
      0.10739682641132264,
      0.2201448353547227,
      0.022529235694427517,
      0.03459080448238406,
      0.1411537737608852,
      0.16347653055409586,
      0.06142119595535674,
      0.299403268845954,
      0.24635152457879517,
      0.28573608419026214,
      0.013689255614927376,
      0.15775260310678724,
      0.21470545581145767,
      0.12454140331069585,
      0.2994445092241,
      0.2605183079122347,
      0.08385399818826123,
      0.2006670506061341,
      0.22105238717979206,
      0.007757469603873945,
      0.06696891380844905,
      0.24200390174436284,
      0.18294582826182695,
      0.08485060540137628,
      0.22765262995945384,
      0.0018619209505997825,
      0.014154083043275489,
      0.11354890856385025,
      0.2654059360067144,
      0.056628251852526276,
      0.20523178915084805,
      0.048515603144552354,
      0.08738259331445648,
      0.2916113773761432,
      0.060537377707679606,
      0.288714493606069,
      9.529985304292831E-4,
      0.016193228424909622,
      0.016687391836714947,
      0.09992869216576347,
      0.10961876326648469,
      0.2742076481520366,
      0.1296219064322521,
      0.09023911754050111,
      0.29502985318778246,
      0.21590502508566087,
      0.28297590542495676,
      0.08739512049609617,
      0.15735613156540976,
      0.24270153780548423,
      0.10275578504508201,
      0.15322108388683145,
      0.09597930923233418,
      0.06286964975109006,
      0.25202319596226347,
      0.15103945938432173,
      0.007535844092123434,
      0.09606841451860454,
      0.07542640532545736,
      0.05730487131298767,
      0.19132194595870855,
      0.22290623564526366,
      0.03380268761383992,
      0.2872335702906469,
      0.2983551247835788,
      0.15771558735351743,
      0.29268603168442064,
      1.185058640156833E-4,
      0.09615755022496404,
      0.004727790228158634,
      0.019766624834507227,
      0.23732773927200845,
      0.23451945647212033,
      0.038623728397214736,
      0.020040942639449555,
      0.25219870512415365,
      0.01683254895600501,
      0.06557931442743595,
      0.08575850236044753,
      0.19683665043479834,
      0.20736124690605368,
      0.10642784879050816,
      0.01879440281115182,
      0.29321784545566665,
      0.2837378132156783,
      0.14799607331892256,
      0.02946076453260281,
      0.2955859476361638,
      0.08425429473272246,
      0.08369827273022543,
      0.0756953886994375,
      0.08779669082280216,
      0.03218860692912653,
      0.22832296711068303,
      0.18535796541749774,
      0.24538493754213042,
      0.03308585825180031,
      0.0648221136501747,
      0.19612437342745467,
      0.08175012864725927,
      0.18828887062882635,
      0.19906585465546575,
      0.12249663970238812,
      1.2682528933249948E-4,
      0.2594175151730545,
      0.09032647591887026,
      0.2265542725436888,
      0.17758000973256838,
      0.018123028532344074,
      0.12486935235296404,
      0.024093987289817397,
      0.20198125920242646,
      0.26894623765789416,
      0.29326289054428467,
      0.2061765486117751,
      0.26200657875662947,
      0.21649702422926753,
      0.13698243440158467,
      0.08668792489225574,
      0.2871971186165812,
      0.13793171014804342,
      0.26742943662526814,
      0.21472654960997234,
      0.17729331074630383,
      0.2972421600474046,
      0.22341595918616372,
      0.03762407052441512,
      0.02446176536526121,
      0.06306095108577761,
      0.21578168610808227,
      0.01600939121856304,
      0.1943255256974467,
      0.029886216937348397,
      0.16191093524002148,
      0.03342425953992063,
      0.004233548429639289,
      0.2103177009014751,
      0.04215472552574706,
      0.11194960742708422,
      0.0504331918899341,
      0.10361966804184204,
      0.11784236429460107,
      0.12843696225648202,
      0.27205211427702775,
      0.2614733269901801,
      0.07957529045340518,
      0.14619533025757173,
      0.2988267650541574,
      0.2324166878598947,
      0.29223895522734766,
      0.20772347792044638,
      0.08675141462998155,
      0.07762813250941321,
      0.25187317475818694,
      0.2201313653331016,
      0.125194981065367,
      0.024385633142084272,
      0.28939332992825095,
      0.2370081826433995,
      0.022950892446417005,
      0.055241015199178935,
      0.28960897952765013,
      0.08816350947880108,
      0.04452051195614284,
      0.09285639701614636,
      0.19551323294493908,
      0.04806871154909693,
      0.09945147279917049,
      0.2539055861731047,
      0.20161608102683365,
      0.2667637141980052,
      0.171339746298802,
      0.2197853998133468,
      0.15179279547540467,
      0.08856049249184987,
      0.19693625045229998,
      0.26159032667777693,
      0.09608648934997815,
      0.17859127662297572,
      0.283233016580703,
      0.20655266261224067,
      0.25366702849202366,
      0.2770141043293129,
      0.039145876627232325,
      0.24471090186985922,
      0.29110375201985517,
      0.1457067495945827,
      0.12040404907092012,
      0.2955003697261534,
      0.2768860835275767,
      0.07840296290669431,
      0.17633298894474353,
      0.1364056653958826,
      0.2837000434855347,
      0.2792334948018811,
      0.2967793554424133,
      0.03490192695210896,
      0.1397547067271545,
      0.07544478614195438,
      0.18790045775671146,
      0.2083537979847261,
      0.09279108495069906,
      0.05778287174027058,
      0.23237831278545984,
      0.1753284882112605,
      0.28381811688736647,
      0.20495424840482399,
      0.2296988120314803,
      0.04029103231119269,
      0.23362588890145344,
      0.1922933536704889,
      0.1109012370656839,
      0.2730765474608457,
      0.03456945717298299,
      0.2724109850861087,
      0.1908157084081892,
      0.016142632684865932,
      0.11556369488774146,
      0.08175488204561805,
      0.09290065663722205,
      0.11402113127101932,
      0.2152879930556116,
      0.167562771642904,
      0.16355945963346583,
      0.07670130153530028,
      0.21574906163648686,
      0.0989945165398927,
      0.05013985619538399,
      0.1151551009105326,
      0.2691031927667193,
      0.15014393737962597,
      0.0667669208561657,
      0.2939625269181633,
      0.06648698359379539,
      0.17755055167810943,
      0.0010090537630706108,
      0.05812446529490915,
      0.174302043039707,
      0.2147150734777725,
      0.19621850290465812,
      0.0088427113205923,
      0.21508637016303475,
      0.22346325638761874,
      0.15654674196380458,
      0.10232838158722175,
      0.08353935429268128,
