{
  "horizon": 720,
  "granularity": 1,
  "priceSchema": [
    0.198,
    0.198,
    0.198,
    0.198,
    0.225,
    0.225,
    0.249,
    0.849,
    0.849,
    0.225,
    0.225,
    0.198
  ],
  "agents": {"h1": {
    "neighbors": [],
    "backgroundLoad": [
      0.25615558651252446,
      0.18752846225984815,
      0.20821002798590754,
      0.1262964582164334,
      0.032776439889796546,
      0.04235392571005989,
      0.1357166800255661,
      0.10840189756133395,
      0.14812404018417732,
      0.13135262736455647,
      0.025435526401129116,
      0.2853315296011319,
      0.017671701637916527,
      0.13195452622827594,
      0.25249973885072774,
      0.23817091667865786,
      0.05667217267221762,
      0.01266990307595015,
      0.15098632111907712,
      0.04449556552197015,
      0.028455863107866974,
      0.2980765264687711,
      0.18644418303836593,
      0.29982901096200326,
      0.18901829428096267,
      0.23380665190448682,
      0.011213269248539515,
      0.1866027459913637,
      0.20930437466129231,
      0.23993511264779938,
      6.793135509583492E-4,
      0.18271207118589747,
      0.1471264898598142,
      0.2178470906084483,
      0.001004776679625563,
      0.16261552548585614,
      0.08620354239373278,
      0.26931211588427245,
      0.029597644276135624,
      0.010922580610583654,
      0.17658745914911303,
      0.19897077712112166,
      0.2698076918502323,
      0.0897898605876129,
      0.12967163737876497,
      0.03382702887344791,
      0.18858523623686022,
      0.29015333794646425,
      0.11746817985035818,
      8.668451702943947E-4,
      0.0270888568704029,
      0.2299185873036439,
      0.23479612227903673,
      0.24626318789724952,
      0.06837356036567661,
      0.21093993226318086,
      0.11208774697221494,
      0.05831359591560825,
      0.12935842375111842,
      0.10108201906232962,
      0.14348411296071772,
      0.2893421036184312,
      0.19561048599290293,
      0.14490605203355103,
      0.19284011091104056,
      0.06512520291162535,
      0.1492575041528861,
      0.19060225179962076,
      0.2936450065752573,
      0.16270338729514341,
      0.03094690394482965,
      0.0017839778371240955,
      0.06902877812384284,
      0.04236726366802326,
      0.02221063139392283,
      0.22169386698626134,
      0.09338741949376611,
      0.12725216170488587,
      0.2976875427114914,
      0.10304811491082701,
      0.24745364448557775,
      0.2875225585937293,
      0.04325233938566372,
      0.07927504766370078,
      0.2903876828580016,
      0.06433613324095172,
      0.2013036899514176,
      0.10107310121310215,
      0.1491869295981031,
      0.1178594934553126,
      0.11289489035347139,
      0.25320704727053495,
      0.2675221775983647,
      0.15614563260785339,
      0.07724873786076462,
      0.24864544922475096,
      0.13017154402574008,
      0.27397967666188094,
      0.22798160723185346,
      0.29952163351025785,
      0.29289389986274683,
      0.12129022294883082,
      0.006430724847379776,
      0.01881712620983402,
      0.20737157708600915,
      0.11906229202514075,
      0.18982368225168378,
      0.19225064441284023,
      0.09260685096526765,
      0.2370071536436701,
      0.24493980644701138,
      0.2864166781574946,
      0.22563021138839806,
      0.1588195708729902,
      0.27906026496513175,
      0.07532403690218556,
      0.20045080989088776,
      0.29338709408608743,
      0.0643508872092133,
      0.020229107818775304,
      0.20774983174286238,
      0.09331807804096283,
      0.22520243841197368,
      0.06197367727725234,
      0.24636441793553276,
      0.23524210346061314,
      0.24652928013517583,
      0.23979608524459534,
      0.042188668195581265,
      0.2321723102809565,
      0.12947544205046121,
      0.009005790691652827,
      0.2053851422169064,
      0.10049692642983188,
      0.212478761842697,
      0.1704646851583713,
      0.17431948401082692,
      0.10557384202447592,
      0.14708709468775147,
      0.2917933634223276,
      0.06164396592892104,
      0.25932543791712026,
      0.22851546106646478,
      0.16279709387366395,
      0.16559984492877577,
      0.1985763476772949,
      0.11120823371916998,
      0.022464616714657226,
      0.2629964591598371,
      0.1192334834759135,
      0.14330149860579125,
      0.018483626405084552,
      0.1596389271516552,
      0.0011156574194045254,
      0.21311038421641196,
      0.2591811061720063,
      0.1813183559258961,
      0.1770172303496651,
      0.2358366559934707,
      0.29084680541575236,
      0.17437931238616158,
      0.16942720064381117,
      0.11948072029638802,
      0.0689886906985425,
      0.12331923354889718,
      0.2577495750788188,
      0.06724433699386549,
      0.1012461097782519,
      0.1626021050799829,
      0.09044672650518332,
      0.16789145481619036,
      0.08598883751696042,
      0.1965461119006335,
      0.07721991618254814,
      0.00221422661147157,
      0.2782436529512508,
      0.24206702549987166,
      0.03004688091045031,
      0.2049797802344434,
      0.0778138545477041,
      0.2265582755821027,
      0.013950482928127783,
      0.09446728186399674,
      0.04460612570375616,
      0.2223303852672113,
      0.286871454942751,
      0.04640639396590109,
      0.060088812770514054,
      0.16582640522569306,
      0.21885273638981967,
      0.09738066841628575,
      0.08777253176142613,
      0.10713029922368675,
      0.06341683800798649,
      0.07514110272276316,
      0.276354995049783,
      0.17448789479383167,
      0.1961472619468441,
      0.2704106704559803,
      0.2379089339242987,
      0.24951695855153075,
      0.25586613841483813,
      0.23230477178228165,
      0.2474813200346189,
      0.12084169344739146,
      0.2739145670528752,
      0.12090855908078026,
      0.0903418136124407,
      0.03261868386459381,
      0.25220518832411254,
      0.11303106779416346,
      0.06820684835169645,
      0.03382574682942254,
      0.012118988287061839,
      0.2635430103557097,
      0.08985024581749672,
      0.14862256713899527,
      0.07363989244318446,
      0.17265528126729848,
      0.29592091842830726,
      0.024970358237691993,
      0.2447451714864443,
      0.07819608856859431,
      0.2023781478020954,
      0.1816933693069662,
      0.2661461973357775,
      0.10915299257069029,
      0.2142964357235144,
      0.11142543570936034,
      0.2787830018830462,
      0.2638178096643864,
      0.1457281589988065,
      0.27560990259006307,
      0.1362483050357822,
      0.2187855534098131,
      9.11997521425234E-5,
      0.07148175580453292,
      0.17837451595421205,
      0.16380993091892762,
      0.13564930157042987,
      0.2737413038253557,
      0.12084526009973666,
      0.06065231158206504,
      0.11070629457864152,
      0.29875978105180706,
      0.09365136037216995,
      0.10307949176103633,
      0.13423028608614967,
      0.08192785476863389,
      0.012307528783875742,
      0.10792154029313711,
      0.049283125987721874,
      0.08620498179254482,
      0.00920281085597403,
      0.288382741488754,
      0.17220648863462368,
      0.19168178257000987,
      0.18379185779171914,
      0.23873222104140995,
      0.18980935135351554,
      0.15276819765797303,
      0.28340276284319144,
      0.08280760500643566,
      0.23777392628231644,
      0.016787712336226435,
      0.2587617113811486,
      0.15783764337083714,
      0.19775775794344758,
      0.22582762453378957,
      0.2880483459844807,
      0.12036270792434622,
      0.10357536415793059,
      0.05398220594073426,
      0.11132095519040687,
      0.20562294117694005,
      0.23262659757330492,
      0.08456971631284278,
      0.21569788258915495,
      0.18344844198673463,
      0.014342047416741832,
      0.18393555591725336,
      0.13702685335887083,
      0.15117472190066517,
      0.22983402470505038,
      0.00844032835512779,
      0.10374778729448551,
      0.07367481763504317,
      0.1874901953582667,
