{
  "horizon": 720,
  "granularity": 1,
  "priceSchema": [
    0.198,
    0.198,
    0.198,
    0.198,
    0.225,
    0.225,
    0.249,
    0.849,
    0.849,
    0.225,
    0.225,
    0.198
  ],
  "agents": {"h1": {
    "neighbors": [],
    "backgroundLoad": [
      0.2723565961153096,
      0.09120532705596603,
      0.07018725085062867,
      0.14590044045872796,
      0.05132851791551257,
      0.13658599440554547,
      0.28151396929439854,
      0.08877561390187941,
      0.29951907639309344,
      0.019725930632911393,
      0.18869162771623343,
      0.0628486159474859,
      0.026282614417765648,
      0.037929709591645024,
      0.06764639626346865,
      0.29947409787522256,
      0.1541675785023823,
      0.01658423911665997,
      0.18128193004203758,
      0.14424147327264697,
      0.05145540629294105,
      0.2256633670843009,
      0.031373430643122924,
      0.2609128829560045,
      0.11481966338017106,
      0.07414112435398763,
      0.16424505617389748,
      0.17530682673585943,
      0.12810346324484265,
      0.050616801940162534,
      0.2488705133612616,
      0.2592877833837443,
      0.0212898663098116,
      0.07561559376408616,
      0.11537989788892108,
      0.1752013366015697,
      0.037835565704801,
      0.14662697028694557,
      0.22228312567777184,
      0.2956405643488835,
      0.06468168818696436,
      0.14209643985080003,
      0.043887222114944315,
      0.15143594998941018,
      0.28896804668316867,
      0.1936551339811577,
      0.255649776123524,
      0.0651297704065556,
      0.21287369146544535,
      0.05570798082690953,
      0.04402681876866625,
      0.009238503202166104,
      0.27762091656296484,
      0.09988309774806349,
      0.09738176705208769,
      0.28801653894878676,
      0.04087267147420045,
      0.1677089712298812,
      0.18836642889193267,
      0.07364333431960253,
      0.26436773825733134,
      0.14086313621467433,
      0.1068871902003898,
      0.016289079984639875,
      0.013524467565166986,
      0.08226120480875605,
      0.16796982896806287,
      0.08300026756926489,
      0.29969406059473574,
      0.19578832143374644,
      0.06530128024906968,
      0.019638283891720253,
      0.08765402199206414,
      0.029832910436394466,
      0.19333327804910222,
      0.05444636303521659,
      0.2748927757083941,
      0.1640867252684425,
      0.10001051001881862,
      0.24019504453211854,
      0.07481580254859513,
      0.04499064846615638,
      0.22697789515429687,
      0.16255731692396846,
      0.08132500301853132,
      0.002661944874642941,
      0.16494189062013817,
      0.18198162360516268,
      0.026425025471084794,
      0.0465682949798118,
      0.15840687890824673,
      0.1524281887111728,
      0.02076740908638056,
      0.1921058417335081,
      0.17582773279870592,
      0.15742633409919116,
      0.2764748642407691,
      0.11506446539539662,
      0.1683153663608795,
      0.162561281214627,
      0.1230564668900899,
      0.11273209029857154,
      0.18282019223816193,
      0.11556362689251194,
      0.22259882191789268,
      0.15271333407511153,
      0.17165264208478942,
      0.1910584696522856,
      0.27194589294988497,
      0.07100993513077078,
      0.19974710834195963,
      0.12872063198396452,
      0.18118671996914784,
      0.015127415361398555,
      0.12915378432030572,
      0.2663078606677105,
      0.16436690586842925,
      0.17050911954550965,
      0.11945797994239674,
      0.002322169753962744,
      0.20233634238633225,
      0.25066259079780123,
      0.0918931784032342,
      0.2575962592985992,
      0.2248280478136839,
      0.03461312904822934,
      0.06725833145192454,
      0.01879265474165064,
      0.025945934971656103,
      0.27417891230844554,
      0.1879231516079431,
      0.007959365381303495,
      0.14312661620885656,
      0.15227622848215444,
      0.2658809811821612,
      0.23686763745740264,
      0.01736756155301069,
      0.1772902515599904,
      0.2551516276279688,
      0.06575534355885981,
      0.27470962021210776,
      0.1730208396377384,
      0.20874527027852666,
      0.03172394603867072,
      0.057212971153417155,
      0.19357751238514426,
      0.2766609859242206,
      0.2635046954179007,
      0.15580855357719905,
      0.20104845997381712,
      0.08096499019241976,
      0.059063903009609495,
      0.22575999973874902,
      0.26773487232361104,
      0.27269714382608506,
      0.26994453136568924,
      0.21909241291822476,
      0.2323216355389667,
      0.12678994538645294,
      0.007665727857553417,
      0.09492156761420678,
      0.14120951166831777,
      0.014852863678942207,
      0.13674798659827225,
      0.22204011661067333,
      0.039577308789731036,
      0.13224677130468587,
      0.18298599598289292,
      0.17186029777406625,
      0.07533774566931474,
      0.2360232760464958,
      0.0194456269441708,
      0.12338804933796303,
      0.0596524532685398,
      0.1623531190737755,
      0.04557422665656665,
      0.05353590235649109,
      0.12794487739148924,
      0.28813174347789666,
      0.18615676182990745,
      0.20187826858763738,
      0.20596385265807224,
      0.0025441742647677287,
      0.1301446430201024,
      0.11686012922771032,
      0.0659208375441055,
      0.04420289245198578,
      0.20104148774246708,
      0.088420904294541,
      0.2764730764154026,
      0.16239819927265045,
      0.19289707463080574,
      0.1996338161423589,
      0.07513475721052366,
      0.18335311184584355,
      0.04350028399489374,
      0.20120146298070424,
      0.02567631071928431,
      0.24126423747483539,
      0.2777896593908186,
      0.029247436451993035,
      0.1413952598164071,
      0.15800646126983162,
      0.15565947026380225,
      0.012629594450796788,
      0.20271580638787481,
      0.04959171044404047,
      0.016601550953828603,
      0.08767410134457443,
      0.06550947376194488,
      0.04701184848909777,
      0.14082850831404378,
      0.15111112624204717,
      0.23458137421393707,
      0.15289257002274717,
      0.10486082502067302,
      0.10446711056654372,
      0.08592385905634571,
      0.24594707164577098,
      0.03095979692776646,
      0.02069605338421444,
      0.13647750326996314,
      0.1345726092308917,
      0.21686562014740138,
      0.28362384720903344,
      0.04362130452699842,
      0.22667861489741228,
      0.2705897112951542,
      0.1036869135263582,
      0.07691189164657883,
      0.27220264388635607,
      0.07712622176644458,
      0.09747324909020028,
      0.06166369947352902,
      0.14753893427228665,
      0.2919173207049758,
      0.014150564007532217,
      0.27322103942282466,
      0.003730855978434355,
      0.19882276526841317,
      0.2682623529152574,
      0.1838597707325826,
      0.09034575538118068,
      0.06265846806986161,
      0.26404048187832235,
      0.1380573178122057,
      0.23798782653555148,
      0.1352928292576813,
      0.10210592892764232,
      0.12894502505374472,
      0.1244931570948288,
      0.1283702117156826,
      0.020319517636791084,
      0.14288107262176858,
      0.13010047117118476,
      0.16224007822546663,
      0.05941314288904843,
      0.1708074211348427,
      0.15983641027096018,
      0.2443121598963668,
      0.23769718833552822,
      0.01861190878935799,
      0.22440548660608708,
      0.11128481579928388,
      0.23393239203835126,
      0.23305222509982323,
      0.18208016733763396,
      0.09817219929510221,
      0.0321039207852795,
      0.05302822763119064,
      0.1251895965368309,
      0.02377825757672155,
      0.04685463945652652,
      0.2500492472493168,
      0.014701252238163376,
      0.011629545514168615,
      0.1722542864294741,
      0.27623024204715857,
      0.17233324201602315,
      0.167203338255498,
      0.05916231929114082,
      0.04432785411974769,
      0.022967095674174563,
      0.07996277616342407,
      0.1694352462621661,
      0.24990784434283708,
      0.2674166401419875,
      0.014519726200847082,
