{
  "horizon": 720,
  "granularity": 1,
  "priceSchema": [
    0.198,
    0.198,
    0.198,
    0.198,
    0.225,
    0.225,
    0.249,
    0.849,
    0.849,
    0.225,
    0.225,
    0.198
  ],
  "agents": {"h1": {
    "neighbors": [],
    "backgroundLoad": [
      0.18459043852914767,
      0.2572911538092847,
      0.07401039239490098,
      0.21723191246001614,
      0.1279249117049993,
      0.2888184538930891,
      0.1548317996824,
      0.2451616271255642,
      0.039436927937135456,
      0.13208835142349395,
      0.04523361511660995,
      0.0088994791331917,
      0.07781871086097329,
      0.11566244347954671,
      0.04600483203657766,
      0.08093821069064386,
      0.16554764153705287,
      0.1458015688192673,
      0.09772716415159279,
      0.14429252372306237,
      0.2332015138297627,
      0.17693119068665536,
      0.048466847711183814,
      0.29618664305154285,
      0.24189942508855372,
      0.16787436040301798,
      0.27267277266932205,
      0.015800851824656768,
      0.17998944313911278,
      0.13515224328782677,
      0.027743234884165146,
      0.2521969562644512,
      0.21790138070680937,
      0.0021875382441326027,
      0.013935666690485415,
      0.21318892491511007,
      0.11401370069626669,
      0.22319577070854982,
      0.11417179843690824,
      0.131335158928425,
      0.21540307581186588,
      0.03713233321386702,
      0.16802855490749666,
      0.24515623263584957,
      0.060440409460545436,
      0.08588180204424149,
      0.26932447398620474,
      0.012804220154794677,
      0.18656931243293776,
      0.04088099941254315,
      0.20150114445109274,
      0.08616040765302437,
      0.11747240696255268,
      0.21739519949654226,
      0.07035665344159775,
      0.26670533494675247,
      0.16309912316634737,
      0.20306102714318708,
      0.20527805081259698,
      0.0029803981887571384,
      0.11517790305771472,
      0.005399027129044609,
      0.08319720341577447,
      0.12510852369135259,
      0.0460599859901158,
      0.20411637576162703,
      0.26886077639520767,
      0.06952940271816424,
      0.1328739711134572,
      0.09048994523359374,
      0.03630653560512642,
      0.2199497882051887,
      0.2987424585078476,
      0.14908760616875982,
      0.09282032308734219,
      0.21178223990246176,
      0.2254332170430106,
      0.07731506524405224,
      0.2672491255567074,
      0.0021668481738924884,
      0.19810322267657965,
      0.011816945815469581,
      0.0690394483905542,
      0.19720584040282546,
      0.002247850655527117,
      0.005485970022241093,
      0.03489341286774337,
      0.10329201815364715,
      0.07798708951130431,
      0.01024307486870456,
      0.1501522597164543,
      0.03861833098957441,
      0.1714666031608366,
      0.2405160349221484,
      0.24861100656850765,
      0.200098456986587,
      0.02425544529159349,
      0.06525761075539757,
      0.1264050358358675,
      0.17982893567059866,
      0.2184742019584524,
      0.16308228031303149,
      0.14353604494120412,
      0.2946951729907557,
      0.11542353068945051,
      0.07129238961078312,
      0.1522518550122704,
      0.021717854451746708,
      0.2336863647216959,
      0.10401680017322548,
      0.20369360542888235,
      0.023171739933317937,
      0.2588095168102143,
      0.17503088707736597,
      0.2742307994532297,
      0.18931415731226262,
      0.009034445276105751,
      0.11403094449491127,
      0.259468617912849,
      0.19917765250095645,
      0.07324427522437611,
      0.0924484443069093,
      0.06983908991117539,
      0.2535383022790195,
      0.21219777293642922,
      0.2803349119045082,
      0.21037982843554126,
      0.17983517739954594,
      0.26621421511913773,
      0.22823411438826235,
      0.27051370542985453,
      0.05918072936980873,
      0.06007301905965951,
      0.1168741537602615,
      0.21622548072883588,
      0.189636994028703,
      0.25770244907454704,
      0.163918196728383,
      0.07779969550658014,
      0.0014493845202938392,
      0.13108117156359328,
      0.01164382752933023,
      0.11434633339234083,
      0.045031280056757224,
      0.09182117837454325,
      0.21268994540562322,
      0.1644844911669134,
      0.08607220896132357,
      0.17107303210915822,
      0.1085522314171209,
      0.18723895690496747,
      0.02000052386061921,
      0.0015684760265168185,
      0.1837019059585131,
      0.05639917767155328,
      0.13841151816984218,
      0.2981539339916721,
      0.017667731083054493,
      0.005924890561386675,
      0.24324916261105906,
      0.1962250970884192,
      0.22195822627146858,
      0.09711685627396613,
      0.2773287233489586,
      0.2742530827057308,
      0.20948508979929167,
      0.20091073193927778,
      0.2961518293638918,
      0.08263616396580187,
      0.16718265144326694,
      0.08431787548644212,
      0.27977178764718535,
      0.19149004790503169,
      0.07818633859878346,
      0.13879711601651887,
      0.28579132028605286,
      0.17330613287486815,
      0.08724386444365599,
      0.21983193765369463,
      0.012087333025553714,
      0.11739035009996973,
      0.2610791219618672,
      0.22782865763093185,
      0.18235581135784115,
      0.21296756472664033,
      0.20718530964828683,
      0.09267495483043016,
      0.26895652076539633,
      0.17830210409502592,
      0.14987546034468416,
      0.19239647625245884,
      0.27140097023994625,
      0.2722277083887136,
      0.24987667075031345,
      0.1976352571249157,
      0.18689909782146036,
      0.02770410159350768,
      0.0992189378689184,
      0.08764038790792701,
      0.19360288798267541,
      0.20191758363016318,
      0.18671255923220936,
      0.20181143220777104,
      0.15550269659292634,
      0.28833030226246203,
      0.17855117133797227,
      0.03289410343653837,
      0.031849684189111015,
      0.07842043330404383,
      0.05728356060255718,
      0.15994356624312508,
      0.17973531796833167,
      0.27219554917672245,
      0.23422014904371827,
      0.152348151623553,
      0.07988168513798564,
      0.06911907752191286,
      0.22274394131449837,
      0.2695035699073032,
      0.1391436370899081,
      0.01879196669064923,
      0.043702796132421916,
      0.017905257060054237,
      0.056072702051249035,
      0.19055502185061143,
      0.07156878488797468,
      0.05160782940538063,
      0.027534957255246427,
      0.05373917453771828,
      0.2392954288792265,
      0.2662725701663323,
      0.08980752932326004,
      0.26132071253762235,
      0.053121086072970065,
      0.19714834125691225,
      0.018670661720743807,
      0.17610696898435135,
      0.24470287357468598,
      0.18708191720885745,
      0.04002200073712409,
      0.08283418884622772,
      0.22893411434637415,
      0.2753310256845365,
      0.1833722976371304,
      0.2347698162686631,
      0.11367160107123286,
      0.2941893607062901,
      0.23225424880071077,
      0.01523378034326338,
      0.2337418135266491,
      0.14154307195797403,
      0.14444650761284733,
      0.0217999313008841,
      0.12585626839468847,
      0.297284826820998,
      0.25438897047110604,
      0.2755567269305843,
      0.15718827181089995,
      0.15931270146278956,
      0.17081916135808825,
      0.08890652087556888,
      0.017721893668423916,
      0.16709673047996193,
      0.06705297643006705,
      0.015982159169861575,
      0.2028798298806706,
      0.15251891125000103,
      0.22218356569665196,
      0.24979006909242452,
      0.1195057571438266,
      0.21319946368241757,
      0.0705958411948517,
      0.08411449309131416,
      0.2271848689986667,
      0.010452091408936248,
      0.216539167023078,
      0.2562032454664385,
      0.2762414888772663,
      0.1737934253636324,
      0.0917300996696732,
      0.11939196450596097,
      0.05272552719186748,
      0.042769347075942994,
      0.04375609257250078,
      0.07502000758035483,
      0.07392844020066669,
      0.13183011252194518,
      0.13167710270093072,
