{
  "horizon": 720,
  "granularity": 1,
  "priceSchema": [
    0.198,
    0.198,
    0.198,
    0.198,
    0.225,
    0.225,
    0.249,
    0.849,
    0.849,
    0.225,
    0.225,
    0.198
  ],
  "agents": {"h1": {
    "neighbors": [],
    "backgroundLoad": [
      0.21267446619317437,
      0.16543503184945726,
      0.19624767790476677,
      0.18400231812967857,
      0.21631678217261988,
      0.1987754041828689,
      0.21102803773753612,
      0.06937776922354426,
      0.05888460486501537,
      0.12603736387439843,
      0.2795447144599852,
      0.09480910861520041,
      0.12299734530277229,
      0.0032822584398998988,
      0.03930309373926694,
      0.02766526246950075,
      0.16589313045671572,
      0.15714681172138772,
      0.13121879743578455,
      0.12624458220049198,
      0.016681031576598036,
      0.16874576780757777,
      0.010125273704887704,
      0.03205552138066041,
      0.12546735899561062,
      0.183575053073312,
      0.0018199519821179289,
      0.1708009101909432,
      0.01581118406630999,
      0.2845066280082229,
      0.21056922110934229,
      0.2674695581600404,
      0.2889700977620235,
      0.22103220878091168,
      0.14044098855693646,
      0.22175796137484585,
      0.031528281847444495,
      0.005462370021516804,
      0.027712232088993448,
      0.06582165389911,
      0.11367612139960181,
      0.26899409071426444,
      0.2196764418988296,
      0.1513820121383953,
      0.1623072006978575,
      0.10414401127414916,
      0.028504250796607598,
      0.2461565496585836,
      0.28812703547432433,
      0.00811856380365179,
      0.1152769224880623,
      0.19247180321029841,
      0.2725072115336285,
      0.01544425764491033,
      0.21401684624872624,
      0.1770223055393979,
      0.156866446109671,
      0.26442716658180454,
      0.29914200798908275,
      0.2031470845560693,
      0.2887237953246359,
      0.25954359820020506,
      0.25318183502331043,
      0.14557025601580487,
      0.04182863274445387,
      0.20200351854461615,
      0.07273063899858206,
      0.27403180839167945,
      0.007591189648753871,
      0.046496042103036005,
      0.12874020210489803,
      0.14642666994953857,
      0.17283995337829713,
      0.09212674347753202,
      0.05143272621156173,
      0.02660239506669867,
      0.2750908555021043,
      0.2751510675390023,
      0.174729939511619,
      0.11536579512678156,
      0.15315746146632706,
      0.022573063471699992,
      0.20001141994247554,
      0.1434435980244206,
      0.27397518419746725,
      0.13192644550232613,
      0.025273638155569822,
      0.1259138495760381,
      0.02800123901413234,
      0.0832461479718905,
      0.01666758455132915,
      0.17406077528264643,
      0.10801959888658577,
      0.22314085033500708,
      0.2743598150761575,
      0.2176131711108682,
      0.10636384451048164,
      0.20401269876003808,
      0.040568836035677,
      0.2541963658605785,
      0.24526859805448015,
      0.014354249449959432,
      0.27590081497790436,
      0.24378081270625657,
      0.17732664969417825,
      0.0914139263750214,
      0.2912754615001007,
      0.26943901958520433,
      0.09189571973840098,
      0.06174677349984687,
      0.15312239420330603,
      0.0793398978172525,
      0.2980628817407992,
      0.28736858647267977,
      0.039122843590037856,
      0.06008045883419731,
      0.08146574920508376,
      0.2698108821265121,
      0.21117583858925115,
      0.1270061120146727,
      0.05512690088820053,
      0.28906539301236217,
      0.2500338956330835,
      0.09031713854087639,
      0.13008843850228155,
      0.1431098545872218,
      0.18248994306475017,
      0.09176723459570013,
      0.15731114146731007,
      0.08488273723257428,
      0.10102313848290496,
      0.16056687819037735,
      0.18755281294935208,
      0.11420252741935015,
      0.294134590376302,
      0.22469160840595692,
      0.270285641142978,
      0.2365199277587417,
      0.24547929788270326,
      0.09269005888089145,
      0.09278536752123052,
      0.2658669313674124,
      0.03743848058668464,
      0.1898847987022498,
      0.08472646308787414,
      0.02055725295534142,
      0.1367162795574319,
      0.1509717309703667,
      0.19387199140072042,
      0.12182450821099278,
      0.015319503933859712,
      0.20610713739492323,
      0.18673981713899715,
      0.024235953412214538,
      0.2960740329410774,
      0.2960081087295067,
      0.06585924520377519,
      0.07203000321103803,
      0.14675049294421993,
      0.29539723665614187,
      0.09328140127108944,
      0.29021024264299183,
      0.1514700530914958,
      0.29293558063051695,
      0.20602723634956632,
      0.21628141616270027,
      0.22337311822813674,
      0.01259427606048491,
      0.24823785421080127,
      0.006930307367837518,
      0.24447774599229788,
      0.29584277714539364,
      0.051578096672704576,
      0.2269050505786072,
      0.2818671036305008,
      0.16775014255775636,
      0.1569357064026034,
      0.03758183215957791,
      0.22304504923677526,
      0.24879111194475656,
      0.16906613801940085,
      0.03936431936912253,
      0.162354560878566,
      0.22772028419130758,
      0.234762272649138,
      0.14074098418691136,
      0.055593574365340716,
      0.19609390320540274,
      0.05305257794425745,
      0.11077181015794856,
      0.24898285598246034,
      0.26290975378963233,
      0.22856138654632407,
      0.09723106778809469,
      0.13295207987717486,
      0.004369869171793617,
      0.008758471672448786,
      0.29266240793572773,
      0.1467700812665321,
      0.21695105836621978,
      0.08027942725845892,
      0.11890762995134949,
      0.025174337621450115,
      0.16990435558640588,
      0.2274620535384438,
      0.15320425392268144,
      0.24569116484076764,
      0.2900304382278119,
      0.0889937528318931,
      0.2849542777583184,
      0.051495206747714906,
      0.27575868158426275,
      0.18650938995487965,
      0.018999845748791367,
      0.016806610992235526,
      0.10686224078676426,
      0.23113469594000224,
      0.1341435275701353,
      0.13474982544064235,
      0.21960913192987894,
      0.25821048594729634,
      0.15972182863167436,
      0.2058004194473645,
      0.06520759382434066,
      0.20298546284776398,
      0.2636405101957426,
      0.003522247671771683,
      0.05202081740006959,
      0.04224944506383849,
      0.010292462533189195,
      0.16596178283570232,
      0.25271477043629453,
      0.1370907413656614,
      0.1414998147247509,
      0.2445151511720941,
      0.16954858160174635,
      0.011417675745126542,
      0.09619173108654813,
      0.20895178776880519,
      0.029103492395334184,
      0.18041835148234223,
      0.21279674407365004,
      0.23325933007473953,
      0.187417410238977,
      0.005103041983895551,
      0.03934440733055334,
      0.02698933878736721,
      0.1807423461592311,
      0.12382916049476861,
      0.0601193100297965,
      0.04738694114753119,
      0.2543642384749805,
      0.12519288165175785,
      0.23141063471822215,
      0.009902649581440591,
      0.10133627587073596,
      0.05248087240868364,
      0.21260776910529253,
      0.2226069759182066,
      0.04263773588885137,
      0.11954206662599581,
      0.10084248788762219,
      0.17866032406553184,
      0.02838866634161361,
      0.05400904802941595,
      0.13260770166780741,
      0.014975174090621867,
      0.17267630647242777,
      0.1978423265000991,
      0.11311760420331218,
      0.22315418665168882,
      0.24039233355925949,
      0.155777011994671,
      0.11258850903580638,
      0.048090675115715666,
      0.02140432735849468,
      0.08166453733820132,
      0.1607611887526732,
      0.17308855308529938,
      0.2985221978644005,
      0.2637867543415627,
      0.2873196184042269,
      0.14909683031552098,
      0.18112397827105556,
      0.08848667436688049,
      0.13962669569679742,
      0.2577516374407286,
      0.04753332836047186,
