{
  "horizon": 720,
  "granularity": 1,
  "priceSchema": [
    0.198,
    0.198,
    0.198,
    0.198,
    0.225,
    0.225,
    0.249,
    0.849,
    0.849,
    0.225,
    0.225,
    0.198
  ],
  "agents": {"h1": {
    "neighbors": [],
    "backgroundLoad": [
      0.2831241563277691,
      0.08167269093803403,
      0.04128719960616479,
      0.07134420135793658,
      0.25002156473550796,
      0.2348469780672588,
      0.12495766105356872,
      0.13258621672078794,
      0.22314079663731454,
      0.03493398084575955,
      0.21367068480591908,
      0.06689163565858953,
      0.17647854350963066,
      0.14105765593341832,
      0.16532374282509352,
      0.17552482399015548,
      0.013058343584689613,
      0.12601786364106596,
      0.20734386895988363,
      0.24207844963215885,
      0.1304624810717351,
      0.08672950579575345,
      0.22456528705114984,
      0.011420028262825588,
      0.07951749029520468,
      0.1136475094764202,
      0.011809674890316323,
      0.15734439561718097,
      0.2571487483355846,
      0.18178145447478708,
      0.2434328570998383,
      0.2606636966384898,
      0.044651143700093675,
      0.08857867323465361,
      0.039589222981251226,
      0.17732609650460254,
      0.10486830198846579,
      0.2687131340891749,
      0.009903486326403376,
      0.06961297760107296,
      0.11633659878075199,
      0.25818117440072075,
      0.1706706108286487,
      0.20181237967218804,
      0.2298115417346164,
      0.11469921752911716,
      0.19139911453655808,
      0.04332155176583745,
      0.1457586782547181,
      0.2677928697218517,
      0.24514175928413903,
      0.13820974893316954,
      0.19739891745476695,
      0.19379934916351874,
      0.10390932877088532,
      0.06744929064226747,
      0.27837777606264513,
      0.08905389162910606,
      0.25736762586089684,
      0.014697722393191158,
      0.08868935600321566,
      0.10788812601886073,
      0.0886185725462902,
      0.08386072715255928,
      0.27674657518071927,
      0.14289388083481055,
      0.0647883304250066,
      0.11427749995081646,
      0.07787501380230724,
      0.013389519100743407,
      0.14247755263984677,
      0.028132657469767938,
      0.035418238015893506,
      0.10496158299254317,
      0.29046044273065685,
      0.04028158414098878,
      0.0615168205656329,
      0.2911450896621061,
      0.2136990824793031,
      0.1201917556136441,
      0.190722764419067,
      0.26392938847906494,
      0.008865617369263301,
      0.2504880657304235,
      0.2879376187550017,
      0.07557046879040939,
      0.09984142993159376,
      0.07131270583929786,
      0.20456278581811635,
      0.26513071090710927,
      0.1927470761402067,
      0.1404862214234199,
      0.09931022387221967,
      0.08394460800727623,
      0.2664318717544828,
      0.15475303608092417,
      0.06415109688431457,
      0.05267788470463016,
      0.040817361062286416,
      0.21194289468769698,
      0.06080807275811205,
      0.2800014266475599,
      0.11480385578215607,
      0.07026613721797671,
      0.08806520120154605,
      0.22619317231413413,
      0.15847694890263628,
      0.27936504899933706,
      0.22667017069007844,
      0.030387689440635943,
      0.26756704225708455,
      0.02486254051990484,
      0.10463894504144958,
      0.1667928377254023,
      0.15989518070432704,
      0.29641190582413274,
      0.29696071554035147,
      0.2729297589061429,
      0.07784563049451042,
      0.26261442144423336,
      0.2584215887514428,
      0.14276586065679522,
      0.20479654384171878,
      0.18740774137871616,
      0.25987311511034117,
      0.06485806253780933,
      0.05608370762428267,
      0.13127655002024927,
      0.08073445425638306,
      0.25323732118064046,
      0.2633511880735302,
      0.14456474486382678,
      0.2577103412478275,
      0.1690099697462397,
      0.049064281969466425,
      0.22991495949844226,
      0.09820887846724284,
      0.06203192052571039,
      0.0567108033647555,
      0.02473441522557499,
      0.05711135299011635,
      0.1390587035246161,
      1.29152103794139E-4,
      0.005735335548498954,
      0.17219223375654957,
      0.11899493398913091,
      0.21843855249922092,
      0.22971256382148098,
      0.20208297525503696,
      0.1552826455650295,
      0.039544700442911536,
      0.01973040479318583,
      0.15244026181691267,
      0.07752017345411492,
      0.02346194821445231,
      0.03297795252089034,
      0.16765210530558625,
      0.27753538733474986,
      0.025666343090351974,
      0.12900424683894599,
      0.27773614625237475,
      0.1550369163890345,
      0.15706396068695588,
      0.1574323297129861,
      0.2617574691128205,
      0.00891071968136029,
      0.18687086457820232,
      0.24034077449721736,
      0.24535663456999007,
      0.20783047401187807,
      0.017054276113439924,
      0.2903466226821213,
      0.010506796280427411,
      0.043501226480647415,
      0.05082096263898612,
      0.1200212941925286,
      0.2674309253017459,
      0.042366307710842106,
      0.18752574998917382,
      0.12841963002447881,
      0.15769987848990819,
      0.26440755631951635,
      0.09531859357524254,
      0.22916051430899081,
      0.26633789844090094,
      0.08177707965539714,
      0.24199330750519124,
      0.1390562269315368,
      0.18587097603299108,
      0.10022993257284746,
      0.14475240952194288,
      0.1062646991067466,
      0.16137087819276377,
      0.03814551265804717,
      0.16198835901840114,
      0.0392953978349694,
      0.11716075321502513,
      0.17203237015932057,
      0.21859676254908914,
      0.14375743478073386,
      0.07336558330331806,
      0.19417037485833594,
      0.025617425568714058,
      0.23049759443113427,
      0.2869248292634581,
      0.01103718626521305,
      0.1948826397873156,
      0.21123636235258478,
      0.28634468160548093,
      0.05202014413106798,
      0.009324449287945912,
      0.13587630114794874,
      0.11249054494276645,
      0.02992719770343054,
      0.168199911332096,
      0.19477992055920654,
      0.05128837327336019,
      0.14368946834110266,
      0.03393055061013221,
      0.271518424020262,
      0.09098454314051353,
      0.09070922573594982,
      0.1484142833878391,
      0.015796021407250803,
      0.04822329754690269,
      0.011424991379346315,
      0.08296020540514441,
      0.118107110739948,
      0.11971343812530012,
      0.17809863979063376,
      0.04037572518217849,
      0.174628097202661,
      0.13956099605098785,
      0.12038845979708405,
      0.1624842241000589,
      0.09234576684212982,
      0.053000527108768625,
      0.19891544759185226,
      0.0634975507736079,
      0.28905791000088316,
      0.18460251916110476,
      0.26634226117976745,
      0.19359337340785698,
      0.09796683106220246,
      0.07432261698390588,
      0.12045223369657243,
      0.020606708888175396,
      0.19668401398467067,
      0.1209645572899592,
      0.024659280487886726,
      0.00757746931146187,
      0.03293065219057698,
      0.05734662610876485,
      0.06557465553955513,
      0.13655284727634204,
      0.1588723306210008,
      0.2698026021399776,
      0.13755456279848707,
      0.1963032370555125,
      0.21122726594820332,
      0.09025273797318259,
      0.265916409523914,
      0.13889359173738347,
      0.19742794612587253,
      0.25866118359346757,
      0.14116729732527705,
      0.293079290330037,
      0.2711539639722945,
      0.09259771636645812,
      0.027433276196576005,
      0.13928288538105993,
      0.285060448366178,
      0.06058733558058255,
      0.07595213857113704,
      0.0687283326496925,
      0.10806018737114785,
      0.21420211595629915,
      0.014762929343779152,
      0.07413815982957742,
      0.2191325452466362,
      0.15036794695828665,
      0.1189486524578019,
      0.20907115448906594,
      0.19844609274769895,
      0.06121570025121953,
      0.28153830503331745,
      0.24237974189409203,
      0.2781286719379328,
