{
  "horizon": 720,
  "granularity": 1,
  "priceSchema": [
    0.198,
    0.198,
    0.198,
    0.198,
    0.225,
    0.225,
    0.249,
    0.849,
    0.849,
    0.225,
    0.225,
    0.198
  ],
  "agents": {"h1": {
    "neighbors": [],
    "backgroundLoad": [
      0.003877582052270734,
      0.1803259613074347,
      0.038208456494471334,
      0.2772052145760082,
      0.1522020394145576,
      0.22607518730665893,
      0.1785949751193027,
      0.019463039253890178,
      0.07543660566097976,
      0.03375468072532671,
      0.1683174743714486,
      0.03747281729552897,
      0.06303692150857264,
      0.0678267167502595,
      0.03443328596610908,
      0.243793175551003,
      0.24237734952005532,
      0.24629896061499032,
      0.010281232133786332,
      0.2876816447037882,
      0.08392604635545287,
      0.16055603739341273,
      0.15976990482400216,
      0.26173626126335026,
      0.13857347228299718,
      0.27110007333554537,
      0.18046342890471959,
      0.11179730952836406,
      0.11160771923979826,
      0.014380652167974638,
      0.131631264941968,
      0.039880642258362096,
      0.2915360021393692,
      0.1402452471917573,
      0.19685788652285172,
      0.2972517964229725,
      0.2850191721292419,
      0.06211014908717302,
      0.21354972659730898,
      0.14240183227832193,
      0.014197244382625318,
      0.036693692670191444,
      0.21383753663840874,
      0.14680382571481265,
      0.20761457487186827,
      0.07648564905553153,
      0.0035272616259264143,
      0.1715514374224351,
      0.0019911552672434163,
      0.02398694495094875,
      0.23507030998252645,
      0.2881138735574473,
      0.2534538789363055,
      0.23682075917521248,
      0.02975378507492008,
      0.1643383041587086,
      0.10428626022274307,
      0.11772033278912047,
      0.07261301920923031,
      0.19604962676811422,
      0.28748749825852865,
      0.0057904865483577985,
      0.25948065604104775,
      0.03169091941135672,
      0.06841691334614504,
      0.2700384627765323,
      0.14673724660778362,
      0.07630761923490338,
      0.23659590976722178,
      0.010001582565171807,
      0.24754782874406073,
      0.0478795562054181,
      0.055845279926315106,
      0.04254909715016558,
      0.06322630933150804,
      0.1895760064956177,
      0.2843320053571995,
      0.22091736881973079,
      0.0983365073394619,
      0.11523485929486621,
      0.11887842426987581,
      0.1507955563640301,
      0.06557631160723978,
      0.10935379202686991,
      0.18858383693445147,
      0.16875466607855394,
      0.008610886274158847,
      0.12932765952581382,
      0.19746485369491576,
      0.1161258079656577,
      0.22298017182307625,
      0.15673677663951255,
      0.05650604657331998,
      0.002395558806895992,
      0.26164774065870666,
      0.2969741983078096,
      0.12109096992495723,
      0.23839937526044458,
      0.21946517971653395,
      0.179451205714558,
      0.033233268421741756,
      0.15250315359151512,
      0.253458525738596,
      0.045732846862891086,
      0.13779185830806023,
      0.18436584536232747,
      0.0427472887644366,
      0.0024252038976473322,
      0.05986578407893345,
      0.1421512209775363,
      0.03847666096807667,
      0.06757541470751358,
      0.12533933925762772,
      0.036062239236531186,
      0.27647347706880865,
      0.29486725687629856,
      0.07830594779308794,
      0.09720962257225242,
      0.07357300451205147,
      0.05917514663957846,
      0.17044611180292582,
      0.02412123353649216,
      0.21002673641789668,
      0.05605578995473038,
      0.23635465536322098,
      0.14347480841340965,
      0.2686511869047816,
      0.0020494429791934276,
      0.15747352501425302,
      0.09353507296384898,
      0.10258741352815562,
      0.09522086258197772,
      0.024009494026737497,
      0.10691082322343654,
      0.049108300717982424,
      0.18062784978352608,
      0.17823321603118947,
      0.08123799167607731,
      0.09492929078034476,
      0.0839599933782549,
      0.2931845121077547,
      0.13081865675904275,
      0.08810876298245998,
      0.13134790418204814,
      0.09695291726210796,
      0.127803537899915,
      0.2579701624958021,
      0.013710782764101393,
      0.06842622080134717,
      0.18877419180061158,
      0.03720681586214738,
      0.17896543101191353,
      0.029832272059117093,
      0.2531254327473875,
      0.16816494063857304,
      0.05598656222957656,
      0.09885806213122515,
      0.21221943755662373,
      0.033661566850116675,
      0.05414151913961144,
      0.15386856621217446,
      0.12305048061453054,
      0.1674550720241786,
      0.25893733988609935,
      0.26870230874780027,
      0.24240427942954845,
      0.2561617988168122,
      0.2740437630535137,
      0.27136444058729087,
      0.17416502381207472,
      0.27438221324461254,
      0.01763413677399058,
      0.2830160750401088,
      0.25922476037070885,
      0.20698392852802597,
      0.24200669603354905,
      0.2071410608028101,
      0.2018941766249643,
      0.19685693618744313,
      0.011218434813313237,
      0.1865338511213595,
      0.24368462601048627,
      0.2892149879099978,
      0.2623078045424589,
      0.05448842751844083,
      0.25224912651391557,
      0.262292876275036,
      0.13136300478009208,
      0.026239745573779682,
      0.16546996404187658,
      0.14090428275518838,
      0.16954853875485595,
      0.15978656045372105,
      0.025341447846293795,
      0.2604823452812109,
      0.10866362928122654,
      0.03681796591645178,
      0.26149918098073405,
      0.2691470549640645,
      0.21781167353105385,
      0.23104994980773935,
      0.2795847830700432,
      0.02274067594618625,
      0.2222686055559691,
      0.037646367496331955,
      0.26792375880110064,
      0.17693787777209025,
      0.2394249234245389,
      0.0893361385151105,
      0.08444072423429635,
      0.23253280409912758,
      0.2475595625055324,
      0.21001692613077524,
      0.197084102509241,
      0.25120198984362,
      0.09934031664185715,
      0.0825581656981773,
      0.014392399392506992,
      0.05298987137823645,
      0.18824886435632807,
      0.12535155247292648,
      0.23829509771598972,
      0.27441903275035273,
      0.010659263672569795,
      0.07548197051028419,
      0.037535798402661844,
      0.16128542658514572,
      0.2700560521010203,
      0.27048518288514223,
      0.06666244748396734,
      0.14592909129822126,
      0.2895353011068728,
      0.04638549547405454,
      0.048942915562828135,
      0.11808080233896615,
      0.11119717211285648,
      0.032830964290486174,
      0.2049647051723381,
      0.11218025405247975,
      0.08646367120598102,
      0.2685979296446285,
      0.29909601107732603,
      0.17043385272932873,
      0.2603374139941885,
      0.005085576640782762,
      0.07196663976166878,
      0.2204128751141576,
      0.26642955973186516,
      0.20402246038801702,
      0.049816181925191994,
      0.03714214248234131,
      0.02754628885017921,
      0.11511688652039108,
      0.02470901056540852,
      0.005454220193421655,
      0.1300643459844812,
      0.18701198075721423,
      0.15057213772051564,
      0.21285184055146814,
      0.008061013296476039,
      0.2616338956985994,
      0.050291711883459676,
      0.2011382293152634,
      0.22181744021921077,
      0.11559583402154594,
      0.28296282659252975,
      0.12430676214892704,
      0.19704128466721615,
      0.09806416610358294,
      0.17813379062440593,
      0.013495356765428379,
      0.11057204929229966,
      0.006892888743893266,
      0.291070711836297,
      0.23395108415481553,
      0.03752214293109134,
      0.2241629799715682,
      0.04948123165535362,
      0.08430862822893956,
      0.02252131874023573,
      0.028738630109146245,
      0.1924098848408233,
      0.0025994938037991245,
      0.021213482322004783,
      0.10566003611257901,
      0.2276841712809597,
      0.073248386487628,
