{
  "horizon": 720,
  "granularity": 1,
  "priceSchema": [
    0.198,
    0.198,
    0.198,
    0.198,
    0.225,
    0.225,
    0.249,
    0.849,
    0.849,
    0.225,
    0.225,
    0.198
  ],
  "agents": {"h1": {
    "neighbors": [],
    "backgroundLoad": [
      0.07476895024535204,
      0.24145558488517255,
      0.12478493917973116,
      0.24372888382991023,
      0.09310150724528811,
      0.048473507636961975,
      0.23074625650170383,
      0.2744087531041358,
      0.03166414799022684,
      0.09502445777207953,
      0.15987270733277578,
      0.2123804716047759,
      0.22297418344154074,
      0.14313002736207467,
      0.27035322732913014,
      0.222573617116829,
      0.2672176139671147,
      0.013820007236378173,
      0.005395920807191867,
      0.03295829544908818,
      0.03024034695089438,
      0.1745020627120971,
      0.15904461458644736,
      0.2322171525891371,
      0.06453572869398194,
      0.2443311994068822,
      0.06646984220214822,
      0.2180256501123036,
      0.07681486796751845,
      0.18145695352569963,
      0.2012660481201797,
      0.11245785707969516,
      0.1334661173042434,
      0.11556692900500964,
      0.18819684703072082,
      0.1720935752195317,
      0.166525327693277,
      0.01574146075135151,
      0.15159135087536232,
      0.019222258597843465,
      0.15021254732346992,
      0.2779034465269032,
      0.1754844186593805,
      0.09205337868066629,
      0.1759548456902942,
      0.1535617865959711,
      0.19363596382494475,
      0.12331338213019398,
      0.13982427120074054,
      0.16261141117038969,
      0.14840934172138628,
      0.2598968394902396,
      0.25820635120066837,
      0.12959356195727592,
      0.14588979895866236,
      0.12878416253700167,
      0.20772651056271957,
      0.20128494742235065,
      0.1101033969709041,
      0.0594917938651061,
      0.15375408412079536,
      0.07332470181168274,
      0.05354873685326093,
      0.04895201660443694,
      0.29582171456672324,
      0.16240061715256138,
      0.08074274622573438,
      0.2934550780878275,
      0.16582205827646346,
      0.1354301768334287,
      0.27949108787979854,
      0.2368974894537527,
      0.09766403261244128,
      0.2518242094622756,
      0.14382946413671432,
      0.058481027807685944,
      0.25463427050478626,
      0.25031509979953376,
      0.09379348557138835,
      0.21290343672465445,
      0.11107780372448177,
      0.23433620927089743,
      0.05079645585468301,
      0.26629148997477403,
      0.005993178299025637,
      0.025833282539145817,
      0.06963234041583179,
      0.24730300818884562,
      0.10782583841988637,
      0.20205764467334045,
      0.10475011153982496,
      0.13006032997714265,
      0.014359040266703316,
      0.0028177591357433363,
      0.048259846182529785,
      0.2911557355667506,
      0.263700218173925,
      0.12893316512244582,
      0.14029371064161317,
      0.04800335706089954,
      0.2210244828654819,
      0.19310310562210972,
      0.048304112131842915,
      0.2260205123634061,
      0.20210407814795694,
      0.24216667089979826,
      0.2865482037960333,
      0.12349315875712638,
      0.23385334718511666,
      0.15873194637840699,
      0.25749727021241287,
      0.232891744877497,
      0.11220867755363707,
      0.23964687302296717,
      0.27626231896643333,
      0.15547157707418055,
      0.21395412624191498,
      0.21725046849634466,
      0.27704110698799445,
      0.2875779919441435,
      0.05984679996276121,
      0.13540262492098987,
      0.27203025522815055,
      0.13510845685426714,
      0.012070640608895766,
      0.24813377156065433,
      0.2695981292248457,
      0.03091228531886024,
      0.14441667663332342,
      0.15600417855424933,
      0.12965218189841157,
      0.09089144471598859,
      0.2215596622387391,
      0.018525481243552234,
      0.0710900713925887,
      0.06689831602291642,
      0.27351397373106345,
      0.02670291476078309,
      0.07928615774979712,
      6.764496483756987E-4,
      2.5339006353706226E-4,
      0.13246062614655793,
      0.24946252309070188,
      0.26855837008181616,
      0.21206901126157,
      0.0826186958771217,
      0.21204714575576103,
      0.10333214839030704,
      0.19855783243600886,
      0.262343159507566,
      0.16738764331858333,
      0.2914760580436277,
      0.04319360145481258,
      0.20428753974681096,
      0.024992261970254347,
      0.08715964486662418,
      0.2662199844891163,
      0.12007457384349518,
      0.05096854648018697,
      0.11652945237563919,
      0.2591849627853829,
      0.06643570456261795,
      0.005586627572212788,
      0.03020210224994253,
      0.2572684032039423,
      0.19047266858919223,
      0.03981764255560355,
      0.16481687409935628,
      0.05592880215733178,
      0.12061527351174965,
      0.2802522266984094,
      0.293981283420453,
      0.15756330346713743,
      0.12527393243700574,
      0.07812358270995692,
      0.23894318355680502,
      0.11280621849811634,
      0.19815861796159973,
      0.2679480157469622,
      0.2611220578761301,
      0.21474345330577166,
      0.24860794984900514,
      0.0674193691812552,
      0.004280686972731229,
      0.23419685376347024,
      0.06100779525339356,
      0.021777236785936103,
      0.04912122417022997,
      0.23220960098962748,
      0.021430926368928006,
      0.1693697003508125,
      0.15800544152577475,
      0.2267374288930928,
      0.27687235543277794,
      0.15507630615861173,
      0.09568590618940763,
      0.051420714353034525,
      0.22441048680487455,
      0.18089382539292578,
      0.24491827894132623,
      0.07833109779249321,
      0.09568602916589505,
      0.20290327205129038,
      0.2435780534917068,
      0.21174396758108416,
      0.21738721594687266,
      0.27299655888646207,
      0.22943893369767004,
      0.2829118438957441,
      0.05587378389398102,
      0.18515106268841292,
      0.2197434275125382,
      0.2840113772116359,
      0.05991814129049978,
      0.2932719865324835,
      0.01615020939782593,
      0.01314512156887585,
      0.25134960338936607,
      0.2889856021746307,
      0.26611431382523837,
      0.007523072160091759,
      0.19250195354884161,
      0.03404353387330306,
      0.09873894327178395,
      0.25304696637588997,
      0.17932029408769745,
      0.19533356629928164,
      0.1061918746899664,
      0.21771497497373204,
      0.010991703191429546,
      0.23880397202112968,
      0.23547639507538512,
      0.04556166362981788,
      0.05070226212585761,
      0.20254292184981526,
      0.2648530560148651,
      0.19438616903412803,
      0.05576578685037564,
      0.08380095919038451,
      0.024330934465868204,
      0.2742821622955904,
      0.2578093159160545,
      0.13897803709964254,
      0.2825691798601602,
      0.04752892010754427,
      0.23718317041068712,
      0.24604443140026647,
      0.2590053243714605,
      0.152925754225847,
      0.23931989373393958,
      0.16285336155203853,
      0.16245411256613404,
      0.2174242822736623,
      0.09055924089070562,
      0.1939623843422749,
      0.2709165193558629,
      0.26095090864307,
      0.10393530486082846,
      0.23226888004479332,
      0.08113669212474481,
      0.2941181547503577,
      0.18865806076201933,
      0.2763400331210845,
      0.27809440297358956,
      0.2423877228033151,
      0.016436226828697685,
      0.1505509531901563,
      0.001048793719032437,
      0.11065088704435277,
      0.05304980789945108,
      0.2822681537603122,
      0.02075440245424447,
      0.22757635144054858,
      0.2906246856478684,
      0.17135582440907285,
      0.2418441946037716,
      0.29679273619745344,
      0.17647829631947273,
      0.11657462590576209,
      0.19212906063417212,
      0.10036286479031364,
      0.26689750275441204,
      0.003891173842458506,
      0.19193617634782004,
      0.010701835780052427,
      0.23532459029937666,
      0.060674130948225935,
      0.2848228840375565,
