{
  "horizon": 720,
  "granularity": 1,
  "priceSchema": [
    0.198,
    0.198,
    0.198,
    0.198,
    0.225,
    0.225,
    0.249,
    0.849,
    0.849,
    0.225,
    0.225,
    0.198
  ],
  "agents": {"h1": {
    "neighbors": [],
    "backgroundLoad": [
      0.062394499117536445,
      0.2839810790480748,
      0.271343908397714,
      0.1543109502422411,
      0.1878498550994496,
      0.07636515919371942,
      0.11315769805078185,
      0.04223876592986973,
      0.29499833726522395,
      0.13695237360525514,
      0.04682675127588948,
      0.24446604370725386,
      0.1889210624020295,
      0.19282128804890192,
      0.18622508700477905,
      0.03370830722057402,
      0.02782877487625225,
      0.13287696776975955,
      0.21842993920813422,
      0.006910876792654186,
      0.08650950639110606,
      0.2574367009045723,
      0.01898689478976916,
      0.04129972761697191,
      0.2950440882200025,
      0.19503227330700668,
      0.046799876856490084,
      0.22574232604298247,
      0.1425190148181668,
      0.2566753651477821,
      0.16377245694649475,
      0.2079705151602804,
      0.02650892642045738,
      0.08057262666000771,
      0.195655129773849,
      0.07124307529654246,
      0.07679823431614777,
      0.1985165584458754,
      0.15643554851608485,
      0.06533836476461437,
      0.2831139666563156,
      0.16689902904384862,
      0.010389204181337418,
      0.04321533109305468,
      0.27263878782070927,
      0.2493262516057421,
      0.29809649453004694,
      0.22953495828045367,
      0.020710998795537526,
      0.022457552062185002,
      0.19665434090170558,
      0.03268715707339157,
      0.2722662844933099,
      0.28268297176000656,
      0.04730813104149912,
      0.21302354292604483,
      0.16193358646122383,
      0.20866496090856856,
      0.0014324230356111633,
      0.027052145443588905,
      0.09293835629204121,
      0.23270018190057637,
      0.20933593940298648,
      0.28087187268874186,
      0.18139284095040728,
      0.058112095704029906,
      0.09612516909871047,
      0.03392699696980271,
      0.26944718919042915,
      0.2768299839895229,
      0.01709644459112857,
      0.1315712047907889,
      0.22981719955185198,
      0.19667897185322067,
      0.1997840665844444,
      0.20610585437331166,
      0.08979371718616998,
      0.21164100715396816,
      0.12359124496825485,
      0.09849283954465582,
      0.1880829340010067,
      0.11769607580545027,
      0.20643392123811138,
      0.2638411443198154,
      0.2223176403980058,
      0.2906717281449542,
      0.2782925834500326,
      0.16241574573569292,
      0.08257910746129066,
      0.18931493202661753,
      0.017917253212613313,
      0.2665690404801865,
      0.21344932868605135,
      0.04283001957761421,
      0.2799528733098763,
      0.13218781988359088,
      0.045488259322100266,
      0.24668269670203902,
      0.16720222276392763,
      0.22375466744408087,
      0.00417382855665408,
      0.29816334602442923,
      0.27216674210528846,
      0.09537152209722784,
      0.08145783763822315,
      0.1546262648143561,
      0.02864004354696521,
      0.04159600385218449,
      0.09797641698055799,
      0.1851010956933755,
      0.27835647102400496,
      0.04583165318883554,
      0.014244362480475958,
      0.10700116974485992,
      0.12520893561196472,
      0.09799946182974863,
      0.27245021863694796,
      0.1472007921092801,
      0.05407960412467309,
      0.08932730936413627,
      0.2759152029114472,
      0.18872529647198255,
      0.06642471445825852,
      0.2902252236981843,
      0.13091348553096446,
      0.11771338861053843,
      0.1470615112034288,
      0.07233823379733963,
      0.009669628084090165,
      0.2700145705863074,
      0.2587895887620777,
      0.14777181480961823,
      0.18258780160225502,
      0.1681883443977837,
      0.23642506035317096,
      0.18681125908715818,
      0.2843251505671872,
      0.026811879330261523,
      0.06062771578635318,
      0.13305231193723613,
      0.12698884846422834,
      0.04520893188304087,
      0.08312586507126132,
      0.12253538295015981,
      0.07822411797981206,
      0.2609839967854558,
      0.2998351308173538,
      0.2623800606534588,
      0.21234704840566307,
      0.03200441015116333,
      0.16869080347493168,
      0.11450581176693281,
      0.20307619577147554,
      0.2198287415555288,
      0.24348394819757596,
      0.21439093922030134,
      0.2991730133951798,
      0.10646173604355137,
      0.14880601523577,
      0.19561411614928834,
      0.2409371227265444,
      0.07875550592901066,
      0.18792218541476494,
      0.21573312040003528,
      0.23640989555660075,
      0.18951190811958138,
      0.16518742523484056,
      0.15142412123190938,
      0.2191852888932439,
      0.19211079158597583,
      0.1176180603911893,
      0.08624388836095274,
      0.1329441925282972,
      0.21008309448819823,
      0.25566038200464575,
      0.07426817692301783,
      0.13261658348795974,
      0.28332048000706195,
      0.006835635417913299,
      0.21475086671613028,
      0.1758112727767985,
      0.13315118064255252,
      0.11779895077990624,
      0.19659008061636887,
      0.11559948348599822,
      0.09082910927338729,
      0.012068452738335211,
      0.20064342141004898,
      0.163357995544847,
      0.1447234494268332,
      0.2964251845754227,
      0.291802674665555,
      0.22804898517235067,
      0.0577532388929124,
      0.258373504069921,
      0.13491277643424937,
      0.27955019727459834,
      0.11974499107416463,
      0.032090044639748995,
      0.17767275526746357,
      0.09078274066046084,
      0.06944850600321922,
      0.008166086855850085,
      0.12960047957777426,
      0.11256337401679567,
      0.016081383038848172,
      0.09975539894470567,
      0.2915632796842381,
      0.28795226582738703,
      0.02314577059661027,
      0.15042698212839767,
      0.11703018131181099,
      0.15648895465937968,
      0.05693684692218698,
      0.06775905689021679,
      0.05378998259812516,
      0.12140557509792346,
      0.02878300711648528,
      0.03831535824320927,
      0.08965817566351274,
      0.16367375248030144,
      0.193808565981872,
      0.15961926480128116,
      0.16429632426980026,
      0.0479294154293005,
      0.0890710748755323,
      0.16460135860503508,
      0.003372453485434179,
      0.16773463865157578,
      0.23683429846934095,
      0.2560666388795897,
      0.00669016245241405,
      0.026526403738272197,
      0.0644309155923064,
      0.04693683912625931,
      0.09747029535003691,
      0.10466758564939226,
      0.26039224260229105,
      0.19070651808661435,
      0.16583900967895698,
      0.2830515334701585,
      0.25634221923869266,
      0.24765843967342718,
      0.08742741110956277,
      0.0730409915689429,
      0.003116845496631071,
      0.10193973301662465,
      0.13891571514450232,
      0.027559127203256883,
      0.18197522733309246,
      0.2924568581818174,
      0.2214002933662927,
      0.246391729634014,
      0.07312739746799876,
      0.2788493702717937,
      0.04588677004256046,
      0.09226850024809573,
      0.030369496910457927,
      0.27826849381109386,
      0.24003590558926852,
      0.09849231466175594,
      0.1908945490011064,
      0.032188184938129145,
      0.030355734014760393,
      0.19134738855313238,
      0.11576753888889689,
      0.19569186234219837,
      0.03684872949899017,
      0.2647641279829828,
      0.1607912971549172,
      0.21115642423435274,
      0.02446069388840021,
      0.23156504568295638,
      0.21950910547946414,
      0.22346571526948195,
      0.2607556595876945,
      0.07152271192325528,
      0.16683950806018136,
      0.15903811557540162,
      0.2695746780553913,
      0.05397972156064571,
      0.11860339301449709,
      0.20511184696425505,
      0.16662556281285962,
      0.07117510632551315,
      0.20852070835428158,
      0.01651460974093838,
      0.012033966088856473,
