{
  "horizon": 720,
  "granularity": 1,
  "priceSchema": [
    0.198,
    0.198,
    0.198,
    0.198,
    0.225,
    0.225,
    0.249,
    0.849,
    0.849,
    0.225,
    0.225,
    0.198
  ],
  "agents": {"h1": {
    "neighbors": [],
    "backgroundLoad": [
      0.12085310281838157,
      0.06742903609221297,
      0.21788208076199675,
      0.0011815256181437527,
      0.20962535961107973,
      0.15878898214934437,
      0.16605251038471247,
      0.23646516273224816,
      0.17680759223672174,
      0.002076940366195956,
      0.21870164032213676,
      0.0853428195040849,
      0.10876763817933213,
      0.28882768421714217,
      0.24462245575034258,
      0.06651160969230048,
      0.10585996895462903,
      0.010527182214670472,
      0.08087396011513347,
      0.14459281724896034,
      0.22175457691712305,
      0.049797084450170045,
      0.08612657691250518,
      0.22642684660031373,
      0.02168220637727466,
      0.2928346556337209,
      0.21569526000317454,
      0.16896053782112777,
      0.24922143832136656,
      0.12291600594097524,
      0.07201392441833816,
      0.2986649145882745,
      0.2402039713898497,
      0.2897351931252259,
      0.07767148232145435,
      0.2526477861481589,
      0.11561171480465006,
      0.06663736272691774,
      0.2141330560159331,
      0.08992726969400743,
      0.16079561423497868,
      0.09461279875241825,
      0.28530092018132586,
      2.343180924935795E-4,
      0.06928857479588037,
      0.015049745263344272,
      0.1983761256102355,
      0.05244192190808097,
      0.2460454115366022,
      0.2317819465997617,
      0.20507478251379324,
      0.11063568031760725,
      0.1846616131718312,
      0.12208807083409895,
      0.0407214020898942,
      0.11838464905364754,
      0.14708089028413993,
      0.19932865288558776,
      0.2422257939894661,
      0.036734250936982966,
      0.15328640407682784,
      0.05079019644608966,
      0.09237597982266649,
      0.12724732738949704,
      0.11476028178406679,
      0.03174233747422981,
      0.18091337756641387,
      0.29746187602183016,
      0.25808464900786776,
      0.14333854448888866,
      0.06719053864112692,
      0.29477167738127175,
      0.013257387158220101,
      0.2709165275550593,
      0.043109029090363994,
      0.14385317170470777,
      0.10716883514700326,
      0.23236636727295842,
      0.24310847690078835,
      0.2369416611106889,
      0.08672778658171708,
      0.24468208760478644,
      0.23198809425278927,
      0.09370134351003973,
      0.21884818654025504,
      0.23837672877416155,
      0.17653531805817396,
      0.07731892896341928,
      0.15449835328086328,
      0.24684703743319902,
      0.17816490710010233,
      0.2927333055776705,
      0.24167577562827114,
      0.24348813499811578,
      0.16261211957084265,
      0.21334214799069823,
      0.2419547047076415,
      0.05053008835944922,
      0.015599915379742245,
      0.2529898701153185,
      0.02357580599782282,
      0.2029167504390436,
      0.1389718673327276,
      0.16899691031766997,
      0.17674620114943054,
      0.04894318962150562,
      0.08211846389156882,
      0.23867732741772696,
      0.10761605553700021,
      0.1599383261177961,
      0.2366487027684738,
      0.09912885920497679,
      0.04228682541544297,
      0.0195317744590617,
      0.07380084671014199,
      0.04546088207897392,
      0.2958218913309077,
      0.1767241916884677,
      0.2100369468955141,
      0.2200947703710389,
      0.1385084986613961,
      0.14438095356842717,
      0.2152804977216236,
      0.21810756682802668,
      0.2939737144846494,
      0.18750506390858276,
      0.010795555199662655,
      0.051559445808678585,
      0.13786237968357526,
      0.10861163255283128,
      0.12902618933279053,
      0.25874128826982723,
      0.08261011852174611,
      0.22039226782552276,
      0.07614634728315552,
      0.027110378914375188,
      0.2184111124281913,
      0.028783003635343706,
      0.20961026720528245,
      0.16928275193785128,
      0.02114264750344741,
      0.17910405766178436,
      0.09960489489863371,
      0.15475916458533565,
      0.24520407368238697,
      0.1345992184659612,
      0.23901143484190446,
      0.013213655688659964,
      0.2524772710390986,
      0.06892824943439076,
      0.20255140015071108,
      0.04247783574119857,
      0.21830157362868788,
      0.11206519922007126,
      0.07328975970071346,
      0.2411680474922764,
      0.2670070010802647,
      0.24311873518315258,
      0.009088702236409773,
      0.16295545432501402,
      0.04762056847596252,
      0.28406514593941745,
      0.06432324406801479,
      0.0015277586716494485,
      0.19658909663938495,
      0.22344476551880338,
      0.16786602566658868,
      0.06431221383681694,
      0.24245987119800605,
      0.27518030875020294,
      0.2599101508015874,
      0.008526112383059692,
      0.1783625406358891,
      0.18709135768499424,
      0.002299770522151423,
      0.04637031865693942,
      0.1935897450515085,
      0.08816786523164773,
      0.07391380999770215,
      0.007142741325183499,
      0.12593434570664286,
      0.2974787189504518,
      0.2588680762854643,
      0.03694751058675685,
      0.26536620499949803,
      0.014731846141224102,
      0.09491557358542642,
      0.0990952935169236,
      0.2647882788210144,
      0.07089189478445591,
      0.1309090495348972,
      0.15394350035417528,
      0.002143009472485313,
      0.09577060762897678,
      0.23731291272076288,
      0.012590437420921962,
      5.508281057582387E-5,
      0.20223946056320347,
      0.2544051844695193,
      0.06156159752837656,
      0.04390320848262941,
      0.07550031343921736,
      0.10169420502088442,
      0.19274389485020327,
      0.2891070585072334,
      1.825241662845034E-6,
      0.2941822331452208,
      0.18228968719616973,
      0.02087922199989699,
      0.25356182292653884,
      0.12745450297544855,
      0.141434637436361,
      0.287928329643311,
      0.00767631614130183,
      0.09506905463855715,
      0.14248588468144505,
      0.10351995882205779,
      0.04034899755152962,
      0.23632552545811572,
      0.04785223849804505,
      0.250617509715274,
      0.08525145544581243,
      0.029422907185989798,
      0.19315390977782762,
      0.030290116287279567,
      0.29206082410116396,
      0.2865890897905537,
      0.13090810655689783,
      0.20049334090567103,
      0.030383164314041408,
      0.09860324899998092,
      0.09559908908711177,
      0.10021153440446487,
      0.16662437125837173,
      0.2976914839293641,
      0.17923070737466412,
      0.23430414202675418,
      0.22917339665559738,
      0.213281221984953,
      0.15122460172703503,
      0.005068870607199194,
      0.08299966186102743,
      0.22037868021161056,
      0.10544796636471197,
      0.0602757610132951,
      0.041399854375221236,
      0.10301390814693348,
      0.030784670910037393,
      0.17522623275737156,
      0.28177076969527476,
      0.06008062522564417,
      0.012212052317763488,
      0.1965618671353114,
      0.08106190723220073,
      0.15965803946148133,
      0.13654981653940057,
      0.2743819444211366,
      0.22502736198131773,
      0.04727462061745071,
      0.04689942860990746,
      0.2760468071961583,
      0.2044978551790035,
      0.14165621686268645,
      0.03224763043875479,
      0.058766668056566024,
      0.12856808892123947,
      0.2436522470394205,
      0.06026392799636406,
      0.2251380007055189,
      0.06366226902599427,
      0.01730579122661142,
      0.06149870268923367,
      0.2692620753302801,
      0.13555284894119218,
      0.13206023750629703,
      0.08146421972469808,
      0.2990914711461751,
      0.15543271550350032,
      0.17612254520418721,
      0.19813767884364097,
      0.23804633115824245,
      0.14426235005696542,
      0.24501302669607244,
      0.010211553077476598,
      0.0406106140914263,
      0.06009681008259801,
      0.253933116114187,
