{
  "horizon": 720,
  "granularity": 1,
  "priceSchema": [
    0.198,
    0.198,
    0.198,
    0.198,
    0.225,
    0.225,
    0.249,
    0.849,
    0.849,
    0.225,
    0.225,
    0.198
  ],
  "agents": {"h1": {
    "neighbors": [],
    "backgroundLoad": [
      0.24073244855983225,
      0.2686942466244694,
      0.07410621747470132,
      0.14448059142698041,
      0.020127369027619222,
      0.28375061489280706,
      0.2243022848022865,
      0.17490734252417786,
      0.24606575523055146,
      0.21611774300991254,
      0.0793332051803691,
      0.29405764478102064,
      0.24541160123918127,
      0.15553773810573443,
      0.20584416855566215,
      0.2282060209621063,
      0.1511318113127162,
      0.2610068975343253,
      0.27373242384673807,
      0.24341630238400802,
      0.16070594777729472,
      0.17973573241241553,
      0.14904007218822116,
      0.03100234408221022,
      0.003029616728237805,
      0.10006265424779542,
      0.2599669351495787,
      0.12253142429031415,
      0.19843056890919614,
      0.15962802399348303,
      0.13054495051791845,
      0.07966206789249546,
      0.057403944057372334,
      0.13621793362964726,
      0.27883268997822575,
      0.014488753512856,
      0.17853003215022623,
      0.12583328893182005,
      0.03749706508457081,
      0.1514393496688637,
      0.2358407846728898,
      0.26807157570892454,
      0.23632448827682845,
      0.05238625812463919,
      0.044579600553651184,
      0.19493638502155558,
      0.04791663164647442,
      0.22210008657011845,
      0.032644874946938594,
      0.15968246173016945,
      0.2691030052403427,
      0.25382043814935507,
      0.20185031403173387,
      0.1435852777088738,
      0.28228239443720493,
      0.13469099335459647,
      0.0985918366771528,
      0.2633073594484163,
      0.07601039146880435,
      0.250090016088719,
      0.14955729767812817,
      0.19818572099376042,
      0.2554462667559981,
      0.16058475449911416,
      0.18989537890841407,
      0.02194453470108778,
      0.1625853872352657,
      0.20397992942625584,
      0.14942889452464067,
      0.19620236381197703,
      0.2023008665981256,
      0.06035707716144519,
      0.22030778945882584,
      0.1020716851417735,
      0.1300981819662881,
      0.08596304391479405,
      0.28425971543986595,
      0.14214017729643447,
      0.039426271183117124,
      0.1012256572089949,
      0.21546877615237872,
      0.2897960604728686,
      0.008474678328649543,
      0.007281857223397503,
      0.24592216538295725,
      0.1875306626120722,
      0.1018994402862455,
      0.22758183848403887,
      0.019057587672081145,
      0.0621148888780172,
      0.0679390384774507,
      0.2708652769987236,
      0.12435570757052716,
      0.15442914182939432,
      0.2603311348507077,
      0.0297176323394975,
      0.2579018285916501,
      0.17424961562026928,
      0.05126330432759829,
      0.04427738840029872,
      0.24378624032335725,
      0.10898796685823726,
      0.043118123119854176,
      0.20094539842832482,
      0.12605301338349967,
      0.15151639594740188,
      0.20240295282518594,
      0.025718620032974815,
      0.1554673041725352,
      0.09426095400472556,
      0.05059058825916394,
      0.1881106819020348,
      0.0022828665933113724,
      0.14421483808186114,
      0.2727011481972448,
      0.22675692774520487,
      0.23016394918775543,
      0.06952398105247311,
      0.11765244535483875,
      0.26069855085819504,
      0.02841835732735136,
      0.0017481675361780912,
      0.1174237495912589,
      0.19170870769334625,
      0.14477412044602986,
      0.13062606310348948,
      0.022824826551957687,
      0.11059512380114735,
      0.24985454047347183,
      0.13952072078838007,
      0.13549356191040626,
      0.23673842811157214,
      0.10715457321657845,
      0.2677528159430848,
      0.0960801151287938,
      0.08474825363854578,
      0.1025131012776604,
      0.21623285830688713,
      0.17884456076194336,
      0.17341466285947896,
      0.2926823080570641,
      0.07520608699780242,
      0.23856057110036344,
      0.2580058147256604,
      0.2054713526257556,
      0.16867578869200567,
      0.0776639718978221,
      0.07853075311886325,
      0.014125299240827593,
      0.2928630264148353,
      0.22429340819450425,
      0.06089888478230473,
      0.22980899234469382,
      0.046779869130739844,
      0.2304497319921496,
      0.25544155829660325,
      0.23378913272401775,
      0.08935659791397758,
      0.2373687671380827,
      0.062001987922861455,
      0.09099321401981515,
      0.04420072070949198,
      0.2295203213765355,
      0.03411624776557091,
      0.10655683605299902,
      0.19286227648578344,
      0.0857721599960501,
      0.001023089097884877,
      0.10450081033002116,
      0.18988925620868333,
      0.2552090790061107,
      0.2630506848158498,
      0.26872683345126736,
      0.21763331812295458,
      0.1622367968060209,
      0.1481438177265723,
      0.11758030673447809,
      0.1671134599437664,
      0.2104679974241049,
      0.19305277267478704,
      0.14867206284178455,
      0.2164569147297075,
      0.06775660019283637,
      0.0883581788143122,
      0.0968085882261878,
      0.12438860068604987,
      0.03933579955584077,
      0.07217256587116148,
      0.18325567841020673,
      0.27037964424541927,
      0.2599056221619569,
      0.00842399461234944,
      0.1465222675008281,
      0.1474244728215321,
      0.2867890077175279,
      0.2997051203301224,
      0.0723137255028354,
      0.006768791219811676,
      0.22621352252523003,
      0.03534621231835611,
      0.07365627170975868,
      0.003009771754296897,
      0.2035005820137378,
      0.06248588457435554,
      0.058892086875119654,
      0.19552372000151474,
      0.06098548383106958,
      0.23483981676970297,
      0.03608252749596614,
      0.25009033960120275,
      0.16533581959405866,
      0.05162592529453277,
      0.08591137550800536,
      0.1662317177349464,
      0.27839585996490535,
      0.1165755146052489,
      0.008284112321876147,
      0.007534219898338767,
      0.13977729178229437,
      0.17313268126029405,
      0.031909701753071694,
      0.2071712627678379,
      0.2701024831327175,
      0.08419531126166413,
      0.06825448638794758,
      0.16073172488754497,
      0.26306696883604597,
      0.2330900021879399,
      0.09632553080235245,
      0.01224117403913143,
      0.27003013654664687,
      0.2730079477780692,
      0.2367175005964875,
      0.25237834713480767,
      0.13449544751616777,
      0.17859373008681806,
      0.138569416309584,
      0.29062479747921927,
      0.06321188026146891,
      0.2804259757328527,
      0.15009559581730442,
      0.2779989239377845,
      0.14722967281651483,
      0.0867194842677858,
      0.06214232456426916,
      0.1655329330982034,
      0.10531585612538948,
      0.11854610109076197,
      0.2754255798002298,
      0.20890114631039808,
      0.13718868386380684,
      0.10055744994088274,
      0.07199280653620323,
      0.15432372525541002,
      0.279844433925871,
      0.27006907947589925,
      0.2646449289847239,
      0.0959138450151994,
      0.11407953546527616,
      0.007386041823746891,
      0.17042285484636302,
      0.09141853832675291,
      0.19515352350245613,
      0.053886874194243095,
      0.2592074366921036,
      0.2520088577761156,
      0.04348856273949959,
      0.13746391453488185,
      0.09987964864842985,
      0.19126922862588586,
      0.1314729894904361,
      0.18520501162228925,
      0.1118491893713149,
      0.06323868323719524,
      0.16255890182271887,
      0.29615184973442443,
      0.2421968970918611,
      0.03476983991721707,
      0.10707256855734092,
      0.2640161301698753,
      0.23493303217444783,
      0.04583247796783354,
      0.15400906845627518,
      0.1520349199053762,
      0.2847158405818327,
      0.1855670633491424,
      0.14048079247642817,
      0.09027523139210848,
