{
  "horizon": 720,
  "granularity": 1,
  "priceSchema": [
    0.198,
    0.198,
    0.198,
    0.198,
    0.225,
    0.225,
    0.249,
    0.849,
    0.849,
    0.225,
    0.225,
    0.198
  ],
  "agents": {"h1": {
    "neighbors": [],
    "backgroundLoad": [
      0.2857982386629048,
      0.22292948898878637,
      0.14548883773383195,
      0.06751415235684212,
      0.12537393890957266,
      0.2876534346671789,
      0.19950911613822683,
      0.17639933872762023,
      0.2262929278081237,
      0.04364691891113974,
      0.0953363789286636,
      0.2950700244038207,
      0.10771450532132094,
      0.20830649009250643,
      0.10483263456016957,
      0.2321198677665316,
      0.1351158913566644,
      0.11331178447880802,
      0.14368594723527098,
      0.29919907833402726,
      0.29670703001785953,
      0.1998126034087555,
      0.25442070534531064,
      0.28451415941332336,
      0.1700568864678414,
      0.23448258418348927,
      0.27021339478609796,
      0.2682267852017857,
      0.03645285515615671,
      0.011128818027027176,
      0.25986821400637994,
      0.15419707454952714,
      0.15442073190534858,
      0.11820208073455492,
      0.20833375666520781,
      0.22169071760575768,
      0.17135878402551138,
      0.12056582978992471,
      0.15798154166561584,
      0.05682255445771965,
      0.0912051895416224,
      0.04858015889714192,
      0.1856671295430061,
      0.12931854750192837,
      0.273623091197591,
      0.2643766733407863,
      0.17133889776005246,
      0.22800302707092812,
      0.16663019377844265,
      0.2557004195175132,
      0.16482285710678216,
      0.1840777584051259,
      0.03929698014472336,
      0.12704977695267122,
      0.10858701848505482,
      0.058672884606817806,
      0.15892202611097866,
      0.13489059571459336,
      0.0102659600856703,
      0.02164763020767637,
      0.09804407982712719,
      0.17890366827987997,
      0.28514715512210914,
      0.2026532945441107,
      0.15677114695027175,
      0.2551724866952997,
      0.14923048637834377,
      0.08512298461291852,
      0.18201422552095803,
      0.1977439763118675,
      0.0384305574344412,
      0.29840970735197264,
      0.2750828832095803,
      0.2899787731056166,
      0.2213307979980431,
      0.12115108897265489,
      0.004048172356084378,
      0.028445989594178198,
      0.08808229532303982,
      0.22873184203654354,
      0.13420472777659656,
      0.2627236917810197,
      0.1794801404614104,
      0.08890436019608065,
      0.07099199907286678,
      0.12724665347160824,
      0.12957850159310283,
      0.2976008692162367,
      0.07558013716321751,
      0.15044669744058972,
      0.10154960356359077,
      0.24594061030170833,
      0.08612422904089524,
      0.06515011482290024,
      0.158676412066441,
      0.11322275324654786,
      0.24531433764882074,
      0.1594862883334673,
      0.0479837104824104,
      0.17364292085407887,
      0.23836342887475667,
      0.1632121087089856,
      0.012174389411699205,
      0.16741764211158247,
      0.19622237548035576,
      0.07588586126953269,
      0.10521938339470988,
      0.11893581041366093,
      0.04852634803119788,
      0.08018677518243868,
      0.05584326410632927,
      0.06322873429001491,
      0.0908474309947437,
      0.016979262866778366,
      0.017513448293852395,
      0.2179255439750393,
      0.2663267492175115,
      0.10669458437204844,
      0.10360345031776134,
      0.11337693130034632,
      0.24023224048774822,
      0.11347023194432543,
      0.2362923283600604,
      0.27196073974909996,
      0.21445134318172396,
      0.1605877479355995,
      0.2757510090998556,
      0.06224788100452578,
      0.1734407604707975,
      0.15915601402685697,
      0.06634089886602276,
      0.21457887304877205,
      0.22597152538023524,
      0.12682827974633393,
      0.15748082249164902,
      0.0894824775172013,
      0.028847175718811367,
      0.23623630167646725,
      0.08237450051391386,
      0.18366224539256543,
      0.18411810546906834,
      0.07176886625970887,
      0.053922111024834525,
      0.26104309045348356,
      0.06610033077853437,
      0.2653685896662324,
      0.12105725405450134,
      0.14915780878795035,
      0.008351704152785933,
      0.1480191165316405,
      0.18283758600144556,
      0.02314936184887004,
      0.2983784282634798,
      0.16384583276768636,
      0.27439548663656393,
      0.0038977926621629575,
      0.18178445381730612,
      0.15291301198789778,
      0.09994485446425119,
      0.2787932432061255,
      0.013181802334467052,
      0.12347314407780406,
      0.021994797597196757,
      0.2962168445577077,
      0.22928399903046306,
      0.10269416239328769,
      0.08680990085343317,
      0.25914087472729863,
      0.08311911224700602,
      0.26545249891854217,
      0.060208642750967295,
      0.2703722625906488,
      0.1044695541641613,
      0.06542956978075849,
      0.17544893763761765,
      0.10099687484999711,
      0.14281752120122315,
      0.06630284716187745,
      0.25626574783235656,
      0.10854275766869337,
      0.23349438852912485,
      0.19074531151111357,
      0.08037036313516248,
      0.27053160987740404,
      0.1061026296123511,
      0.14777332502911159,
      0.11227205684493759,
      0.00370866904863677,
      0.11763228868073013,
      0.049238055217513885,
      0.24688740882390592,
      0.12279860202654692,
      0.21264717612554604,
      0.1257217513474971,
      0.15741719082698358,
      0.1894109495868707,
      0.1443924222185468,
      0.12327111541168768,
      0.26330440042343745,
      0.10497752680686477,
      0.1555043895893722,
      0.025086660156546436,
      0.277434957460194,
      0.046353035129071525,
      0.13003135737018587,
      0.1623838070554141,
      0.15433359482825945,
      0.18658325055257205,
      0.29056597978160553,
      0.108183646517791,
      0.007906215879048372,
      0.1397633191431685,
      0.1585448117943694,
      0.06843599094364226,
      0.14286268571661917,
      0.045742681391120296,
      0.1070139420909581,
      0.03316315956689866,
      0.26217309544955864,
      0.19091780994004934,
      0.03823047204989692,
      0.13199934437849173,
      0.043135551724394414,
      0.005402540772511721,
      0.13995588079850724,
      0.22851560209210267,
      0.06693418136146972,
      0.04677128762369968,
      0.18554677492090157,
      0.181929815325848,
      0.01222902545045752,
      0.02814990383414858,
      0.2549917789159586,
      0.2435794266358004,
      0.13419153310290818,
      0.26104317898570456,
      0.20614890236386849,
      0.2609004593557687,
      0.19308282495293866,
      0.25649638325737284,
      0.14915340389081025,
      0.16373929189159095,
      0.22460367501109882,
      0.0768689563106206,
      0.22397398235262966,
      0.11418010896447685,
      0.0252482796787042,
      0.13500840179325158,
      0.08011766114915864,
      0.00419210706459221,
      0.251985265376313,
      0.2665806161401282,
      0.020421791764844877,
      0.2969755967667644,
      0.14636009890698226,
      0.15560511429052173,
      0.12091051537455327,
      0.06900760659101965,
      0.15096714808136044,
      0.14197817605149762,
      0.1474829145487441,
      0.19495790459213408,
      0.11723433079337975,
      0.017057921594211146,
      0.13330243412638065,
      0.10303162687099203,
      0.2301683454053614,
      0.14703785190809246,
      0.2475373964133428,
      0.008331910586148739,
      0.016057254539368394,
      0.20426298792982744,
      0.2875027902391074,
      0.15476665800419068,
      0.224645053177954,
      0.2852169156696832,
      0.029873323393395722,
      0.23681118644961643,
      0.017582810770188226,
      0.18693896079776506,
      0.18851394911585811,
      0.26233198107866074,
      0.1295190647933611,
      0.13185810073684215,
      0.2798531059489239,
      0.24292854255732166,
      0.23882621481834904,
      0.26872450918056046,
