{
  "horizon": 720,
  "granularity": 1,
  "priceSchema": [
    0.198,
    0.198,
    0.198,
    0.198,
    0.225,
    0.225,
    0.249,
    0.849,
    0.849,
    0.225,
    0.225,
    0.198
  ],
  "agents": {"h1": {
    "neighbors": [],
    "backgroundLoad": [
      0.0456057501992821,
      0.0773496904692667,
      0.16100603859782706,
      0.13774118424236415,
      0.24894813530737336,
      0.08273868041852368,
      0.07766145914051328,
      0.1725460436794857,
      0.1698526556680603,
      5.4786832576414475E-5,
      0.17451314220800518,
      0.05799681055593072,
      0.0712331351711887,
      0.01634034494406984,
      0.18739542410418147,
      0.13556177330962962,
      0.13335132331252894,
      0.2113164605910185,
      0.056088312796810987,
      0.041180192932544865,
      0.04062663062841695,
      0.07340215249791598,
      0.28947534808122943,
      0.17155060586428197,
      0.24637739268140296,
      0.13373106304938912,
      0.20451181286625814,
      0.12696315417015036,
      0.12231164818247721,
      0.007118627339321459,
      0.07535462002600499,
      0.09842905148671767,
      0.1285518203290951,
      0.046305511412402224,
      0.1202443046346956,
      0.08121465674235137,
      0.23571523596187421,
      0.1461493216098747,
      0.03913561465130897,
      0.26286036455977396,
      0.01771394681881242,
      0.12817217182007135,
      0.2948541746403936,
      0.231829465950437,
      0.29887585213744067,
      0.18174201870087117,
      0.11483490478787066,
      0.2423227843600648,
      0.17769665258603515,
      0.16376775669341992,
      0.23964399296270553,
      0.14717047192612184,
      0.11398833338008849,
      0.2319989986564904,
      0.12430503572970796,
      0.1188054745609583,
      0.29620367961292954,
      0.16459334165658665,
      0.0359739994496404,
      0.250561719552108,
      0.1355862667284173,
      0.03928449064249882,
      0.13468009634669686,
      0.19399358909487707,
      0.04350207815322784,
      0.04953009752125641,
      0.25501904130684194,
      0.20874954250681702,
      0.2371544352311275,
      0.09037666908046145,
      0.27334983055145834,
      0.08859774074159654,
      0.26498494743890505,
      0.22105072926152003,
      0.23160375588816629,
      0.1760202101750629,
      0.06512366700315611,
      0.10477815585177869,
      0.17043154230539362,
      0.10523214725383624,
      0.05702589918054853,
      0.2762096191243124,
      0.10455758052509036,
      0.17849803272416315,
      0.13205207135687777,
      0.11401157130985207,
      0.24968180316607272,
      0.050364067750625185,
      0.18012820696536017,
      0.23898427396736116,
      0.250135370458153,
      0.2523672209405454,
      0.023692926379159516,
      0.09125385833551712,
      0.2928436547101323,
      0.1507213502662465,
      0.2523482379894021,
      0.1582256435586453,
      0.2617624029169767,
      0.2303438336918919,
      0.04185317948906795,
      0.25432348633023555,
      0.15885935320326686,
      0.2545147265196691,
      0.0013001855537468575,
      0.018250391493482954,
      0.23217262934867608,
      0.14242063415399248,
      0.2913019627597146,
      0.2866438613753334,
      0.2467785745128352,
      0.2630554219507766,
      0.2932067262571444,
      0.18091599103355602,
      0.2871684533192304,
      0.06921427484667142,
      0.24566233605732282,
      0.25394118917835823,
      0.07482543371124041,
      0.05483295773382565,
      0.035216480450862016,
      0.010378055451108315,
      0.121701441733742,
      0.0228237720665036,
      0.2835123789164507,
      0.046314564049044056,
      0.26643619444136213,
      0.06518015726449454,
      0.2900412948931666,
      0.2882794056785913,
      0.27169535161647773,
      0.18296815975277883,
      0.12301707791935984,
      0.26381477274201254,
      0.18774035822816876,
      0.24161648323856746,
      0.25829785834481694,
      0.09012382048468774,
      0.11372750328750231,
      0.161507626369093,
      0.2825453745817073,
      0.12622976713173126,
      0.055409489669694174,
      0.023908162053263925,
      0.047562961788287984,
      0.1554921159974189,
      0.05218375901485384,
      0.09823861222764627,
      0.04432623116367502,
      0.02874827622571262,
      0.1216516401982187,
      0.04525691029769747,
      0.06635559445633817,
      0.2003955883833672,
      0.16826572658941036,
      0.29477885078347793,
      0.2537547737133821,
      0.03853802046035754,
      0.19810247829518596,
      0.2015883501205701,
      0.1457155011155608,
      0.276405215438885,
      0.0655835892045593,
      0.035368636609205535,
      0.043929034658449925,
      0.19837858718726278,
      0.1775490041731307,
      0.2608861929084685,
      0.2420261457003186,
      0.14005929919178484,
      0.08723823254426781,
      0.15618328020439506,
      0.22115685925027123,
      0.03957378669743898,
      0.23325740006019602,
      0.2458248220462922,
      0.22650476074320386,
      0.22485548689776738,
      0.2412519808975369,
      0.2495865207312893,
      0.1894872912467722,
      0.22060552164312613,
      0.25491115482632515,
      0.023643426018677048,
      0.16582022945100236,
      0.2767900010832755,
      0.1233744692294295,
      0.27538662687012294,
      0.145414627191059,
      0.10592881881861156,
      0.16333918074809584,
      0.00855245210829777,
      0.05999303651562473,
      0.1635430302874271,
      0.09969347434163936,
      0.2848444394496867,
      0.204923203449413,
      0.12298272098293594,
      0.06232830948907678,
      0.25037796738381957,
      0.06516839924653646,
      0.019503362183853644,
      0.026834514011664833,
      0.22538118345570085,
      0.04378640409039226,
      0.14397479392650628,
      0.07967849962542163,
      0.17702198103408165,
      0.23420058171085323,
      0.19223289162737664,
      0.14441607582501872,
      0.20571075233812292,
      0.09522685865101793,
      0.001555205125195458,
      0.28845581113684854,
      0.23901811088364816,
      0.22110286256428932,
      0.1324268366316996,
      0.04598465560273186,
      0.2931399248524654,
      0.039466791682253276,
      0.2768558106841243,
      0.1351443737571256,
      0.1569127995278796,
      0.05784999755225775,
      0.13582597852238318,
      0.22674206841479067,
      0.10605550196228128,
      0.12085074384394291,
      0.1420631976083174,
      0.04760785455990763,
      0.11526388208667998,
      0.045980415005214124,
      0.22310721758277105,
      0.08011256930415829,
      0.205554712875638,
      0.2152833722324191,
      0.29734791237298575,
      0.07981013870046548,
      0.2112081007941033,
      0.09538331192348534,
      0.15349734125176,
      0.18537676590443594,
      0.2842477803359068,
      0.21815944972921347,
      0.20685510071685845,
      0.018243829834393377,
      0.052260927580034686,
      0.06617733284475641,
      0.2535137520449421,
      0.15797845679479433,
      0.08409577879500542,
      0.0446885514363989,
      0.0660540176333366,
      0.1860196173822412,
      0.27960480106645974,
      0.08644905163450517,
      0.20621855483621251,
      0.2116907060076977,
      0.17141167666371773,
      0.050209263479622276,
      0.05915581467898262,
      0.17904295414195442,
      0.09280129509774322,
      0.19562153268909552,
      0.2696884316771451,
      0.09596451234782684,
      0.2945185206636216,
      0.0881249944715707,
      0.15415837252990597,
      0.2822995658477275,
      0.2838597722974152,
      0.1981814419357891,
      0.104017069560923,
      0.26304753176329815,
      0.17058969249824177,
      0.2663063216076746,
      0.2447856599268383,
      0.03711113076154238,
      0.11762395285973014,
      0.04324403244439453,
      0.27059998839058097,
      0.03511391321901832,
      0.1362257452387156,
      0.2644505007127599,
      0.2973961460427573,
      0.05468776229448019,
      0.040208920554128315,
      0.039209494522434274,
