{
  "horizon": 12,
  "granularity": 60,
  "priceSchema": [
    0.198,
    0.198,
    0.198,
    0.198,
    0.225,
    0.225,
    0.249,
    0.849,
    0.849,
    0.225,
    0.225,
    0.198
  ],
  "agents": {"h1": {
    "neighbors": [],
    "backgroundLoad": [
      0.11705376188063729,
      0.010273662331579303,
      0.2175125244122354,
      0.12957588618031085,
      0.10970201142956627,
      0.2550896002591707,
      0.05965803248997172,
      0.08485349920685738,
      0.2580758727992735,
      0.20390439905854435,
      0.13661559782072086,
      0.159998594079143
    ],
    "houseType": 0,
    "rules": [
      "1 room cleanliness geq 78 within 4 8",
      "0 room cleanliness geq 0",
      "0 room cleanliness leq 100",
      "0 Roomba_880 charge geq 0",
      "0 Roomba_880 charge leq 100"
    ]
  }}
}