{
  "horizon": 720,
  "granularity": 1,
  "priceSchema": [
    0.198,
    0.198,
    0.198,
    0.198,
    0.225,
    0.225,
    0.249,
    0.849,
    0.849,
    0.225,
    0.225,
    0.198
  ],
  "agents": {"h1": {
    "neighbors": [],
    "backgroundLoad": [
      0.2959567168984242,
      0.055752515153162825,
      0.09699563183501142,
      0.12203684934030087,
      0.21378925865742587,
      0.29115792918489214,
      0.24823049442539266,
      0.18601754179932214,
      0.21948006933580147,
      0.27607830272655526,
      0.06016535093355735,
      0.2185161892727438,
      0.020810005734987556,
      0.16660627785017673,
      0.06006574096282671,
      0.18322211548432113,
      0.15145604142583263,
      0.10797044463059187,
      0.18344449335125965,
      0.21690873262308416,
      0.27379672962793994,
      0.06916291586029516,
      0.2992369112551978,
      0.1578564775911673,
      0.16807406124815052,
      0.2208667029212489,
      0.03577100730030099,
      0.06821758257751416,
      0.07270502637127269,
      0.12135042731694491,
      0.11573386783918205,
      0.1258100610665067,
      0.030574711588387902,
      0.1823203023136292,
      0.02859333702562251,
      0.16857153050711052,
      0.28619889785788977,
      0.24627954473293737,
      0.11454845607505028,
      0.08444606849585672,
      0.13841835496576937,
      0.12329325526951006,
      0.2299615875621644,
      0.1794175597018474,
      0.29727512054923144,
      0.12692174074033127,
      0.03306472054165236,
      0.04194922098093066,
      0.20853302356937464,
      0.06808565810130963,
      0.15313361028766587,
      0.29056778902658786,
      0.15188413379184318,
      0.09512355213617854,
      0.23766977636506306,
      0.12064770315972582,
      0.004834947982113369,
      0.16356343340478383,
      0.05082602130364628,
      0.2637342565178951,
      0.13287870180999986,
      0.25977725246104083,
      0.1298071569739517,
      0.05033316036695742,
      0.02491037513457739,
      0.08149772998022183,
      0.11724807309341201,
      0.24687124588076634,
      0.08830874665527293,
      0.16249062412349824,
      0.29614875327969964,
      0.08078007561385783,
      0.05157800195489785,
      0.0803856248011643,
      0.0658131950862733,
      0.17275750275515714,
      0.24925215217152988,
      0.287699462109065,
      0.2605429561238201,
      0.23143344906803276,
      0.18358462475078238,
      0.011353245658623312,
      0.16203644539889486,
      0.031140152446885415,
      0.04475760132087627,
      0.12490500928067899,
      0.15006748755115815,
      0.06344509309965403,
      0.25772010815945756,
      0.2309134920357592,
      0.28640514327996774,
      4.481446905868491E-6,
      0.15814694484134204,
      0.07124656681327717,
      0.1987604481036357,
      0.08803395370928363,
      0.2978983733903777,
      0.21964765123567762,
      0.05898379631142698,
      0.20803187009960353,
      0.16465390772302915,
      0.15466834698011075,
      0.023146737274961304,
      0.004894220982313002,
      0.0038766140283557735,
      0.026175997239123127,
      0.053406076946839486,
      0.027490896402758192,
      0.1500397886962349,
      0.10704711856137293,
      0.029554077662697475,
      0.19540630670024225,
      0.0023408198401300927,
      0.16511679365725795,
      0.2396512208029341,
      0.06962828011248631,
      0.03396228352099125,
      0.2855340556492642,
      0.036968049273925385,
      0.07250532165518239,
      0.1767629595711619,
      0.22956509617654705,
      0.23946363679465477,
      0.1353468661966426,
      0.27523222298069266,
      0.02274283993912276,
      0.06862135002990487,
      0.2816432716307535,
      0.24563868383582974,
      0.09449737776661023,
      0.15796137165868177,
      0.11212444711249087,
      0.29614156178056456,
      0.03172944155930302,
      0.15197012921678021,
      0.26579799817237504,
      0.25386871751705264,
      0.0690500114675883,
      0.1212521676743287,
      0.10386903614211385,
      0.13184423856944189,
      0.19436385582586044,
      0.19865425481828353,
      0.09774751321013993,
      0.08322434543893355,
      0.2736826438693515,
      0.053397203504120846,
      0.18293193800550142,
      0.1914832292053509,
      0.158600182312036,
      0.2925684230098572,
      0.034048367245785645,
      0.14879036946698188,
      0.18057517279322338,
      0.22088260751015965,
      0.11718205927567996,
      0.19526171383175936,
      0.1311533907190438,
      0.22707365983807956,
      0.28209610037603733,
      0.22457127254703013,
      0.03510994171790718,
      0.27790460243717674,
      0.15058716155981025,
      0.037986775647266734,
      0.019606988964757432,
      0.24408054410338825,
      0.08178219860361362,
      0.21091846932916605,
      0.10690066020025409,
      0.011564898642204934,
      0.1317962799184618,
      0.06729230283425547,
      0.04939714806242512,
      0.19786799113454068,
      0.01935053237783515,
      0.13018540742370016,
      0.140727291276978,
      0.2520078277476268,
      0.1035404843492806,
      0.24215374493944006,
      0.27577376711324963,
      0.2609803856270524,
      0.25711849065282594,
      0.23799938060703088,
      0.025418552719815867,
      0.12123402440238511,
      0.16140657306496792,
      0.1586219562192662,
      0.20973587987780876,
      0.11378808852905542,
      0.20565965409803666,
      0.250346970626588,
      0.051292410611203466,
      0.21311346510597373,
      0.23673870193254032,
      0.21876231294651327,
      0.24984077789686307,
      0.04166031448003472,
      0.21765412987270574,
      0.11916769051737908,
      0.06787180008966082,
      0.12705398840589752,
      0.0948664087813315,
      0.19370278503727312,
      0.17702593444321268,
      0.2664557876293319,
      0.19130190525841284,
      0.012599800910386249,
      0.2232904757366532,
      0.01896731514107539,
      0.2434534746782525,
      0.2979154811816203,
      0.2602542108310488,
      0.10636810910326085,
      0.09059557035520784,
      0.07342637195058617,
      0.043651707825271786,
      0.09028036562723091,
      0.018905508421453086,
      0.1938114772756376,
      0.15636408471460841,
      0.2416248681420376,
      0.0661792412514277,
      0.15288487916959095,
      0.13431438241532895,
      0.08300177291716183,
      0.20153025523257748,
      0.2386841244472848,
      0.20523941507346044,
      0.08674538565404268,
      0.08749868386735299,
      0.297957131828599,
      0.016798749907666798,
      0.1511905823920496,
      0.24505964892822274,
      0.006717511070721949,
      0.15403932216470279,
      0.2470111255000166,
      0.027216802063473978,
      0.23136132377133997,
      0.046017597426456114,
      0.042256148075645726,
      0.2308388603975748,
      0.29177582491256954,
      0.0012089322363706856,
      0.1153043928186798,
      0.03185652166617931,
      0.08613204879777238,
      0.24586422897075655,
      0.17199424048398176,
      0.008615954993948271,
      0.20478557306540743,
      0.0474179954712754,
      0.2615777259865949,
      0.02100625029988361,
      0.20157492264654284,
      0.16271881655973247,
      0.2978897560933976,
      0.03480560769533558,
      0.060647185469395536,
      0.16387954940801028,
      0.1060865969028848,
      0.09637674725575579,
      0.2156045800841843,
      0.12323680245645574,
      0.22991901577510115,
      0.23589102673507878,
      0.11155941953779476,
      0.10253125408611165,
      0.0433192097546901,
      0.0278367835511934,
      0.21143219425639811,
      0.0928059914353682,
      0.2528012580824158,
      0.12258142055230131,
      0.11059875219427033,
      0.2079559596574966,
      0.2516992796678818,
      0.2298076376842893,
      0.14132231055909483,
      0.21887279552463684,
      0.25596704146774507,
      0.10372499080402442,
      0.17975324293764575,
      0.17590278633643425,
      0.006316851451701755,
