{
  "horizon": 720,
  "granularity": 1,
  "priceSchema": [
    0.198,
    0.198,
    0.198,
    0.198,
    0.225,
    0.225,
    0.249,
    0.849,
    0.849,
    0.225,
    0.225,
    0.198
  ],
  "agents": {"h1": {
    "neighbors": [],
    "backgroundLoad": [
      0.027778512793032662,
      0.20821532254894004,
      0.14798580571497805,
      0.15030323912700327,
      0.024530129898425145,
      0.056733229163664245,
      0.19858430607213123,
      0.024762989312471426,
      1.8878198288604375E-4,
      0.17444181114262838,
      0.2242762536529229,
      0.026597929775109684,
      0.20637230973704943,
      0.17971034290272744,
      0.2137019123585371,
      0.2192576901266414,
      0.19648400809541167,
      0.23934673779300344,
      0.15094389319652915,
      0.2597677424784606,
      0.00929087110725857,
      0.07306842170335047,
      0.1459476870807876,
      0.19082143493103043,
      0.1793467504761151,
      0.07448141264073362,
      0.04763807602175702,
      0.08478834120766363,
      0.21919411596253044,
      0.03970703153436143,
      0.21468938817438518,
      0.033670448377516204,
      0.13870010354328216,
      0.21077972783427332,
      0.25580810175803875,
      0.18668814686678556,
      0.2990755838477067,
      0.21620481501492547,
      0.21972601387670937,
      0.23490975626254607,
      0.023178571747357355,
      0.2494484399005763,
      0.1452651532910014,
      0.058854254950456486,
      0.13130113861922327,
      0.07101585177093715,
      0.1734852810430375,
      0.08774064964170819,
      0.2547001080449542,
      0.29254207100080665,
      0.17721658325986986,
      0.27727008049504226,
      0.1433298753395933,
      0.20454936195314824,
      0.003775659022645272,
      0.2692914929849997,
      0.21320552526397032,
      0.07122828456989451,
      0.1317881154500449,
      0.20334806129109018,
      0.16771194612177584,
      0.15445978504591865,
      0.11965449096271721,
      0.27794290683018413,
      0.08917499182588795,
      0.12647102496105173,
      0.15741518458559625,
      0.22034386524969826,
      0.1425734478510942,
      0.2795972056889733,
      0.1428734167881883,
      0.07967629756458026,
      0.12569119056571218,
      0.28799742361470265,
      0.28862181459740915,
      0.0023441240564410215,
      0.1954085892132416,
      0.29207810182194355,
      0.09481023569332754,
      0.25970957409820405,
      0.017497623168967413,
      0.00947108880519103,
      0.23429426357714322,
      0.23872802134355006,
      0.07219724761306034,
      0.2964635740404102,
      0.2895152275663017,
      0.12924771143915806,
      0.035956273006809,
      0.011277095481405385,
      0.200254160397898,
      0.06843809540267427,
      0.2874422180507493,
      0.09093976519902075,
      0.11380658946648978,
      0.07934741198579448,
      0.11775744518107277,
      0.2981659280588445,
      0.16655918350989266,
      0.04071787839881771,
      0.052026896239847506,
      0.03134000659022351,
      0.1809263812891128,
      0.03861009401487409,
      0.013639397725176349,
      0.22073595845102448,
      0.12333591776939315,
      0.24927439416974198,
      0.13245610360970528,
      0.291966863729721,
      0.20556916158212482,
      0.1502136239239272,
      0.03975052704557217,
      0.21137051143343297,
      0.2828031115305534,
      0.11374237999071557,
      0.162817176012215,
      0.2260298338750607,
      0.09155216171690805,
      0.12900928349707552,
      0.20200972731829006,
      0.20656780547104472,
      0.017346039564545966,
      0.22725759493552714,
      0.21745814263221958,
      0.2313123154878451,
      0.2507421390747423,
      0.05156411058088876,
      0.020133152092467688,
      0.2945013219378452,
      0.2641242914172261,
      0.2323278444156843,
      0.13618930141337354,
      0.19427799305398938,
      0.2515647550152742,
      0.08143847981087321,
      0.28985499048433966,
      0.17236461616482002,
      0.07481497190795573,
      0.12910359011192848,
      0.2926291985803742,
      0.1113840862387717,
      0.05880653000283271,
      0.19649966783543787,
      0.13525478478736033,
      0.16517009672135793,
      0.2455934634267838,
      0.27921541508626885,
      0.23108584015197628,
      0.03884647449590173,
      0.13015868206754094,
      0.17684854274343048,
      0.09564428799020107,
      0.08681441580629008,
      0.1908190612853704,
      0.04291046055254527,
      0.23662645816104377,
      0.013594246370618134,
      0.2206127484753168,
      0.2353718772232251,
      0.10447022540516208,
      0.09109188267614911,
      0.18810283480016324,
      0.09244506892673186,
      0.14711783933203426,
      0.0756706037895674,
      0.2614583864925196,
      0.11411695158120183,
      0.29849817948251106,
      0.10635798491674325,
      0.017307768229145638,
      0.1102401355301313,
      0.23091993948273215,
      0.17026091905933552,
      0.059681550643685105,
      0.08352607824333298,
      0.03655398456910127,
      0.04555301249884406,
      0.013734269708033719,
      0.230931241036392,
      0.05859610608546906,
      0.025365425979949886,
      0.26178561103215015,
      0.01922772133621222,
      0.0568608935124425,
      0.28156101658766475,
      0.005168034852601055,
      0.2334296412700328,
      0.08888536026130206,
      0.12567210662470385,
      0.05426565018445809,
      0.1784909354346381,
      0.22207956392719588,
      0.1417447295282527,
      0.17121520538523075,
      0.21806639195483196,
      0.20195059380932298,
      0.031980933126895296,
      0.07547528240312519,
      0.19938559566739758,
      0.06502870021786554,
      0.28828095136977705,
      0.010354619771569951,
      0.17773861288317483,
      0.24992610557495354,
      0.27544893035408463,
      0.04586482465484924,
      0.06126594221190511,
      0.0253639165127711,
      0.2963556185892463,
      0.18573005909446852,
      0.20742209289524075,
      0.23800067707769154,
      0.035881679498417314,
      0.2270806430639124,
      0.17269720544314673,
      0.2574994971209338,
      0.23923935483164158,
      0.20844885804018723,
      0.2273741108413493,
      0.10650893761165853,
      0.2699368663636287,
      0.004264496323044453,
      0.15034894968092324,
      0.27033922762368484,
      0.2097887228653104,
      0.0778247372314465,
      0.050335495277333726,
      0.11586136158521437,
      0.0024927940492444622,
      0.18314439348857073,
      0.11781197320280992,
      0.21504450927264798,
      0.006323484183141736,
      0.2703416270731107,
      0.22405260998453233,
      0.25256940021727264,
      0.14912030851153552,
      0.11524228912183974,
      0.050646510123594154,
      0.13169505249835436,
      0.04105067391093453,
      0.22122938724754285,
      0.14784017550018524,
      0.013527526022210246,
      0.12967099516717426,
      0.07839421933225348,
      0.251180933967638,
      0.22496769541820225,
      0.14182770107044881,
      0.19000309534374124,
      0.028424858156979902,
      0.027302808160470548,
      0.07481762370880903,
      0.026189407658727782,
      0.10116896682976678,
      0.059289696463714625,
      0.15015177560620382,
      0.21000751193986347,
      0.2027905758753564,
      0.13086832483009417,
      0.16797876267929468,
      0.26790790720089813,
      0.20563999310645809,
      0.1933132002325384,
      0.06244827423628768,
      0.2763552296247991,
      0.24944200844677952,
      0.20479232720178323,
      0.2209395569371082,
      6.012837839685315E-4,
      0.12097164872388871,
      0.04245802100524685,
      0.2928072435549256,
      0.2445747941306848,
      0.1902058374312254,
      0.1834660492390382,
      0.10372471901182104,
      0.22255246853102878,
      0.23597312247176563,
      0.23522725252090193,
      0.18520865569878922,
      0.18642124555261833,
      0.12413529916420762,
      0.11645970688551044,
      0.26935714653522186,
      0.19585243847960504,
