{
  "horizon": 720,
  "granularity": 1,
  "priceSchema": [
    0.198,
    0.198,
    0.198,
    0.198,
    0.225,
    0.225,
    0.249,
    0.849,
    0.849,
    0.225,
    0.225,
    0.198
  ],
  "agents": {"h1": {
    "neighbors": [],
    "backgroundLoad": [
      0.28529774865264135,
      0.029631770957903023,
      0.28167124231724155,
      0.19135931821477667,
      4.4858734261904454E-4,
      0.02552639085329109,
      0.2616264013276907,
      0.13576097031903286,
      0.07010380688235852,
      0.021078768144541103,
      0.2206806283837742,
      0.009577912525932842,
      0.016341069071250058,
      0.12251136621757064,
      0.23468093540252222,
      0.13743737965808214,
      0.18739544031108013,
      0.17200872397837308,
      0.13646035430870546,
      0.12164211210509221,
      0.2622458010671775,
      0.20015743151998186,
      0.08934195965996325,
      0.1895834752008686,
      0.2849581169621032,
      0.10194488718948354,
      0.18063369103937443,
      0.16101360913749338,
      0.18895200997693093,
      0.0904546648647133,
      0.021448532131081086,
      0.16394591683320023,
      0.023263317287662,
      0.19243530507416537,
      0.18794155826815498,
      0.004210983044469929,
      0.09655971618937845,
      0.07603490282842486,
      0.017052908232577046,
      0.26625361683753895,
      0.29909879791028066,
      0.1889894233101482,
      0.10520539102100974,
      0.24836513650961942,
      0.16503901890392553,
      0.2643083851639839,
      0.034053753891067705,
      0.22854659118683193,
      0.14799424303380562,
      0.2703475534140821,
      0.2606870728963111,
      0.15918887317958216,
      0.05674998729000915,
      0.09129337770339861,
      0.07651270523403005,
      0.11522845805113617,
      0.09926076789056659,
      0.2898193945342743,
      0.08698531530561333,
      0.02979513179945263,
      0.20023720081878507,
      0.28371526444599793,
      0.10658898392055223,
      0.12992945125875016,
      0.0650202669313351,
      0.16432473560622152,
      0.1358327375849359,
      0.03179945069717044,
      0.06569706716993548,
      0.15110014454957782,
      0.236719635881114,
      0.26788242680829993,
      0.08897946557969884,
      0.19540111900486604,
      0.1807774403198195,
      0.056396099614173995,
      0.2408984114202592,
      0.1377502819341794,
      0.11916763522637137,
      0.07514817356869186,
      0.17885382022900156,
      0.29970965307317105,
      0.12043748319508045,
      0.0945187364282375,
      0.14622630682933652,
      0.06888356053141874,
      0.29080573427823103,
      0.049027991573485565,
      0.20231402248563077,
      0.11968294749952635,
      0.06592854468126848,
      0.09449467042451315,
      0.2785648791522591,
      0.1785894589850887,
      0.029098326672831798,
      0.257758162254893,
      0.25065533679798113,
      0.15548133685364487,
      0.2872777864821886,
      0.15134171240590055,
      0.20807283508753877,
      0.14730583452208396,
      0.2986236940133414,
      0.22668217945511562,
      0.1278280717690849,
      0.2618229630055259,
      0.2966230764640139,
      0.10109364854232292,
      0.1505120302826826,
      0.14657863008304067,
      0.23340526375146206,
      0.056837816749636234,
      0.09939120366744453,
      0.1440839013707055,
      0.006039303202734114,
      0.1322564972380327,
      0.04352135978963586,
      0.04462679739199525,
      0.051036776077927636,
      0.013162258006215288,
      0.045959300419570845,
      0.15120998672179692,
      0.21830927454748014,
      0.013695316937839862,
      0.22794167552346606,
      0.2013384293302168,
      0.008812322263610506,
      0.10211713332665837,
      0.2721104959825703,
      0.25457066698089137,
      0.24325097277847668,
      0.05679090302387065,
      0.14037344656462655,
      0.1241455331419464,
      0.025685097618894537,
      0.006848379768522128,
      0.05164341955449997,
      0.14841203817879786,
      0.08091362157482078,
      0.06254503973757963,
      0.2843075859551929,
      0.053298403604861475,
      0.11695811867254748,
      0.2610989016393338,
      0.10094751366636559,
      0.2497496459364964,
      0.022646952998259782,
      0.23239331164147492,
      0.25343763399084324,
      0.15577045241274004,
      0.17317786833024307,
      0.03561987107278434,
      0.22767639310533003,
      0.19485963579511167,
      0.14924663442956726,
      0.11686677405749449,
      0.028214763278938803,
      0.16793627609895806,
      0.27118316540221643,
      0.16885306537325004,
      0.06658777368816278,
      0.0059085749088691126,
      0.20004243286393453,
      0.1474062942225924,
      0.2535473166521539,
      0.15759123547171414,
      0.15046936235614364,
      0.1427151826360897,
      0.22658220938479928,
      0.09771044319429856,
      0.22059781021366814,
      0.21689345004919344,
      0.28391672991850153,
      0.19720008677594175,
      0.18441479557349388,
      0.011851051486246,
      0.1887387216383728,
      0.11252295743474386,
      0.20948208039842864,
      0.22272705510920562,
      0.013808365506163366,
      0.06964880431682259,
      0.050965456750373506,
      0.09502111911178447,
      0.16605721406675303,
      0.16602113065085924,
      0.011010328419914549,
      0.29249484128423603,
      0.2841241867156604,
      0.04436392492988201,
      0.1855085940460569,
      0.28022638581492054,
      0.2490010007646113,
      0.16793697241053743,
      0.21045091462702864,
      0.0063500647923647735,
      0.07374944414182805,
      0.14751807993664626,
      0.12470742991568601,
      0.09655928291598619,
      0.024113771883973567,
      0.25141101198530774,
      0.09037216883826668,
      0.11390052418133148,
      0.03218970649413381,
      0.29216643573459644,
      0.01246712320006399,
      0.14687372221995404,
      0.01850975457949987,
      0.08666792841481079,
      0.08847681206804543,
      0.07245127649977985,
      0.18422604858423894,
      0.15612903456856886,
      0.16851869822504673,
      0.293201262252558,
      0.1603114173158047,
      0.14780713506057291,
      0.1504328288263154,
      0.21561911689967234,
      0.1511812232971012,
      0.20411031668551188,
      0.2716997497065136,
      0.2203857336484961,
      0.29610702814949547,
      0.16854232853368625,
      0.193231258321813,
      0.1606855509256098,
      0.07452963886099039,
      0.2693909358977085,
      0.1345129784280743,
      0.04364463833524438,
      0.09884818265919969,
      0.10229773753672573,
      0.15090178583316124,
      0.07141240726830791,
      0.2023918681921556,
      0.28402685770370517,
      0.12498212537699335,
      0.20239996976934094,
      0.277460907459835,
      0.12132287940447821,
      0.17869429585760319,
      0.09764391636163076,
      0.24546476139223825,
      0.021738808244071893,
      0.2388469574464699,
      0.09178022984491076,
      0.08173189614610372,
      0.16082877086831185,
      0.25744959437557574,
      0.14215158719691592,
      0.29078408984925636,
      0.13911085130186773,
      0.20712995408820858,
      0.00712745725878463,
      0.029645564940600232,
      0.2739284720682429,
      0.02672300865468411,
      0.2935437362385033,
      0.2399983098082136,
      0.23135062849810423,
      0.025345717763899687,
      0.28471360730238626,
      0.23367716667540855,
      0.10617406949961639,
      0.045418536117997906,
      0.06166178238262027,
      0.2868086481179112,
      0.08629266641287209,
      0.21667715070172136,
      0.12429684739319974,
      0.1094704499829445,
      0.17779050041425376,
      0.22372179212150983,
      0.032676396773126525,
      0.11990333229591982,
      0.0036555919597873517,
      0.05040147726910079,
      0.25981112484289326,
      0.1950945257928345,
      0.28744492095067237,
      0.06768988804522338,
      0.17746908598412392,
      0.2076145648430413,
      0.03182936670058338,
      0.17586272299358627,
