{
  "horizon": 720,
  "granularity": 1,
  "priceSchema": [
    0.198,
    0.198,
    0.198,
    0.198,
    0.225,
    0.225,
    0.249,
    0.849,
    0.849,
    0.225,
    0.225,
    0.198
  ],
  "agents": {"h1": {
    "neighbors": [],
    "backgroundLoad": [
      0.0662007423546658,
      0.22692334632105304,
      0.2321543412824123,
      0.14191900389794732,
      0.06031460964694154,
      0.24303460531452592,
      0.008781299295527567,
      0.18529204627365328,
      0.19802600416881608,
      0.2577759281526294,
      0.21105558878683697,
      0.2559845329333095,
      0.2690177248324261,
      0.03657720774770299,
      0.15365103412938444,
      0.016207032303125802,
      0.2071575023022621,
      0.018139462557608475,
      0.22731283359916066,
      0.20371770718542084,
      0.15661130387042316,
      0.2988559918148885,
      0.19797347836550494,
      0.28346235788087926,
      0.20581997143131867,
      0.2437084677595787,
      0.033224556481403954,
      0.1530223358952852,
      0.13599068974739112,
      0.0031487724708788023,
      0.06522703780807909,
      0.008004503828783437,
      0.1270480868527372,
      0.01694306284177923,
      0.17079075046155776,
      0.17807152456253095,
      0.08989327596073754,
      0.15497684214515503,
      0.2648296215689609,
      0.20345409940173073,
      0.2414498081751886,
      0.23175156891922338,
      0.19613687208593628,
      0.10166884590721505,
      0.23212703427247672,
      0.09392053501171212,
      0.15781421867272508,
      0.02475262331385005,
      0.12194161429759189,
      0.07158218403380405,
      0.23206074767813414,
      0.023834320315977642,
      0.08857946822743831,
      0.058084154630969054,
      0.060389764155466936,
      0.08817894509498567,
      0.009004762640823293,
      0.06099129823840799,
      0.21022445270931758,
      0.07153428187320461,
      0.09551618954581849,
      0.056341527335986005,
      0.1352500644287934,
      0.20388953286421088,
      0.10242779897325355,
      0.13137070383667046,
      0.2273136127868686,
      0.16164377255352025,
      0.28033666178199823,
      0.1672484213239845,
      0.005521625294029886,
      0.1656822832822983,
      0.08384175861542874,
      0.08198735606176964,
      0.017694132793679096,
      0.1588073899229291,
      0.12570965774101456,
      0.2257453120903133,
      0.2995473855362431,
      0.24881004033027512,
      0.28014947378757266,
      0.2420804756699685,
      0.05230498553023172,
      0.15468097082425347,
      0.2170326152918666,
      0.2988124569401855,
      0.042649604440971996,
      0.28828477414146353,
      0.2805721314633695,
      0.17944667898870745,
      0.009360403882559432,
      0.1544467141599122,
      0.20835479103832452,
      0.25587265698940714,
      0.28010834435749843,
      0.12537167536589963,
      0.17173990333038822,
      0.05899682763544355,
      0.08660727610510362,
      0.24788445624196073,
      0.08575815336852964,
      0.1344116600118489,
      0.27348675064741756,
      0.25111844115547927,
      0.2923067466393942,
      0.11518753142512735,
      0.2703989542495145,
      0.047591276441414754,
      0.0447665559128431,
      0.10741109433020328,
      0.023172253044656053,
      0.08147549827197843,
      0.09896437903703241,
      0.12153625301834375,
      0.11605374729745814,
      0.10716590023100672,
      0.24446754213341296,
      0.25448296521359237,
      0.28885551157915534,
      0.014036025534096663,
      0.0794186152333458,
      0.15332113040263382,
      0.07921538378829754,
      0.08373085801877693,
      0.03218646594304394,
      0.14385757342190472,
      0.04338112765764801,
      0.04001249685830337,
      0.1844652878811305,
      0.2327654641977413,
      0.0986914728207256,
      0.15238116372176524,
      0.017111245524056306,
      0.25523465867265116,
      0.057626367761919005,
      0.1526450294623312,
      0.20758398859855565,
      0.22329137574534794,
      0.12949659636984226,
      0.0076606642068611005,
      0.1583251366000031,
      0.1391730283828774,
      0.09804101823412871,
      0.011446241465213836,
      0.018415428807344,
      0.14287052729115318,
      0.2871838044315576,
      0.2975869011725495,
      0.18339516791487448,
      0.15079703641936335,
      0.24379101055661617,
      0.016877151010260716,
      0.27131791587535414,
      0.1578055643826409,
      0.194521050212926,
      0.2903866721720697,
      0.04488231327010302,
      0.29452970822392377,
      0.0042582909528524945,
      0.07025083215654263,
      0.08474961254448335,
      0.06698193614395614,
      0.06380310541718047,
      0.07437750196083344,
      0.2428620486127553,
      0.11346835331734506,
      0.13674437371018108,
      0.05551935439396675,
      0.18249368593926052,
      0.28989267354105736,
      0.27375907095941315,
      0.050098894235459046,
      0.06933902370824402,
      0.22926008517397578,
      0.0034083957345884095,
      0.15824843660226703,
      0.29188563107008275,
      0.2588591055929027,
      0.06607616150371479,
      0.20772089012972758,
      0.012479608084454108,
      0.276707322820411,
      0.02065500263882245,
      0.2779512844308058,
      0.08104715347797044,
      0.08019546679747104,
      0.2427407684821167,
      0.1820082247864958,
      0.03729315979007658,
      0.09157925243186538,
      0.18263711609697872,
      0.17111170499718084,
      0.018289998275954945,
      0.07228853476863689,
      0.2000249700594688,
      0.2580723302627608,
      0.031713945139358234,
      0.14041495470807155,
      0.20242669779318045,
      0.05948678941272417,
      0.2681020760363201,
      0.00671183516962629,
      0.19907672033731297,
      0.2974271824853741,
      0.20831775801948763,
      0.18959255379195186,
      0.17719615593749502,
      0.11780280021739084,
      0.013126219494003565,
      0.09406671110224275,
      0.1877539206616677,
      0.018603536440902867,
      0.2655512512570445,
      0.23977112425517094,
      0.1811474973494183,
      0.26251746972236767,
      0.18532168176435773,
      0.18939363211284774,
      0.14767205178099402,
      0.1976938602452311,
      0.12055536057859628,
      0.03383058721779596,
      0.027150133712012102,
      0.2661801416306176,
      0.05365337665747178,
      0.05973161775913796,
      0.2654353847277309,
      0.03353354376923806,
      0.1630949247092549,
      0.17590545122974252,
      0.06742500140304018,
      0.07508625581589592,
      0.025482893762431968,
      0.1375190474045187,
      0.07709170940967044,
      0.0610586064907217,
      0.09704085410944001,
      0.1385642413073314,
      0.28224103973101333,
      0.06434927409793222,
      0.22509977302837209,
      0.2241307821490476,
      0.0346519910308964,
      0.08058621857641209,
      0.14827143150554456,
      0.17181565567255613,
      0.02463587392874189,
      0.0318263233391724,
      0.1737469425828438,
      0.010100780378009499,
      0.10510828495146532,
      0.16446930730907405,
      0.22733274330611752,
      0.22528251738318686,
      0.012129854618355107,
      0.14236091449411398,
      0.26268359556789384,
      0.16237604846697665,
      0.09402069505803419,
      0.08856063428973271,
      0.10293654097612188,
      0.16304473390776691,
      0.10062915825982091,
      0.28420561378484566,
      0.10846059998243644,
      0.07463773838178724,
      0.13007911299130673,
      0.09362343144784202,
      0.08505300085375395,
      0.19677275125355626,
      0.06358083724654365,
      0.160706999625983,
      0.09354341226107245,
      0.18534613752899584,
      0.15465911170664398,
      0.06669188603523234,
      0.18674309969843467,
      0.22397693733888482,
      0.2599948417488983,
      0.26770243760563983,
      0.06332699939200814,
      0.011699110435518167,
      0.1638921109780024,
      0.2972638528049036,
      0.13207028397202314,
      0.2044856187419681,
      0.11237625552513567,
