{
  "horizon": 720,
  "granularity": 1,
  "priceSchema": [
    0.198,
    0.198,
    0.198,
    0.198,
    0.225,
    0.225,
    0.249,
    0.849,
    0.849,
    0.225,
    0.225,
    0.198
  ],
  "agents": {"h1": {
    "neighbors": [],
    "backgroundLoad": [
      0.2835530601969942,
      0.21319282167131268,
      0.02112580235320628,
      0.1441594136553727,
      0.04447913785860262,
      0.2552198496224108,
      0.1565671473864684,
      0.17803434122500356,
      0.03197223963798927,
      0.14798843465505837,
      0.1306100305862013,
      0.22452405393640978,
      0.1832800157613628,
      0.2327153520644671,
      0.1775769101601638,
      0.28189877560476684,
      0.2973806726494871,
      0.12986767600481527,
      0.21846159604427756,
      0.14853146170129933,
      0.10298534278449817,
      0.25178055153369305,
      0.1437130669156006,
      0.26715899361661655,
      0.028030779518316607,
      0.028114857000851246,
      0.03940563246988525,
      0.057878701514910764,
      0.024587480994732545,
      0.29177958707322726,
      0.29985671222788574,
      0.23997698071288415,
      0.26997759604976934,
      0.13502267336166784,
      0.22724745309002126,
      0.11553859481432517,
      0.11549817143653648,
      0.23097133629797967,
      0.26458285955413746,
      0.2516128323455839,
      0.24790058987334507,
      0.22744573004520077,
      0.24483216503678484,
      0.061518337276612975,
      0.059854787343030964,
      0.08745961693296257,
      0.24656471301168406,
      0.2719997598967075,
      0.16724514758877757,
      0.2526124909567076,
      0.02085776941184998,
      0.09065164823245016,
      0.21302739815550104,
      0.18899989170089737,
      0.19096588976628903,
      0.01846103985249644,
      0.07169438106762172,
      0.20111597359640282,
      0.015789443736801922,
      0.16013860888229114,
      0.2166264205844372,
      0.03509534493316183,
      0.0680336186345619,
      0.2515416763806976,
      0.08482528845879593,
      0.08649872187076547,
      0.2632723519139382,
      0.18270368656629343,
      0.08812731351588922,
      0.25488963494803346,
      0.22915897266705582,
      0.19244574295470607,
      0.06494542890020835,
      0.03324864990989975,
      0.24901357719947315,
      0.26122787398136327,
      0.210216517557025,
      0.24797667085691252,
      0.20972407052133227,
      0.1277149757841527,
      0.21301946774631994,
      0.18919668917855006,
      0.29244032997936736,
      0.019583773702765615,
      0.2637958039065268,
      0.05647921955594489,
      0.25546809907013474,
      0.048019279198328456,
      0.2102609418065931,
      0.09563069330473102,
      0.07030101226613607,
      0.15738208065040366,
      0.27846710389465656,
      0.16498432818355277,
      0.2727094410304528,
      0.01897332649161787,
      0.14083803564131542,
      0.2243690400305045,
      0.01867966234751377,
      0.07084509375835853,
      0.16691272035048418,
      0.06393946449498279,
      0.04549184211362709,
      0.28711268637072695,
      0.07798582113686571,
      0.05514388829408686,
      0.29662011439200503,
      0.0399436372683118,
      0.13663915114850045,
      0.244457637451021,
      0.1641797914336156,
      0.20683994868536568,
      0.14885482885059556,
      0.06820400485999571,
      0.06147004974781306,
      0.17680765217913608,
      0.27499194802280763,
      0.2950676804354323,
      0.21906553659483102,
      0.2656149819366723,
      0.15011972791515393,
      0.16980084185407793,
      0.023264284311963767,
      0.1390252972277653,
      0.13345767497854405,
      0.2746908466330652,
      0.0882405163451689,
      0.1834229472226145,
      0.1460862742233586,
      0.08097759150868025,
      0.2180182834380943,
      0.20168218440236496,
      0.2597067206556319,
      0.23038171149760406,
      0.021194940583775888,
      0.2365917420209711,
      0.17524090742964538,
      0.12717935981379297,
      0.28642276588465104,
      0.08690806175259624,
      0.07887159300228688,
      0.161646049426387,
      0.01102452022503063,
      0.27394720753866464,
      0.2868479950012882,
      0.10655589041679861,
      0.19933945589229893,
      0.252045328739653,
      0.060818174232659415,
      0.14581256595574668,
      0.010921230386831349,
      0.05177825128936323,
      0.0687415588296978,
      0.2855164786192781,
      0.15394237027295302,
      0.2752940052459576,
      0.15585781899006773,
      0.2564722018309691,
      0.24053151383380655,
      0.06393725086586301,
      0.07520984546471927,
      0.21320413703827895,
      0.12829459570399085,
      0.2168310038932448,
      0.11526077515134973,
      0.22306463603871482,
      0.11991202843227246,
      0.10708426937380085,
      0.06551349448602369,
      0.20459182924607858,
      0.22309327168140772,
      0.28093431852575995,
      0.07538576833502227,
      0.06380429025379565,
      0.20897237760797407,
      0.0620183226479585,
      0.06367885967700061,
      0.2870363987235405,
      0.26699672604685587,
      0.14598328982963052,
      0.10746742866438065,
      0.04451066723400884,
      0.16520823852496105,
      0.26654622809467166,
      0.1347388893292242,
      0.04899918124143019,
      0.09780918194824241,
      0.22039004318842287,
      0.06870460056630374,
      0.2828904300357743,
      0.09454955861051838,
      0.19676821060803248,
      0.15127736302084274,
      0.024168191935649664,
      0.28355015915515913,
      0.03317312712301951,
      0.22206698863009738,
      0.2735195824906635,
      0.16848244654304198,
      0.12319102721519971,
      0.042765669322675066,
      0.04331914371920662,
      0.06316083017466691,
      0.18674309286025317,
      0.19158420896783715,
      0.10388672813994003,
      0.1067219499638715,
      0.03172298199532074,
      0.07145106826031603,
      0.15778949423236666,
      0.17142759487105533,
      0.02048224923781917,
      0.17826844463059546,
      0.17394347985245262,
      0.11136469099455969,
      0.07207999341148055,
      0.17987804246971334,
      0.11097309276656435,
      0.007385865004641601,
      0.09182994824508435,
      0.29166258762049363,
      0.2056304661395046,
      0.2673324167600244,
      0.2213674643604522,
      0.2750889488535732,
      0.1154757632826457,
      0.2934733677116803,
      0.26227893158455706,
      0.26904292803183094,
      0.2367243131952027,
      0.1036391922405542,
      0.14890691885049218,
      0.17304580160423497,
      0.07925431617939449,
      0.2130899417543275,
      0.14078960155350495,
      0.21543715167564967,
      0.19711614139931913,
      0.24372289230885263,
      0.14583807757852316,
      0.054702101539800214,
      0.28449956612368044,
      0.0019762570124343235,
      0.1750067907743806,
      0.1985687670168112,
      0.2421725635621745,
      0.08192178899927476,
      0.21365233342763998,
      0.2913422690753754,
      0.04882722210578509,
      0.09389492046467442,
      0.2562643614794986,
      0.21959054179598153,
      0.01936106111492899,
      0.003329329112651591,
      0.13000366349517098,
      0.24037847561622222,
      0.1193894631080633,
      0.20804506835857506,
      0.05728870615616448,
      0.12914040520580775,
      0.15129864674243168,
      0.2952970120662808,
      0.09472006967694344,
      0.013437489140610747,
      0.2173070614817582,
      0.024910474867414645,
      0.1954738548523652,
      0.10332478760784981,
      0.263251155434345,
      0.09574111745614583,
      0.2747483237045042,
      0.16250919746981873,
      0.23893328664904734,
      0.24950123785447134,
      0.15662735271341116,
      0.2223716194816771,
      0.07334591178253289,
      0.13011784774074045,
      0.2848738275480645,
      0.07895702328397215,
      0.22096541032896258,
      0.007440791611856612,
      0.2910258588161051,
      0.2453739664629898,
      0.0031523109135504377,
      0.16363241455031732,
      0.2603501515410307,
