{
  "horizon": 720,
  "granularity": 1,
  "priceSchema": [
    0.198,
    0.198,
    0.198,
    0.198,
    0.225,
    0.225,
    0.249,
    0.849,
    0.849,
    0.225,
    0.225,
    0.198
  ],
  "agents": {"h1": {
    "neighbors": [],
    "backgroundLoad": [
      0.053644305531364754,
      0.08080630424159364,
      0.2541978103592242,
      0.2608681580791063,
      0.005671215349073588,
      0.15282192035339864,
      0.07175079457653079,
      0.19399057345548584,
      0.18115486875064732,
      0.22413885886178517,
      0.06754127268537698,
      0.11772797527289504,
      0.13417208709494055,
      0.1507252081125761,
      0.022196356553966477,
      0.17656751385744338,
      0.0013339545080172986,
      0.10239506891469209,
      0.2311537303103189,
      0.22910892116046305,
      0.012609038903262914,
      0.09006204508601627,
      0.13677028573192337,
      0.2726431019162294,
      0.013893294255640643,
      0.21884673364017165,
      0.2444332790204372,
      0.08677044243703874,
      0.28269254859657367,
      0.0845056355949871,
      0.21359123764568264,
      0.04737647184431197,
      0.002213957459367599,
      0.1383402750502363,
      0.14395671076003394,
      0.27833119777901544,
      0.1583166352737266,
      0.28841106715695347,
      0.02176529311922466,
      0.03882173039102792,
      0.16309307524719774,
      0.025920724126002003,
      0.2798810347921217,
      0.04722103744090698,
      0.24204088379643532,
      0.1772408171483663,
      0.18207412391582173,
      0.20679265232193622,
      0.10273596538077297,
      0.16689025087253032,
      0.15567457750316024,
      0.021163467420880353,
      0.2442711200637943,
      0.1198640627605596,
      0.26265308567651935,
      0.25316324221499237,
      0.1706133672772403,
      0.18450968322737776,
      0.29283951116343654,
      0.008824770411398297,
      0.1004652355284787,
      0.017117998299580026,
      0.04169529386995717,
      0.14986367731876188,
      0.28370695641143995,
      0.1180705881700594,
      0.03441558244022692,
      0.06430151770624533,
      0.020716535779120193,
      0.16134167552675555,
      0.24007960427326458,
      0.06986037056255104,
      0.2655001924745916,
      0.021270994882563288,
      0.12787150622447227,
      0.20886735096443074,
      0.2679458158184692,
      0.13596982949683653,
      0.020741870950041773,
      0.12165035826129099,
      0.09803590124428553,
      0.22317543134696585,
      0.20373805485200822,
      0.29440306681029343,
      0.08620752294927166,
      0.027366912206195602,
      0.10561762146191753,
      0.14521835147292683,
      0.17398401558372278,
      0.19913482375236738,
      0.1288397436602307,
      0.23328368356949608,
      0.2594309037652687,
      0.1357054793805055,
      0.17387747704307488,
      0.15479126950997626,
      0.297231505863537,
      0.2162438891087111,
      0.22612907573109853,
      0.16489028336317782,
      0.1884775460421607,
      0.17192591396326018,
      0.0986991458794934,
      0.013945179612095427,
      0.080686637498167,
      0.10895138264497241,
      0.20196936175816768,
      0.13575883395677577,
      0.10630916249360318,
      0.05069205946621145,
      0.105793194417181,
      0.0630252446665146,
      0.13006014635562724,
      0.2822243761559831,
      0.1402745191532677,
      0.05963535203098072,
      0.15944618279291167,
      0.09033926588554654,
      0.248721763533442,
      0.042170137172708344,
      0.13381918432331283,
      0.050927547309806476,
      0.2742188883001193,
      0.1938426847928967,
      0.15454801750122557,
      0.16369341348267927,
      0.16582181979178134,
      0.21798406437629217,
      0.23826175893850277,
      0.2713702624723406,
      0.19655097021542148,
      0.06959247183520824,
      0.19774136469063963,
      0.1282928283258117,
      0.27075701822730064,
      0.10439580357942958,
      0.035942739804911715,
      0.0885083080019592,
      0.2425792764843535,
      0.06787117873454329,
      0.04830536142870207,
      0.08520629407334025,
      0.2318710911916157,
      0.15122910392344166,
      0.020204117575246403,
      0.04342307122789628,
      0.07538091711092033,
      0.09402739998575077,
      0.20878532765146132,
      0.14276106938263128,
      0.21382725542734465,
      0.2551646821927573,
      0.07847882715863295,
      0.18252201048483646,
      0.14137386099749416,
      0.17098116477265116,
      0.022626240723312128,
      0.23367501809284166,
      0.0985276098171411,
      0.22523099133660474,
      0.17986390551897846,
      0.023084721306934897,
      0.1625767903195395,
      0.08703674788744033,
      0.22172087297538515,
      0.22983341224397497,
      0.0385737369898689,
      0.04645423079155594,
      0.06975320820361908,
      0.20936108809326684,
      0.24806456066540714,
      0.28056363876830825,
      0.26099963899555095,
      0.14732727049563124,
      0.1548905421053695,
      0.14909440950575226,
      0.14007679030764128,
      0.12136431053658536,
      0.18358712141687317,
      0.2580224958803261,
      0.02682896704410439,
      0.03352987843801449,
      0.023935311787109857,
      0.21780938867525798,
      0.2695403890295306,
      0.012232371275967435,
      0.18198123719298576,
      0.2649742344902129,
      0.22713240848133198,
      0.11230404948354968,
      0.14089954403128932,
      0.11830672792771646,
      0.2666897089588796,
      0.11811663640616711,
      0.0572965991638794,
      0.2824464453094864,
      0.25664905946819977,
      0.24104446891254,
      0.08538019297790278,
      0.2278689751018482,
      0.24417058833685804,
      0.28065931025878416,
      0.23216633007974244,
      0.17520886386005327,
      0.19068793729945388,
      0.26595898210340446,
      0.20040495536425917,
      0.29330360534007016,
      0.17679956436294325,
      0.14792645881072558,
      0.23180366961449414,
      0.17214825111231388,
      0.19798391787157127,
      0.23700939004747631,
      0.15919967192168044,
      0.07440328568239922,
      0.2317802967138197,
      0.06458205147755404,
      0.20512293353273545,
      0.14107663864899467,
      0.21093860633652609,
      0.07839736393157035,
      0.04240688013862308,
      0.08166587161882571,
      0.21091261917880869,
      0.06085226007266867,
      0.0028885748056833526,
      0.2156824407816602,
      0.09511324790913556,
      0.12521554235718585,
      0.11741646551162221,
      0.19102279950875098,
      0.08045663738007519,
      0.26198831709876896,
      0.24966607586865866,
      0.1793404434491691,
      0.05033527386570017,
      0.0584986081434097,
      0.15221933799275622,
      0.020415474235335882,
      0.0065217034215503955,
      0.038972832747659614,
      0.29026489039040665,
      2.601703011797296E-4,
      0.2318993673878088,
      0.021424153274838088,
      0.23606131296703908,
      0.23969452285393164,
      0.02141920765838772,
      0.10851863916081712,
      0.15322611082194776,
      0.14384530695476014,
      0.2857701871537125,
      0.02208880345706806,
      0.2646062178876487,
      0.08484471032437946,
      0.13187144499506973,
      0.10888416629282427,
      0.295783131190407,
      0.24174455864402106,
      0.1979921246150356,
      0.07756215946115794,
      0.19221045903304027,
      0.25710024602012727,
      0.2235114721434078,
      0.08490887880254207,
      0.2546663537513149,
      0.11405236319012407,
      0.0013701987990977992,
      0.08412897561196955,
      0.23570067132576006,
      0.29322201329981984,
      0.21182765801998302,
      0.04863364518953789,
      0.26728233859110967,
      0.1901469277510473,
      0.10652967559145843,
      0.10942436325467916,
      0.11767059157088433,
      0.09870077496038927,
      0.05551247378520206,
      0.039714512735925765,
      0.25586241461769166,
      0.22366082793417488,
      0.0693881023144689,
      0.2006372702242391,
      0.06779892246504463,
      0.2925234474221531,
