{
  "horizon": 720,
  "granularity": 1,
  "priceSchema": [
    0.198,
    0.198,
    0.198,
    0.198,
    0.225,
    0.225,
    0.249,
    0.849,
    0.849,
    0.225,
    0.225,
    0.198
  ],
  "agents": {"h1": {
    "neighbors": [],
    "backgroundLoad": [
      0.08642070444012068,
      0.1594736574045448,
      0.12109421325228127,
      0.021615315807096722,
      0.2855367394917906,
      0.0311812128157388,
      0.2156465441726594,
      0.08147531005881983,
      0.22074398625438674,
      0.24364233887157902,
      0.21866075144316716,
      0.04303514774841955,
      0.09044726283544448,
      0.21610720602804212,
      0.20127951404884203,
      0.15003535380565536,
      0.23393900431429293,
      0.13449977003530714,
      0.2932274407031976,
      0.2066471406281215,
      0.1179612587954893,
      0.1676938701725614,
      0.17559394116186516,
      0.26231117837847906,
      0.1409413456831127,
      0.13092427930446365,
      0.05635208310045858,
      0.03774951632061996,
      0.20106446407554082,
      0.2827516997446491,
      0.29193014642381687,
      0.2599235111768407,
      0.035529138748711594,
      0.20041423895947028,
      0.011412825624008915,
      0.21492630746203112,
      0.20505991806575366,
      0.16389097633545538,
      0.08737618136800648,
      0.2705981261061448,
      0.034095535944521006,
      0.14006592117097902,
      0.019482687562443313,
      0.27126152478090754,
      0.26138977686335857,
      0.1115135807646573,
      0.022519797287481345,
      0.024453474997511947,
      0.2572494953199988,
      0.13037258913122418,
      0.04649430053112632,
      0.1592377567749574,
      0.28446775473900127,
      0.02635591370682053,
      0.08996373551563804,
      0.04372614579390277,
      0.25598336922860176,
      0.10119767660690743,
      0.06430058785050079,
      0.11114888694431423,
      0.2737672232990679,
      0.16165917658882406,
      0.19716563940070525,
      0.2991866533703156,
      0.13613341582758717,
      0.03771375161850636,
      0.019688436888546355,
      0.27723369301961404,
      0.18866670321776233,
      0.22468542256002466,
      0.1664706590612935,
      0.09860191184794109,
      0.014945733382772795,
      0.07349703535004057,
      0.09273911840268166,
      0.2202192046736254,
      0.05657743460743468,
      0.08123056035248928,
      0.22340640562274708,
      0.17520225570033962,
      0.10378842238648243,
      0.08976961170661553,
      0.15188717580789682,
      9.491812516576048E-4,
      0.22193850524154402,
      0.28795933757197945,
      0.21726590088162936,
      0.17733487784423854,
      0.082606979309914,
      0.22087345156440905,
      0.14457070245923245,
      0.0464349905630028,
      0.11844458744462921,
      0.09226306609610067,
      0.2724919871455871,
      0.09419719838101294,
      0.16142014153837325,
      0.07538122212240683,
      0.17100693880176251,
      0.06876507757049541,
      0.09723606770468535,
      0.23748021270415975,
      0.11511079902202188,
      0.29185413633693547,
      0.20475345184595042,
      0.08728105098888633,
      0.06816070354682026,
      0.15370442076918975,
      0.04173286869616425,
      0.2341519399445336,
      0.27336096831503,
      0.18314313699333354,
      0.052527898982889155,
      0.08081146917128969,
      0.0040567012269872695,
      0.1082926125547828,
      0.2904642064182759,
      0.2808018507066569,
      0.24111334575683593,
      0.21560423828864098,
      0.1415386450849514,
      0.23712749541498584,
      0.19923104159847377,
      0.10070124031861008,
      0.0948757137515543,
      0.021565185736336867,
      0.054213683262935006,
      0.29358483658560136,
      0.27060746632251037,
      0.014987521626552413,
      0.29084302970183473,
      0.02842841473740124,
      0.28555113106330804,
      0.2705951809312668,
      0.18284791314239332,
      0.02460113114777197,
      0.02857284377139132,
      0.1439035890273973,
      0.11669481376110796,
      0.22683342890676458,
      0.11366121410735755,
      0.1799751846841697,
      0.19886786395679237,
      0.13039022171358372,
      0.2166182143704382,
      0.23836910371209669,
      0.21212041702956203,
      0.10727185286367007,
      0.028933351344482536,
      0.27976870778872553,
      0.08275142600223713,
      0.21959368607473723,
      0.2092109224763678,
      0.009657883120408684,
      0.1443169977600309,
      0.17085921051221212,
      0.2935787842586677,
      0.15775219937199536,
      0.10090839278186536,
      0.24249037479021268,
      0.1709073142914903,
      0.027596272044214918,
      0.03157307368683184,
      0.18562713569243913,
      0.08221277577225951,
      8.495618142013939E-4,
      0.1516024432404611,
      0.23038647548754534,
      0.02959665037193915,
      0.2637144441994416,
      0.12608481814504507,
      0.17628386424671172,
      0.2874841117549672,
      0.19035916389122506,
      0.25874419841335605,
      0.06657810886595393,
      0.226403111315756,
      0.23672676593973319,
      0.20047507704456216,
      0.14957333801437997,
      0.13495138163561735,
      0.28108687277334804,
      0.28181427196956876,
      0.004870578570775319,
      0.1065959976642313,
      0.2352929852340283,
      0.19361406799623515,
      0.005009996282953244,
      0.044625225246440914,
      0.29581563206403466,
      0.22119338046166373,
      0.17813565575085047,
      0.04061537285611267,
      0.1990438590211264,
      0.022085390826840988,
      0.0633524261346168,
      0.1770199536300626,
      0.19900747695208817,
      0.2534871903247521,
      0.01175108078707414,
      0.171788783292038,
      0.1756925007614255,
      0.2767243249462404,
      0.1600421240016763,
      0.27750543295659,
      0.22663805981936339,
      0.15579906563670526,
      0.10387670333217552,
      0.19242902186950725,
      0.2897317218889437,
      0.22427356295264914,
      0.17242714469523437,
      0.09291558373790904,
      0.1268808268754204,
      0.15615362343868894,
      0.21630801603227454,
      0.09750458061014138,
      0.24980029454210584,
      0.16502431028424203,
      0.2524372770689221,
      0.13367095969819817,
      0.01882244053977746,
      0.07481454660401905,
      0.10065600397589686,
      0.08049208027972923,
      0.24030328786799698,
      0.29732144805572536,
      0.056260777188441864,
      0.06316364923547836,
      0.052360378372187974,
      0.2134842913485659,
      0.08190669060366769,
      0.03403155875785028,
      0.14338880962769113,
      0.29141525391416384,
      0.29251045903918316,
      0.11284436013418499,
      0.28943267386787397,
      0.030274073307584224,
      0.2437072925473209,
      0.2979025858909889,
      0.10203146694853867,
      0.01729502065837154,
      0.16324091885411962,
      0.006344037394013213,
      0.27884043622248117,
      0.2598770154630575,
      0.2640455854411834,
      0.15805426432398093,
      0.08039150214483745,
      0.10668544671139994,
      0.07555147599968641,
      0.064729585572227,
      0.0953536869295278,
      0.167928817646042,
      0.12158444346680852,
      0.29929537248479776,
      0.2838663195047534,
      0.27314870338826513,
      0.2252225124518694,
      0.1885435396282452,
      0.004721041502221346,
      0.12799341682779883,
      0.05516257048019428,
      0.15421804262496577,
      0.11173415463670412,
      0.23156178115351675,
      0.018473266404441958,
      0.01706772944958257,
      0.25686109270205254,
      0.003148930206872269,
      0.13960269458823754,
      0.02039457975695622,
      0.01247488064361385,
      0.15368703717057705,
      0.09776966999242911,
      0.04050662396131719,
      0.07091572758776252,
      0.15757193438499642,
      0.17649681684971785,
      0.06418756696054508,
      0.046537333682484826,
      0.199794219581667,
      0.2814389874169854,
      0.13480344236135786,
      0.2638726638760631,
      0.05006133692625142,
      0.29278390809761873,
