{
  "horizon": 720,
  "granularity": 1,
  "priceSchema": [
    0.198,
    0.198,
    0.198,
    0.198,
    0.225,
    0.225,
    0.249,
    0.849,
    0.849,
    0.225,
    0.225,
    0.198
  ],
  "agents": {"h1": {
    "neighbors": [],
    "backgroundLoad": [
      0.23274543469839828,
      0.189832385915298,
      0.007949809367646221,
      0.018913398096752566,
      0.2749673083597982,
      0.06272654979262415,
      0.133949896074576,
      0.15775853651333113,
      0.05327301122808381,
      0.03524007492055437,
      0.27283149313474553,
      0.07550799757334262,
      0.0841266086856266,
      0.1870171961793123,
      0.20914219117409777,
      0.07517572390336849,
      0.0779385303961805,
      0.11540728310874233,
      0.24344361919528168,
      0.11782533543360903,
      0.00645113313391722,
      0.28474322627467646,
      0.23090037504556857,
      0.032230708819956475,
      0.18950619229252008,
      0.1613378586546387,
      0.0638176469420633,
      0.14822369739360072,
      0.25821258789551244,
      0.1292931895038306,
      0.09448265679385456,
      0.14533909454982372,
      0.015812643902732237,
      0.05776621332607487,
      0.12087762546331403,
      0.25850152795637704,
      0.07216197987617505,
      0.0014469296549971644,
      0.06904764470269237,
      0.2803464927111236,
      0.2989817562640076,
      0.22526902925509087,
      0.12253124163874728,
      0.20770551737880275,
      0.012523051945272689,
      0.1417949580538993,
      0.0781480180783743,
      0.007649066469974574,
      0.1761642512439599,
      0.22416108943566526,
      0.14454357635225634,
      0.20314373241558997,
      0.05692762806632681,
      0.1718436584015374,
      0.12891064167492158,
      0.2463445862401617,
      0.06248843290734217,
      0.11755213220299797,
      0.2133894504139644,
      0.05042399386054769,
      0.24145768225301287,
      0.010840458373253658,
      0.19383210169135467,
      0.2541679971990523,
      0.2812818016109453,
      0.12211928643368683,
      0.24329608496197283,
      0.0836361121526848,
      0.13612197692355202,
      0.291273097165557,
      0.12210459475133878,
      0.17515334337613234,
      0.19807698479751865,
      0.11444295807222438,
      0.28874542102144835,
      0.05837873221927706,
      0.17630564358541911,
      0.12574984801153835,
      0.21746909823012647,
      0.23927719129882197,
      0.054804518961363936,
      0.023360801530009256,
      0.05697155260638034,
      0.2821684584363355,
      0.24100495943505407,
      0.2638864835937746,
      0.06878940563494763,
      0.07160245212442158,
      0.28043091081482363,
      0.1678044573542188,
      0.1011559058765469,
      0.16438078410669668,
      0.08872433475751362,
      0.03032388517042903,
      0.06066934053821679,
      0.005036001756551022,
      0.21943288741571138,
      0.0838308223239739,
      0.06404177423577277,
      0.14767853504921863,
      0.28154527070437013,
      0.049971366283924755,
      0.19329083548928555,
      0.20782239365518135,
      0.16722653929192716,
      0.27272874490231386,
      0.2507492077878906,
      0.13459072236272687,
      0.07992513015442862,
      0.14783358523385504,
      0.28453130740381816,
      0.19947183232914523,
      0.26646970453939706,
      0.14121885926578115,
      0.07854980920300676,
      0.16706896810607638,
      0.11086912691690862,
      0.020143618262036166,
      0.2837360883507785,
      0.05712921859793521,
      0.03845422998596216,
      0.0821565823965595,
      0.16562421829946147,
      0.18395426596883316,
      0.2487124951734085,
      0.03810277277808067,
      0.18188305088639392,
      0.11379387875864302,
      0.10113589625521836,
      0.16930088712022218,
      0.14462753855761087,
      0.2255132506164999,
      0.13846573009781973,
      0.08711702097820215,
      0.18326198276909184,
      0.1600222776593771,
      0.2021624728864786,
      0.18970499547848776,
      0.08405443927203717,
      0.021760894269871555,
      0.1370293013499663,
      0.132461531367038,
      0.10230702914792984,
      0.12327965256811764,
      0.2174854440353325,
      0.16741691442865347,
      0.06763769128920467,
      0.2990910623543131,
      0.015083273399798657,
      0.1279091503176112,
      0.20699105879831378,
      0.298472143920664,
      0.14548484822214597,
      0.2377071049024209,
      0.22130446067203333,
      0.0374240039129925,
      0.19973391372898644,
      0.19346823529420973,
      0.22950237784050698,
      0.10528582666832242,
      0.20789373611362086,
      0.0251154734027049,
      0.2081914692208827,
      0.044033082670676835,
      0.03218866891377957,
      0.2712923307688219,
      0.14885879195855253,
      0.27533172537646633,
      0.2758123758903373,
      0.18502383849435514,
      0.26306448438468544,
      0.1821753944999457,
      0.03931442645908131,
      0.11329731141305353,
      0.08141380250957214,
      0.1566679462864528,
      0.28676264762059317,
      0.2858863617427981,
      0.03847614605666999,
      0.21906794319900416,
      0.24992670741349707,
      0.0673136622821726,
      0.08762241229280178,
      0.09355559474501292,
      0.11632135335474271,
      0.09560211133438208,
      0.06678012279350647,
      0.1982470516500387,
      0.16956094685835307,
      0.0764882345497256,
      0.28379770882750704,
      0.18310510969344335,
      0.1341119162767094,
      0.06138667989488833,
      0.08195588787236206,
      0.12138532372480132,
      0.2816953187954238,
      0.13678822663950993,
      0.11466167921771547,
      0.14757068841824977,
      0.08395496044880625,
      0.08643068578199177,
      0.039165429269090155,
      0.21934192816593687,
      0.009434336206722849,
      0.0443918641214144,
      0.01089374097149648,
      0.09866193790712606,
      0.05553316209990576,
      0.2768340728819139,
      0.15962385714043756,
      0.12521339671035464,
      0.09955788333716994,
      0.085208707543613,
      0.10340297253045838,
      0.12126235061621624,
      0.14323531015675703,
      0.21305626337022507,
      0.17602310492603004,
      0.21256932802652373,
      0.22282423072779514,
      0.17023742142760262,
      0.12574416336532937,
      0.2569687361539251,
      0.21061296893115253,
      0.1521621142934315,
      0.10084036615738956,
      0.019044631687626733,
      0.05553340282898926,
      0.10823508669408761,
      0.21367070906495667,
      0.015383953380533876,
      0.09171142591457045,
      0.0460169821554558,
      0.17202858523261863,
      0.16862912062141872,
      0.2701644435679541,
      0.04292810304414574,
      0.0689016198597417,
      0.08953057652847289,
      0.21207781864154812,
      0.18753442145804824,
      0.22731165196681727,
      0.28528026322175,
      0.2931036772910122,
      0.00825952620300372,
      0.19938849785538407,
      0.2079605151995114,
      0.1179450553903428,
      0.2739391280652736,
      0.1631490621211446,
      0.04048447156270208,
      0.06903970670365138,
      0.2303635994369843,
      0.1697640276484765,
      0.16901158643309164,
      0.2817932790370764,
      0.17771044066560224,
      0.10797270344785341,
      0.22933382214681633,
      0.20005571673765787,
      0.0599455075784839,
      0.16894110667307397,
      0.015943107293262804,
      0.2983328745113829,
      0.10150126520049009,
      0.18084013069938015,
      0.1628132768364535,
      0.11443831883967356,
      0.026742703466159454,
      0.1665102810231794,
      0.12571695892984025,
      0.04939676255047609,
      0.1429961344893085,
      0.14850706098817998,
      0.1731284589946349,
      0.28877880786944654,
      0.2961880878754747,
      0.03178361995489097,
      0.27869567806574175,
      0.1642792057807061,
      0.23712333092924315,
      0.1665047324493528,
      0.2804705112248396,
      0.20778834247176556,
      0.13963077713596977,
      0.21163659617280056,
      0.14183615771056002,
      0.10631118377908723,
