{
  "horizon": 720,
  "granularity": 1,
  "priceSchema": [
    0.198,
    0.198,
    0.198,
    0.198,
    0.225,
    0.225,
    0.249,
    0.849,
    0.849,
    0.225,
    0.225,
    0.198
  ],
  "agents": {"h1": {
    "neighbors": [],
    "backgroundLoad": [
      0.03969679279157805,
      0.13636995717640546,
      0.05949981936649479,
      0.21594356796323672,
      0.058526635063176236,
      0.26278559703275883,
      0.2304489649212551,
      0.1735550703879252,
      0.1071334108184882,
      0.0060051553867930705,
      0.25724001813116026,
      0.011508244146650014,
      0.2199725565862773,
      0.19203106894131122,
      0.14595443618719098,
      0.13271099926234953,
      0.08265965865493784,
      0.15615258281561967,
      0.28287593283842083,
      0.21692182419316056,
      0.22754740708554985,
      0.23923628501954539,
      0.19526677923294627,
      0.16414293113320186,
      0.06107109786932025,
      0.14932959499269094,
      0.0025546417345618023,
      0.21734341595354034,
      0.04413026907803789,
      0.24145932425511793,
      0.13424895786927832,
      0.21352321544922795,
      0.15373861668363195,
      0.09514816388519984,
      0.18816099821941576,
      0.20561028278756846,
      0.07804575079412393,
      0.282069629638138,
      0.274499568595013,
      0.2862822518547355,
      0.13263285195150604,
      0.16737549849186767,
      0.04226272825443461,
      0.02390324156474043,
      0.047967244995289746,
      0.1379612437222706,
      0.11297626463629962,
      0.07301047740752223,
      0.255309123304793,
      0.019797876097937726,
      0.1895955391815503,
      0.0035731800705096958,
      0.2837462946214325,
      0.05922083077811194,
      0.0012873793445930426,
      0.21870041591077502,
      0.049970485241148985,
      0.04185799366901633,
      0.13080162685870464,
      0.17756446651573,
      0.07706522380520271,
      0.19304722366433566,
      0.2556918869116533,
      0.26784625985625493,
      0.29787728305799377,
      0.08201467369640045,
      0.037446054649348894,
      0.13654376471787413,
      0.07492298449609854,
      0.02956245701184875,
      0.02612358732578548,
      0.29197714032697275,
      0.1916004660158153,
      0.14056870200979985,
      0.2713373683102672,
      0.2598637357044488,
      0.28317884492087825,
      0.006928321919369284,
      0.13018932146938622,
      0.28542184904870127,
      0.2688919070594443,
      0.008302622723753927,
      0.2622585486863367,
      0.24622063497455554,
      0.1016724365465641,
      0.12505673170108467,
      0.1596266233419745,
      0.270677092996871,
      0.12979185610716928,
      0.2001386024364419,
      0.22659260331958292,
      0.09257972877331995,
      0.2963776906258225,
      0.10881665578038001,
      0.2952348181471953,
      0.28750454422016597,
      0.042452267896893936,
      0.09439369459448814,
      0.0953646858146578,
      0.07398870859551739,
      0.21279854591408096,
      0.10006038984692231,
      0.03411017723368807,
      0.07457506261552067,
      0.15456090329239858,
      0.01292029467160719,
      0.1456785955316789,
      0.014525706022392847,
      0.13509725120140517,
      0.16495478621100987,
      0.11327587867621564,
      0.08108039004339054,
      0.08999088033219399,
      0.27040470297565655,
      0.2095028064932219,
      0.158907967496386,
      0.24036263929173315,
      0.25636932152437125,
      0.06553720261447965,
      0.11368010803828818,
      0.08149526221531624,
      0.18111761892101325,
      0.07265423865066635,
      0.07207711340073776,
      0.07323892969261217,
      0.0365688384453202,
      0.0016623287289443621,
      0.01659916890053582,
      0.28204892413879323,
      0.19012137273926757,
      0.2904385201279991,
      0.2822200303153855,
      0.002999609083183352,
      0.14443715025530904,
      0.06920763889934398,
      0.03777842101150325,
      0.22629419039399237,
      0.0880271927544722,
      0.15564974730766984,
      0.2541016897354546,
      0.02953827491368528,
      0.26848032352000073,
      0.23308839397820078,
      0.0017919105493756414,
      0.2588106595749779,
      0.051193063307881745,
      0.10960862523505434,
      0.15702064048325895,
      0.09783432924156223,
      0.07746426199576437,
      0.2544410839389388,
      0.139921446482484,
      0.07315395759277396,
      0.09320203875367507,
      0.12432325791957055,
      0.22987648562030905,
      0.22822434361692584,
      0.07671590501842777,
      0.23338909360210242,
      0.02207106859797777,
      0.03840987846044101,
      0.25173151264634386,
      0.02015168887158839,
      0.06805285072706131,
      0.265777627811124,
      0.0047523463134222284,
      0.1317361074402101,
      0.08279738152879747,
      0.190563299216731,
      0.18673110564464715,
      0.1111086805777413,
      0.09794768230817374,
      0.03418674228728774,
      0.016435824023572763,
      0.27907119364786437,
      0.24709854982721444,
      0.14208616273524124,
      0.15945414957831736,
      0.02882218704014614,
      0.13471534321685558,
      0.11235827668710989,
      0.09061722801965917,
      0.20096383125602008,
      0.28902481650696726,
      0.0028955643472422187,
      0.06662540232885962,
      0.08606246172927087,
      0.11228087421009421,
      0.1527139145093896,
      0.281036738282959,
      0.053719776067226284,
      0.13969255687419266,
      0.2945503797220995,
      0.04088666765035693,
      0.15002781303758886,
      0.24306787769199142,
      0.12742049826291454,
      0.26945233421888665,
      0.2733780843469465,
      0.2388285224724026,
      0.2651616686250768,
      0.11385344253061569,
      0.10240073035029255,
      0.2313552763211544,
      0.03742453738013363,
      0.10737345386799507,
      0.0498728271661833,
      0.28157113345141094,
      0.1382538088439523,
      0.27201692310653663,
      0.10035683434700193,
      0.17229328621389325,
      0.18499645166385725,
      0.08089950132804875,
      0.02912039166878423,
      0.01625136016853704,
      0.275046139548683,
      0.19691935699953494,
      0.2614040819319386,
      0.06296870150913902,
      0.21451226899331563,
      0.10967761979533285,
      0.0334400192309207,
      0.22137487192379685,
      0.08957569751848189,
      0.057462002479364456,
      0.16395971077176638,
      0.28582375631930007,
      0.0186990043016059,
      0.03423501635360649,
      0.16515794543388052,
      0.2928222802162594,
      0.135039985698561,
      0.22094696931290145,
      0.2404556566845218,
      0.2602504402221089,
      0.18697206194703134,
      0.19923349383232428,
      0.13424878279131527,
      0.04260697741849745,
      0.01984655514130148,
      0.24422053294097693,
      0.23615453753209292,
      0.19064797401989028,
      0.12660216203725594,
      0.2183486474553458,
      0.1432132820238359,
      0.11555584252844543,
      0.1419946734068127,
      0.06704893051685706,
      0.17904215014529576,
      0.2683178407872446,
      0.20109890270297998,
      0.2269698006976064,
      0.29669957123420193,
      0.1809709532048588,
      0.11024328240505966,
      0.16020880884977978,
      0.27801699274052055,
      0.03687425678224769,
      0.24553719921371553,
      0.11512508075330119,
      0.2160124627679067,
      0.1039455199908403,
      0.2340575106164418,
      0.024867437518729284,
      0.16786720027308924,
      0.03787347655470038,
      0.1769465359373603,
      0.10665876578037294,
      0.2223203902489901,
      0.03612560101502693,
      0.29034892793955974,
      0.16423986166489063,
      0.015564832459098765,
      0.02475763241324139,
      0.03700231636646732,
      0.23628040787819604,
      0.01938950242750942,
      0.26170959032269764,
      0.27289736417893384,
      0.12617809246506384,
      0.29754453520002594,
      0.1503200270562435,
      0.12436097575139057,
      0.25200796670335823,
      0.03524326180637218,
      0.2663401375280275,
