{
  "horizon": 720,
  "granularity": 1,
  "priceSchema": [
    0.198,
    0.198,
    0.198,
    0.198,
    0.225,
    0.225,
    0.249,
    0.849,
    0.849,
    0.225,
    0.225,
    0.198
  ],
  "agents": {"h1": {
    "neighbors": [],
    "backgroundLoad": [
      0.033840386344943074,
      0.16926829077237268,
      0.22262703930332536,
      0.07295030537337491,
      0.1520762755768557,
      0.06094428389803649,
      0.2339636720310015,
      0.22386301234015604,
      0.29422418829007996,
      0.28468180018795364,
      0.17858527056019544,
      0.2425132764249287,
      0.23640446838068901,
      0.028193061128645558,
      0.04599797696567067,
      0.1355803829290326,
      0.24822409140969326,
      0.061877909786570234,
      0.04812483181562963,
      0.047719817817868326,
      0.07679351747625114,
      0.14277268288036493,
      0.22351794534697447,
      0.007720189920871079,
      0.12729700428885501,
      0.2701516468797086,
      0.10604166507260404,
      0.18074032290147776,
      0.060985382276051256,
      0.13872744739307089,
      0.16796054072649505,
      0.1429266744782323,
      0.02026423115611038,
      0.24463269138748853,
      0.15485563395460014,
      0.1252234792039706,
      0.025906282768591426,
      0.296512665516966,
      0.019610956818400048,
      0.08151358634241236,
      0.2840083240703417,
      0.031187039069436828,
      0.1554221784664166,
      0.22402670978184994,
      0.27265093080728064,
      0.18406132726084956,
      0.08994575234291947,
      0.05238804628651633,
      0.2796088847803986,
      0.21927923210284073,
      0.02378286914389638,
      0.07416362044563644,
      0.27774405172155253,
      0.16308255357734464,
      0.1612642103603743,
      0.20285755314068757,
      0.17564705409758194,
      0.1297927409028571,
      0.09178454385473982,
      0.04017208766428571,
      0.17738702364274864,
      0.07317323128289252,
      0.21150826356325458,
      0.18496953022115006,
      0.044322935571710194,
      0.10891552257748888,
      0.038260221995663236,
      0.22930581259728539,
      0.004601855456247505,
      0.024024152072859548,
      0.2463819242144222,
      0.13371024324507272,
      0.09964262304334827,
      0.09660088148695058,
      0.28902282382069017,
      0.06536364064375892,
      0.21837094329071463,
      0.24082366863010132,
      0.1758962165426664,
      0.02365161719123805,
      0.2712719562400368,
      0.1810068229669106,
      0.12993226515444697,
      0.03879975249610874,
      0.059567518911115086,
      0.07601027477076852,
      0.11858555695306602,
      0.12782533120638065,
      0.22391051548987417,
      0.12328190507879692,
      0.026162697946383484,
      0.1245988974517786,
      0.08504998922261581,
      0.1450870322262751,
      0.09013391101344993,
      0.14671146330648874,
      0.24138432512600236,
      0.026549879961603184,
      0.2584370146045247,
      0.22566436180007193,
      0.274747320623158,
      0.28794265456666895,
      0.13539867995528895,
      0.20115440041600796,
      0.18744414376952265,
      0.07718545442344867,
      0.14890952563677412,
      0.11219130342521443,
      0.013460352137791242,
      0.21436707403627053,
      0.24491307473881713,
      0.21470633412444645,
      0.21458463669332398,
      0.21103666665620965,
      0.27359087086512995,
      0.13035771913417765,
      0.17723004741916348,
      0.057481006233701525,
      0.053170821629421904,
      0.23209291487642136,
      0.24248632366337344,
      0.11845317929806336,
      0.18713983309929758,
      0.26752089133598184,
      0.22173978415841408,
      0.0027739340458959425,
      0.2700833749232388,
      0.042655478989493366,
      0.2989853668306008,
      0.18119524544584653,
      0.20952581440857332,
      0.19424078977290657,
      0.2513103375916107,
      0.22181429897452154,
      0.09887166638492088,
      0.09913231181628154,
      0.02105958278651615,
      0.13911375259891456,
      0.24474618403973453,
      0.11481775801214124,
      0.05703051419782906,
      0.16456514761364416,
      0.06219246658134295,
      0.2634715846603723,
      0.26916461788317725,
      0.1611572861698905,
      0.24182314259008406,
      0.043655258156744634,
      0.03007279341119934,
      0.2402119037723458,
      0.009754226616362093,
      0.25330021728459634,
      0.14584180490614165,
      0.16470607468067452,
      0.1026238787764664,
      0.1063162419103986,
      0.0032787789297257118,
      0.07444979007278431,
      0.0397260646424682,
      0.09835806029833753,
      0.29875820076169946,
      0.29556275216175015,
      0.026607476221847903,
      0.2679821479051618,
      0.20661529776729928,
      0.08434100413408159,
      0.16946252410461413,
      0.02881515951346576,
      0.24863848756862245,
      0.16691695556784555,
      0.2828323766923869,
      0.160100997941144,
      0.20923733301348132,
      0.12972046026694153,
      0.15132068889407504,
      0.2764128756499484,
      0.009360385155154138,
      0.11967712363424265,
      0.21042361444274704,
      0.09535922378942498,
      0.03757122089843934,
      0.26215517601836597,
      0.1207355821613268,
      0.06530120201731482,
      0.0207956156758209,
      0.08840657398534169,
      0.24811736005215423,
      0.29434773408370724,
      0.24731762281795633,
      0.17184901065782957,
      0.01886911239539387,
      0.12981351743238362,
      0.03849894870269594,
      0.13583149316625617,
      0.1331329117696351,
      0.18096952593851245,
      0.08970808047590204,
      0.2653195075141289,
      0.1839785237421338,
      0.12539284233289874,
      0.05098980779222122,
      0.23530554318055535,
      0.11847270638054364,
      0.10926742045151037,
      0.10083683932458366,
      0.2616325884691631,
      0.24382034645211037,
      0.18178982321440193,
      0.16750751784180182,
      0.2932317801789499,
      0.21727904609412255,
      0.16942076075720475,
      0.08289356524066192,
      0.15039251594265446,
      0.17854490462638337,
      0.05155299712206391,
      0.026715414182047446,
      0.04545845471447465,
      0.22981555220295807,
      0.20452059709569598,
      0.054447784689225676,
      0.09681939135544927,
      0.13597176110059753,
      0.22798882353556682,
      0.1262368716789007,
      0.18180446885899268,
      0.28038163924259013,
      0.10045009056726747,
      0.032159614799559574,
      0.2758577983904797,
      0.03859477917380608,
      0.26028855319735583,
      0.1935644165847255,
      0.2213909963797284,
      0.1561868539491441,
      0.2994504376157758,
      0.09802240930776852,
      0.03378097702144262,
      0.06873896579800377,
      0.056209061969860204,
      0.05359494012738446,
      0.22356440995670748,
      0.09265091025306184,
      0.1855483051330107,
      0.29066254982459855,
      0.21816827634481487,
      0.10902471058732092,
      0.10402459573678059,
      0.15165136022909337,
      0.08261168967048133,
      0.061930921890882236,
      0.1517681440451186,
      0.09861510291969203,
      0.07644836472834791,
      0.1595450529861969,
      0.07847814466860303,
      0.09478192565161368,
      0.051492489183095534,
      0.19884942038544096,
      0.16310599241842672,
      0.16595615432998337,
      0.10083716456900099,
      0.2660591225658912,
      0.17304718887293333,
      0.2437812872700948,
      0.1766768158295632,
      0.18088689904328092,
      0.12843363712814718,
      0.19425257060045298,
      0.14327256666536897,
      0.17905404656117027,
      0.08633989852579924,
      0.2630515847898241,
      0.2923855793187301,
      0.2626150629626374,
      0.18745009163181284,
      0.1277049414753647,
      0.2756610396566149,
      0.20159332813505965,
      0.0013328622851345618,
      0.12098276687064269,
      0.17407023203479108,
      0.07382266456653944,
      0.1905476324714104,
      0.16235876042382885,
      0.270188463273764,
      0.0363794733264249,
