{
  "horizon": 720,
  "granularity": 1,
  "priceSchema": [
    0.198,
    0.198,
    0.198,
    0.198,
    0.225,
    0.225,
    0.249,
    0.849,
    0.849,
    0.225,
    0.225,
    0.198
  ],
  "agents": {"h1": {
    "neighbors": [],
    "backgroundLoad": [
      0.1050620490956616,
      0.12496690536303773,
      0.05101811952857133,
      0.04145266242073154,
      0.21499955070670723,
      0.20438476788950521,
      0.0410554378064974,
      0.04345586165974323,
      0.010977332740300615,
      0.20377476150804935,
      0.13321357143774548,
      0.07352664701931003,
      0.15647180877511074,
      0.002621133994695457,
      0.08867555129934464,
      0.10843430931420373,
      0.0359778733233348,
      0.09253577471046688,
      0.0056713098329363556,
      0.07393386455884685,
      0.23351269742311775,
      0.2601102216001949,
      0.08064914274426395,
      0.1124032518782782,
      0.154765167315339,
      0.2169812403715356,
      0.03915720073261886,
      0.24103165621583,
      0.16688405908213894,
      0.023455885177528356,
      0.2869232502907627,
      0.13257407388140954,
      0.23351993443285307,
      0.21725806771607714,
      0.2486957968469613,
      0.1840140702188868,
      0.13861320263432841,
      0.21551277785924128,
      0.2188768305872908,
      0.21152342194154417,
      0.14467682974564713,
      0.13533535524474602,
      0.017821700823189623,
      0.24275405690081955,
      0.11969804566873787,
      0.010595663097078578,
      0.24077871734910256,
      0.2718526364259239,
      0.21761488428432926,
      0.14982231800722004,
      0.23889477756401772,
      0.015027229010623788,
      0.040110983371995944,
      0.06016271183721855,
      0.11241957112339145,
      0.06690767297905036,
      0.007847956480128515,
      0.2924937306256277,
      0.24613006303105847,
      0.0525851711089998,
      0.007140108904565245,
      0.1721915067596036,
      0.2132514395666055,
      0.09532398894592853,
      0.20435383822243425,
      0.28944950985330364,
      0.007509614451147028,
      0.010600336292172741,
      0.24842263719822913,
      0.1986029094612415,
      0.2930017966502963,
      0.2954700612151182,
      0.03206084554593617,
      0.18382272322288232,
      0.22479602777743948,
      0.23929775807867382,
      0.014540580775723544,
      0.10956370706123537,
      0.005949604675908348,
      0.29846900918176744,
      0.01050582460747248,
      0.18176010907991955,
      0.22604011407637953,
      0.005607116709964821,
      0.17101954131603123,
      0.10153875203580219,
      0.10276968744567172,
      0.02832887284311195,
      0.20465191130078508,
      0.11980304500412298,
      0.21089163410636677,
      0.28610483354655,
      0.016536431360159476,
      0.08075437921742358,
      0.26677192173027964,
      0.09481033286344699,
      0.13214039500764463,
      0.1888069970238174,
      0.137840328109893,
      0.006796547238985917,
      0.12910236257163832,
      0.2143668772327546,
      0.003828884096645657,
      0.1861047445315248,
      7.577896879440993E-4,
      0.09691356800892316,
      0.19944001328190852,
      0.057032703336657574,
      0.25535322311611985,
      0.12035949617420075,
      0.24940685386235623,
      0.1507403342206928,
      0.0549308002965576,
      0.023593459795220182,
      0.013540812932992663,
      0.13021562568958248,
      0.06489423336039414,
      0.03171293887456517,
      0.16349923939906832,
      0.09795017679359243,
      0.046050881345454604,
      0.029009803155728417,
      0.06599608301264921,
      0.11090693923975352,
      0.20680654111300034,
      0.28364721800083714,
      0.21020513196592053,
      0.16900203529129335,
      0.04960353979331154,
      0.039004035518862175,
      0.16906053424658837,
      0.11841097734040146,
      0.2166278976239561,
      0.24136295708463074,
      0.25806382740966466,
      0.28608151468712983,
      0.13420211740035082,
      0.19285139733915493,
      0.18414362253140157,
      0.17043534946313926,
      0.19482796583473366,
      0.23318964817443777,
      0.033488668658432516,
      0.08635491684742638,
      0.11200699393123481,
      0.2420205237113549,
      0.043538665980011826,
      0.24330097464102096,
      0.1370305976604326,
      0.037332539530506935,
      0.11694556593607242,
      0.005362549047206222,
      0.17374875887612942,
      0.17628681022102985,
      0.011718018114934047,
      0.1644999787354241,
      0.11978920797686171,
      0.12293550280779092,
      0.1707250725763198,
      0.2736150143050764,
      0.021483879854013132,
      0.14256218174108504,
      0.0641298172571612,
      0.25660018106482846,
      0.27987830079345066,
      0.17925794447712942,
      0.01169110561336244,
      0.29325432358275066,
      0.2661667485941369,
      0.09095450771016847,
      0.06128619781860784,
      0.033584101168853554,
      0.14751192857157142,
      0.01957915048388955,
      0.1829326261487011,
      0.284532970184598,
      0.011519987748792981,
      0.07220525644537151,
      0.12042767528552976,
      0.0346538617802763,
      0.23791500999728205,
      0.2509995416474476,
      0.29092887029137493,
      0.05737014285968169,
      0.1258781569265627,
      0.013004575183360467,
      0.027228359458779192,
      0.08231940456336502,
      0.1291809935211279,
      0.09991152316302805,
      0.043193944697602536,
      0.2083303376935676,
      0.27034359651870826,
      0.14636878193827516,
      0.22828198515967918,
      0.11147531029794429,
      0.08934496348537359,
      0.21005038307782656,
      0.1261622612820909,
      0.28146920421789423,
      0.09931240481907729,
      0.275372714966785,
      0.059820775088179276,
      0.13244862422463202,
      0.0096141936003302,
      0.2708766780913697,
      0.2922643076053452,
      0.05846259012027048,
      0.14777732228475624,
      0.12012542469437006,
      0.0643117295864107,
      0.19739305906708807,
      0.1794600600620375,
      0.1009580330623578,
      0.12488398035903923,
      0.2956939579476532,
      0.19090180430182424,
      0.02378548522162476,
      0.021699088946010556,
      0.27366581280817365,
      0.2351545867768231,
      0.06128285981290333,
      0.19991121013878904,
      0.010314135701801785,
      0.005390492078627618,
      0.21459765848733814,
      0.26539169387546524,
      0.15015632642500187,
      0.05398272869864129,
      0.2973939193596333,
      0.21217166069806667,
      0.12773542817909808,
      0.060200037747904965,
      0.07283793581695425,
      0.06436094448202202,
      0.0487220434690544,
      0.22292756023625612,
      0.2008712759156368,
      0.059731373721260694,
      0.1646529781854475,
      0.061036969326249274,
      0.2691778533178481,
      0.026582426410912928,
      0.09778643913532337,
      0.09087793570977983,
      0.10335776436559214,
      0.2739842284367922,
      0.26637833846863723,
      0.1538041898282354,
      0.18822690472718628,
      0.14485004190990622,
      0.1847220980166917,
      0.0657450953675602,
      0.09174903477152477,
      0.23708914487992958,
      0.18351897127430547,
      0.2280428313216049,
      0.10755143566032346,
      0.14568343988463692,
      0.28533127475409964,
      0.017347810917862826,
      0.13366551154971884,
      0.23105082064282914,
      0.2961552959950655,
      0.028527649422089605,
      0.006833308656283466,
      0.0694658940528315,
      0.28414847554910744,
      0.005277477238068462,
      0.22541556222502687,
      0.212433151202395,
      0.2617326954640035,
      0.04451075259512205,
      0.23989489060796537,
      0.03494068083681151,
      0.0716543659544933,
      0.27065308529930693,
      0.18343390754388247,
      0.05196629861252778,
      0.12930613385949258,
      0.04360641624600659,
      0.18954157367575006,
      0.22259485581676397,
      0.27334992164315014,
      0.19689546307326533,
      0.20489972917326577,
      0.27059085422054496,
