{
  "horizon": 720,
  "granularity": 1,
  "priceSchema": [
    0.198,
    0.198,
    0.198,
    0.198,
    0.225,
    0.225,
    0.249,
    0.849,
    0.849,
    0.225,
    0.225,
    0.198
  ],
  "agents": {"h1": {
    "neighbors": [],
    "backgroundLoad": [
      0.24219060641488258,
      0.10633591045604024,
      0.25844162877375065,
      0.20774273158468912,
      0.28166038604765586,
      0.19112208013238874,
      0.15507416448555633,
      0.022572484602681873,
      0.05008053611555153,
      0.022055424398662014,
      0.2859727756850433,
      0.26227819532546076,
      0.2982226953862104,
      0.1527372164298332,
      0.10491645678883726,
      0.21827357770482572,
      0.2818803745816572,
      0.22388912467050207,
      0.22452933221042018,
      0.2874452405382286,
      0.011905490020505893,
      0.2281021532787715,
      0.05951774391932043,
      0.17507639145356543,
      0.10230016203819915,
      0.22925498557786378,
      0.20273446324179714,
      0.07611565989109467,
      0.16926754892479418,
      0.26162929619330655,
      0.28478816441596894,
      0.17298103285192115,
      0.2604815437370695,
      0.2558495249724005,
      0.252903480024934,
      0.2668124443056816,
      0.19519798244679318,
      0.11680872273604072,
      0.08555792076211889,
      0.0348182862568095,
      0.20957545551651022,
      0.1517153525545373,
      0.05314059393059082,
      0.11583428046449515,
      0.06557810763306235,
      0.2554290747297101,
      0.2785070134251222,
      0.13578187054328414,
      0.10951027059055825,
      0.2311272009985193,
      0.2244901599699982,
      0.11499716996001397,
      0.1453097498458025,
      0.06854634165801256,
      0.002976250735623842,
      0.28978413456957197,
      0.2910911509186268,
      0.2159896036925646,
      0.1388582297822178,
      0.007957335523569498,
      0.01315176710707342,
      0.20530334504036607,
      0.07735700888096125,
      0.24333220607179082,
      0.2283683368594954,
      0.22650214748524183,
      0.05169996617497399,
      0.00904753686039319,
      0.1466570198551452,
      0.04145699639024412,
      0.054037722207633386,
      0.0171237192664917,
      0.05741952432044902,
      0.01044890645252684,
      0.03664793934255175,
      0.05773837999321891,
      0.17832546284761314,
      0.17022118140696482,
      0.008261306927394962,
      0.23368432302379322,
      0.17788063686835523,
      0.1686953473974606,
      0.25646989871571885,
      0.23602041099913895,
      0.24292455834676133,
      0.17434221624138302,
      0.0698357019138201,
      0.20209484958112092,
      0.008750870956925182,
      0.16553416889097636,
      0.10677299485522411,
      0.2442844590573814,
      0.11967189212687622,
      0.24914979906125775,
      0.046720842713370535,
      0.16408254233957534,
      0.2916078269776234,
      0.1821395349384836,
      0.23503878559562721,
      0.026768924336766264,
      0.22067779920654026,
      0.18815483741102534,
      0.13704969279999718,
      0.13608865215948274,
      0.29653896722610096,
      0.02851369178950379,
      0.25049921453809154,
      0.2728319587100569,
      0.24475457278301552,
      0.15063866873273277,
      0.10612383468646443,
      0.11737244061968417,
      0.24925164269728706,
      0.19203985509691182,
      0.26326080666527074,
      0.2281042903455448,
      0.059851834124970235,
      0.02229474038129021,
      0.22781327098162202,
      0.024161975010580317,
      0.02798985079477737,
      0.24626818815804674,
      0.057486946832247476,
      0.29028030511993747,
      0.011892966472372734,
      0.21097119508754564,
      0.26133812821860797,
      0.07602128525764809,
      0.2711842934747237,
      0.21281310452866564,
      0.2430858625657752,
      0.1644829193577382,
      0.26142657538629804,
      0.031792484591062355,
      0.0873771901217223,
      0.1507795236148674,
      0.142561752753113,
      0.041320567890162974,
      0.07495359129145086,
      0.1739532283102099,
      0.07544520390473694,
      0.2698202917936125,
      0.010657158742326122,
      0.24795432353899907,
      0.21029966436684444,
      0.0054649348927120695,
      0.1948223320355194,
      0.2814319431485788,
      0.21623341466375398,
      0.09338880792465946,
      0.2621490363042975,
      0.07059427006640362,
      0.23918292392559506,
      0.021857303192237387,
      0.2726674304817179,
      0.27555322945531885,
      0.112707296569856,
      0.11931293881825936,
      0.28960180348120207,
      0.22682764705916472,
      0.015520252851935146,
      0.18727840793490366,
      0.25338705627685115,
      0.15438566060496595,
      0.28872285550401533,
      6.330254575369621E-5,
      0.16858150218444717,
      0.05028018349055541,
      0.08499732045367081,
      0.22998981480382927,
      0.2090376859845308,
      0.06731395818188153,
      0.14325129356212182,
      0.28661645203532693,
      0.2588368408300332,
      0.07432290658162159,
      0.227876603091757,
      0.2798985373713912,
      0.1477114186523762,
      0.07325127087352314,
      0.2865212132015055,
      0.07276519062899141,
      0.15406661111144737,
      0.16002241711891793,
      0.12926059988939112,
      0.006695830361799049,
      0.1861038210268992,
      0.05384504134321245,
      0.29585439344386144,
      0.046741778523953156,
      0.22139116325293737,
      0.042254903434271525,
      0.14582840745173484,
      0.23067946138618384,
      0.04030128282458928,
      0.08134819324474965,
      0.2889347996125973,
      0.0736328671069463,
      0.061508629082635755,
      0.0669749495187582,
      0.22759680058721207,
      0.09904143453799767,
      0.14602244971149705,
      0.22250869324350392,
      0.16892108166228967,
      0.054251214729615645,
      0.042346872874086616,
      0.26138569377954385,
      0.2261618753978677,
      0.021070673421571318,
      0.17699545704094946,
      0.01838679198763089,
      0.05854458148041995,
      0.2874362849714041,
      0.2806566582149725,
      0.1336295360501255,
      0.15774383438291012,
      0.17535378014595718,
      0.146806278392376,
      0.11886143539750578,
      0.2371495023809874,
      0.011884655971906842,
      0.21908954632444425,
      0.1876478387812326,
      0.16520095255806014,
      0.14885159413581098,
      0.1732132171774929,
      0.2804557365316765,
      0.15958479857820912,
      0.16491575928076735,
      0.2643420064585478,
      0.24612985705106688,
      0.24502163089322893,
      0.16054209689542928,
      0.1720599611322116,
      0.24406169013652873,
      0.18354392408988213,
      0.2831368756746623,
      0.24715811566912074,
      0.028410771114191935,
      0.2799439959374596,
      0.2951725456307558,
      0.04268926584646713,
      0.16337162399594174,
      0.26831878540054793,
      0.14032283445502616,
      0.27975457574109464,
      0.2703204394114672,
      0.1314911488775495,
      0.09358356243473022,
      0.07486199293401653,
      0.19732613370153795,
      0.2856130048938507,
      0.033677533779199305,
      0.167010063808676,
      0.17375531817973383,
      0.09036509236288774,
      0.1457946323744644,
      0.2860201761614379,
      0.08157488606447802,
      0.13953996452798445,
      0.005496060833441385,
      0.17372908487117253,
      0.2755734685432349,
      0.2538762972106889,
      0.0628386000027072,
      0.2561719354464213,
      0.08708261386830174,
      0.09547218664018593,
      0.15227975590984666,
      0.17273571345993222,
      0.2155873451341209,
      0.039023265905853456,
      0.1814598944623506,
      0.12884977936693873,
      0.24583750817781763,
      0.29946794577908864,
      0.2895234932244302,
      0.20401012154060688,
      0.14327576234733405,
      0.20494201595662162,
      0.1137627849186178,
      0.1649857478041414,
      0.2138054468937914,
      0.18818156284751153,
      0.2973993019065936,
      0.08416046163666364,
      0.04723490509803061,
