{
  "horizon": 720,
  "granularity": 1,
  "priceSchema": [
    0.198,
    0.198,
    0.198,
    0.198,
    0.225,
    0.225,
    0.249,
    0.849,
    0.849,
    0.225,
    0.225,
    0.198
  ],
  "agents": {"h1": {
    "neighbors": [],
    "backgroundLoad": [
      0.024454111998753168,
      0.0452388917093355,
      0.2868165994372961,
      0.03269188981199039,
      0.29618569461126043,
      0.29018319989928015,
      0.14596831532196755,
      0.19354641957149665,
      0.08817595538897165,
      0.05529503478370052,
      0.17671588161008905,
      0.15906452794471637,
      0.06788519317788151,
      0.028761512770183448,
      0.1826454726773791,
      0.17989640972781593,
      0.12169018243162086,
      0.08726157355414367,
      0.15635178193541532,
      0.04639726379858757,
      0.23540220116788296,
      0.1092986617362517,
      0.01847552992517717,
      0.2315735351436974,
      0.07363107031619455,
      0.2758612255757135,
      0.1157554066508006,
      0.23752430719117026,
      0.22681069588440045,
      0.05146979241793842,
      0.16410724190932016,
      0.18898385843929225,
      0.29708773360827473,
      0.19715888943848242,
      0.09490263136234775,
      0.20669488666707153,
      0.23967454895036328,
      0.15872320898984724,
      0.22717963293857085,
      0.1307191921641957,
      0.11101683102645889,
      0.07894463341728727,
      0.1306407185090152,
      0.08878198857755017,
      0.2698683796282963,
      0.14836661250910183,
      0.08459998778284535,
      0.047637903461894095,
      0.03840283461067768,
      0.19136113384167727,
      0.017278577433694774,
      0.1900602819012218,
      0.24796040092989105,
      0.030964651792054043,
      0.20201275594690807,
      0.009140964390878846,
      0.15816492493155834,
      0.07542445429450882,
      0.2485915399320878,
      0.031285183117294446,
      0.2823421445345561,
      0.059025306870013394,
      0.08064062605143736,
      0.027266909130021832,
      0.07352484856974863,
      0.040496429537487784,
      0.04482006582944452,
      0.033148578030747534,
      0.11336332313056319,
      0.1599528199938546,
      0.11536576220164997,
      0.2101684843627374,
      0.10465901422427405,
      0.16860804464448637,
      0.192758732253787,
      0.08151991526962762,
      0.07404122156273577,
      0.09329132302673915,
      0.21279741207921526,
      0.27224451877569766,
      0.08645202849490095,
      0.27399371643040593,
      0.19392860859930647,
      0.1517748189739431,
      0.2133133680534462,
      0.17857712919713317,
      0.0030204403640989863,
      0.21216735216023533,
      0.04582149999548124,
      0.17503230710082912,
      0.1985887933170393,
      0.1460994342648246,
      0.17089419595679534,
      0.17777513028242112,
      0.26378008773818096,
      0.09633273285682899,
      0.1192659171606143,
      0.27368491341781803,
      0.17953048623675585,
      0.12968027903831206,
      0.10773959034523745,
      0.20684544588318207,
      0.2828575456940494,
      0.2832625695634288,
      0.19768379706081224,
      0.21100183475143006,
      0.015579250541865496,
      0.06653232277384986,
      0.18075485518741002,
      0.010722984814761805,
      0.08394490232121249,
      0.24522780050387177,
      0.1105999864515298,
      0.19544395469858566,
      0.16703149570860282,
      0.10011515542789969,
      0.22129930597767916,
      0.025171754857486017,
      0.2820129976349722,
      0.13210027320327386,
      0.28670019977143496,
      0.19400544004996842,
      0.1307068398699094,
      0.12401057232937425,
      0.280994946362379,
      0.005221403567826554,
      0.2894436007024519,
      0.28260056312882137,
      0.10699876699364026,
      0.2749514071451021,
      0.11927192442541235,
      0.2846899228216497,
      0.21260041082960612,
      0.20373347922082885,
      0.08979366777435327,
      0.04032008782034941,
      0.11912335960143698,
      0.24466036577039696,
      0.07720480516469459,
      0.29261299523692985,
      0.10659893180262182,
      0.10050806572435667,
      0.2722868664089703,
      0.031246446182166474,
      0.13931093312460485,
      0.2613997122746521,
      0.1500320877313417,
      0.28854639060033055,
      0.09173392109939872,
      0.2467269441322254,
      0.06689393685214134,
      0.2807908120182796,
      0.05126433647641414,
      0.1463575024133517,
      0.057757188128570336,
      0.2227155638887909,
      0.05404645341135481,
      0.18185775810558844,
      0.010589938840643619,
      0.2909403170680585,
      0.21140174543733808,
      0.11207417557769518,
      0.17455297981553777,
      0.14473464665979555,
      0.2874575667484371,
      0.09796985742329942,
      0.18562651344211525,
      0.29369637211498223,
      0.269604104711879,
      0.1316273763247117,
      0.1875683617025087,
      0.13795089410408282,
      0.09530670069872704,
      0.2613548130328728,
      0.030738865811766845,
      0.2839391979543668,
      0.11565883390201794,
      0.26633452478670044,
      0.08332039826558808,
      0.2891879742800777,
      0.09183533599349583,
      0.1816728396372054,
      0.2120576897385765,
      0.08380931044560148,
      0.15349364343495225,
      0.11824632901886645,
      0.21553131949170568,
      0.16700241294507764,
      0.24841657261577438,
      0.18679986277152774,
      0.17055500303591267,
      0.23587935035554702,
      0.009435676836629868,
      0.21580964916068024,
      0.19109884535046961,
      0.04482304926113632,
      0.21937579963399065,
      0.18151875308083143,
      0.2605170137544882,
      0.10579437841267712,
      0.27613357585343795,
      0.14085301635505007,
      0.16041665673488678,
      0.2075598799064544,
      0.014924760108436007,
      0.29403552741121586,
      0.16598627302893093,
      0.26953218702826665,
      0.14635296003759532,
      0.023500873074466733,
      0.14313575142994373,
      0.06023431352736636,
      0.03478374810222782,
      0.27639171453857403,
      0.10400535506790991,
      0.09905095027044951,
      0.14348831210731647,
      0.29033870543420315,
      0.16695430583833207,
      0.10973347607646218,
      0.006914257282492009,
      0.20469498203435366,
      0.06058661038151053,
      0.23080555575652506,
      0.10043217417197768,
      0.022558562942412385,
      0.25890251257084945,
      0.017327022221699684,
      0.005838984023016747,
      0.035293121430112824,
      0.056104020253380744,
      0.1000307853395185,
      0.2531232574688927,
      0.16447007481751888,
      0.0019760548666096778,
      0.10063713268633963,
      0.13392011205298598,
      0.08484649823540455,
      0.19116539907591076,
      0.27073666417754316,
      0.03608719993982753,
      0.04784016828119551,
      0.29226665911345695,
      0.17181801546720324,
      0.15026058174174692,
      0.28466732974264547,
      0.13112950526139638,
      0.06086895622595453,
      0.20445263593891627,
      0.27046742946378954,
      0.0010838526248124203,
      0.2237272378190579,
      0.1756651672654433,
      0.13168598978986154,
      0.18105549360926096,
      0.04006322962611229,
      0.08518215448673579,
      0.23898429337264698,
      0.28261826811522767,
      0.23274883357219592,
      0.28693326390349927,
      0.24132578001587773,
      0.21211330679580412,
      0.17748689195787667,
      0.013762684216353738,
      0.2727088595460252,
      0.016546511582350033,
      0.07071294882692392,
      0.2677151407523086,
      0.20988217979672738,
      0.09521817045447709,
      0.2132768461106136,
      0.19855824098017877,
      0.028491551626622744,
      0.137688684607565,
      0.2963000099175556,
      0.19854788796019013,
      0.048778626709577944,
      0.13695835334623963,
      0.01997254992423143,
      0.03292609858148442,
      0.2132960849938572,
      0.03112070287873455,
      0.010565760457588735,
      0.07505913349709553,
      0.15658752714360316,
      0.1952127231716033,
