{
  "horizon": 720,
  "granularity": 1,
  "priceSchema": [
    0.198,
    0.198,
    0.198,
    0.198,
    0.225,
    0.225,
    0.249,
    0.849,
    0.849,
    0.225,
    0.225,
    0.198
  ],
  "agents": {"h1": {
    "neighbors": [],
    "backgroundLoad": [
      0.03907585314891188,
      0.298942158135571,
      0.27309777640681,
      0.01057062034336681,
      0.14692056600057538,
      0.11579685051902149,
      0.2935363115557559,
      0.007961602791742283,
      0.2958277098595011,
      0.21291153525666973,
      0.23388313465406335,
      0.059638584777582736,
      0.1413209337847856,
      0.02375150281372188,
      0.20896652051698278,
      0.2030702760552356,
      0.18558407765545468,
      0.0038500794095484457,
      0.1730863190855723,
      0.12432794560670214,
      0.0017057005185238338,
      0.1450868738095713,
      0.15933531925997438,
      0.27879358317773373,
      0.2109929735904327,
      0.13150075428385025,
      0.04945894908349539,
      0.27962783257470925,
      0.09389695513199069,
      0.2693871171727498,
      0.21473764219673777,
      0.1141191244209653,
      0.1149421693249022,
      0.06049752569989819,
      0.09515522309049795,
      0.14400883905287862,
      0.21565501245662547,
      0.28235313609379337,
      0.2406631207764172,
      0.044651914885139296,
      0.08305654806877774,
      0.2695913366693982,
      0.17817289326357344,
      0.28788622808735914,
      0.0581219447888744,
      0.18435129644687626,
      0.26438835162088803,
      0.22568460985229494,
      0.11264994178918138,
      0.2466775134507116,
      0.01890793818024635,
      0.25688144211147035,
      0.25607730879560286,
      0.16167845382635843,
      0.13078695464053694,
      0.19565555912986027,
      0.04337142136984281,
      0.15540222969786927,
      0.012230858423019252,
      0.14485685569726378,
      0.20895537260796035,
      0.05087841603140231,
      0.2040995826578733,
      0.08846977016525605,
      0.11880609158504729,
      0.020730556559801827,
      0.16155653356424196,
      0.294267824071209,
      0.29219249604067093,
      0.18726211779892535,
      0.24906145556025952,
      0.17340272881991972,
      0.109133353903823,
      0.17437805673884155,
      0.08326214190268451,
      0.23957687740845662,
      0.02417907437064094,
      0.015394826409270979,
      0.15564218245912279,
      0.18559731451820166,
      0.17760321885497646,
      0.08760747079983307,
      0.21017119178146124,
      0.1911914519071927,
      0.16738829972297212,
      0.014381271807655305,
      0.043359553073807934,
      0.07652906582883703,
      0.2806546300868988,
      0.2762992594535978,
      0.10818160150433355,
      0.02587070621851978,
      0.15253947335481166,
      0.056225170154017144,
      0.0595361686454679,
      0.04782249260083503,
      0.13328699889963289,
      0.29730363357268047,
      0.2364142651216119,
      0.1423470223070958,
      0.2974367142006884,
      0.003758583192661968,
      0.042957792394983436,
      0.2812040590947934,
      0.26814300754476517,
      0.08516683917930366,
      0.22372324485160108,
      0.061398416823429225,
      0.29055297951009745,
      0.11893937633297083,
      0.15775909128810187,
      0.12184125464496509,
      0.04418683147203626,
      0.29038277275434166,
      0.2744429263400612,
      0.2515429422414969,
      0.26082820446487354,
      0.2990579404583442,
      0.24281441362634595,
      0.09767097970062673,
      0.1102782422911559,
      0.009305044752127943,
      0.29447447089157475,
      0.1964708972605674,
      0.15253228968649254,
      0.024147296387393546,
      0.05573941535769748,
      0.1762255087011027,
      0.2805543908743627,
      0.04276958094091565,
      0.08304085979874025,
      0.2610173258048463,
      0.29501254557617235,
      0.23971946138529943,
      0.06360395369614093,
      0.05684692135997409,
      0.15442331046223648,
      0.23810002372570135,
      0.29728904460048283,
      0.25615056756187937,
      0.17381976657738774,
      0.01858329524892791,
      0.1382407741265732,
      0.10549603122492646,
      0.2422587202477224,
      0.22015685044731603,
      0.019298750204740454,
      0.24653621169988277,
      0.15261853862387545,
      0.22263085317151343,
      0.02202336942227936,
      0.2347092455569644,
      0.08661580667054598,
      0.18056178918078394,
      0.16942489356249515,
      0.2629120487340341,
      0.11838369759635145,
      0.13495303110150897,
      0.07546824955708246,
      0.03631426142834413,
      0.07370696942853183,
      0.2854442128562859,
      0.18372972846593927,
      0.11520598786327957,
      0.05003328612979393,
      0.20412690058023455,
      0.24042193430672618,
      0.10424916705494337,
      0.28757491228624915,
      0.12801209059796329,
      0.2377471325096552,
      0.2543485351324491,
      0.13419447080960825,
      0.19524124221582004,
      0.16329799294125538,
      0.26667894644392004,
      0.1717063420605163,
      0.0736901530613151,
      0.10627644037788155,
      0.16644570674981296,
      0.07821927566229656,
      0.2628044308012506,
      0.122413458972001,
      0.29014322010864696,
      0.2649619723626445,
      0.14565938232080386,
      0.046697325973714884,
      0.11994297899449306,
      0.040713332479277775,
      0.2773163814244318,
      0.29531371086441527,
      0.29499255876871716,
      0.025971828490130678,
      0.12761441331793127,
      0.04296393289283237,
      0.2558705973428353,
      0.24175218095425857,
      0.056161155178286966,
      0.0806503232677532,
      0.1842709698456176,
      0.1322502833887702,
      0.1510772677586715,
      0.26598296339311794,
      0.04345778109815834,
      0.16028482047652112,
      0.12562803207178547,
      0.2998646763981783,
      0.15473555218731855,
      0.24467736869039655,
      0.20544783191295185,
      0.07253751151054068,
      0.025158699268048677,
      0.28140265231530665,
      0.20883376686581434,
      0.11702236794918143,
      0.14263327125694816,
      0.12527425357427813,
      0.074729840996083,
      0.13064851125426058,
      0.25040114195881824,
      0.09907100291367026,
      0.029475388852023263,
      0.11866689394455214,
      0.24334363864893846,
      0.14139334686503705,
      0.008277212327196791,
      0.2817049249031344,
      0.03846043272455135,
      0.2564384855057663,
      0.11729161911248968,
      0.023287436721274455,
      0.2357507695339393,
      0.26773422629370314,
      0.007775856760502719,
      0.0029152792473180144,
      0.18748365313097112,
      0.22598921402644417,
      0.13418356128823253,
      0.07360641887224012,
      0.17859662028832304,
      0.16829456595838374,
      0.0547611954000987,
      0.09942614602128144,
      0.04400634610187382,
      0.26902674686615763,
      0.06077690720350499,
      0.17412867604807672,
      0.10334843451809762,
      0.15106569737019107,
      0.2823657295116396,
      0.24267900529252515,
      0.03904267265322,
      0.14936017795522002,
      0.15469605959797877,
      0.004808729426269143,
      0.22413931700724174,
      0.03201541247295366,
      0.0041860529662878345,
      0.15877567110928964,
      0.20089519101374348,
      0.1673786404731005,
      0.2580714361454011,
      0.07310397186413473,
      0.16277778512468635,
      0.2273050903847193,
      0.058189165174253155,
      0.24214437131463223,
      0.2948651138573978,
      0.05064384662306513,
      0.17976551709881586,
      0.2131749977149843,
      0.13064208232787414,
      0.15720871871647044,
      0.2147066564611576,
      0.1490836928033741,
      0.10853043532033411,
      0.03695697972783123,
      0.11165806068798781,
      0.16378349778820886,
      0.15561657071168064,
      0.04792460177649944,
      0.11344401656074765,
      0.14239193854662635,
      0.05666016762749963,
      0.007662207234421358,
      0.1451947215543706,
      0.053244313799542406,
      0.17751665122833984,
