{
  "horizon": 720,
  "granularity": 1,
  "priceSchema": [
    0.198,
    0.198,
    0.198,
    0.198,
    0.225,
    0.225,
    0.249,
    0.849,
    0.849,
    0.225,
    0.225,
    0.198
  ],
  "agents": {"h1": {
    "neighbors": [],
    "backgroundLoad": [
      0.10651175752552154,
      0.22221777184726849,
      0.04242311429969762,
      0.24560065012338805,
      0.26965828863431063,
      0.20897041086584014,
      0.15695696158614297,
      0.23655124417751397,
      0.001403584157376503,
      0.03964313593768043,
      0.25284318600165806,
      0.2375613693516692,
      0.28173339032568673,
      0.22590673018584842,
      0.19219096933185,
      0.24206305247626672,
      0.2212563232546267,
      0.17420650828316872,
      0.10444928956507034,
      0.07388655540679974,
      0.16700244137547254,
      0.17605848388666492,
      0.062171977549946675,
      0.06598718373470676,
      0.28218243050808905,
      0.2685503214306122,
      0.285964927836229,
      0.12866961891739412,
      0.1063985150655174,
      0.028577727900633995,
      0.299535009357635,
      0.17609604653809047,
      0.261446597484933,
      0.00480987310224773,
      0.023431347217150487,
      0.03218267594004943,
      0.29315671150565825,
      0.07930730193130399,
      0.07781946241060884,
      0.04878700196106338,
      0.11053495499204859,
      0.1946911872268029,
      0.228207160185581,
      0.19597706345345872,
      0.08935476068938626,
      0.16150660070374745,
      0.25332936348863605,
      0.16395791373987748,
      0.252441114998637,
      0.15693724700282963,
      0.03169182493234548,
      0.23748134707047652,
      0.2177565585127467,
      0.28069308177666785,
      0.03647156929977001,
      0.26372176984932516,
      0.09383018063723769,
      0.01972910822991415,
      0.1609265131751586,
      0.22821146184709099,
      0.10196966949947081,
      0.03709169573060165,
      0.07680548028926489,
      0.054286219171948945,
      0.2643069153294822,
      0.17884672553919528,
      0.27468725355521206,
      0.15280082083151464,
      0.25181955217683794,
      0.09955134091634328,
      0.2826875693129997,
      0.09936178229600526,
      0.0711815421598098,
      0.2504205838825427,
      0.290283680328818,
      0.12768581147676036,
      0.06005400308312196,
      0.27466603042310894,
      0.1262500548682604,
      0.03898966784689878,
      0.2669454646615827,
      0.10076311634928355,
      0.02741959319099636,
      0.14508367744674852,
      0.1477587415337413,
      0.013262993963260349,
      0.04333596464978414,
      0.1831082596696377,
      0.031729199004763266,
      0.1972520933444687,
      0.22358040854884695,
      0.2401329945910881,
      0.11191191434165386,
      0.2968979851045599,
      0.13864297055914868,
      0.20674187095096855,
      0.19157677882089788,
      0.03615210200386961,
      0.05845193968694309,
      0.21987393137714978,
      0.10856845151761398,
      0.11869157871522573,
      0.28721364742191263,
      0.08413700514925096,
      0.027153051230883695,
      0.1263380408491397,
      0.13314277067534983,
      0.13453185639070012,
      0.011717635493513633,
      0.14882443456735592,
      0.0702385313168781,
      0.154529112963616,
      0.27415319217383305,
      0.28358133310079064,
      0.18009874427586117,
      0.2883093509989719,
      0.2518140692014986,
      0.04827206655611348,
      0.12708049624004597,
      0.01389846079773106,
      0.2712654700953328,
      0.018929487449497604,
      0.14840399515337685,
      0.02063292116051537,
      0.1374858726682005,
      0.21184250674768373,
      0.2641153457061257,
      0.10955809865592234,
      0.10542727741476525,
      0.1810043112509189,
      0.21529960037430437,
      0.04446158648646876,
      0.13905610847206432,
      0.22598525242053638,
      0.05644494786887343,
      0.25955173598593506,
      0.15103666427959836,
      0.1604662193040283,
      0.07107950966283845,
      0.008194963669808175,
      0.0026226813153051643,
      0.17731382634582052,
      0.2186109906076587,
      0.2052133993679584,
      0.155570132013141,
      0.12977257620754967,
      0.0876060780174195,
      0.15025029934428794,
      0.14711709540419185,
      0.06493839593381735,
      0.10979045146289317,
      0.11779373622297089,
      0.22137301006873297,
      0.1592230401094186,
      0.14686337845072905,
      0.0837595952883082,
      0.06839472070343455,
      0.12494949017137474,
      0.2815939659344569,
      0.06315723878219663,
      0.20632877755935797,
      0.13682719786139086,
      0.07683937764307706,
      0.056367656338661115,
      0.21502690477726785,
      0.08147649561566284,
      0.007768721275510149,
      0.07141399432881736,
      0.015236571086590212,
      0.06036603673187699,
      0.13600930664501623,
      0.058463801814421595,
      0.06542614403385384,
      0.06647989731539979,
      0.18096875032102364,
      0.15842621836262072,
      0.1278295170205539,
      0.04485014575262899,
      0.2982868681623929,
      0.006170727341677972,
      0.1951283082826793,
      0.10241840305594221,
      0.08033258243628762,
      0.23526491809697106,
      0.14375603257443564,
      0.2501514301680125,
      0.2950807600492687,
      0.054001941499761875,
      0.0954040857973891,
      0.026985433355027955,
      0.23869651764241975,
      0.2817962456447029,
      0.19377557820340086,
      0.19104354199873244,
      0.15044519372054857,
      0.12975126052689395,
      0.13268489639944822,
      0.2460664527595422,
      0.023324832072703992,
      7.15592738090598E-4,
      0.1321313214412906,
      0.010764034920380593,
      0.14525038686041178,
      0.2544631929774977,
      0.17238932232528914,
      0.2249518011910257,
      0.026590958082417737,
      0.03350459184323302,
      0.11575366331354647,
      0.049118290745608195,
      0.2285526581981305,
      0.16482980581598355,
      0.26945897711788963,
      0.019110299460364764,
      0.1148930763265014,
      0.13298054448091587,
      0.2027792435255829,
      0.222966068885477,
      0.12895998973205225,
      0.2035033831272536,
      0.12178589270394567,
      0.030535311853444734,
      0.02606175759519854,
      0.1383004615276693,
      0.25767277106314246,
      0.13086961788399534,
      0.17285838481002597,
      0.21481138969732874,
      0.15731301957278496,
      0.26502899976022165,
      0.19246462471115797,
      0.18302804151809188,
      0.2308706361105588,
      0.21029298123113854,
      0.04310360630964905,
      0.1342432858695976,
      0.2270466043449144,
      0.20627870737910306,
      0.25552170184434875,
      0.0049609923962817045,
      0.21282795657605888,
      0.19134312895199426,
      0.09337009679584844,
      0.07531567765730623,
      0.0637656577007472,
      0.252079534594691,
      0.04162972219428455,
      0.09768767430015855,
      0.13791024683443032,
      0.18149502377805316,
      0.07762172593003064,
      0.01205194964804841,
      0.07371000390140871,
      0.02000795469339125,
      0.10576153973760809,
      0.11171813131432191,
      0.2895094210856405,
      0.19617271077122608,
      0.2303085841743793,
      0.06273705571788334,
      0.20540614110368993,
      0.22474840803857962,
      0.11918524408035132,
      0.2216113386182887,
      0.2923429935726408,
      0.20804319948785482,
      0.03773738224455383,
      0.25872752238803304,
      0.030248787254611553,
      0.05893821499841706,
      0.08100525796576845,
      0.2819966779321851,
      0.06811918947350994,
      0.06879023074211776,
      0.2781406071823164,
      0.05028164445047771,
      0.2917043688116386,
      0.14366764944126734,
      0.165639982549078,
      0.11568886090078623,
      0.012485892533417297,
      0.16040339884203744,
      0.15749320896033575,
      0.24852175587116707,
      0.028359742232446705,
      0.09215444305906853,
      0.04669282556783539,
      0.14719194785411077,
