{
  "horizon": 720,
  "granularity": 1,
  "priceSchema": [
    0.198,
    0.198,
    0.198,
    0.198,
    0.225,
    0.225,
    0.249,
    0.849,
    0.849,
    0.225,
    0.225,
    0.198
  ],
  "agents": {"h1": {
    "neighbors": [],
    "backgroundLoad": [
      0.1498841763198666,
      0.27565504146815195,
      0.1664128753318038,
      0.27960257961959645,
      0.26060688059709475,
      0.1231112394137695,
      0.1115412534963746,
      0.07433814535986397,
      0.14614492352321237,
      0.15595395238010815,
      0.08276235211424418,
      0.25738782377308583,
      0.052474435856073906,
      0.1023451295881087,
      0.28103222559654706,
      0.20401495671368716,
      0.26286632157457684,
      0.046642672246926996,
      0.2538633519139991,
      0.14778333501221563,
      0.28481595063933746,
      0.2232876206415722,
      0.23346529904982882,
      0.22413952550227645,
      0.12601871097775502,
      0.017348390560272264,
      0.09829538218208497,
      0.12759013625387292,
      0.048343215276322724,
      0.18909066280298775,
      0.19425787470169023,
      0.017461067276989727,
      0.28931287896933783,
      0.17391312625798738,
      0.0707413830601216,
      0.25765186430659887,
      0.07860437300788384,
      0.11742122609218623,
      0.16621462201518555,
      0.24909038082612955,
      0.2268107568177753,
      0.204082639541792,
      0.17365230893368303,
      0.23019302930679383,
      0.20279950126591886,
      0.279276953743857,
      0.058948764008804944,
      0.053442808975299134,
      0.2071321814157936,
      0.16508460921572884,
      0.1336594540149786,
      0.29519059691644806,
      0.27859416485320304,
      0.24031885123858387,
      0.23052757175162536,
      0.25587188650712234,
      0.20339310120791937,
      0.13967797271701485,
      0.12328939927000798,
      0.2753927476082986,
      0.14746064749702806,
      0.13119136784865695,
      0.25815428119683953,
      0.19293565375656357,
      0.04565951542038466,
      0.1198808244130678,
      0.15486552178697832,
      0.293613235837649,
      0.13707992797548746,
      0.1097152195055674,
      0.2204650489294209,
      0.14240713506028838,
      0.06739009969481018,
      0.15899589888261934,
      0.13025045570194205,
      0.17143697899962604,
      0.24055899590033142,
      0.10520412223818211,
      0.04351433918854175,
      0.2110880373365015,
      0.12997953914722468,
      0.21541180644317903,
      0.22263622433282373,
      0.07129051224346508,
      0.19796840038974714,
      0.18874380378968372,
      0.07007132246298632,
      0.2610399388423011,
      0.18213481824038932,
      0.08245087712498982,
      0.23588011489803828,
      0.09928240828523552,
      0.25388657614745974,
      0.12675521382440896,
      0.2510862172481699,
      0.149394808255476,
      0.09513195327288311,
      0.25181350086298765,
      0.07202241713696451,
      0.03842630023120114,
      0.2986300157334397,
      0.1606369144710678,
      0.07478102997409457,
      0.27706081520485965,
      0.13027982969961296,
      0.12016343082500844,
      0.0666889405625093,
      0.11265430438669928,
      0.0319387158761412,
      0.15759376964390395,
      0.08078314559670703,
      0.2940314672170883,
      0.09347151188475632,
      0.16379082774327947,
      0.2948012708623436,
      0.019856352322726343,
      0.1724241103959295,
      0.038322432143377105,
      0.15529446069932354,
      0.20249642781288762,
      0.02008830840816248,
      0.2561982442120229,
      0.22985597077648645,
      0.10811951321700021,
      0.0876806485698507,
      0.24863823277423674,
      0.16608468971355253,
      0.2691949912050559,
      0.13965291631398483,
      0.2241254815478659,
      0.0400202048640177,
      0.2617700703556157,
      0.047094126816928525,
      0.15316959589096826,
      0.009504226321368525,
      0.18426681382453727,
      0.23178430231576297,
      0.17134390749341827,
      0.2708097877575669,
      0.2567521558662532,
      0.02407967838831729,
      0.01742666037426702,
      0.05688006373840895,
      0.2753130122757104,
      0.18889666536268915,
      0.11482437194263635,
      0.1970725152646925,
      0.22376999499924316,
      0.04166326231472987,
      0.1852730852276154,
      0.22490909178489937,
      0.2519372647216791,
      0.19564246321414552,
      0.2601469319319438,
      0.2485610358952462,
      0.29529729815503347,
      0.2521981889506016,
      0.2829359916219684,
      0.1810010284039513,
      0.286350281104052,
      0.07783170051961344,
      0.28848374189019566,
      0.23167648368844185,
      0.24749102385835361,
      0.039643520854893796,
      0.05090399617997419,
      0.22205718623002038,
      0.10479480112800195,
      0.1728065457803962,
      0.24841716967684133,
      0.11336300783745001,
      0.09824855320310198,
      0.26502693643822334,
      0.11843254109468211,
      0.20412615176450585,
      0.21466300034285193,
      0.23275946656789304,
      0.04715924478250326,
      0.2710999001838386,
      0.09819384433039786,
      0.24657169690767775,
      0.28246028580880206,
      0.059659215755041045,
      0.08221583644697039,
      0.10569450896483791,
      0.1427380007050938,
      0.1331409326715869,
      0.12974731137931986,
      0.07599963994218749,
      0.16138055333590393,
      0.06617264321242634,
      0.11247874252993902,
      0.26075915903237806,
      0.11149106086172461,
      0.24297384876078965,
      0.27017049159536943,
      0.14510207509289366,
      0.29322978370566,
      0.2571310211848628,
      0.09106993996510424,
      0.1371551103658532,
      0.16921399648121477,
      0.1868495270697659,
      0.0912160857316028,
      0.04065943461484482,
      0.25898968299640296,
      0.28449890038986697,
      0.08261982676150158,
      0.1990528530315193,
      0.19118603034570855,
      0.15451150640550676,
      0.28642759704363613,
      0.24962559823196287,
      0.13710067355344166,
      0.06396188548892763,
      0.021221808660477647,
      0.020266842495761328,
      0.168174187875438,
      0.18236976862727064,
      0.25601931128698396,
      0.04401398760196827,
      0.06813294650200008,
      0.2863000641907687,
      0.15306114765426349,
      0.266843768321757,
      0.06910766085811902,
      0.10790645723438407,
      0.18700239666875526,
      0.16065201547938557,
      0.09509017269937609,
      0.1755068253484897,
      0.21503480853690152,
      0.14321714952678713,
      0.03729408457434834,
      0.29886501073037025,
      0.2579385154904077,
      0.1678044012231042,
      0.07749066855633076,
      0.25845775950536526,
      0.28818226992852247,
      0.29463510007546534,
      0.18023503812850059,
      0.27806917861713004,
      0.0694862036855495,
      0.2501001407388867,
      0.20188757817171676,
      0.04226581266110718,
      0.2617032250538641,
      0.25396416674791733,
      0.12894355779184452,
      0.293088763568222,
      0.02528718251465891,
      0.29337606901259683,
      0.27546147685016714,
      0.05405067897676835,
      0.21753565609057796,
      0.155189565320425,
      0.1727237220781778,
      0.06246440800005954,
      0.27348987253376317,
      0.190021702738249,
      0.017842583025622794,
      0.09679714017006816,
      0.045532812535968435,
      0.11424190281145125,
      0.23542235273303402,
      0.14202701185177638,
      0.24737260801610264,
      0.21711242444372408,
      0.27255133826238304,
      0.2855547499759242,
      0.005812041816106916,
      0.011707226645748225,
      0.06704885704744447,
      0.23056333250852162,
      0.020759613732473845,
      0.15725854883099297,
      0.15020656986758582,
      0.22868018641485166,
      0.08455020828003819,
      0.08518845124712256,
      0.11504197693918623,
      0.10963620159144773,
      0.28615725906544737,
      0.023935348151245792,
      0.2769246483034824,
      0.299851713333909,
      0.09511393103588882,
      0.1147216973297471,
