{
  "horizon": 720,
  "granularity": 1,
  "priceSchema": [
    0.198,
    0.198,
    0.198,
    0.198,
    0.225,
    0.225,
    0.249,
    0.849,
    0.849,
    0.225,
    0.225,
    0.198
  ],
  "agents": {"h1": {
    "neighbors": [],
    "backgroundLoad": [
      0.09561791050243541,
      0.21393530440806496,
      0.2989461994551976,
      0.24978787000238253,
      0.2730329209883896,
      0.10326751818789476,
      0.1979615613228235,
      0.10660297316740862,
      0.08601296193278316,
      0.015670298434860296,
      0.05923449149749783,
      0.15989668687269457,
      0.11749592369646589,
      0.04245274576702107,
      0.2813523992839576,
      0.2887215940462815,
      0.07417875019093302,
      0.11939473438782798,
      0.1287810221665478,
      0.25844882277557174,
      0.20911843556942017,
      0.09829332616399866,
      0.2295500283153148,
      0.1729924547323203,
      0.29329445036079427,
      0.1859370115318383,
      0.15641337632851612,
      0.09344961317441224,
      0.2642988201741808,
      0.2395832964825238,
      0.01939606567207055,
      0.07125292268078547,
      0.07372412289370128,
      0.19667615005623326,
      0.20293736929593015,
      0.29454991598814284,
      0.024455436488130478,
      0.05664317387989006,
      0.18303501377541287,
      0.2522584446117009,
      0.2275708592612706,
      0.2577140077178318,
      0.009393275716230364,
      0.16319225509398821,
      0.2449359748022326,
      0.2304461211964604,
      0.2881251816331232,
      0.2772914757181695,
      0.21020233452478768,
      0.030682838569607185,
      0.14116228455453708,
      0.039863471072442876,
      0.08607563112888973,
      0.2922237479581104,
      0.2141139439248215,
      0.0357391462722861,
      0.04204768424441447,
      0.008872065531309647,
      0.14048879449199794,
      0.18971158150008688,
      0.20703262309097584,
      0.022587125320474688,
      0.012907553821938932,
      0.2616555107478883,
      0.2810159392334748,
      0.2580570487868234,
      0.10030559912515916,
      0.23507499423068132,
      0.03555300347979259,
      0.27246227369762366,
      0.200756772792235,
      0.28499080929911763,
      0.19526884986622853,
      0.14463112846864068,
      0.06135014944919602,
      0.13472122938978875,
      0.272212624150215,
      0.1755650995952537,
      0.008725334305859533,
      0.1669997155674653,
      0.12023705945557461,
      0.2095025158636274,
      0.12793480611564842,
      0.29135124597948864,
      0.13022500381099225,
      0.2350006238023492,
      0.19302666028316534,
      0.09153772815518743,
      0.14672800229612556,
      0.0474091419585627,
      0.09634507604631695,
      0.27068911875462975,
      0.06148472515234252,
      0.023545799604713844,
      0.15675126859729294,
      0.07862280171404597,
      0.16099198966215714,
      0.24010473826553905,
      0.11038688579930388,
      0.062461733807220775,
      0.14293724116981796,
      0.23423577182618138,
      0.233704941546201,
      0.22113548933477895,
      0.2084095389506391,
      0.2932238264133634,
      0.15399514878086878,
      0.13841217155462585,
      0.05146863179682121,
      0.1752463835761868,
      0.2874538311125964,
      0.2188085989017236,
      0.05089374654821512,
      0.2681482585767428,
      0.23404283138419912,
      0.19750688483021583,
      0.07881130118287485,
      0.1345185379591463,
      0.15644170598236487,
      0.2829319684566739,
      0.02959885324285939,
      0.05557408754428659,
      0.0492559729479205,
      0.1848223216229732,
      0.019627937067411717,
      0.22720134842491257,
      0.1104880838537621,
      0.1183774800128582,
      0.07953588494320264,
      0.08534697446823843,
      0.05765413939619482,
      0.25810020430686775,
      0.01643804651644204,
      0.22094424282786404,
      0.28540036563383736,
      0.0017592492846774997,
      0.011953637903104008,
      0.1483748125834104,
      0.28310996145622364,
      0.03642501799916548,
      0.06853038160425025,
      0.18580805522016972,
      0.12602031117979606,
      0.14764866135636937,
      0.2299154131354775,
      0.2477578835218034,
      0.26745364244062536,
      0.23901723765093846,
      0.23126243542322875,
      0.04907802246622386,
      0.23915425427522283,
      0.17084938691274804,
      0.03378836294926261,
      0.026777852566588954,
      0.06486514051841888,
      0.2637666976718363,
      0.19755657078939418,
      0.0389938417407757,
      1.4082614920190028E-4,
      0.026151727787945465,
      0.11889434757246846,
      0.1582444518402182,
      0.07294842524632376,
      0.010935120192748048,
      0.0036495366121440773,
      0.28545305357904793,
      0.06296525164749807,
      0.2965733821663131,
      0.2769490717017695,
      0.14795269618352405,
      0.23998171143951497,
      0.04982865192037661,
      0.024025391814634454,
      0.2099870814532455,
      0.18865287838775693,
      0.23960314938072313,
      0.08604597739818597,
      0.28316143088764845,
      0.022442430234576836,
      0.18256971140920558,
      0.24760321197404403,
      0.14030258186059785,
      0.19164147537230494,
      0.27142009238327003,
      0.013271512487338544,
      0.2530847185602901,
      0.1216173884328477,
      0.21416915699585576,
      0.17080735565869834,
      0.2761796185938461,
      0.2756709335488115,
      0.0462302680423735,
      0.140953149025607,
      0.28260167437181555,
      0.26226786303968874,
      0.11066989645444217,
      0.2230467446986382,
      0.1414302171888016,
      0.21185317876654827,
      0.16638453771327696,
      0.15094647076615217,
      0.027886072300649167,
      0.15088421742121613,
      0.22074417477931538,
      0.025924626217063672,
      0.17277632560870407,
      0.26810799465448854,
      0.11235171219531044,
      0.09828868839472317,
      0.20580685717689032,
      0.15473571250830634,
      0.1277616921902957,
      0.03705740764009284,
      0.07687857486637818,
      0.04078141892175846,
      0.10364270174175107,
      0.20970186994857626,
      0.26216723137410747,
      0.05274194361758393,
      0.29533777245043014,
      0.24066106550595937,
      0.05256242964726702,
      0.12420387196007188,
      0.1016045789233574,
      0.1876988128558368,
      0.21792880404421083,
      0.09295427336593604,
      0.1873418071540994,
      0.05093946041333863,
      0.2920894379435821,
      0.21270818106191328,
      0.21811074698503025,
      0.011327286928566438,
      0.1532291290144458,
      0.2624219686907708,
      0.11820772572892943,
      0.1541985200463086,
      0.0893089697910163,
      0.2680731757686558,
      0.28626609752735516,
      0.25680309505491083,
      0.09258524035225653,
      0.14265991209402992,
      0.022956544067445173,
      0.09153304694006494,
      0.2892672361245946,
      0.032298305024981266,
      0.020149491383359575,
      0.25475869541828783,
      0.14026576127737475,
      0.10094486896298976,
      0.2011787043563627,
      0.1601067076017404,
      0.06643616613727941,
      0.02412110819497243,
      0.08135319912727532,
      0.09752563698869637,
      0.1696337182408217,
      0.03320022603850975,
      0.033606397236530035,
      0.2293041907965374,
      0.26697501356847425,
      0.022877354942220405,
      0.2375156725454335,
      0.05184851401034019,
      0.12053696091257686,
      0.03654512715861734,
      0.05016537234222752,
      0.1589563792508337,
      0.28916547295086636,
      0.26418421698257305,
      0.23753443667392038,
      0.23022354844937662,
      0.036174759635931863,
      0.020661009714785305,
      0.13065623582237249,
      0.19308720174574365,
      0.25337635313619095,
      0.10513340802125244,
      0.2704339776417134,
      0.17486414829954566,
      0.03385824731184982,
      0.2800235000213132,
      0.17360834176335052,
      0.011743889508875982,
      0.15125966113555186,
      0.07992534184013135,
      0.1817250114234877,
