{
  "horizon": 720,
  "granularity": 1,
  "priceSchema": [
    0.198,
    0.198,
    0.198,
    0.198,
    0.225,
    0.225,
    0.249,
    0.849,
    0.849,
    0.225,
    0.225,
    0.198
  ],
  "agents": {"h1": {
    "neighbors": [],
    "backgroundLoad": [
      0.11952752208109409,
      0.2218482741238541,
      0.18037306823696475,
      0.07220141118875656,
      0.12409338672259479,
      0.10493892769433794,
      0.21426955752424445,
      0.04116953936411692,
      0.24182538966885722,
      0.1262950559894623,
      0.29194204307259886,
      0.2865691789205164,
      0.2362686354197388,
      0.21493124819669968,
      0.2673515721379768,
      0.15044762136218628,
      0.14638323802893904,
      0.18857826558432797,
      0.27315037406935877,
      0.06812039798331003,
      0.2743789458021006,
      0.09090634165461987,
      0.09844381796611525,
      0.280484168676965,
      0.0824354719726154,
      0.2850436318015916,
      0.09176749117724584,
      0.16964768187736254,
      0.08690898901513379,
      0.27905537379099554,
      0.22430800700004816,
      0.017166196363459906,
      0.18365407519826646,
      0.13862494252196722,
      0.22281724358248464,
      0.25676251729344024,
      0.22073436023851986,
      0.21986335540657448,
      0.16494468381405783,
      0.28968258198359265,
      0.03210703304253102,
      0.05346030857830348,
      0.16928195995993925,
      0.10217979156737107,
      0.11311240785501453,
      0.23904778269867444,
      0.14495352238379566,
      0.22343597472404528,
      0.2118495966455733,
      0.22917042300672405,
      0.09178166142871153,
      0.19711530724309506,
      0.025118323735003157,
      0.21791736723590655,
      0.09385567943775008,
      0.09829363252457314,
      0.1584944874005256,
      0.056709389502796956,
      0.11117265978409804,
      0.06743389068354773,
      0.09449454890916896,
      0.2773742899480337,
      0.14721236815832378,
      0.1469032263227192,
      0.29829784872686144,
      0.18005582392719022,
      0.09863786782846357,
      0.06585518712027455,
      0.12794463541675496,
      0.14076708750934072,
      0.23344783197952163,
      0.21114561384518274,
      0.2159929859228957,
      0.17492917186322252,
      0.025514960263211126,
      0.2694912133341531,
      0.041645005696622814,
      0.1244905834446372,
      0.16827638013245533,
      0.22369497353526027,
      0.26183278773025276,
      0.006354573203185909,
      0.24534899250012696,
      0.02378151876414759,
      0.28874581574142766,
      0.02637390220716269,
      0.09916334567111441,
      0.01658342058784281,
      0.23066948085891764,
      0.09846086259513563,
      0.08901073436768335,
      0.1564861113022507,
      0.22599630737871218,
      0.2524459703404756,
      0.16533156969174043,
      0.2746396497349697,
      0.2306906241835736,
      0.24010142751528138,
      0.04780981271610167,
      0.14473142948786483,
      0.038055791721060946,
      0.119370955821733,
      0.15652167527406857,
      0.2543425611431407,
      0.08909863815847213,
      0.0017023893286386537,
      0.26706000811067965,
      0.24156512445837994,
      0.22954332308315298,
      0.0807423906537078,
      0.02541426989494615,
      0.19094813574872016,
      0.27451174508008086,
      0.14005595738256957,
      0.08849313857679454,
      0.2363378022309235,
      0.038777229671113335,
      0.084527499540566,
      0.020897989779944913,
      0.07538329513782216,
      0.11057457587650185,
      0.12147429035670315,
      0.28951745743502255,
      0.15656758411551738,
      0.26032986559600474,
      0.009795242658672975,
      0.2383767015346958,
      0.07928520078799325,
      0.07536375916791317,
      0.05749336671580857,
      0.08638965828808648,
      0.18557713664066347,
      0.10652293444372231,
      0.22556137139859173,
      0.04212547502959385,
      0.24445499789134967,
      0.166420788842225,
      0.2438681317185822,
      0.019493750003685226,
      0.1347868543295208,
      0.0027206106864867794,
      0.22447937464154433,
      0.05490880512205682,
      0.2770870890476779,
      0.22112786783816693,
      0.08979214195373628,
      0.24469424961705782,
      0.08771583067605428,
      0.05175073225255988,
      0.14529704440789915,
      0.15686946629101858,
      0.1933045270310737,
      0.2158874296392547,
      0.022834605132889874,
      0.04411326809029512,
      0.1985205060445818,
      0.07489544945730765,
      0.15993774806912012,
      0.29365306415118075,
      0.2395318086144873,
      0.19109800587596104,
      0.2530502803155185,
      0.19669494359019116,
      0.06340344630012902,
      0.21919524178187816,
      0.051953782474734235,
      0.285640613612014,
      0.01323694567660011,
      0.27266542088017204,
      0.12192763292395035,
      0.24266568572404265,
      0.021407297903396037,
      0.0032588974067582987,
      0.06104761964642592,
      0.24293302318307167,
      0.20568678979075172,
      0.005603766517415376,
      0.01681952487761551,
      0.182003600961071,
      0.12671887082581082,
      0.2563408123680387,
      0.13077345237927232,
      0.2550693455279113,
      0.2678881405924897,
      0.12276713561327639,
      0.029848968561561218,
      0.10622573506387835,
      0.23292522228310536,
      0.10033484778311037,
      0.13021375976850633,
      0.2793799907118207,
      0.025864626917990494,
      0.1555349425706702,
      0.22290621202007377,
      0.010757758891602987,
      0.15485749753200484,
      0.10672545480309316,
      0.017060611170591756,
      0.10036019220320279,
      0.05339318190247851,
      0.08070929844117816,
      0.06239005074510231,
      0.16567607535777895,
      0.27282311000123605,
      0.06796654025619565,
      0.15579297236318118,
      0.258680964920287,
      0.19701917378977193,
      0.04161527713119923,
      0.21802545530042317,
      0.041945403744855426,
      0.020843408918417548,
      0.2180238191092335,
      0.22519010879941598,
      0.18197581444202943,
      0.23794098265759045,
      0.15581253072892387,
      0.10229927961265328,
      0.2642211685520115,
      0.10064856867146221,
      0.1150196391774217,
      0.1424392602647687,
      0.1396585511535652,
      0.25904816390685503,
      0.10823470582908894,
      0.061871521186622376,
      0.26027518641298153,
      0.05302476641097976,
      0.1285591652374044,
      0.15274601414938382,
      0.2958205380263098,
      0.11218233542796081,
      0.04947303000046035,
      0.27631672706033583,
      0.27418494162519,
      0.0758604022427195,
      0.13581916520217013,
      0.17084885438347117,
      0.08445548001489406,
      0.06371902248391183,
      0.2959714827769514,
      0.23369201730553585,
      0.26632244076997075,
      0.006884531572112695,
      0.12939188872948984,
      0.13964334037041148,
      0.14419641455431242,
      0.17838608309726403,
      0.07038269948370868,
      0.2798839461391928,
      0.09031304584935851,
      0.1753314727283619,
      0.15725196278488265,
      0.2007113902823601,
      0.1809979135492349,
      0.06783775758722975,
      0.2958018385064878,
      0.02411973553930716,
      0.010994713379215848,
      0.2153143685446286,
      0.056170934061628985,
      0.24949662288674385,
      0.08174159929580395,
      0.08304571385429482,
      0.13857442319980925,
      0.283912068170797,
      0.25873209200728536,
      0.23051488034001505,
      0.21539688254276879,
      0.23341672552120696,
      0.15326165580054185,
      0.2791963631591109,
      0.18167534289511644,
      0.08959028009818666,
      0.07698326373274371,
      0.1408654144600586,
      0.2961518673273767,
      0.18915897159004733,
      0.027825406175092427,
      0.019318517504866784,
      0.22867739218811034,
      0.21390288569702945,
      0.2394859072428775,
      0.19112543858292,
      0.1372547589151251,
      0.00805701190826723,
      0.015459153940789604,
      0.1500540855982093,
