{
  "horizon": 720,
  "granularity": 1,
  "priceSchema": [
    0.198,
    0.198,
    0.198,
    0.198,
    0.225,
    0.225,
    0.249,
    0.849,
    0.849,
    0.225,
    0.225,
    0.198
  ],
  "agents": {"h1": {
    "neighbors": [],
    "backgroundLoad": [
      0.05624576351095689,
      0.043922647790478594,
      0.2966053222357809,
      0.2699741258935655,
      0.025375144578788644,
      0.15459485129872413,
      0.028793016995701456,
      0.07151074932977158,
      0.1389139072965006,
      0.12908183608579463,
      0.22669839514765275,
      0.16454692343671093,
      0.03139164974100724,
      0.11291484415977193,
      0.09936542332776722,
      0.023127651205327726,
      0.23967054201524526,
      0.010969499864271991,
      0.1974436251933658,
      0.23606442362946686,
      0.006230136832877042,
      0.08274818779291235,
      0.18885181503714724,
      0.2695260256600195,
      0.20141330660965737,
      0.1037848606045293,
      0.23148024667448788,
      0.23822496494030396,
      0.1024648309680887,
      0.14351452936405862,
      0.13360007296693208,
      0.25166767451600836,
      0.2942297026139327,
      0.1366160808465628,
      0.030839029792716986,
      0.2646245595753427,
      0.1242280594413546,
      0.2670725098431259,
      0.19702943938533,
      0.22124600806534608,
      0.17321573902813275,
      0.18464449802481384,
      0.1825018288317874,
      0.13082494119694424,
      0.1264168541416074,
      0.2070727288092617,
      0.011381191704210258,
      0.23099272036745214,
      0.11494212787705325,
      0.25350729906759667,
      0.25040185269614856,
      0.16175308980367448,
      0.1988334888781498,
      0.11824804596637206,
      0.0032826851019659097,
      0.10542302649226092,
      0.21636369136343514,
      0.045653320558239875,
      0.015676438028944095,
      0.1742014824356227,
      0.1580703321086265,
      0.023143944323007926,
      0.23036041469550195,
      0.2273618572748578,
      0.10287481657653998,
      0.17781538327181495,
      0.1305492922578596,
      0.24102046016072232,
      0.2257927600185317,
      0.28223682234179776,
      0.2219437665434526,
      0.22063768266943437,
      0.029930115829046453,
      0.05181969101529427,
      0.2200198127680391,
      0.291538809391674,
      0.2641880400642348,
      0.24917452037609134,
      0.02086566860193858,
      0.2604358607608101,
      0.0847926907951675,
      0.030573587388670886,
      0.2248361819264783,
      0.16731934779111912,
      0.15307968734335511,
      0.26745178050608825,
      0.28785949018509754,
      0.26658177036607134,
      0.0037863202794653716,
      0.1598569556050329,
      0.24372212387323122,
      0.2921835440377388,
      0.2292578239202656,
      0.17678455758177658,
      0.25876655029277734,
      0.1335847186570291,
      0.1256620259998736,
      0.17724295455327876,
      0.19233552675243412,
      0.27796418329190914,
      0.23681414459653863,
      0.19732126748818338,
      0.23376592227546758,
      0.13106265955982246,
      0.09340017689849232,
      0.2926320799817591,
      0.29971233609285186,
      0.1812107125818356,
      0.08354850370533688,
      0.014396054973419602,
      0.05048595692300284,
      0.2792926852312817,
      0.1675714613110349,
      0.005228707481617334,
      0.24353214166521597,
      0.22691146842460055,
      0.1118388539336298,
      0.08247086704977405,
      0.236311776242872,
      0.20008511648208588,
      0.16340200083103681,
      0.09680431164245114,
      0.06043017669950796,
      0.2320066915141984,
      0.01632179845267089,
      0.20338408104831227,
      0.037366187980270936,
      0.19732047641889003,
      0.2534400050435692,
      0.19890288094401515,
      0.2598186507059773,
      0.046350196775662954,
      0.1813189219743522,
      0.23083165862796762,
      0.26811778568200273,
      0.11556333257368923,
      0.22561622921285446,
      0.0030882312085525497,
      0.22421434805036786,
      0.016709575473376734,
      0.2838973860412416,
      0.24030089884452355,
      0.25928256353540957,
      0.26877694748253605,
      0.21472559221233087,
      0.18861551152575265,
      0.1652392807383846,
      0.055472869157872674,
      0.1872428430129047,
      0.2918599103148388,
      0.02421533586141108,
      0.27938880562781443,
      0.17485361439179317,
      0.22150436263113482,
      0.13329425934702288,
      0.18507885493493192,
      0.09897503650529521,
      0.0443649204859455,
      0.12368707490505476,
      0.245736009326432,
      0.288029077810262,
      0.21416494697670377,
      0.2404689156196345,
      0.22558996441083584,
      0.18315035710818076,
      0.18357957094469338,
      0.10400486679358457,
      0.1562261268448242,
      0.1752642742426997,
      0.25224813567397214,
      0.11337426665969119,
      0.12852836361032602,
      0.03177827610052829,
      0.051677352490531216,
      0.2372968356605165,
      0.17765203165159052,
      0.06102044893182129,
      0.15914956271485622,
      0.1986892928408483,
      0.0880500144793714,
      0.22346070077959046,
      0.051541072513134785,
      0.27097701902778093,
      0.055587831333793955,
      0.0710192335595064,
      0.2867694538552403,
      4.7315628892027336E-4,
      0.03710927568725742,
      0.20496458240650337,
      0.2987271493960797,
      0.26379909280048436,
      0.10907129766809769,
      0.02108929439930367,
      0.17895287912240715,
      0.044009250595534496,
      0.22736305296530562,
      0.11740980362831327,
      0.11452854966966308,
      0.13412563611846254,
      0.28761015545467167,
      0.07369538602531596,
      0.10576489167926659,
      0.0856698195633039,
      0.14508265641723941,
      0.22847858825118125,
      0.2948114962187347,
      0.22821549653403284,
      0.27110481659562163,
      0.04118708820863087,
      0.13354773397708763,
      0.2934224584092142,
      0.05476760523605551,
      0.2591339420060128,
      0.05930409611515832,
      0.10220692208630767,
      0.1903501731672043,
      0.19847390766555564,
      0.19999251578591057,
      0.22214882733372251,
      0.05009738102570381,
      0.24509292370023902,
      0.021586401792704,
      0.10831135485785078,
      0.01149868565633646,
      0.05410037682719715,
      0.07747472987767555,
      0.22580656488696083,
      0.1423492697273142,
      0.012400223271706522,
      0.2787064399734584,
      0.24793666491453206,
      0.11466808322589822,
      0.29782881976402703,
      0.10005635503824664,
      0.1150735632471274,
      0.0694850468732319,
      0.21714191051377008,
      0.21236381839975063,
      0.14545864644624015,
      0.08202129621393402,
      0.1019928546086689,
      0.2647416435349947,
      0.18111348137777172,
      0.24830179608913708,
      0.2012253260755672,
      0.08041139158405831,
      0.16452235593682896,
      0.18578969521250704,
      0.2417338767877777,
      0.29976217503623126,
      0.25370928843020213,
      0.24174182311242098,
      0.06786827867491518,
      0.07314048573146635,
      0.04982331102835633,
      0.11136158177708061,
      0.18003879876205117,
      0.14677314818902765,
      0.07475911850501385,
      0.041205249081413355,
      0.10593239465830084,
      0.17813190881713767,
      0.022297636247987983,
      0.22633259533584074,
      0.24395128782725223,
      0.2541118585774509,
      0.16079394432326777,
      0.2644399956431832,
      0.041079870173401666,
      0.09492532340989643,
      0.048251587097238875,
      0.28335543582177075,
      0.01620121332313724,
      0.29413410841494336,
      0.164777797076451,
      0.10597803721291968,
      0.2671384723502085,
      0.11490656501289011,
      0.23786550533065198,
      0.2595901093513436,
      0.21227155096716516,
      0.04452302488397975,
      0.032917698098641576,
      0.054695766439524014,
      0.26574485754617855,
      0.2317366144204602,
      0.047577255519723284,
      0.17880920635448835,
