{
  "horizon": 720,
  "granularity": 1,
  "priceSchema": [
    0.198,
    0.198,
    0.198,
    0.198,
    0.225,
    0.225,
    0.249,
    0.849,
    0.849,
    0.225,
    0.225,
    0.198
  ],
  "agents": {"h1": {
    "neighbors": [],
    "backgroundLoad": [
      0.1124584003949631,
      0.26328007038394036,
      0.2785613558055793,
      0.2572784023597948,
      0.0307984745197287,
      0.013298576338941591,
      0.2968407458667189,
      0.2714327879547193,
      0.10529487636628762,
      0.049567378182290366,
      0.1572289399825871,
      0.05726657600403436,
      0.1565727802303273,
      0.060854563500333275,
      0.19966613343845643,
      0.2154441139775318,
      0.2240878874039853,
      0.28814943392562253,
      0.046817595969163135,
      0.09162276948009153,
      0.13481493511917642,
      0.1679591356218648,
      0.2712580309488283,
      0.0022323225643006706,
      0.1158243920035157,
      0.23714659195076387,
      0.05751667692636289,
      0.019231689794833837,
      0.08981930551157433,
      0.2929062984676465,
      0.25631080783898147,
      0.09406142443574558,
      0.2577723592987177,
      0.13282297994976144,
      0.08203010104042512,
      0.08021127708554611,
      0.042427392504992945,
      0.08143483326705181,
      0.2852078812307395,
      0.1707215183570892,
      0.13772753654225323,
      0.012443276234973877,
      0.13918656896647977,
      0.22634388715234954,
      0.18780252267359196,
      0.07685191433217338,
      0.23865177150911818,
      0.1887466597419905,
      0.17925398827806363,
      0.28983369574970197,
      0.07220197866709371,
      0.022820961511860183,
      0.14421046006548255,
      0.03330516382851884,
      0.272704371157212,
      0.006016967745994517,
      0.12348615080372939,
      0.05574130636671306,
      0.071148477534231,
      0.29227411810240833,
      0.22490533076624578,
      0.16124070754665626,
      0.27280129867416114,
      0.08207540510930325,
      0.08256382572488678,
      0.24400145204943957,
      0.23769343588584949,
      0.05026955547570975,
      0.13489030018078094,
      0.1540042933340745,
      0.058219888893741883,
      0.23867512805932223,
      0.1499208895795417,
      0.22345404930230592,
      9.97818514625548E-4,
      0.15061519924694763,
      0.05287898358536651,
      0.15482978600608402,
      0.20878887743605934,
      0.24062530103387067,
      0.221355665397803,
      0.2593091540305588,
      0.24606537136909654,
      0.17053941568721384,
      0.2754718113972906,
      0.01330179533998671,
      0.18976117902936437,
      0.06362035348809428,
      0.09085689302185036,
      0.2826914088202888,
      0.12822156231951734,
      0.2533242595747402,
      0.2509445073609692,
      0.14431341819389662,
      0.22925512194567374,
      0.1469091512931796,
      0.16056213177387899,
      0.13213159046972042,
      0.11753984879594373,
      0.03340336432082458,
      0.2676735986272986,
      0.2607867669316131,
      0.05798877858017106,
      0.05495021763350912,
      0.02301038813827272,
      0.15698355889387333,
      0.26698184548973114,
      0.026143598307140036,
      0.04235086102258449,
      0.27778776133841193,
      0.1949764678794432,
      0.149354258433342,
      0.04323969707827413,
      0.17065763543903392,
      0.1421868136376889,
      0.06822817942354999,
      0.035296421460129714,
      0.10277858245258588,
      0.08698636717967545,
      0.046709356801448394,
      0.23890453172233217,
      0.16256632013368047,
      0.2613875270529412,
      0.1813217946718641,
      0.2358417477530441,
      0.14661439200351434,
      0.29764991224570114,
      0.04761771464425247,
      0.20978439946803715,
      0.17373078714224244,
      0.26140438143593525,
      0.21476912739867232,
      0.0658702028878292,
      0.2889229299801899,
      0.2870854836227727,
      0.10014383519268726,
      0.12160105082994238,
      0.24567928517429616,
      0.21246760291097797,
      0.14970346321253725,
      0.20916841525700283,
      0.091622045148232,
      0.17692567011431026,
      0.2876011909792213,
      0.2934263387197812,
      0.028848078080789773,
      0.13410815496463122,
      0.03191491115423654,
      0.15102408428260466,
      0.0836938221560941,
      0.2982800662307442,
      0.04668349322894156,
      0.222530188519409,
      0.01109359461263819,
      0.0337148203286313,
      0.2022483412250285,
      0.020616492085034587,
      0.29691912559685935,
      0.06777381904885811,
      0.1552807654798441,
      0.025957874560773052,
      0.08189229403311804,
      0.21022318728741285,
      0.06923608893578122,
      0.2680178519734946,
      0.21437760620525548,
      0.24167848129699646,
      0.03880558154694665,
      0.2459132154688385,
      0.09091695153842994,
      0.16233306687990467,
      0.05444937430171668,
      0.1631168637705285,
      0.18345873434547869,
      0.20097772582392157,
      0.08060340425967473,
      0.28709378733156676,
      0.2555348354012035,
      0.16633502837396263,
      0.2774738366311238,
      0.28098995016281275,
      0.1749570509329334,
      0.050975387652598465,
      0.15546932342534903,
      0.10483413679722778,
      0.2357139515333338,
      0.048475991539876195,
      0.1196725468693905,
      0.2710840095514456,
      0.0940260746304908,
      0.12050716821516842,
      0.22200803258538163,
      0.04876577551221973,
      0.10834639171122515,
      0.18594995023215552,
      0.006675803009094883,
      0.17778239374195093,
      0.09485024570020632,
      0.1502902402014504,
      0.21058542498603192,
      0.08049443699766425,
      0.25404205814316094,
      0.27509068636140394,
      0.04546992822496314,
      0.11410428794228979,
      0.14016008294733853,
      0.2791130708962092,
      0.24529833808030335,
      0.13187351238879808,
      0.253644519610312,
      0.1833248641064297,
      0.21330415360760802,
      0.2542171771426898,
      0.16777514918351327,
      0.0555118458714094,
      0.019747454289625755,
      0.2780239554658439,
      0.07590080427287256,
      0.16305050174086713,
      0.11374614454459206,
      0.1379909763017191,
      0.03610917752161582,
      0.26286239918916104,
      0.22042004127777493,
      0.08527419883370929,
      0.25431019366296936,
      0.2891369492259758,
      0.2501463331233476,
      0.0029334403784541997,
      0.13347020880836932,
      0.2914060526662095,
      0.22947217134119507,
      0.2661599309384662,
      0.2650722054338817,
      0.07819806644224676,
      0.25742076424328003,
      0.008240863377057673,
      0.11548403926937091,
      0.22381966844599605,
      0.18274739231289844,
      0.11189794556594455,
      0.06920199730002381,
      0.1324737128035653,
      0.19313610734261746,
      0.08035059763178794,
      0.15326662230945534,
      0.0936249656185369,
      0.2911514807473927,
      0.01824225427734468,
      0.2082739237106587,
      0.21876655184557325,
      0.11370030871499782,
      0.03950404806410363,
      0.10860152636085298,
      0.058510049117357896,
      0.19984114422123506,
      0.04762465510781857,
      0.16153038021045224,
      0.07146423059238743,
      0.2673854985370221,
      0.29717575882805525,
      0.2070437544218696,
      0.12968974004456466,
      0.17195974060500485,
      0.29596895796854833,
      0.2972232095011617,
      0.19851149129541934,
      0.19719823266035805,
      0.21072230218760435,
      0.23892753958619592,
      0.21488562515842105,
      0.22399882975580312,
      0.008931956977079535,
      0.19457361628740497,
      0.18861484206334875,
      0.18266844024111847,
      0.2993073087276008,
      0.05694616234418709,
      0.12301286670896061,
      0.2818878349678155,
      0.08541873578951825,
      0.27708467684314264,
      0.2976240376579696,
      0.0894000312818383,
      0.23239891467551282,
      0.20551938399971725,
      0.2767576592689444,
      0.27471094494073023,
      0.03328977649504176,
