{
  "horizon": 720,
  "granularity": 1,
  "priceSchema": [
    0.198,
    0.198,
    0.198,
    0.198,
    0.225,
    0.225,
    0.249,
    0.849,
    0.849,
    0.225,
    0.225,
    0.198
  ],
  "agents": {"h1": {
    "neighbors": [],
    "backgroundLoad": [
      0.06624276993114085,
      0.2837384737352435,
      0.12762581216415253,
      0.11530446745966295,
      0.18895298222941112,
      0.27574847033139027,
      0.07969701555518394,
      0.006566945711812977,
      0.16309538851591934,
      0.21996356721627078,
      0.26848711571157735,
      0.16801631470455977,
      0.1747083355113481,
      0.11694703538354645,
      0.05837245494454821,
      0.11811002537044775,
      0.13355496820431947,
      0.08472788548578107,
      0.07908516208932367,
      0.012979573368148256,
      0.07946103894194112,
      0.28456574879165003,
      0.1654562993679582,
      0.2469175293769039,
      0.2345251980717389,
      0.1201467488748452,
      0.2497191712335237,
      0.2662008301502015,
      0.17394047718739092,
      0.1271122988665346,
      0.27187553416711385,
      0.22096323161552656,
      0.017725533880227805,
      0.01247303712999226,
      0.15614647691416123,
      0.01310413910390028,
      0.021640290517179528,
      0.0330973607794653,
      0.15811086491806797,
      0.28402793355821887,
      0.04487276808202798,
      0.2489416291452144,
      0.07639720975071945,
      0.061123816513297485,
      0.08579628790527101,
      0.20914169924903375,
      0.05180672511607891,
      0.11840375293727143,
      0.0302111007273543,
      0.05112779784829694,
      0.1454339123249903,
      0.28314669180506896,
      0.0763402802606579,
      0.01359682560439216,
      0.014185593563785358,
      0.2684426011181295,
      0.12726201669990164,
      0.11655858962425848,
      0.2654748825492473,
      0.03254918820107113,
      0.15318463937106563,
      0.12744364499014843,
      0.05206213021929825,
      0.25084827153204853,
      0.2513105450731523,
      0.28342540110586917,
      0.2128920104922881,
      0.13593457146849788,
      0.1596841194387959,
      0.24513955210256766,
      0.12549005687538117,
      0.07186678267542432,
      0.2485342280916197,
      0.2169624813510157,
      0.18591588812381957,
      0.29137832799698243,
      0.2892519379640351,
      0.17240731324943576,
      0.03442832166665397,
      0.07597046332826138,
      0.035548561888965824,
      0.19089276249442935,
      0.10234803601546351,
      0.03798172202357795,
      0.037509023124411345,
      0.2885520273614293,
      0.2504172892818473,
      0.13436584716781677,
      0.06986398846265834,
      0.15529396825278227,
      0.2765397094409693,
      0.17058413392792218,
      0.10702589254702559,
      0.29203554620325617,
      0.08127595380850668,
      0.27821021909280763,
      0.19289947595227366,
      0.23367638495163248,
      0.19253344598595973,
      0.04551671881738004,
      0.07656990366199042,
      0.09598498924483952,
      0.03108688199536672,
      0.17590279628076969,
      0.07830548296441832,
      0.2671878813657475,
      0.13968449697588536,
      0.23395899588877245,
      0.22018569360707954,
      0.2671317343103885,
      0.06992849160581677,
      0.13672718852249466,
      0.15348032150847785,
      0.2884466047420472,
      0.11342109528459411,
      0.29216652242026153,
      0.23612126367189176,
      0.14231016425444748,
      0.1355781363846358,
      0.03172014298831782,
      0.22256867062995636,
      0.28220530948745653,
      0.023543591778620896,
      0.29787531670110484,
      0.03166698325540291,
      0.1424981411634621,
      0.10372077812065364,
      0.18330451424721755,
      0.07391512653699474,
      0.023300974713925036,
      0.13819321890657923,
      0.204478784188554,
      0.20960349534835804,
      0.20527332107418209,
      0.24783181714171587,
      0.12674260361377723,
      0.1687871116386411,
      0.23356518107040186,
      0.07611142768578347,
      0.18787281786792911,
      0.04470523132646249,
      0.23753311257940776,
      0.10953546885281985,
      0.07365944883980242,
      0.2899533110639613,
      0.27980778236980247,
      0.22771013517074018,
      0.2990065989125092,
      0.24895815288237177,
      0.004885424087075618,
      0.03732674026054256,
      0.08404718269116904,
      0.117735294210104,
      0.11018479310805408,
      0.20918420303444402,
      0.20500238292466835,
      0.033683499155450915,
      0.11682156400045493,
      0.10945713398813874,
      0.26213542414605556,
      0.23645532246787393,
      0.02367497529311069,
      0.07435908458036573,
      0.020310684632684373,
      0.2663532913730486,
      0.16582151080630625,
      0.16763818238067343,
      0.12061862917269296,
      0.21854671660258548,
      0.01276573235474251,
      0.21380535884954674,
      0.20481529872115184,
      0.11190750743876125,
      0.2500428260284646,
      0.27435853800307625,
      0.20649433644500573,
      0.15143349214010268,
      0.22664206655419855,
      0.04132246368246325,
      0.21816477512519875,
      0.2754350467389013,
      0.19568276851917013,
      0.2527921946851518,
      0.0810444596834383,
      0.1803988855465241,
      0.10774318246573496,
      0.09304288289035957,
      0.015338272641836636,
      0.12693674490700302,
      0.1034899090894164,
      0.18718976328164613,
      0.09211857271295422,
      0.06869521686662206,
      0.18932221476055092,
      0.018757961197794104,
      0.16760053958429783,
      0.21667674604896034,
      0.26284256827046226,
      0.05829092361584101,
      0.26700129554057433,
      0.12332891909401275,
      0.1064939071925474,
      0.29186898004584627,
      0.1525874233125726,
      0.023153988561927883,
      0.26815729691461576,
      0.1274220599075063,
      0.20475466476693474,
      0.1023198819444739,
      0.12537915365107644,
      0.1841607400060677,
      0.06801282737618221,
      0.2925312404075918,
      0.020559184901451977,
      0.004115009503169664,
      0.018732765074824274,
      0.17850730231121573,
      0.2441900459417158,
      0.046216667955434075,
      0.28913358322608484,
      0.13528507347563143,
      0.15710161237462125,
      0.2520105619572214,
      0.08387786175753813,
      0.27418736058058013,
      0.25467364021153066,
      0.17689948548873738,
      0.03848359287942147,
      0.29374304918372135,
      0.18128273072640602,
      0.1773692299642295,
      0.20135546824395847,
      0.096593484671803,
      0.01800542725285844,
      0.2860350526055182,
      0.03938220947403006,
      0.007233093149007197,
      0.18669364749440856,
      0.12634638620939864,
      0.11030275853466366,
      0.11394042859047815,
      0.2578353218632512,
      0.2388673132967779,
      0.11303651719547965,
      0.15145598296564572,
      0.18388968045369183,
      0.2548402821874185,
      0.04286121078131655,
      0.19815580308660344,
      0.21019317956758435,
      0.16682203069651952,
      0.10965261783807166,
      0.2005787375306813,
      0.23762223575267288,
      0.15523581348642715,
      0.2579333506737016,
      0.2785258250117688,
      0.11510589740056264,
      0.11894165371743004,
      0.10491904514307687,
      0.15343432250094038,
      0.29508663772934046,
      0.16919247888753372,
      0.2220414592930312,
      0.2542392603442664,
      0.03746314552799135,
      0.08723246002725606,
      0.028906932337567436,
      0.13301422667234808,
      0.2773313214973275,
      0.16524572619973735,
      0.0051927864556302935,
      0.06291970670491161,
      0.15678600923143218,
      0.06576750796927917,
      0.008569880898745497,
      0.047890192580412,
      0.261141014563537,
      0.1751638832593853,
      0.08836343184214679,
      0.04771407448881155,
      0.10888909637977738,
      0.12584905004673913,
      0.021850744618559802,
      0.06137986903635327,
      0.23380223368080988,
      0.11877905125346877,
      0.28178774972550813,
