{
  "horizon": 720,
  "granularity": 1,
  "priceSchema": [
    0.198,
    0.198,
    0.198,
    0.198,
    0.225,
    0.225,
    0.249,
    0.849,
    0.849,
    0.225,
    0.225,
    0.198
  ],
  "agents": {"h1": {
    "neighbors": [],
    "backgroundLoad": [
      0.21086198226541888,
      0.12653572043429814,
      0.14128790700159663,
      0.22059235313557704,
      0.01947364701646621,
      0.12088437964389975,
      0.17217658306324968,
      0.1255435455648387,
      0.047550398937230405,
      0.10534632133908574,
      0.0959624743190547,
      0.05459213126082544,
      0.013751730331865442,
      0.007784825186489208,
      0.2691251830312126,
      0.28898399680753756,
      0.09003353172355641,
      0.07630521093654039,
      0.2942102408994963,
      0.2279448496047471,
      0.1411409408082129,
      0.18348585639142562,
      0.2547977329702475,
      0.008992461622839176,
      0.13638205433297226,
      0.15308001188681208,
      0.04700288938618839,
      0.19995432688206924,
      0.23590947539733942,
      0.23365249491744258,
      0.0377123461811032,
      0.23564180494359657,
      0.12515879883124886,
      0.09092679046944228,
      0.2878277890861746,
      0.15926747900739727,
      0.09706784435102661,
      0.06922298240385089,
      0.12067032009010076,
      0.1897764095475155,
      0.092284604578475,
      0.013403843364867484,
      0.1668101101239093,
      0.26804790483079116,
      0.28168234322802027,
      0.022748792007772644,
      0.19830179516982507,
      0.2175315410589639,
      0.27100701313727,
      0.03496042771729463,
      0.15124213939152692,
      0.06710626789814884,
      0.11227202824780226,
      0.1861843755079582,
      0.03722140859983024,
      0.041713164565573224,
      0.22168599435559988,
      0.28934095877112154,
      0.21762415921993686,
      0.22006967950498615,
      0.020707822475957604,
      0.2223024303426944,
      0.02215732194071992,
      0.13200509537181535,
      0.12348464954489931,
      0.2117173158387127,
      0.1457464269969311,
      0.022415741824076928,
      0.06539431924133378,
      0.03338136062495156,
      0.2574945552833772,
      0.2934526221563823,
      0.24521118420092722,
      0.2797317102787034,
      0.19676589448119372,
      0.10882644081993433,
      0.006535477077097174,
      0.28065161053627047,
      0.2860667725697205,
      0.06244604800784256,
      0.17526063520663934,
      0.08509033642519086,
      0.03873524764302788,
      0.05016692790936532,
      0.13383303448817369,
      0.29233770778664653,
      0.2480808400079698,
      0.09491607652832881,
      0.2502696455454919,
      0.010419395186665537,
      0.298591154428042,
      0.0019171670850101962,
      0.17037687594649878,
      0.1298628397555247,
      0.08119300292776044,
      0.12687665854428573,
      0.22158744521562548,
      0.2717931510587803,
      0.1380512029399941,
      0.01883728333946336,
      0.2639946881661097,
      0.08520486381868002,
      0.06308381042988644,
      0.2723913924515997,
      0.060567172641851116,
      0.26152037747853685,
      0.20221953083850172,
      0.16525619978186032,
      0.03133863805185039,
      0.18610557982086443,
      0.0068036966713436505,
      0.10851732473401073,
      0.1507794941338303,
      0.21668495672518742,
      0.03315439529298914,
      0.09420214638694872,
      0.1685345205275243,
      0.0915467284455838,
      0.17760521899493623,
      0.18190996868209197,
      0.2930388871501903,
      0.025809462082238086,
      0.15163357165618227,
      0.06835788912797545,
      0.05151886969083539,
      0.04908770036733313,
      0.17467379583054932,
      0.17390976759798266,
      0.19900280997484907,
      0.29502918490885577,
      0.050680109695856214,
      0.17883011985609612,
      0.13538172616128044,
      0.033453965282410465,
      0.27894052587062645,
      0.27045200933771313,
      0.047236548660899214,
      0.22544722216469598,
      0.22360705965506542,
      0.2838039430799119,
      0.05137750120533275,
      0.23786973809949302,
      0.10688200167102252,
      0.2288507419535426,
      0.08880206829397226,
      0.07965414416657603,
      0.0128674661039487,
      0.13617170692551522,
      0.10973031148422925,
      0.2536774335294246,
      0.18504462685954745,
      0.04954617047251518,
      0.12305034974408402,
      0.0010499711789555331,
      0.18918261031787983,
      0.03820107576157248,
      0.2771145329240902,
      0.0862383048858155,
      0.21376682340800915,
      0.10885948503501344,
      0.059188240646194865,
      0.2420429869936968,
      0.18944072203981088,
      0.141345467880544,
      0.2153996356507052,
      0.11379348306260079,
      0.28559449697139316,
      0.07591016609936589,
      0.2673920161945434,
      0.09580938175128781,
      0.2524991761953444,
      0.12885766052244368,
      0.26522896844813393,
      0.12471104823446548,
      0.1178078444120002,
      0.018232745956342798,
      0.05707503400830035,
      0.16566649230819472,
      0.08192050381435267,
      0.1847348949268283,
      0.2754062019604841,
      0.17653546691028993,
      0.17400124688843904,
      0.07739795565034337,
      0.2925679224093842,
      0.2388176235009688,
      0.05907343504648601,
      0.28862785590292744,
      0.24247017015956063,
      0.04968132137656915,
      0.15984392606487327,
      0.1657614122876045,
      0.259864201704729,
      0.22261786619352258,
      0.09959189363447997,
      0.23033835403834144,
      0.07035515780990526,
      0.2749478352708379,
      0.09631245203614475,
      0.2091520467187403,
      0.01832675766276971,
      0.1006188092093648,
      0.18841303640737497,
      0.12797359664538902,
      0.057213972528793074,
      0.15220808180604484,
      0.09911484827488116,
      0.2315145618037767,
      0.10390992276915739,
      0.026993242205486743,
      0.07785217838192313,
      0.006958140758191089,
      0.04577486393046175,
      0.06604454483618155,
      0.06236177327298417,
      0.26659768444167026,
      0.05857243745578539,
      0.28848148292995235,
      0.10816129472800425,
      0.2660159802606059,
      0.062203301184495075,
      0.026552456061845708,
      0.11675271968899836,
      0.13597964592779208,
      0.07946149009393941,
      0.08594499809794344,
      0.17783955041764704,
      0.25723902492848394,
      0.19216037405122985,
      0.12351616281589423,
      0.20278395107637506,
      0.22314016152585978,
      0.19951235518087387,
      0.2894114703448624,
      0.17573946521235126,
      0.19055706063096206,
      0.1847123683379673,
      0.25868294719097273,
      0.06854944639361917,
      0.07078641020959282,
      0.12224817692238725,
      0.24335033091313493,
      0.2485405564138279,
      0.02557580729039901,
      0.025200289750061965,
      0.12192131913979115,
      0.11097525484267892,
      0.2943491985684014,
      0.1017044721246752,
      0.1809169316935775,
      0.15905123994378845,
      0.23638337714946397,
      0.18209609769810273,
      0.07361624360225756,
      0.06686946078657709,
      0.10853111225827822,
      0.004498542417213369,
      0.2832602936508503,
      0.14945811709887083,
      0.022616325253533454,
      0.2680873654233912,
      0.2547285732455991,
      0.12258097908655688,
      0.21030158998222212,
      0.11912485937667044,
      0.08481104851107901,
      0.1600820202144779,
      0.03728488090230455,
      0.1492316992635225,
      0.12015552538759251,
      0.2633646267319869,
      0.29037834552571645,
      0.27507266086370785,
      0.06550967696500029,
      0.2063548851789784,
      0.22936568169552388,
      0.2254344067988422,
      0.25213356587308455,
      0.001836806686478387,
      0.04910086855131592,
      0.036735464114123616,
      0.10279478109844968,
      0.20561110509093336,
      0.14630256643841025,
      0.17739958647895074,
      0.05460769025923543,
      0.24621565776548096,
      0.00726725593190185,
