{
  "horizon": 720,
  "granularity": 1,
  "priceSchema": [
    0.198,
    0.198,
    0.198,
    0.198,
    0.225,
    0.225,
    0.249,
    0.849,
    0.849,
    0.225,
    0.225,
    0.198
  ],
  "agents": {"h1": {
    "neighbors": [],
    "backgroundLoad": [
      0.11544783223325845,
      0.1189881366846899,
      0.14190470520527682,
      0.2466914340974434,
      0.28365635937495504,
      0.24732176584720894,
      0.06841508497434955,
      0.20288487117514728,
      0.16574645593958234,
      0.04395272902033893,
      0.0499256351124913,
      0.05815939857971052,
      0.23175795740565314,
      0.2424317269177947,
      0.12060329722465188,
      0.24620387269373117,
      0.14925797685066078,
      0.20270802010287836,
      0.08239298831104916,
      0.29113881396140134,
      0.08622261428649931,
      0.21698288291203868,
      0.08526822911326318,
      0.04108113328775674,
      0.1923029911275615,
      0.2981339507217816,
      0.27752588035841474,
      0.023062500295417298,
      0.050161048451261216,
      0.0057966273107851185,
      0.13627851678988204,
      0.1799437878008133,
      0.13575830651352003,
      0.05038950988660724,
      0.05856850237751821,
      0.10404345124922873,
      0.007640777061555559,
      0.09822416221737597,
      0.2282338721091663,
      0.13157241025494748,
      0.15083109125592772,
      0.001982609047400041,
      0.04080910761770301,
      0.16687898069835636,
      0.27129263259539216,
      0.06931388371115003,
      0.24476270417553714,
      0.10380136098466682,
      0.1976485057014318,
      0.019936813947047372,
      0.20006423812408491,
      0.2716543742873764,
      0.20369480174415275,
      0.2332892903182542,
      0.09902595836471834,
      0.08746662284527322,
      0.22461424837625796,
      0.2918266220534265,
      0.15780711500287672,
      0.06448250032489018,
      0.060801984026985896,
      0.009302156900211843,
      0.01767075240542285,
      0.2753064648853257,
      0.023727279535095302,
      0.21816490755215734,
      0.03322459887119073,
      0.2307910284799423,
      0.15362404179534875,
      0.291995822312492,
      0.20817026581478193,
      0.11416779837273172,
      0.08440805212344374,
      0.18524865508697863,
      0.002411628460540349,
      0.08834769572161123,
      0.16116166129471918,
      0.24881884835031762,
      0.28331237446152907,
      0.11825908017164005,
      0.15388458738774116,
      0.2743250150051662,
      0.19956123503235684,
      0.27491560352922717,
      0.13685741263922088,
      0.2117246283726332,
      0.05658207454740399,
      0.2658945199051257,
      0.2319496018026879,
      0.10495044560587323,
      0.12933378035331383,
      0.11005867264109191,
      0.299127000251882,
      0.021711136127546615,
      0.22827197630610377,
      0.06821966638494553,
      0.2163932174167972,
      0.09364715681838613,
      0.11989204115401346,
      0.29134786097700627,
      0.15671150642043252,
      0.017829962626933458,
      0.0947097679516357,
      0.015946492580047666,
      0.1635593797721611,
      0.04700375650719013,
      0.17828529983137534,
      0.01824589701204543,
      0.08404095368446474,
      0.18129541599851298,
      0.15325303623470335,
      0.16641479698074457,
      0.2029557111138875,
      0.07809270957269017,
      0.2305194324429822,
      0.2625276279952961,
      0.2565070413339462,
      0.2646328667351693,
      0.041905386193682614,
      0.15724131170800495,
      0.2948301729349684,
      0.11376015757224257,
      0.1574402467289162,
      0.01955326538420431,
      0.1994177295146504,
      0.1526631650532388,
      0.14889975930016,
      0.05886493025381738,
      0.2601825403838318,
      0.15635102313546514,
      0.015344064444943316,
      0.0461684456892576,
      0.214315837394595,
      0.24274502456014954,
      0.12491798897010951,
      0.07142708055843595,
      0.14034228276966695,
      0.05812906827491081,
      0.20247046910821428,
      0.2201110321095425,
      0.23942405010047108,
      0.1560315825695788,
      0.246262766503361,
      0.2708926037346725,
      0.008980735844049003,
      0.19136831446619051,
      0.007033578500161386,
      0.1836042322057914,
      0.11262123562309832,
      0.17667223675443186,
      0.12938306356877502,
      0.10488681543521113,
      0.24932818150640776,
      0.29781179220658166,
      0.036059317750153204,
      0.2871609977294997,
      0.23536902999452647,
      0.1572236459029372,
      0.007067713151204257,
      0.09441351323335136,
      0.17692126194727215,
      0.28655978946994765,
      0.29470070492638306,
      0.018654410808640543,
      0.02318354410595259,
      0.12152558783145545,
      0.004688035017559322,
      0.13300925877904002,
      0.17478528232302443,
      0.12261319230446975,
      0.13022857953020242,
      0.1490252071532423,
      0.24572628289987394,
      0.23065126018787108,
      0.26039431329713353,
      0.014282535928497353,
      0.11324962120743647,
      0.048343898860857534,
      0.17210842005593358,
      0.2901395073333493,
      0.2138118100931133,
      0.06945657929899969,
      0.20254077595904255,
      0.11776408781263353,
      0.09243244779067569,
      0.15838820204215096,
      0.2636060137609776,
      0.05663421484053268,
      0.17978928315595882,
      0.09219474396976975,
      0.2620406615360262,
      0.24450872195013876,
      0.1801172036426504,
      0.18005914591015212,
      0.2133411554243243,
      0.26066066083538353,
      0.10033260778568936,
      0.15121338474999937,
      0.049142870481963176,
      0.11263026661870773,
      0.07216168644338998,
      0.11488958434945358,
      0.20110290003329656,
      0.24012210820437244,
      0.2744700037037725,
      0.1172812290525847,
      0.18872424970744847,
      0.2940243569352583,
      0.2119524775194328,
      0.23271140139356838,
      0.07300165199033522,
      0.0012537090574097354,
      0.08030805602981425,
      0.2842709457067544,
      0.021775922109221413,
      0.23072149976738532,
      0.139364339374056,
      0.14446994535077454,
      0.2493742304748266,
      0.29212004835561484,
      0.19462756351465552,
      0.2259150938370774,
      0.13773558097539815,
      0.2222018183248894,
      0.07054883059882283,
      0.10756759823523564,
      0.083925366295459,
      0.246917943088302,
      0.26105341205096805,
      0.22913212204765399,
      0.2062777853727304,
      0.08465059416978284,
      0.13911809678349263,
      0.14301370348091777,
      0.09295126697134859,
      0.25577982010090017,
      0.18873568189505627,
      0.13228974560879142,
      0.29894455518017665,
      0.12364451360358975,
      0.0755067381286152,
      0.08298880269086491,
      0.25386993311632217,
      0.003960490431200281,
      0.07271506496764112,
      0.09318786522625865,
      0.23418369104490744,
      0.028535161993077506,
      0.25937826809833314,
      0.06647557645964619,
      0.024771969492614333,
      0.2633082156521776,
      0.15962629628166167,
      0.15800433318824664,
      0.07293339544152024,
      0.015490515881285315,
      0.12681351593072981,
      0.010864547928040535,
      0.015381421193245325,
      0.13030726320463043,
      0.1327675165304672,
      0.16416854088112479,
      0.2506836709314864,
      0.2716592915924369,
      0.17775243785886288,
      0.20118570867972319,
      0.09531189771226585,
      0.15726250303319203,
      0.16474161729706305,
      0.14430163227554257,
      0.29240144999112583,
      0.2620913553544116,
      0.21386575241414016,
      0.059255338021250055,
      0.18649691914080585,
      0.13028647963592138,
      0.09956787854945069,
      0.24021480010084245,
      0.07824160839006623,
      0.2782324095327172,
      0.16872863172694783,
      0.18221540259916982,
      0.02512504324068836,
      0.024829091614709642,
      0.10786903165850033,
      0.18387254424527508,
      0.19931348771557342,
      0.14182551781340272,
