{
  "horizon": 720,
  "granularity": 1,
  "priceSchema": [
    0.198,
    0.198,
    0.198,
    0.198,
    0.225,
    0.225,
    0.249,
    0.849,
    0.849,
    0.225,
    0.225,
    0.198
  ],
  "agents": {"h1": {
    "neighbors": [],
    "backgroundLoad": [
      0.2830386985820386,
      0.2870994735970556,
      0.28159008521843265,
      0.08162020473088934,
      0.20526628334733113,
      0.228553166960342,
      0.29572522065024726,
      0.057758324555603945,
      0.14667757665624784,
      0.08831793210517995,
      0.29215524202877546,
      0.25155947866546496,
      0.054708743713988116,
      0.14641531323681198,
      0.19439699735297553,
      0.19808158827095684,
      0.0730499565691811,
      0.20161922623134826,
      0.22497787745645412,
      0.06505297326459479,
      0.08501093212199941,
      0.005757838307987773,
      0.024574297524903532,
      0.06231929518641067,
      0.13279351016169666,
      0.08481259937321725,
      0.18709086571518038,
      0.27598767929848356,
      0.20302743912847282,
      0.040995036813732046,
      0.0035378033087710924,
      0.1618807306595364,
      0.021256629330398756,
      0.11575553477155454,
      0.22901205824148627,
      0.2928267448084801,
      0.08664327624886599,
      0.10912292979244219,
      0.029828901769266655,
      0.2797475623436654,
      0.17848806401598052,
      0.14050962734849115,
      0.14182567151390907,
      0.16351057801541538,
      0.09258010705908566,
      0.22722712098868122,
      0.2628713575115178,
      0.04335985062567684,
      0.002476427982426066,
      0.19892805867185992,
      0.040985161656419265,
      0.20711223744188756,
      0.08600863809024065,
      0.27321994762352136,
      0.1877378112544688,
      0.2772394018258234,
      0.20772018175418044,
      0.06116554312864128,
      0.1111450785848593,
      0.24074100618080502,
      0.06257398833684485,
      0.2437748437290116,
      0.25211120489047534,
      0.1318125552243628,
      0.2389640194922209,
      0.2406985587245588,
      0.17519846688351756,
      0.19339096730372962,
      0.21018394281838498,
      0.14461694845170128,
      0.05077161794737265,
      0.2761453542327364,
      0.20869058607833565,
      0.0397864940303251,
      0.16808725489136836,
      0.0032255727242271547,
      0.025891350233024236,
      0.010933995871384106,
      0.18068070187213703,
      0.22149166648814175,
      0.02798482503504942,
      0.01723194130136649,
      0.06576347240952753,
      0.14640266997180432,
      0.158412971052265,
      0.22450161093682883,
      0.19573615246381745,
      0.023969324521321233,
      0.177854991205735,
      0.09994656721643957,
      0.06330765933665297,
      0.008175104963518842,
      0.2921235363868295,
      0.08502564252625446,
      0.029142335015716503,
      0.2838256100673785,
      0.023644301165747526,
      0.06615477855875866,
      0.21508509912995227,
      0.21450864027020733,
      0.2193128752128864,
      0.25958592563451344,
      0.05464880405608847,
      0.24807817756623265,
      0.09397372466792789,
      0.1733314197283031,
      0.08078386433158098,
      0.06110293760267954,
      0.011139554701974818,
      0.15087521402654433,
      0.19440645816122729,
      0.28602126325265936,
      0.1715852099205794,
      0.26834913860508525,
      0.14852766235022383,
      0.03435338803040117,
      0.2090599535338922,
      0.1823116495448194,
      0.25343628234709076,
      0.2645246351405157,
      0.15788276873220894,
      0.2360980088935143,
      0.06969363546244617,
      0.25638865735554933,
      0.14018245159108436,
      0.13518193382366367,
      0.2272531064996588,
      0.07367683181945724,
      0.12998330159797053,
      0.18663196231788173,
      0.16246196640257585,
      0.23924532379888816,
      0.12083823648146891,
      0.11002386203922629,
      0.09502821770573958,
      0.27828530465911977,
      0.06319358165195549,
      0.17564528707253388,
      0.2679756581843277,
      0.057905419405544944,
      0.07661184436981143,
      0.23329061680984609,
      0.03365838097780741,
      0.1749703665957949,
      0.1312839960673466,
      0.07679586289529192,
      0.03735274317139629,
      0.2960222124990146,
      0.2560101285726114,
      0.275653626567165,
      0.1881010735526929,
      0.263778621489505,
      0.15144714288399175,
      0.04427128293191156,
      0.0646576597855692,
      0.0899741583589316,
      0.10604682709477911,
      0.0329764238643784,
      0.2211262560192375,
      0.11752767429666167,
      0.07371613731168424,
      0.026217664514655126,
      0.12453477180694249,
      0.2796094904739776,
      0.1346318599245042,
      0.28183375006095135,
      0.18575154717286518,
      0.011013711051352836,
      2.4643624430639163E-4,
      0.03634023922865751,
      0.266836861786607,
      0.26305222227374375,
      0.2626634588786749,
      0.06563292346013601,
      0.11698036906485382,
      0.06681914222532048,
      0.2138612262528588,
      0.08279386271697071,
      0.08645049134307016,
      0.09991084913746669,
      0.09886452107111755,
      0.14654800015676223,
      0.17330222365025522,
      0.23734960754045364,
      0.1205614520788075,
      0.02345550539084219,
      0.20375878716726029,
      0.12600620433543328,
      0.1672034370712534,
      0.22758228489777982,
      0.0052878188618581175,
      0.17875585259286772,
      0.29365519560612763,
      0.08192648020717264,
      0.22425994925173734,
      0.0387620687980872,
      0.016161707075037345,
      0.2787618085484253,
      0.2544342325148694,
      0.17787092771392987,
      0.005555617261982581,
      0.1910655303546919,
      0.0956770798664809,
      0.25479562153370555,
      0.010698809296915123,
      0.054405932967963755,
      0.27515176539415964,
      0.2560787511151874,
      0.09257005487458393,
      0.05034524607618761,
      0.19811468180626926,
      0.13023459437489018,
      0.29880374789908176,
      0.12798075493982947,
      0.18864682077824432,
      0.16687330687425483,
      0.24340753837220055,
      0.13478844451909852,
      0.2545028355251118,
      0.16190258488221618,
      0.18357713535573136,
      0.1259032199411397,
      0.26763478448643485,
      0.13112582826673047,
      0.03739625247236863,
      0.19794477636881447,
      0.08305622928955676,
      0.09577849697709151,
      0.1738309126395228,
      0.2047357857844615,
      0.006606572703256796,
      0.05841110261843402,
      0.26163960330396113,
      0.28975848992488784,
      0.1689665442486868,
      0.14303907042615233,
      0.11325114970034417,
      0.26547724868829503,
      0.26463594844740695,
      0.2912587150216424,
      0.10168311527189423,
      0.003138936489045185,
      0.16849720325799145,
      0.07292812730115043,
      0.08858810785648903,
      0.05682469849147872,
      0.16123068343465644,
      0.0643045808792553,
      0.16104237517545547,
      0.19572696835380585,
      0.22975449934047254,
      0.09668376182481682,
      0.2348921690014248,
      0.132173119582125,
      0.04490831287287504,
      0.11656050586031089,
      0.1752223339951867,
      0.20191423183368676,
      0.25623161974778746,
      0.2648707673067568,
      0.2724118863770788,
      0.0648878762873888,
      0.23935752220316006,
      0.06196079112386449,
      0.2024874771424315,
      0.24125316145930042,
      0.269423078808178,
      0.28236587605525965,
      0.22270699925071613,
      0.030043860076544724,
      0.11598548545913134,
      0.12326326751508551,
      0.2920445341766567,
      0.1771201135308399,
      0.10670362077543274,
      0.07628562046000253,
      0.28687206292585954,
      0.08269263272277973,
      0.0010013668404931452,
      0.20238384206481336,
      0.13878348921964678,
      0.03245386677713491,
      0.2923807157372665,
      0.21828380818980872,
      0.17246021868456998,
      0.0661187921351133,
      0.2308713500633437,
      0.1472336452058773,
