{
  "horizon": 720,
  "granularity": 1,
  "priceSchema": [
    0.198,
    0.198,
    0.198,
    0.198,
    0.225,
    0.225,
    0.249,
    0.849,
    0.849,
    0.225,
    0.225,
    0.198
  ],
  "agents": {"h1": {
    "neighbors": [],
    "backgroundLoad": [
      0.0188357215340462,
      0.0804289161014676,
      0.20006642410441278,
      0.18582186648789137,
      0.15413844524741102,
      0.20445247041817569,
      0.06575737848724064,
      0.012808206339302653,
      0.033642149051513304,
      0.11733865706268815,
      0.022386083716853956,
      0.1958817270948434,
      0.1965398122631757,
      0.054176820272683376,
      0.18723854569674267,
      0.19187305353798412,
      0.1418110905635742,
      0.059707257481808905,
      0.01078911464419574,
      0.08025592313069486,
      0.030106985061792522,
      0.16394113477230213,
      0.08125980981926488,
      0.06309026465452906,
      0.02103040454211319,
      0.10137480753784964,
      0.05512515198025697,
      0.07412318816485318,
      0.06511236718001476,
      0.24323318206594474,
      0.06881738112961652,
      0.11820868888468182,
      0.23253952861545982,
      0.0957228423684359,
      0.0023590102760617016,
      0.24315919822505566,
      0.2884374048984388,
      0.25748419486667434,
      0.20663065370651135,
      0.12442710695665522,
      0.2469202912512053,
      0.18822954917535198,
      0.0031228857759798665,
      0.2526914357078601,
      0.024298293319358677,
      0.2651534660977561,
      0.152210603908382,
      0.13540851164817766,
      0.04332456225391355,
      0.02286855635778231,
      0.14146577893932363,
      0.28203445620727946,
      0.19596717537460925,
      0.28215016824388034,
      0.06399043007733309,
      0.11398024763485588,
      0.14241385608837662,
      0.16040089423731752,
      0.2791614117706433,
      0.2957897152061254,
      0.12863357253925584,
      0.14013346599634194,
      0.24215166852375772,
      0.02650447468495748,
      0.19451101249903727,
      0.13322911765753656,
      0.24544250492476927,
      0.2436158669277286,
      0.13370609736229266,
      0.24138344062444148,
      0.1337290744617203,
      0.23225975506360255,
      0.2989807861775566,
      0.05949313627464183,
      0.034054694886669276,
      0.15316671017934744,
      0.1575737482911929,
      0.069660757794383,
      0.2316229849004191,
      0.03959012411527293,
      0.13515392071563043,
      0.19986018053733778,
      0.2544664809093546,
      0.14841773328875854,
      0.17175226476140262,
      0.14525995045182247,
      0.15754808565523815,
      0.050345252317271424,
      0.03496485442712009,
      0.1330688196161752,
      0.28430682941697605,
      0.09294436969276927,
      0.0816440151982705,
      0.16611783224413665,
      0.2694627824244715,
      0.23939394245247572,
      0.22451734949819138,
      0.18295365850070347,
      0.2916582268764789,
      0.16024665275951247,
      0.10299167996975998,
      0.18667295896814745,
      0.25572576151295145,
      0.029732301656768566,
      0.27325783659505487,
      0.0563352725199783,
      0.027726618560125902,
      0.22873707804548582,
      0.06874955683200465,
      0.2913587159368048,
      0.02430620099424984,
      0.08035865875012348,
      0.09565527391424378,
      0.02995975161015577,
      0.2995500470854773,
      0.29451245220442257,
      0.26245099424281715,
      0.26073377268494224,
      0.09211956315165006,
      0.26875089833932314,
      0.014448321101625316,
      0.16172111053052823,
      0.03888467509701989,
      0.24609379892935662,
      0.2914213287765966,
      0.2773076090384383,
      0.18611661334461405,
      0.10934541640951265,
      0.0625054319848606,
      0.20723633399148284,
      0.18974123081598915,
      0.11905656761382405,
      0.14679450307497513,
      0.10269113784040518,
      0.07373161279318644,
      0.042869631365216175,
      0.2883357974033496,
      0.25833080574497513,
      0.025981821734561903,
      0.05488028408604427,
      0.19193343113357839,
      0.26878421893757054,
      0.012316154756020813,
      0.19683894927085002,
      0.055191788176133884,
      0.07307502320601975,
      0.1615063655801426,
      0.11353133819300795,
      0.2544439512040504,
      0.21733373613625936,
      0.1425401213957642,
      0.1949604694252176,
      0.07929342179816397,
      0.14036674857155065,
      0.240785159990649,
      0.07017579881873195,
      0.07437560937800032,
      0.1182411806907111,
      0.2680134757544178,
      0.09105249661165131,
      0.08880036926658502,
      0.09195711429829741,
      0.28588731949859775,
      0.08651706966279607,
      0.2448387469930478,
      0.18988801970039784,
      0.23595923976510502,
      0.11409212278717773,
      0.110086492742962,
      0.2468886774711448,
      0.0033461684983841834,
      0.1409136290979601,
      0.12268856765156748,
      0.22469088001659399,
      0.2636465124831434,
      0.22809351782725587,
      0.26627492669375696,
      0.15617617484694574,
      0.1914159851242645,
      0.16617795299551513,
      0.1788575611217816,
      0.07251276688959447,
      0.29981991534622526,
      0.004834042977723207,
      0.2523734274176522,
      0.2835559275461058,
      0.07992739833468847,
      0.1427226775070576,
      0.14874624512323828,
      0.17053304906258987,
      0.047999263398955085,
      0.1438958299377974,
      0.07815348649609531,
      0.14129668498509707,
      0.2288348258195472,
      0.1727183136951554,
      0.17429056145415386,
      0.10564239224858611,
      0.0410119292867538,
      0.1371755084333395,
      0.28631300576256397,
      0.21360008807089612,
      0.07493798076839235,
      0.13193082598379785,
      0.003973825103674733,
      0.21643952724055368,
      0.2985504411075356,
      0.12416126363768437,
      0.07427563748967493,
      0.22092228327913258,
      0.19977597087138485,
      0.10319283396280898,
      0.02692089729832201,
      0.2413958667528824,
      0.06266922608092519,
      0.026583953303423356,
      0.004355344717225551,
      0.2548383115313573,
      0.29919441347242903,
      0.20839839007421204,
      0.29089294314439584,
      0.2660398384398048,
      0.07954546610893148,
      0.08744601945209526,
      0.1045039552375822,
      0.02839249877563844,
      0.2681779718518115,
      0.2910785173478775,
      0.08183164572680254,
      0.26880122899370307,
      0.04201788275259497,
      0.14834103702879656,
      0.28038018688469923,
      0.24940118027502506,
      0.11692957075495686,
      0.06953900648596809,
      0.024960865437012668,
      0.25144270293198007,
      0.2854584496699699,
      0.036346419523191884,
      0.028663447443173073,
      0.14314908855821268,
      0.1970097127526292,
      0.22754391462293366,
      0.2251178906487187,
      0.08836655170473409,
      0.12014544740381908,
      0.2916399113222897,
      0.05804528041075978,
      0.25304819463780026,
      0.29649246626910286,
      0.1067688897807987,
      0.1428798467044719,
      0.09794433652580192,
      0.18045352604385986,
      0.16352358545220227,
      0.13095158337723478,
      0.059242291892869454,
      0.015141915064905719,
      0.023144037495166546,
      0.2192143424762947,
      0.18544102680141855,
      0.2476693073492049,
      0.10545813188962418,
      0.13904632247698448,
      0.2004962731342756,
      0.22638214327450515,
      0.20299304696714474,
      0.11352144137683813,
      0.14138738914409968,
      0.19065953395255114,
      0.014984897991949641,
      0.012613195090887408,
      0.17142672303714224,
      0.21916070265317436,
      0.1848663233219803,
      0.07900837918804673,
      8.456526720257651E-4,
      0.11445193246626678,
      0.28997548349235897,
      0.1888566444252475,
      0.020461224210616625,
      0.09746286929030917,
      0.1177185129099218,
      0.15239322851140122,
      0.07403119520294145,
      0.052022751759766284,
      0.0295828691411517,
