{
  "horizon": 720,
  "granularity": 1,
  "priceSchema": [
    0.198,
    0.198,
    0.198,
    0.198,
    0.225,
    0.225,
    0.249,
    0.849,
    0.849,
    0.225,
    0.225,
    0.198
  ],
  "agents": {"h1": {
    "neighbors": [],
    "backgroundLoad": [
      0.044751026594431996,
      0.27960057532475713,
      0.16340569348895687,
      0.10984193764327478,
      0.0763324102620419,
      0.26488544000722897,
      0.14837017053199478,
      0.058169635354110336,
      0.11818879008899505,
      0.25897175446250953,
      0.15800547377945912,
      0.2276647928660516,
      0.2110226293562852,
      0.21089848363574396,
      0.18211439400131582,
      0.08086581439582949,
      0.08280601669004306,
      0.07710929903457765,
      0.13951662914915014,
      0.1680060546914492,
      0.27861019179083435,
      0.24889021902350505,
      0.21387179746675153,
      0.167431503888997,
      0.1907633447438353,
      0.08197651736357185,
      0.08615137587271489,
      0.10730727207614596,
      0.19682146933937675,
      0.1868158436016208,
      0.23360383825729347,
      0.16173126455283718,
      0.0070171913543615625,
      0.027127556252998817,
      0.15968715011017603,
      0.06846282762139079,
      0.2257416015152186,
      0.23427497389230884,
      0.14627789118695422,
      0.1026587315138425,
      0.2980249856265693,
      0.2020131504442225,
      0.054860972405977156,
      0.06941096774891235,
      0.21727012781317687,
      0.2712205296460021,
      0.09797380925494324,
      0.006544680127963887,
      0.17201524409311045,
      0.11995778309926439,
      0.25400905696814313,
      0.21808229625363912,
      0.21174787504490825,
      0.223248175434246,
      0.14875246503272654,
      0.07301827605457004,
      0.008225831747996503,
      0.031679536871213686,
      0.07765335807146503,
      0.058271180893012586,
      0.13890830203305204,
      0.2543537663544775,
      0.2396200703972547,
      0.2510850026460794,
      0.2644457572205577,
      0.19251967679156823,
      0.09763793024489836,
      0.13401336043046283,
      0.20220249682354463,
      0.2793489048608086,
      0.10984703179361467,
      0.04546920053825935,
      0.2850135525989786,
      0.09827854168821247,
      0.08947631013757673,
      0.20787939980300982,
      0.13326459033720037,
      0.09588202473009312,
      0.12491045119345145,
      0.1014632798767579,
      0.28061331531276423,
      0.08303034178886869,
      0.29017461118402393,
      0.11534580107685782,
      0.13173174371311921,
      0.2284158938176442,
      0.1702924350475683,
      0.12860892627619921,
      0.10494964405913582,
      0.0628247624637501,
      0.1253817994617522,
      0.13526378137098316,
      0.2341572358965554,
      0.055627044303616355,
      0.0700261612907935,
      0.07987849064991039,
      0.2693934420542587,
      0.028388306379405603,
      0.24386644165263804,
      0.20781517032245275,
      0.06042167650814958,
      0.19508859876660892,
      0.0381256485323299,
      0.22244982998211257,
      0.2556371314873923,
      0.011006824674121184,
      0.1793002333756264,
      0.09869894902225472,
      0.06231331683448966,
      0.16461060057673707,
      9.752374671240238E-4,
      0.2429016122204632,
      0.07090619103612701,
      0.04330114140219175,
      0.007452024464434336,
      0.17426946255842735,
      0.2096462103339047,
      0.19043318111723798,
      0.27377539875431683,
      0.1978775101137945,
      0.10152534318663435,
      0.015997358289032492,
      0.08456175567379759,
      0.11890240187634227,
      0.159331680305991,
      0.29410434154340387,
      0.19956100757352327,
      0.279368542988212,
      0.15571009529423088,
      0.2785584509331196,
      0.019798878496215443,
      0.14748832948404697,
      0.25811386088015087,
      0.021538544874952537,
      0.28830062997957273,
      0.009521419118962227,
      0.11159607881325366,
      0.23762533704430114,
      0.18487984279230837,
      0.1919372982129944,
      0.042856400189770834,
      0.08868814189049176,
      0.1029926893856834,
      0.2771705298570966,
      0.1592833033571859,
      0.08027677073374855,
      0.22632095571509647,
      0.024287074015419095,
      0.18641824527505405,
      0.15993573007101244,
      0.1888668409794169,
      0.23776691159982782,
      0.010243487790984862,
      0.012587530160302585,
      0.015041854198799475,
      0.02591177952282564,
      0.17056585368245225,
      0.008794598276049026,
      0.27828033449152123,
      0.24998578357166998,
      0.17500725666273123,
      0.08222164423262272,
      0.2817715399374942,
      0.15794736601582354,
      0.054108285183194216,
      0.10517487654057085,
      0.14775019707487536,
      0.01847109269656446,
      6.774799274338328E-4,
      0.13551620867885084,
      0.21519090758168266,
      0.12045557593115182,
      0.10134742842110453,
      0.2794218796782214,
      0.25582785540947905,
      0.0965533369057938,
      0.1376188558477804,
      0.1967447031247691,
      0.02896635121524886,
      0.0010159054063989758,
      0.03601503088720326,
      0.16830011981626483,
      0.08271126495750016,
      0.19169542383317142,
      0.2975990014280432,
      0.11781128584974386,
      0.08405497314994838,
      0.24261169640913652,
      0.25577964161494354,
      0.15547777641782826,
      0.2241038859514997,
      0.29010957065229825,
      0.14685568968342924,
      0.01657098322337246,
      0.19714775265014015,
      0.21837206093979242,
      0.2978746516532248,
      0.12695847842255442,
      0.11056661814091318,
      0.2404893498348823,
      0.15410933459547235,
      0.1929973528069814,
      0.19321020984934656,
      0.28409615756663054,
      0.06339595016825382,
      0.07428518140271852,
      0.037288108835929444,
      0.26268301327883553,
      0.07303558816008661,
      0.10268487713618779,
      0.16562861853574326,
      0.26920381310019487,
      0.22065099463178367,
      0.02528845574028301,
      0.18081987456361123,
      0.012772999133161211,
      0.15736582409944858,
      0.07003675263269755,
      0.18249115776262112,
      0.136669030615838,
      0.2893519906955454,
      0.09694222005763305,
      0.07802799539252737,
      0.025815646345406416,
      0.2617846687522879,
      0.2988325080457537,
      0.193833901767875,
      0.13421300760853713,
      0.12908065815052505,
      0.11512286189761463,
      0.11373246541513264,
      0.20034075617297117,
      0.047828067122706805,
      4.583519508629563E-4,
      0.24029882876319764,
      0.1711757318183283,
      0.15085470303833257,
      0.1630144533306337,
      8.90192443480653E-4,
      0.2163434702077331,
      0.09390241807969403,
      0.13650582479415616,
      0.24751007284809443,
      0.21882840507165383,
      0.182817103793412,
      0.21844991357352883,
      0.03781437481794081,
      0.10056158670294678,
      0.2786226106503623,
      0.24579247848622335,
      0.24270588691844514,
      0.28301226218542763,
      0.14850865232862356,
      0.12449265950476805,
      0.2908545864672332,
      0.27140753267350864,
      0.002481207914052108,
      0.2671695482915193,
      0.030633524279920686,
      0.2609780963799258,
      0.08234661620489793,
      0.2857003972677982,
      0.29994305456561887,
      0.04946740655643208,
      0.06903596277302672,
      0.16847050209058154,
      0.10759557715798825,
      0.10092422805579235,
      0.27095864532794167,
      0.041579592291012275,
      0.22093806872378013,
      0.23018713825719322,
      0.07858692932887466,
      0.20262157459238012,
      0.08740728079032077,
      0.2340092537142027,
      0.24961362858122682,
      0.22626205587014578,
      0.18899246017468713,
      0.26253035565033495,
      0.07599493731307617,
      0.1572445501272744,
      0.1050568647958399,
      0.14669138812686652,
      0.12134233161826462,
      0.0926517399020236,
      0.2664391512261007,
      0.24982379165014085,
