{
  "horizon": 720,
  "granularity": 1,
  "priceSchema": [
    0.198,
    0.198,
    0.198,
    0.198,
    0.225,
    0.225,
    0.249,
    0.849,
    0.849,
    0.225,
    0.225,
    0.198
  ],
  "agents": {"h1": {
    "neighbors": [],
    "backgroundLoad": [
      0.10596414347419347,
      0.13287917206011254,
      0.15550490325164115,
      0.2592199880696177,
      0.2385799322387925,
      0.025372871448157485,
      0.16695010594096557,
      0.12417046490228724,
      0.1458013399042417,
      0.14193227556462298,
      0.10794446763861189,
      0.23753419057578792,
      0.2695140804558908,
      0.182233572724391,
      0.22116119127297296,
      0.016678576537116695,
      0.22409940218708715,
      0.012732885909726021,
      0.0195981691268723,
      0.20790309699165613,
      0.2177446735035063,
      0.18238021737162233,
      0.0838190519751499,
      0.1601590283502653,
      0.18443476045833324,
      0.07340529848338948,
      0.03543597862661061,
      0.13555563992594682,
      0.19061806475496715,
      0.1575821642831411,
      0.017068803573451783,
      2.4602756732157173E-4,
      0.15927070490023945,
      0.26646032178478185,
      0.22753132091959327,
      0.07055851415033405,
      0.07705268122836353,
      0.1411622624216862,
      0.12945181272282794,
      0.20653447539077838,
      0.22583731973864643,
      0.10808459821711952,
      0.2844575564992466,
      0.012713128883998292,
      0.17292744114803812,
      0.06669157490844893,
      0.12397945376423254,
      0.15898641448018633,
      0.21758093441839357,
      0.005116118649427559,
      0.017176916656720574,
      0.012957009697436605,
      0.2183401226275616,
      0.12636010392552974,
      0.14478062522361237,
      0.003240413057164848,
      0.19431436726606918,
      0.04744074608943683,
      0.15386940663931845,
      0.1490900652939435,
      0.14681078655776944,
      0.15389892506723224,
      0.05673536213479763,
      0.10580365302125656,
      0.08184449352228654,
      0.26945482845278257,
      0.03419648155500251,
      0.14828512190269635,
      0.09509132285092362,
      0.2568392514824596,
      0.09591621155408685,
      0.15528929629987928,
      0.04289747875754359,
      0.1953740516683963,
      0.2854056712348539,
      0.11558329938584645,
      0.19252746821329667,
      0.13243816094247837,
      0.12974411347111545,
      0.12952380176273864,
      0.019290482852464052,
      0.09933897826314156,
      0.12502460525149833,
      0.2337257551164184,
      0.07566944232321345,
      0.05828079498381515,
      0.21032812448086052,
      0.09713346087118709,
      0.1707237611639811,
      0.127014565160774,
      0.058846804624282587,
      0.1634710750168464,
      0.16777842115031494,
      0.09962951595045573,
      0.0066968203171767545,
      0.08231971484559183,
      0.01051531765833028,
      0.17786275943213473,
      0.1836967491809929,
      0.19376866886911892,
      0.14864365233638563,
      0.2907353705287487,
      0.2709311770066476,
      0.27772453494250865,
      0.022038965085244975,
      0.03719703502527692,
      0.013307839696526524,
      0.08999023586246004,
      0.03556900194090857,
      0.18703247547639915,
      0.1135682959872998,
      0.20969138179863242,
      0.14703799798473075,
      0.0871725290902189,
      0.11691725253954965,
      0.13820739091760292,
      0.166870576415833,
      0.2641535166215269,
      0.27553401901012015,
      0.03657012678193635,
      0.2527189925479478,
      0.16428145392496507,
      0.07011241297549621,
      0.016505654096422604,
      0.023259251051434837,
      0.2886775812459803,
      0.020632882723405344,
      0.09807881218618385,
      0.05867067216926714,
      0.19720338394186634,
      0.16799967327403642,
      0.1450638608826229,
      0.024491307637807602,
      0.08599386860791766,
      0.07984734693362644,
      0.07998400986744517,
      0.2347184791423587,
      0.16218192177199983,
      0.28770530585509135,
      0.23257865249978968,
      0.07444372714206098,
      0.19113309440773898,
      0.2672850836259293,
      0.12156053604551208,
      0.11154069296767162,
      0.29433662378792635,
      0.17465147480640122,
      0.07825342198293332,
      0.015368574378865095,
      0.28084419622374707,
      0.05843691880571724,
      0.042525060039627215,
      0.09806684798565865,
      0.10392733200116251,
      0.2758826412199277,
      0.07630375082810233,
      0.11631239370715007,
      0.04640720469876986,
      0.03364942701055407,
      0.2696273910023186,
      0.07988933840945345,
      0.2242893308535098,
      0.15281502912589498,
      0.20442472090584785,
      0.044262806714804925,
      0.07923430540025152,
      0.19897623507647239,
      0.035012567863285216,
      0.15244660397185336,
      0.13889098755581528,
      0.23969590703413937,
      0.28010688773012316,
      0.04865007379607589,
      0.10228180436581785,
      0.1384296949663596,
      0.16831439433436396,
      0.08412848272868637,
      0.04021164777724938,
      0.1556092164308915,
      0.09728256129902547,
      0.011641522652088131,
      0.23408503461780683,
      0.184668752276786,
      0.2890689170344297,
      0.15785455667443318,
      0.098840656067633,
      0.06727588680838781,
      0.023706277132060558,
      0.2637761444049755,
      0.0665200926670427,
      0.09351694318973101,
      0.07585499899102584,
      0.2718325097727534,
      0.21311537410480072,
      0.16514310437771926,
      0.2583492260861144,
      0.2835936608517284,
      0.2431644304484753,
      0.08378873436669756,
      0.025248922639908276,
      0.07495593097754762,
      0.21313500560363194,
      0.15613322364530635,
      0.1370797268768719,
      0.08405057060755038,
      0.11212744289660305,
      0.15139192859904524,
      0.16717746676328327,
      0.21110763691874193,
      0.028807568266002392,
      0.07131983785812154,
      0.21580156479669863,
      0.029569176997286693,
      0.24728857504111895,
      0.2048452516292115,
      0.2073758920641291,
      0.29496624377628894,
      0.18633644819596276,
      0.23418314852355002,
      0.08088789589721135,
      0.2682042900742581,
      0.06483657324959778,
      0.07816005836332958,
      0.14421896039841076,
      0.011985821701481903,
      0.1714393050270715,
      0.26408958790344444,
      0.20184711319761992,
      0.2914126985656215,
      0.1543057585692423,
      0.10513249049913473,
      0.10840926290944862,
      0.11718102108675682,
      0.14571034382056317,
      0.29381244458307015,
      0.02373647909000306,
      0.1345408830983672,
      0.25490416219599304,
      0.2056648683347559,
      0.0668257204346019,
      0.002529358628944156,
      0.2436997422317282,
      0.20970275200156432,
      0.2009572705391003,
      0.16447581656832275,
      0.08883402614984909,
      0.24925557223492195,
      0.12520066558310455,
      0.2723388005380359,
      0.012764702871851774,
      0.23604808032901922,
      0.19639794378116537,
      0.16481648059800505,
      0.1524113483994177,
      0.2449239694139707,
      0.2854774960872078,
      0.2595372990888321,
      0.23923316824745064,
      0.13012278104261585,
      0.11509974856087402,
      0.09031486154094899,
      0.19339884157592924,
      0.2126194384872669,
      0.01679659559184423,
      0.2158280443580054,
      0.19029614641787332,
      0.17366153793724318,
      0.04635923807371173,
      0.11642090272643824,
      0.21848450403392936,
      0.020067571542383856,
      0.10524873654589066,
      0.20277636028765259,
      0.10791383801147521,
      0.0318311626562874,
      0.048559055957863584,
      0.199006658640989,
      0.14797307713297822,
      0.029905944612257217,
      0.1968932347956103,
      0.24660314572198058,
      0.0386815261269756,
      0.19691187066933472,
      0.13195418603965,
      0.23083204450335693,
      0.24605805801763944,
      0.04413218585437477,
      0.08826498196633294,
