{
  "horizon": 720,
  "granularity": 1,
  "priceSchema": [
    0.198,
    0.198,
    0.198,
    0.198,
    0.225,
    0.225,
    0.249,
    0.849,
    0.849,
    0.225,
    0.225,
    0.198
  ],
  "agents": {"h1": {
    "neighbors": [],
    "backgroundLoad": [
      0.08677912545445961,
      0.14278686221973322,
      0.21435594237596559,
      0.24483341518210974,
      0.2518614605496305,
      0.24478114806389442,
      0.15421122175957247,
      0.15738812131654498,
      0.19023371205988204,
      0.1209268824636418,
      0.10178093085850189,
      0.26710441978884125,
      0.19958041204165552,
      0.0037707710023092145,
      0.08587304759504823,
      0.175050433332686,
      0.1847618809224888,
      0.058808081245603945,
      0.031243573790587585,
      0.23692910125054534,
      0.1896868679119621,
      0.14633201870939805,
      0.06985285063386883,
      0.1933198739917142,
      0.2777449265703726,
      0.013693936170550125,
      0.05490276491468675,
      0.032386396496554955,
      0.2295978755419255,
      0.127905494318863,
      0.1604814813463464,
      0.11732527786157304,
      0.2664572884073185,
      0.01732950075584917,
      0.2549486774098516,
      0.28344501311341924,
      0.20929273788745112,
      0.07325594862061845,
      0.1835014801184318,
      0.19336513182074944,
      0.07883985246814817,
      0.12309520014733893,
      2.9940244325661337E-4,
      0.025540375477203812,
      0.10769985552649174,
      0.1237175773995602,
      0.29738588511229636,
      0.22986376138955641,
      0.1418568853062347,
      0.22219288443641752,
      0.14797672101669634,
      0.24866500300637784,
      0.29962832162611397,
      0.2785956466891706,
      0.13286868165292395,
      0.14249068482122637,
      0.26176791737697047,
      0.098039025984458,
      0.04529968764492757,
      0.2589137623223955,
      0.18676243144214677,
      0.2582599481680422,
      0.19347882504849034,
      0.20659884276534912,
      0.1514940973042155,
      0.20736334323473957,
      0.16182723200417454,
      0.11376995175587645,
      0.25079163540950056,
      0.03809015894695753,
      0.07827275145418978,
      0.12411193305866453,
      0.15001855549227353,
      0.2171374243662849,
      0.21067377472611734,
      0.29652803948991613,
      0.09180919599819248,
      0.19908075712009826,
      0.2767869648584622,
      0.22895853245634556,
      0.05438166463089706,
      0.15310746629801847,
      0.20054408307744437,
      0.19551744959060238,
      0.033814244043890426,
      0.09366110090292883,
      0.16686471224963864,
      0.028054483239104897,
      0.17553040986908705,
      0.260665612263898,
      0.2848662753936004,
      0.26735468847489186,
      0.2069621935089422,
      0.08657393879257795,
      0.2513362960732488,
      0.07489997102334686,
      0.2183439027235266,
      0.26742257135329844,
      0.1919058772502026,
      0.11835742568835313,
      0.2942840434464704,
      0.16925418741710793,
      0.07989893971732027,
      0.23184159590003756,
      0.07723546443848998,
      0.0418301799344827,
      0.2936654441929894,
      0.01668605475864878,
      0.05593346369963248,
      0.08925890232193422,
      0.21090039278482314,
      0.17161140881601475,
      0.01480934072134956,
      0.2628606589521324,
      0.12256640224663985,
      0.20135099554119695,
      0.23594587604261968,
      0.015711011243245743,
      0.09253427013569597,
      0.15635844874408666,
      0.11291576543306521,
      0.07022169595488076,
      0.0321586220725237,
      0.21373190520753313,
      0.21715427142131974,
      0.07502935038998458,
      0.1165664932129107,
      0.2637841583506385,
      0.008682689831315493,
      0.008195257317144156,
      0.17249475391565938,
      0.09887195715125276,
      0.23885631012005434,
      0.1842097064145155,
      0.19932994909762627,
      0.2030992178089752,
      0.04322218960948036,
      0.037821998719053194,
      0.06538598101550652,
      0.15387466557585613,
      0.18215854899261497,
      0.15671876100578772,
      0.00587078458132253,
      0.20172836511635567,
      0.24408471791470743,
      0.013261171576042018,
      0.14743878389134146,
      0.2519807469846594,
      0.1580201897210454,
      0.21300887371638264,
      0.21122718913213018,
      0.18502027666077844,
      0.16066319791861766,
      0.2095019151783369,
      0.2828347177924431,
      0.10615733632730082,
      0.0211855460693103,
      0.24975145226752737,
      0.05272546480424458,
      0.152498086993542,
      0.12339216379482451,
      0.12372112242518718,
      0.15125269527474353,
      0.12409612470833568,
      0.0708784955755871,
      0.17078370262223094,
      0.1979581313619678,
      0.17595344827309237,
      0.22725696720604605,
      0.2279148122237688,
      0.17729159946140097,
      0.1455740420224027,
      0.20231124940617182,
      0.1911893764523825,
      0.11108148646400946,
      0.24717291708494515,
      0.21694497631395157,
      0.12156445987277581,
      0.11407408105020206,
      0.26306122475204413,
      0.0181065728205972,
      0.10337203312131528,
      9.101512119565891E-4,
      0.270938796099649,
      0.21787049929607663,
      0.18378302402304394,
      0.12616991311713416,
      0.17066364489446434,
      0.1385360647127035,
      0.19417542680712424,
      0.2089205726986895,
      0.015684741979164172,
      0.10971813070118366,
      0.1684957235726504,
      0.07616522688096272,
      0.003443230431240529,
      0.25155828675556563,
      0.15591677849592034,
      0.06486159922787295,
      0.2969810346395498,
      0.08861979664877113,
      0.2216646634214871,
      0.021081813281497497,
      0.0357705127041771,
      0.1504600025204261,
      0.11596589943460034,
      0.16271977011104916,
      0.019846692764159755,
      0.18494764056330457,
      0.2165416277683612,
      0.29096179533783817,
      0.19766138251765236,
      0.05779018169148102,
      0.09469843278931613,
      0.19695635500529002,
      0.04049508981967953,
      0.2786564930472801,
      0.180049273115267,
      0.15801834251340005,
      0.28917920888382603,
      0.12693186629573472,
      0.0707558511173962,
      0.09792611452382767,
      0.18518659897197304,
      0.24948127511362167,
      0.014482463476458695,
      0.1033706929472817,
      0.052187889343627065,
      0.10540262133017234,
      0.0747148106589814,
      0.2537453181265648,
      0.14893443248415286,
      0.09967413797243585,
      0.2668252301985153,
      0.05880016269521118,
      0.002266018885461285,
      0.17060069615496357,
      0.059975488891832504,
      0.26344089527756065,
      0.18466891016268486,
      0.01271086340191989,
      0.227130681941058,
      0.03649646018183126,
      0.0593572300741906,
      0.037014374151721416,
      0.28365780785653405,
      0.12966416180680568,
      0.26663557263675,
      0.08530542975032382,
      0.19932647281094526,
      0.13634739011947536,
      0.016839454757368467,
      0.05740050414578642,
      0.23105376933367058,
      0.17323157624991092,
      0.24039708697866544,
      0.16820012176219898,
      0.09076275138197568,
      0.2838201198026067,
      0.27367450722334585,
      0.12073693611571337,
      0.21864023865256735,
      0.2813071317329192,
      0.07628066087893544,
      0.225694384691948,
      0.26104865024116786,
      0.2631981535304868,
      0.09466588672439641,
      0.16917378136162928,
      0.17735617176704455,
      0.2058850034329712,
      0.14723759906574038,
      0.12072455749846041,
      0.03791352644913003,
      0.1980136802206244,
      0.03898057626629725,
      0.28911878078205566,
      0.036539272178499636,
      0.11641191705081942,
      0.2619844400708166,
      0.14768151216255698,
      0.06517471824376193,
      0.09652864461362949,
      0.20470868916548265,
      0.2557072194742272,
      0.2920429724464855,
      0.29402304503574966,
      0.0407437549581744,
