{
  "horizon": 720,
  "granularity": 1,
  "priceSchema": [
    0.198,
    0.198,
    0.198,
    0.198,
    0.225,
    0.225,
    0.249,
    0.849,
    0.849,
    0.225,
    0.225,
    0.198
  ],
  "agents": {"h1": {
    "neighbors": [],
    "backgroundLoad": [
      0.14492257207147347,
      0.2405266531120789,
      0.16939847123561982,
      0.2060477049570558,
      0.11197533347235605,
      0.024033064638348877,
      0.10774820016750927,
      0.227874916923016,
      0.018040286268626582,
      0.11035007899903235,
      0.27942842212592184,
      0.055360213149415714,
      0.21432181221653476,
      0.1672876832700012,
      0.01913066520644492,
      0.09050524108500964,
      0.13615527738762342,
      0.22629528103573682,
      0.22902534152962425,
      0.0373993105150193,
      0.22805106031676114,
      0.1682277966501904,
      0.08670720166070822,
      0.05487883867729235,
      0.10075389786641793,
      0.25678346822982406,
      0.08228104613635168,
      0.17620668513917606,
      0.059914699289972916,
      0.04590908186892827,
      0.05109339238867237,
      0.08280918121326922,
      0.1830401107689931,
      0.08100033799106007,
      0.20844246063880154,
      0.10049602858449247,
      0.2746858548434594,
      0.25002964634753105,
      0.29269683143245506,
      0.24429744879094528,
      0.022321046628679796,
      0.139069070376112,
      0.2553002002477712,
      0.21512781911849818,
      0.12263281105693387,
      0.285530406410666,
      0.10859227936489453,
      0.1393906948086019,
      0.04634027673263743,
      0.12624464516215983,
      0.22091204338400527,
      0.16463146333549114,
      0.27834603759756077,
      0.11276783362034487,
      0.28598950716407245,
      0.19334283214514209,
      0.028296598763616076,
      0.09979482878213375,
      0.09983642350285789,
      0.08964255044079487,
      0.2559463247942967,
      0.16532932057285948,
      0.12084051160892068,
      0.24130646228664965,
      0.282077395063285,
      0.008199404152597444,
      0.05303234631758038,
      0.13011888538069416,
      0.07181839893184176,
      0.25677321117574164,
      0.14882553751454872,
      0.0572830754764826,
      0.09761443669355988,
      0.16059595398782606,
      0.029672498961730742,
      0.14517230657744723,
      0.098134509069378,
      0.17189303422085345,
      0.11414409376244068,
      0.12656936158971402,
      0.281501491554931,
      0.20316170157900337,
      0.14531374615792658,
      0.18732930710990015,
      0.12878939623318658,
      0.1741748994027368,
      0.05999567727299897,
      0.027003683275147537,
      0.18059080460678745,
      0.12415880928648139,
      0.2869707186938924,
      0.12548479272679622,
      0.299015733967528,
      0.2937146221021382,
      0.220719124966233,
      0.07323407635711894,
      0.12286909658529781,
      0.27727612036633803,
      0.19421588142413784,
      0.006445598996950496,
      0.015585452708781644,
      0.18813413361174938,
      0.2946146940373752,
      0.15616425231926373,
      0.004668026975253037,
      0.0017426770246182887,
      0.26564422005418303,
      0.13941384159300071,
      0.1455654807166464,
      0.1020512237533561,
      0.08043582330669628,
      0.031188508488568134,
      0.12169571079308183,
      0.2652782523783572,
      0.07799603841610821,
      0.009790175387111522,
      0.02050994595717649,
      0.21863691187852713,
      0.2903604091496896,
      0.18116722805769253,
      0.16300010169262957,
      0.15390444868677486,
      0.09259022849758491,
      0.257482715315424,
      0.29824457038810004,
      0.21344351227747582,
      0.19881134417944954,
      0.031972419551827565,
      0.19795908173034363,
      0.023886027277578402,
      0.14363768809730912,
      0.16320275230331857,
      0.1770346211221558,
      0.029175220941677737,
      0.04527101458648803,
      0.29122490459398337,
      0.17054950528112398,
      0.12503510893496222,
      0.03806678172765895,
      0.12501753819804848,
      0.06269409382987208,
      0.23088490847554027,
      0.07415591048536672,
      0.16872005198148696,
      0.24101151261358678,
      0.009125246408728116,
      0.09464584905765848,
      0.21106453316820625,
      0.12829777766167047,
      0.1114653194694958,
      0.013886985741770818,
      0.10571306440384971,
      0.2545355813868365,
      0.06365479195721321,
      0.024038056066267164,
      0.2586907946652501,
      0.22181899460064256,
      0.22632919097712909,
      0.183646963381315,
      0.13478553922673647,
      0.23150063646082014,
      0.08754306087037118,
      0.0804156033671143,
      0.19804611426142996,
      0.13689045537173622,
      0.19738313209666347,
      0.25641101085834,
      0.24905109421715796,
      0.08355996040561268,
      0.2256642473204156,
      0.050287845626056746,
      0.2418914333169102,
      0.2988270378922785,
      0.14300841036882564,
      0.16626424267684164,
      0.27731804754091494,
      0.28263213882969185,
      0.10755591336688893,
      0.027908421155468943,
      0.006754008693748336,
      0.07061212769856236,
      0.29930704086113746,
      0.20866233177528593,
      0.1870535591720575,
      0.01819450398847804,
      0.059914250349857395,
      0.19629673576137685,
      0.28668606649599104,
      0.17678861880854382,
      0.09466757353298731,
      0.004822118721631907,
      0.044876471749870195,
      0.2726493017505177,
      0.2608306049892863,
      0.07082066684676076,
      0.18726672855677673,
      0.204725314304767,
      0.2961997323562218,
      0.20262291568395854,
      0.12889416909700474,
      0.19693326046392617,
      0.1417752816986679,
      0.035024301812137115,
      0.27404441209974145,
      0.004671759171844247,
      0.0034969309509076505,
      0.0712785998257415,
      0.04296563582823919,
      0.06544100435757666,
      0.1876458156770805,
      0.187841430520526,
      0.22147982401677832,
      0.14622066129556804,
      0.27102302443882537,
      0.2418805872260365,
      0.09187612941733796,
      0.01559285106856535,
      0.15008267568921682,
      0.28443243604521956,
      0.2881114017494258,
      0.06985139805722879,
      0.1778654652757832,
      0.16724750954674264,
      0.07284792871444086,
      0.054331447418534635,
      0.1195546022408502,
      0.1842355168821667,
      0.2943645195308764,
      0.22402718952841655,
      0.25334001177445387,
      0.265964080799087,
      0.1779200757034001,
      0.008319780584680901,
      0.06787310752893086,
      0.24536884902399192,
      0.0503601992677302,
      0.16698466984396618,
      0.10032943544803206,
      0.17337184749284454,
      0.0643763245070424,
      0.08499184351862249,
      0.1762251689417036,
      0.26996841878925937,
      0.0686895079989852,
      0.08734595892242737,
      0.015503282251237526,
      0.16567586928240086,
      0.06988678143335669,
      0.14183277282018109,
      0.26951346568878154,
      0.024250998829435187,
      0.01258131566949563,
      0.1152311092065129,
      0.033143842383912055,
      0.2469045153191118,
      0.025567342434763073,
      0.08270801643525716,
      0.22122884550514507,
      0.24889670263052804,
      0.05066240280171861,
      0.08139991349124444,
      0.2757523581736089,
      0.19209755972950085,
      0.12896969846351852,
      0.1373587192780933,
      0.04448094478144571,
      0.2697733671159452,
      0.2554564235293445,
      0.16694111124120456,
      0.06560723870848169,
      0.25101736016531606,
      0.1644625664963277,
      0.2114362381451835,
      0.16303689107201227,
      0.13076696952330072,
      0.03808989186200331,
      0.10663429592103901,
      0.10418859374976139,
      0.036992990080171484,
      0.25379899560983493,
      0.06798303791297401,
      0.2308078083814885,
      0.09615724445013198,
      0.009478100629788577,
      0.20823750439338182,
      0.05525620400953295,
      0.12993640992390176,
      0.27371716189916745,
