{
  "horizon": 720,
  "granularity": 1,
  "priceSchema": [
    0.198,
    0.198,
    0.198,
    0.198,
    0.225,
    0.225,
    0.249,
    0.849,
    0.849,
    0.225,
    0.225,
    0.198
  ],
  "agents": {"h1": {
    "neighbors": [],
    "backgroundLoad": [
      0.15321320138341435,
      0.04375715114229064,
      0.1569692715438631,
      0.0379950622264129,
      0.038490576523414366,
      0.15820917089766284,
      0.10897002810642638,
      0.25268452684521764,
      0.09401714721707995,
      0.08912449154783907,
      0.030739009030859632,
      0.27022861291492456,
      0.293674535234988,
      0.18106449089565294,
      0.24725723390350424,
      0.05671784664631188,
      0.27199145580481,
      0.05059415727939519,
      0.028885700663486613,
      0.23217508265002001,
      0.17479724525715026,
      0.2206474164566826,
      0.21263958411411843,
      0.025309635684194087,
      0.28021073620849196,
      0.13508846971468527,
      0.1577110509018628,
      0.29599708457072355,
      0.05389039568883086,
      0.11587239335383158,
      0.10059298740253146,
      0.1746357489182211,
      0.20698336411446422,
      0.10926921647176475,
      0.12091875817190831,
      0.037267277127523236,
      0.23815923584873677,
      0.2853885428213034,
      0.17294390550550906,
      0.03224958626266948,
      0.24937794706135483,
      0.06683628402432064,
      0.05680978351202356,
      0.0037883375521243876,
      0.25309716133951893,
      0.14637189472042453,
      0.19532051172624568,
      0.0909859032637524,
      0.12290500140793871,
      0.12487214321016517,
      0.09422314586279194,
      0.025628175609138357,
      0.10591326189094191,
      0.007961144554510757,
      0.18674580687151832,
      0.14295530360543449,
      0.21635875724707457,
      0.16829605160907513,
      0.2517229233046539,
      0.25331024403497454,
      0.14798133390053916,
      0.22894944955988406,
      0.22400135289765613,
      0.010919617957870264,
      0.0719879210099235,
      0.10957139846134348,
      0.009110203737121835,
      0.1584611048755135,
      0.15257223283430676,
      0.05879582324851837,
      0.05498538172011499,
      0.011660122638818216,
      0.09253241546748812,
      0.13384924032204812,
      0.017440085524122396,
      0.030334882575747665,
      0.1796329175212497,
      0.1259899410078319,
      0.24413148346376137,
      0.2516410354599999,
      0.08362106482348573,
      0.08120594027531146,
      0.10393781811843568,
      0.10836327879382524,
      0.040209798046803434,
      0.10479271065060888,
      0.14418428280204415,
      0.11858455043141909,
      0.23556049556197414,
      0.13483508317551127,
      0.09781045543405072,
      0.28443969133577746,
      0.047224333764296356,
      0.0645897630045968,
      0.10455222293955464,
      0.13505041147419863,
      0.2656158438954971,
      0.0907924082209177,
      0.06061402238251681,
      0.13868562341607485,
      0.09209097026967768,
      0.06222259641899541,
      0.14161036438442617,
      0.06405056331480158,
      0.109876177848889,
      0.05500922890054581,
      0.012439391181347003,
      0.14456228903917956,
      0.18030749028638124,
      0.11546516045160107,
      0.27601248355055136,
      0.181122157421647,
      0.07016917181525928,
      0.19502641340087282,
      0.053327719631408,
      0.15078888707351615,
      0.12941221269764477,
      0.17019601552311722,
      0.27399709453339566,
      0.013853640196006333,
      0.03483173362291342,
      0.151842106031684,
      0.046517860130203315,
      0.15802758939590014,
      0.13947866639191234,
      0.24638880944764427,
      0.14468274240504977,
      0.0330554493450384,
      0.17975019046562732,
      0.0728567472933206,
      0.1476400538249066,
      0.258834206313607,
      0.21413389584240727,
      0.19772363405030582,
      0.01321025566054671,
      0.11129830677861076,
      0.14458837309204367,
      0.20978574979978742,
      0.23946847294172643,
      0.04368270576289219,
      0.20622544512079433,
      0.01833053702648103,
      0.21157121956944414,
      0.05919042556798709,
      0.24756120881606378,
      0.1287920658200721,
      0.2698444268376708,
      0.25617603222624136,
      0.16972616274567423,
      0.11647768467384989,
      0.007055050070567048,
      0.2983945650226827,
      0.19717528900436826,
      0.0018776551082115844,
      0.22736215955628697,
      0.18321936087322668,
      0.16893295965709829,
      0.2801221014377927,
      0.07946722306114035,
      0.10450930928329528,
      0.20723713670891308,
      0.06999576567429139,
      0.2842465263816375,
      0.2733308728116164,
      0.15446050876579762,
      0.1818676116102646,
      0.15212292669590122,
      0.13169065801335292,
      0.19096219088832564,
      0.01370783032191506,
      0.14943851895673013,
      0.0496331394386983,
      0.11770253803323164,
      0.007007343865932802,
      0.06627697056551486,
      0.1538398837981442,
      0.06309122571959663,
      0.1994787051527242,
      0.01904902255725579,
      0.27853273983848303,
      0.18600872085514403,
      0.12634783941273173,
      0.03870839142846096,
      0.2441073126665353,
      0.19619790900188064,
      0.24233869385697507,
      0.24390960628023997,
      0.11878090902076394,
      0.013558499968212656,
      0.0036055244510123205,
      0.1874123426379461,
      0.12449865364352257,
      0.14345536471207979,
      0.03631830534180625,
      0.08084101050360427,
      0.11576959097347848,
      0.2717575114216641,
      0.11663029503301636,
      0.14631370629561358,
      0.20700883473788825,
      0.08919148768634855,
      0.1529003503896709,
      0.26984458005152295,
      0.21118955008300141,
      0.10763892460064946,
      0.14068474333463019,
      0.2923639062506028,
      0.13515689447335086,
      0.21327859782844252,
      0.017750558842032225,
      0.0766229530699841,
      0.14612077393517797,
      0.16434580973329058,
      0.19139527300999845,
      0.11191073420960461,
      0.21459233144426848,
      0.1307687343763169,
      0.1132997955890502,
      0.1501979202074297,
      0.0313960332866313,
      0.014844273307291989,
      0.26415273473163786,
      0.05037661990756217,
      0.08360031916517231,
      0.18685413661654127,
      0.16876931541220547,
      0.29528589213412115,
      0.019564820693741335,
      0.19467087823650137,
      0.03260946499652168,
      5.375660990654784E-4,
      0.2502289349940798,
      0.22187800566144378,
      0.09470223436571525,
      0.1432051345963752,
      0.24045509987030073,
      0.2816610218757249,
      0.2842300925604383,
      0.1698343468395899,
      0.0872574155538658,
      0.16865702348873404,
      0.21832622050464967,
      0.13916142236307563,
      0.1545935441140879,
      0.07577957462757003,
      0.146136434107193,
      0.07602364080043458,
      0.03818564260629313,
      0.18104571150587395,
      0.06389358152532827,
      0.12535713697890374,
      0.2850320575041164,
      0.16245063807652835,
      0.14396498276017705,
      0.28749425450407373,
      0.17851738892107838,
      0.2612563460274531,
      0.17543319091769885,
      0.11237989112264414,
      0.16958002071022837,
      0.11566838546516439,
      0.19593272156925765,
      0.15651926229956864,
      0.27432799892930837,
      0.06615442508760941,
      0.07949310024335433,
      0.22683509378104902,
      0.11109526855495906,
      0.25381174788607824,
      0.10776986152690989,
      0.03635054149399267,
      0.20026975008384465,
      0.035386896908170574,
      0.07138871785218834,
      0.035589315040643776,
      0.03717346435909153,
      0.21973364786239782,
      0.06945375153312833,
      0.051719842239497604,
      0.27285872243715203,
      0.00525201152404432,
      0.1867689853521605,
      0.10180742755277254,
      0.09423466853260234,
      0.05499805871440563,
      0.16571482497438614,
      0.041896217771573895,
