{
  "horizon": 720,
  "granularity": 1,
  "priceSchema": [
    0.198,
    0.198,
    0.198,
    0.198,
    0.225,
    0.225,
    0.249,
    0.849,
    0.849,
    0.225,
    0.225,
    0.198
  ],
  "agents": {"h1": {
    "neighbors": [],
    "backgroundLoad": [
      0.13333202482705517,
      0.20696085039723078,
      0.27140932118124267,
      0.17338803990265772,
      0.23664860876934232,
      0.1253535396340945,
      0.18169475293812487,
      0.004583118361101568,
      0.021609973005395366,
      0.15578584769991374,
      0.0858845006036884,
      0.19634673764779556,
      0.13962241303668954,
      0.10861709666959331,
      0.09520577968707228,
      0.2241163849828873,
      0.2921406926178641,
      0.2696880144224588,
      0.2874180962165617,
      0.2962291444596973,
      0.1586948723964304,
      0.1433605424285614,
      0.2461851200051092,
      0.09685927245828509,
      0.17783032222786785,
      0.2990362863993,
      0.05787454679864024,
      0.04070255492285892,
      0.12836254605672887,
      0.06954082529078605,
      0.14616797322215686,
      0.13805833477545246,
      0.20047490218576516,
      0.061910293340530304,
      0.010331074802451533,
      0.022078010106649604,
      0.05776654819782557,
      0.2660147098071991,
      0.24540246204167765,
      0.256151434197041,
      0.09095257610870479,
      0.12732861806955706,
      0.009957348240748254,
      0.17356856076225566,
      0.19581244166820924,
      0.1327898987229975,
      0.2078197583365766,
      0.298067177952538,
      0.29953135862979235,
      0.07502747537662877,
      0.12050059657603868,
      0.13262930758200367,
      0.09407135312936499,
      0.05779552599177803,
      0.050507977215097956,
      0.09643308128521158,
      0.06169806964912102,
      0.25578391030012265,
      0.0790512452353,
      0.12524491347829325,
      0.1935615890835542,
      0.14343303998750037,
      0.2201555952889146,
      0.2749249918037927,
      0.2773585622644202,
      0.2717085827078751,
      0.10490008801415802,
      0.29089401423320105,
      0.19522884868402493,
      0.2977923009083381,
      0.2500982309527852,
      0.054075814532254615,
      0.24413862417890106,
      0.13325028230191832,
      0.1439386257288938,
      0.17173245566697254,
      0.035063312974441284,
      0.23745508907505106,
      0.15361451278851435,
      0.22900245810928546,
      0.2758181407710379,
      0.18262012561373064,
      0.17320294974741873,
      0.2996757637526053,
      0.22529520424506266,
      0.07480705415007739,
      0.28979006480350106,
      0.12590275387447572,
      0.10488889642642885,
      0.02881067259842571,
      0.05996296376729124,
      0.1615205088078879,
      0.1535799312540527,
      0.22729742146598222,
      0.27487928051560107,
      0.2243867750319108,
      0.282978484195316,
      0.22926573526408844,
      0.1323851328439993,
      0.18905612079943918,
      0.03304436579461638,
      0.15014855457383017,
      0.2714098006047068,
      0.12740683395409638,
      0.2675278132881529,
      0.12002572131173245,
      0.1670191271930366,
      0.08699853224032038,
      0.0844135299961223,
      0.0879700097960978,
      0.25421104410567125,
      0.1621198792306076,
      0.011370633230188365,
      0.061015601937448156,
      0.06622740203735582,
      0.22913763705473458,
      0.0890353928859803,
      0.12057400605965204,
      0.065337157510982,
      0.0596162028890821,
      0.17957130264790047,
      0.047655690046098174,
      0.17307960152603805,
      0.08322116930080974,
      0.05756065235747856,
      0.06017809003343769,
      0.24984286564911928,
      0.10301582071186564,
      0.05130844866320195,
      0.14828261775094478,
      0.19796497180664127,
      0.035962856236359565,
      0.14132463767574524,
      0.1408772416021469,
      0.27620648630507366,
      0.17652597861829536,
      0.11885366279044031,
      0.06772879108235354,
      0.19282320325746996,
      0.17353301838365864,
      0.035212598997687417,
      0.09072373013570069,
      0.25878856492082436,
      0.11923118442998085,
      0.12243005549936008,
      0.20037322337505284,
      0.2253433316232869,
      0.09777454429742481,
      0.03671656271726877,
      0.12953747087096745,
      0.22633585081573127,
      0.2519105468258361,
      0.09394295594499705,
      0.2762360556586569,
      0.07798340036178232,
      0.10317019855142197,
      0.02822761996207521,
      0.20950623355989867,
      0.08909370830720328,
      0.0172553244806679,
      0.2906158607114655,
      0.13505682479656073,
      0.04407007072744794,
      0.130159828456859,
      0.07838479335385552,
      0.09599333842791813,
      0.29305185608699463,
      0.17426435187768394,
      0.20742600897480906,
      0.26560804920642705,
      0.2183657058716224,
      0.04112811192555481,
      0.2791751795188547,
      0.20026308718531502,
      0.13739757553291743,
      0.19035625609982323,
      0.10854929732570225,
      0.054780569404667974,
      0.03700219981918816,
      0.054477707162415165,
      0.2981627171578889,
      8.899224492402879E-4,
      0.23584061765127506,
      0.2544061359090623,
      0.24295369452032226,
      0.13392685116300154,
      0.06404766504327493,
      0.19109081441796494,
      0.1983022660637741,
      0.20110799308514882,
      0.19568950141902627,
      0.29723724961137044,
      0.11800872232995896,
      0.16658272825948417,
      0.08585043344614325,
      0.03614756061661752,
      0.26674210785549285,
      0.05823771280973946,
      0.2610384501158249,
      0.007322485789800692,
      0.028932192620318084,
      0.11336923554482493,
      0.20141089936689102,
      0.18792735294245225,
      0.15326576504075798,
      0.19374966614624073,
      0.032389565221627524,
      0.18563857010326493,
      0.23849295065935502,
      0.25223734678404186,
      0.19605160889354117,
      0.0637857309154975,
      0.0914270002308148,
      0.17333972707479686,
      0.20834113578252147,
      0.13534915742063428,
      0.14267345378909063,
      0.1912380675536404,
      0.14038739132911981,
      0.2777791485517375,
      0.013874880499430763,
      0.21723503334703048,
      0.2553655825612332,
      0.12608331607736034,
      0.197857798689996,
      0.04734021323861611,
      0.17433717278414868,
      0.2576083835439256,
      0.2816178497609268,
      0.15812552470469007,
      0.11065637690391825,
      0.13150544851949347,
      0.20847871061366982,
      0.144463725024075,
      0.22752395430997185,
      0.10792843117774943,
      0.06502278800696885,
      0.2992543969564956,
      0.20888169544409782,
      0.00495807061795529,
      0.14360823779124288,
      0.06576910932625299,
      0.22539712026769299,
      0.0788849162619634,
      0.05957358993193209,
      0.18425609575393373,
      0.04427423489072905,
      0.07292874142381862,
      0.20368211027773095,
      0.12840903543517732,
      0.13335250526008774,
      0.13427777058956547,
      0.22718307513820699,
      0.2609195174768945,
      0.22348292274076315,
      0.187262785884129,
      0.06514133157410713,
      0.0030127280252275177,
      0.2515627651930653,
      0.01736366958984281,
      0.16671028258688173,
      0.1791792873022778,
      0.1816506097934492,
      0.29921777677964223,
      0.15663433137318414,
      0.17215724750599845,
      0.23920551410214394,
      0.20527144784642226,
      0.2198990324081709,
      0.03869140922633729,
      0.21911208938184928,
      0.11222102580443923,
      0.10221063481230296,
      0.09612858217157313,
      0.16494245483547898,
      0.20675894938659037,
      0.03545221876616672,
      0.07232197660202158,
      0.038834232357237326,
      0.23435733279395413,
      0.14822606362321042,
      0.2511304102522627,
      0.14283672628890579,
      0.2739091066831381,
      0.06383474450804051,
      0.0069180973812591135,
      0.023799526831465155,
      0.05719306500540211,
