{
  "horizon": 720,
  "granularity": 1,
  "priceSchema": [
    0.198,
    0.198,
    0.198,
    0.198,
    0.225,
    0.225,
    0.249,
    0.849,
    0.849,
    0.225,
    0.225,
    0.198
  ],
  "agents": {"h1": {
    "neighbors": [],
    "backgroundLoad": [
      0.13561807903909287,
      0.2632721675027281,
      0.26629953085789954,
      0.2147930742614788,
      0.24838502268699408,
      0.16212865818994585,
      0.15018344215284005,
      0.2592692683014922,
      0.05913744645258653,
      0.21686781559533197,
      0.29756965225890236,
      0.188404762330909,
      0.12451442863684588,
      0.06306473403391585,
      0.2878274750476575,
      0.2384180297373237,
      0.05419521105685262,
      0.11754463424880587,
      0.2711270202781312,
      0.2335314195511664,
      0.25129831772115235,
      0.25621998009334096,
      0.025771721571266303,
      0.10289950423314638,
      0.28768309699068034,
      0.07291980164379759,
      0.18820914733795885,
      0.14046600257527517,
      0.06530369736356612,
      0.11284017158749317,
      0.076569651300976,
      0.1665180223516218,
      0.10720158861900696,
      0.13152964097130018,
      0.27460841887606463,
      0.08671662770918984,
      0.26156809164484535,
      0.09406354630448996,
      0.20501068628842195,
      0.26039301638382706,
      0.016648908803026684,
      0.1087480940255624,
      0.07991214830275355,
      0.19203873941065985,
      0.04841059858636974,
      0.0033013566120511316,
      0.11220337663207641,
      0.23898454023567622,
      0.13194506332507144,
      0.1518386811787967,
      0.12184840636764725,
      0.25588018413257246,
      0.03015194026764596,
      0.04768731010917097,
      0.01484103336081991,
      0.10617986131943992,
      0.02352530292647571,
      0.17931031305250103,
      0.18815277598281954,
      0.1020173106719126,
      0.01756579760302569,
      0.1882380873294947,
      0.21049561552158572,
      0.2067480880259319,
      0.29089053001733556,
      0.2933785264172724,
      0.10630031960818466,
      0.16882923515756437,
      0.06829227244648266,
      0.014310736923555067,
      0.1666555019618186,
      0.22441545231343277,
      0.2278679582690648,
      0.23783150809195347,
      0.23676481751512946,
      0.017061616051694116,
      0.027863637290250452,
      0.2947343395350567,
      0.06292764238198519,
      0.28126370701679476,
      0.17015961653252004,
      0.23079701242521394,
      0.18372970202863528,
      0.28529095017106515,
      0.04780450636054449,
      0.07965148274470003,
      0.2914643330092982,
      0.2330295822245072,
      0.17887074449195886,
      0.23243424227166692,
      0.19507057338143943,
      0.18454222100741732,
      0.2829420162065983,
      0.022692815474251903,
      0.25182054153073563,
      0.017168929579995072,
      0.17884368338594855,
      0.1423917799504783,
      0.0458792246658799,
      0.13219945515602358,
      0.12929298076941412,
      0.11884987684404436,
      0.22859448049001724,
      0.2572919568361737,
      0.2618197794967978,
      0.26469672800378286,
      0.05167026340510043,
      0.09447301702383641,
      0.216107641368468,
      0.1100072061652665,
      0.2752803727863936,
      0.019350192680117527,
      0.15648355922664442,
      0.0689554597819528,
      0.26621683860387246,
      0.11268457890241654,
      0.2866911932233919,
      0.14752788119227642,
      0.20110511649097637,
      0.05704389888175486,
      0.201314504432849,
      0.13245943014061934,
      0.07680827435975043,
      0.10164248690109458,
      0.2246397197856376,
      0.05242846767856618,
      0.20458853450960718,
      0.18590228843602538,
      0.10509968878186678,
      0.012654258822238973,
      0.19001974915659312,
      0.25032656295114075,
      0.18438258225511575,
      0.1342849506741933,
      0.19296500804970396,
      0.2810731063431447,
      0.11767112171363653,
      0.135797658877154,
      0.07160148589474642,
      0.1683665649641102,
      0.08813762080194115,
      0.28788713092450124,
      0.1012445933379074,
      0.04623385067141017,
      0.10163189888918582,
      0.2684714683505187,
      0.2553959869337915,
      0.2972467633735056,
      0.18995165779339301,
      0.07242134676211065,
      0.10582739477186717,
      0.23007437091844368,
      0.09764583482420776,
      0.12077179732399641,
      0.16821369514793125,
      0.10483878440053632,
      0.04884890125617436,
      0.27468562972698846,
      0.07557088256173003,
      0.1759872819038189,
      0.29951057103952106,
      0.22492777885394954,
      0.11870012304022479,
      0.05928770115291317,
      0.2306075927471783,
      0.2927170441303631,
      0.040066978037511435,
      0.15549425122713387,
      0.09795668349624838,
      0.24394408568814194,
      0.1487317560608202,
      0.20042066479194012,
      0.06654870395727172,
      0.06741607769385352,
      0.004809895778652284,
      0.10771658228246095,
      0.030358683527095198,
      0.20070376748416788,
      0.1827904690349239,
      0.18106020083466,
      0.16614295167019252,
      0.25770369185232034,
      0.28820985026527113,
      0.20816456597425154,
      0.26425308544616444,
      0.16761549953342547,
      0.10200663808161417,
      0.2693903632618488,
      0.027645938614483556,
      0.002115660624152449,
      0.2312656866321311,
      0.28986599478608194,
      0.2111014687351405,
      0.09441923328432401,
      0.12801481417019675,
      0.23482370008974351,
      0.18145634528893714,
      0.16451101262021028,
      0.16395478628649757,
      0.24324519954275356,
      0.05664107608507187,
      0.2551640893023483,
      0.05262471586214299,
      0.22604812239430638,
      0.2885936307395399,
      0.17125648904781027,
      0.15991259816760925,
      0.24688161065594913,
      0.08707257653371968,
      0.12661664232858502,
      0.14616980346473565,
      0.16224731390788735,
      0.215942133840928,
      0.15357895261884252,
      0.25586700221266107,
      0.11693222244215534,
      0.20623988045157385,
      0.03480779214025913,
      0.08987497922079493,
      0.21280069727675568,
      0.10418889790851267,
      0.014304822789889936,
      0.2584641349331419,
      0.10129180224292796,
      0.29087020999202007,
      0.19345983926837654,
      0.08296775458594476,
      0.08020035003598329,
      0.264192287718194,
      0.032528261688499836,
      0.2979367217767514,
      0.23662452803928657,
      0.17611226986441983,
      0.19522950786501395,
      0.23715315407076015,
      0.278452345466762,
      0.24918701531507884,
      0.22751550661523273,
      0.2770165134635451,
      0.16968775690768542,
      0.05302042806241001,
      0.0430045279945497,
      0.1964592167820607,
      0.2987829554252484,
      0.24457306067363907,
      0.04145096341965508,
      0.04718357851814784,
      0.23730653454740974,
      0.25899315732725803,
      0.21457471674584702,
      0.2668939948003129,
      0.009114784024630573,
      0.12904019619022017,
      0.08150869401852895,
      0.11223619149277177,
      0.16370137596271472,
      0.26549984982863983,
      0.21849328174868365,
      0.04182058671660039,
      0.0600499181495901,
      0.23529713256738555,
      0.20146666994341633,
      0.16963155347252346,
      0.14746959424693426,
      0.1987899873545477,
      0.07610468874006275,
      0.2683308474943752,
      0.17698041311987037,
      0.11787487546017858,
      0.03712958144149142,
      0.12697052883518858,
      0.14992925850220534,
      0.037091589507516516,
      0.24661214769408046,
      0.14976443051181462,
      0.10865998465987965,
      0.24822435028430495,
      0.16180470574835373,
      0.18392693549069483,
      0.04130346096169285,
      0.260784656634403,
      0.27600515429361366,
      0.26288031772071563,
      0.11059712418649491,
      0.2753802763355874,
      0.025862921175515963,
      0.023670619736086106,
      0.17815796555641306,
