{
  "horizon": 720,
  "granularity": 1,
  "priceSchema": [
    0.198,
    0.198,
    0.198,
    0.198,
    0.225,
    0.225,
    0.249,
    0.849,
    0.849,
    0.225,
    0.225,
    0.198
  ],
  "agents": {"h1": {
    "neighbors": [],
    "backgroundLoad": [
      0.24052810623366297,
      0.1842626645180067,
      0.06171589564440744,
      0.15164199092064487,
      0.08007651435480632,
      0.24061505644714978,
      4.412895186544086E-4,
      0.11938024170286532,
      0.03480535959102319,
      0.1058045608509137,
      0.05925787252200373,
      0.02426991444486738,
      0.160781655090721,
      0.031428128596584566,
      0.009119300217262937,
      0.16651300077240636,
      0.08519414769619878,
      0.0867098073590748,
      0.11130145178062655,
      0.04253057983888162,
      0.20371660601434013,
      0.21817003962404455,
      0.14655363047703532,
      0.2097414954161353,
      0.024389704945177636,
      0.15077468714308534,
      0.004296976351128678,
      0.22350310524872224,
      0.06877997326405062,
      0.19708045040446878,
      0.21833960156999696,
      0.24323911182597083,
      0.17204803895941634,
      0.29588051075521254,
      0.07509472816579281,
      0.0343439267965611,
      0.10473503257924456,
      0.24392449258634386,
      0.06928750510367683,
      0.2539609190938544,
      0.15837712271808418,
      0.2790977081705027,
      0.2503271370523151,
      0.09675157447979767,
      0.17076858865883404,
      0.18123402348300785,
      0.19606009014307532,
      0.24545188937004989,
      0.015170157302695563,
      0.2151882519829347,
      0.20334486407700605,
      0.19274899094234407,
      0.2710727504266234,
      0.10461714676130975,
      0.013516533317866087,
      0.13417511507183727,
      0.07450713182916575,
      0.2734924724203851,
      0.08382077111145085,
      0.015416354047480074,
      0.23315904546514657,
      0.18643522894161044,
      0.16287688370104958,
      0.16816722338136977,
      0.20957958899463722,
      0.051203496716519456,
      0.05945047531694958,
      0.12408953764205675,
      0.25282195560428444,
      0.09601777550149594,
      0.04153577096716686,
      0.07148015698196834,
      0.18888905474536744,
      0.10752434614941231,
      0.13714774114708808,
      0.20100836800242905,
      0.24011331584145507,
      0.10029166654392237,
      0.049603165461355334,
      0.2074162892466673,
      0.1839136403886508,
      0.21029207796104457,
      0.15393306823174188,
      0.14714948467810732,
      0.112291207447543,
      0.05244157760064544,
      0.10593065096282653,
      0.18060912711064375,
      0.12415648227429592,
      0.21872726955676297,
      0.1465197245097356,
      0.2447269091657293,
      0.0630087440835661,
      0.21832666306304505,
      0.14941849795669418,
      0.1422415696384893,
      0.11688911008628612,
      0.10842127946611058,
      0.28198772985638465,
      0.20621062485753047,
      0.060619436906925214,
      0.008563286058459796,
      0.1684151640224404,
      0.16891783596644797,
      0.22766563092074832,
      0.04171468239750713,
      0.26249284223106584,
      0.14827069282605881,
      0.29051999214342916,
      0.021310170253624416,
      0.12737173341285837,
      0.1255438172576776,
      0.02074803807558545,
      0.219373907398457,
      0.2888813671195068,
      0.06257329225921394,
      0.23585014308244864,
      0.03639565297584185,
      0.20780073495987225,
      0.016662180195891784,
      0.12364256119621302,
      0.13173535662244668,
      0.1461944867130903,
      0.14330141086948478,
      0.2261133124239983,
      0.15870352620319303,
      0.21127835191437552,
      0.26635968204815885,
      0.2203187278609639,
      1.9714159847497025E-4,
      0.010384259179382637,
      0.045835530887791874,
      0.1381564088695156,
      0.15780735431513807,
      0.06453045399489656,
      0.09836406315594919,
      0.2904601972017589,
      0.03222120870653234,
      0.19432349944126553,
      0.08629918595829877,
      0.21736995265459705,
      0.04142080308455932,
      0.20321007180065392,
      0.14900047873920558,
      0.2012057840512675,
      0.038866499099892635,
      0.14479954768594863,
      0.23269764153323624,
      0.16105032550345977,
      0.2758727228271509,
      0.04975441281119101,
      0.2235658467223754,
      0.29011084979734425,
      0.1712562924887912,
      0.08076881240713295,
      0.11527578551137674,
      0.006076819342094708,
      0.20794658797318197,
      0.29149872330925425,
      0.15523258283609162,
      0.1682894900455168,
      0.02574469145206296,
      0.04665470055806481,
      0.2219144888498336,
      0.01129907958165398,
      0.09701950125520348,
      0.08754694965888235,
      0.08002085187009571,
      0.22506838625761943,
      0.2226458777626701,
      0.2606920158935304,
      0.044300639928019754,
      0.054169177565949966,
      0.16020815879327258,
      0.2646040474717319,
      0.12672255800688803,
      0.2387168093270411,
      0.1365096205560801,
      0.20212442186485705,
      0.09691531439994307,
      0.14322222838502924,
      0.21062663240330096,
      0.03482890231139818,
      0.21625129072452992,
      0.1228418470184206,
      0.20052262716977273,
      0.284192429407843,
      0.28544709943133406,
      0.2356656241292698,
      0.29092919951859075,
      0.1798946926921637,
      0.2539717397989599,
      0.17484946228121248,
      0.11345810688879746,
      0.12667253661115632,
      0.16365919516335756,
      0.23666003486677686,
      0.13827345995185678,
      0.171933003004754,
      0.1821814278289447,
      0.08219015629653802,
      0.1922384654979649,
      0.125126320129521,
      0.07507208130588892,
      0.10420563056469767,
      0.10211316640628694,
      0.04497161825945158,
      0.21277871509842078,
      0.0076631986815697715,
      0.14660826633783683,
      0.01247201547041955,
      0.17330502527327588,
      0.10339645358017556,
      0.28261498088202125,
      0.09001962319403274,
      0.08409674292351112,
      0.04992500229923253,
      0.09945632592041437,
      0.17206199340827955,
      0.08694137525260907,
      0.1495458211709271,
      0.03642205016467994,
      0.19980480521885738,
      0.1642527925084685,
      0.2075789689420613,
      0.20396373342002744,
      0.03186620906981212,
      0.06621548557508684,
      0.005820809757456779,
      0.15463779232225858,
      0.029824834944693124,
      0.17761837199522712,
      0.23887774738008966,
      0.05655566142904493,
      0.1946583757439849,
      0.04222095343937986,
      0.2284942790422543,
      0.22328675096565914,
      0.06449524928560925,
      0.16238260742769306,
      0.13215601061653193,
      0.08880847153075185,
      0.0031178499260935077,
      0.07325748342317902,
      0.24992767352839015,
      0.11529243003690925,
      0.06611342853762055,
      0.013363321151422069,
      0.19559675765595283,
      0.2702798603361218,
      0.14584206735890878,
      0.18296016558261574,
      0.10311473677899657,
      0.2326258752870293,
      0.170484575316601,
      0.26884502099384866,
      0.12918009130664823,
      0.1925089167974585,
      0.187572492282883,
      0.2528814493768485,
      0.09047300301094065,
      0.2639007487310232,
      0.13172106567531003,
      0.012908608443021595,
      0.09708242924692705,
      0.00812165175403975,
      0.08885427886202626,
      0.05016762623483134,
      0.18041871532347664,
      0.03161353466835606,
      0.27770012403020694,
      0.24400168243237946,
      0.20072970058935405,
      0.08811947646844755,
      0.11706636409339127,
      0.27104696178394694,
      0.24707688144651005,
      0.14912451805455848,
      0.007838055261765486,
      0.10159928591483287,
      0.09666582186456092,
      0.2213634981798816,
      0.2817052386179943,
      0.1911207605236,
      0.21331675462697822,
      0.13214180007274862,
      0.17914882834250193,
      0.06175581108786819,
