{
  "horizon": 720,
  "granularity": 1,
  "priceSchema": [
    0.198,
    0.198,
    0.198,
    0.198,
    0.225,
    0.225,
    0.249,
    0.849,
    0.849,
    0.225,
    0.225,
    0.198
  ],
  "agents": {"h1": {
    "neighbors": [],
    "backgroundLoad": [
      0.26044752083427036,
      0.017131614429187546,
      0.03958478138703474,
      0.11998613337860826,
      0.05486700192583309,
      0.22576423052162006,
      0.1807334815103238,
      0.07135301109475363,
      0.04930793393249192,
      0.13378719390894447,
      0.23586143800984619,
      0.10667665202668065,
      0.2871693537224442,
      0.2225820876844134,
      0.16666080252881296,
      0.09150324697365665,
      0.15497495079781376,
      0.11717661949713201,
      0.14752658482226616,
      0.07360621444452183,
      0.22214644180321597,
      0.2937714846993862,
      0.009043780194255923,
      0.16019422324308652,
      0.10048216208364354,
      0.11384329052753343,
      0.2782256093216723,
      0.1012293024643194,
      0.22290281788524907,
      0.10025716416596255,
      0.05928719687000924,
      0.010109764458549275,
      0.061435568588446586,
      0.27331535755459896,
      0.10667991954690442,
      0.13398763374321565,
      0.18114920488422762,
      0.23255052286785097,
      0.23430652642575484,
      0.07614174338456942,
      0.2852183097705228,
      0.24265979561016077,
      0.24544959343303555,
      0.009714776750085441,
      0.2656661575782893,
      0.1797488584087806,
      0.26082204619610566,
      0.04593406894556222,
      0.20328598352397112,
      0.19599460555883286,
      0.0683371511718742,
      0.2541231405133162,
      0.01579321362182131,
      0.2066674663662271,
      0.08111190206543012,
      0.04519839706529944,
      0.010357789580037257,
      0.21015125879275207,
      0.13838362631191342,
      0.09559461473839657,
      0.21707615163112653,
      0.28706992606325354,
      0.18983125823407113,
      0.15574733634395377,
      0.08881836706615406,
      0.1958132675994878,
      0.19320519658554378,
      0.29680301857518654,
      0.15575069309041023,
      0.2527721369725592,
      0.15437909063323452,
      0.29487039658203307,
      0.06370804736485837,
      0.018446185701195928,
      0.15714004156771638,
      0.2913347533112467,
      0.08877117131813567,
      0.06215581356483671,
      0.2230514531665397,
      0.0581348359834635,
      0.12818806869591134,
      0.17205687167867445,
      0.2724729251253301,
      0.14186685145445113,
      0.21926010908996396,
      0.27890788375199843,
      0.11876932728034052,
      0.040779393083320424,
      0.1411002109077119,
      0.01220260713454041,
      0.1348066245253758,
      0.08901711576693601,
      0.28881267435495944,
      0.1809357254852239,
      0.08888955643861997,
      0.2838473631375113,
      0.09119734688515715,
      0.19795175776394017,
      0.17273988077746127,
      0.28365855611930474,
      0.05877606289101099,
      0.24861327801121166,
      0.28458086502792024,
      0.09217742383061615,
      0.22781078170099184,
      0.15862423658641936,
      0.2759299632590312,
      0.1605499146251188,
      0.07041956675868431,
      0.09513860274595841,
      0.14162236526081742,
      0.24502549671470578,
      0.04615260946941056,
      0.14840588094264043,
      0.24111334054910719,
      0.05277102130885084,
      0.20644935950013873,
      0.0021521069261206003,
      0.04751727570163593,
      0.13065163406300567,
      0.1948557210049394,
      0.11902528567983339,
      0.14293835644787564,
      0.2175459599611315,
      0.167072279035738,
      0.013071740007593669,
      0.005729855603724199,
      0.16714756985449758,
      0.26709728128581195,
      0.10129365147473963,
      0.25373863840193633,
      0.08289573045909457,
      0.10516411037347982,
      0.11955354662983303,
      0.2133034842682944,
      0.23144493464762267,
      0.007639974112948922,
      0.08958572594819109,
      0.07683701454695442,
      0.12293747881310076,
      0.05113634937647921,
      0.2351066107675755,
      0.09694394904534984,
      0.2796419059949507,
      0.0022904599375511924,
      0.29472407711685017,
      0.2496214884520197,
      0.09241890773893176,
      0.2760235436013883,
      0.1379519657319396,
      0.07708413543320874,
      0.20106103632942224,
      0.21356924444140912,
      0.2891930139713554,
      0.1735583229978004,
      0.025661674174107352,
      0.10350524297068565,
      0.05388993541282868,
      0.25208917546230053,
      0.06249270926629275,
      0.16240671415265137,
      0.12470582752753855,
      0.29497325759893955,
      0.24998415715414257,
      0.20387137711339304,
      0.2512195551581784,
      0.0553069924766542,
      0.11615203406338381,
      0.18494094702272976,
      0.17664862475741125,
      0.1265742549191679,
      0.21241446650606605,
      0.28986025804266025,
      0.06925703063887112,
      0.2564770504782123,
      0.10932117618778292,
      0.26370133457966904,
      0.10329906725777711,
      0.25822852753317554,
      0.005485340795746118,
      0.011349845040066264,
      0.25943931767700884,
      0.2835602085264951,
      0.27190589960343203,
      0.23336209384880435,
      0.12349111346050125,
      0.16387997979986932,
      0.2883745880024282,
      0.1402163567291402,
      0.16345416263978307,
      0.01186361946477249,
      0.030342721847648423,
      0.15538642578880693,
      0.2715591713135295,
      0.19912650990639402,
      0.029003198332571756,
      0.1641117183272124,
      0.26712979131809056,
      0.19510942321259192,
      0.22911548391669206,
      0.1590259527126343,
      0.11791201193694548,
      0.14814808046009667,
      0.1680296329523463,
      0.044126906833376466,
      0.17571313768752175,
      0.02931644615134441,
      0.08055306494830868,
      0.268277765546766,
      0.23734177948763402,
      0.1961018339617284,
      0.21681839355578822,
      0.2318281300250808,
      0.24313336121834492,
      0.28029320070725744,
      0.22787542832136545,
      0.2731414503090648,
      0.11565869922877851,
      0.018295026764901277,
      0.2310850300840574,
      0.2973239564123346,
      0.06524090965203054,
      0.11514862619363943,
      0.2773175608776251,
      0.0956175772317475,
      0.08121399621561656,
      0.18239115462180167,
      0.29020481761460326,
      0.09070200316453159,
      0.11011076812893779,
      0.05312393969875397,
      0.14078349851236518,
      0.2945238136299994,
      0.28428455572790595,
      0.29478763717928724,
      0.19054145165236494,
      0.2421299069823764,
      0.06916808823731721,
      0.12914296260593014,
      0.15180144276869648,
      0.07018165916212189,
      0.1324872500371136,
      0.19065906532187454,
      0.03223749323963963,
      0.1150100703068027,
      0.1713651756139688,
      0.1268954563603444,
      0.23368423247197712,
      0.28497073961271513,
      0.2596988830568267,
      0.013328643492988278,
      0.2894483923703157,
      0.27126359571086833,
      0.2844478848262525,
      0.016109001286115397,
      0.06503494704701952,
      0.16754915428709982,
      0.18737242651983652,
      0.24232555583433743,
      0.24223661423067835,
      0.07773076591874706,
      0.018898112920564702,
      0.24998989590639947,
      0.08549782246858768,
      0.11356112748124109,
      0.2067005510000876,
      0.22608210555353633,
      0.17538209250068224,
      0.25363494361481864,
      0.23806249617613348,
      0.06882656905257112,
      0.0919511617422394,
      0.09734240557493824,
      0.23817092878103455,
      0.21660782818867505,
      0.21499109047644036,
      0.28719096264881466,
      0.03530053658743419,
      0.15497053399030467,
      0.07255411104650229,
      0.12283266415307553,
      0.15833710413093674,
      0.18534845491468158,
      0.14473429341918573,
      0.20752668717022946,
      0.16045359449620053,
      0.008162754772662383,
      0.15923476054092686,
