{
  "horizon": 720,
  "granularity": 1,
  "priceSchema": [
    0.198,
    0.198,
    0.198,
    0.198,
    0.225,
    0.225,
    0.249,
    0.849,
    0.849,
    0.225,
    0.225,
    0.198
  ],
  "agents": {"h1": {
    "neighbors": [],
    "backgroundLoad": [
      0.12856591164491563,
      0.23240049675165103,
      0.1112664277866253,
      0.20838154557744828,
      0.09138294597396736,
      0.29818340277601374,
      0.27762159207017834,
      0.09292209206497481,
      0.0932313820868768,
      0.18743509306792416,
      0.1655234068372017,
      0.0997431975810515,
      0.0756015077124625,
      0.2411404676546181,
      0.299434372756045,
      0.1909673433279887,
      0.11815437104286124,
      0.2752862193674411,
      0.08021978057239627,
      0.2723621890301636,
      0.2387245315243788,
      0.010634694891175356,
      0.22095559079421181,
      0.07039654494690274,
      0.1957179428592394,
      0.018213008018826183,
      0.13491439656591403,
      0.12228504574213843,
      0.18800143049415965,
      0.2683083499417306,
      0.2034074306712699,
      0.1474703781324799,
      0.07143324229893759,
      0.07586382101837477,
      0.08186702940405562,
      0.07597328925130059,
      0.2641487717460483,
      0.023686925997753405,
      0.204126782337669,
      0.10113647047133108,
      0.15761456887975397,
      0.007409787004502576,
      0.10698144173320752,
      0.0773802704819958,
      0.22715161467406558,
      0.2985183118585134,
      0.1249179104683684,
      0.25682302144616986,
      0.2593385309383534,
      0.004705820009551109,
      0.0718840592456776,
      0.06810214663524018,
      0.24259756329170318,
      0.13735532930879535,
      0.1130545562056065,
      0.016545402807613206,
      0.10388602605174378,
      0.18578523224191054,
      0.21087774475892848,
      0.2010882909100953,
      0.2225039360786305,
      0.24881093443886504,
      0.2921043130888911,
      0.058704257861059726,
      0.10142990441049447,
      0.23183877897756283,
      0.08111078859069164,
      0.29493402751579006,
      0.08745569129157055,
      0.1495451842055702,
      0.08158163070727961,
      0.23493593121164388,
      0.13040284454210496,
      0.1678650994647334,
      0.04717316500714147,
      0.08660087702236381,
      0.25758267451108363,
      0.1739104985702558,
      0.08579053544275578,
      0.0030955265924971663,
      0.19067019224982407,
      0.022825475649223825,
      0.050430759096994605,
      0.07883174058189663,
      0.16781402882303134,
      0.16208876280619797,
      0.16704119334559803,
      0.16046708487342604,
      0.06383525286172455,
      0.2159855346667056,
      0.29375151876579775,
      0.2056005294394556,
      0.2217685642769216,
      0.0775271657624058,
      0.020159188251777004,
      0.20195376985712338,
      0.16214724764815402,
      0.05188790797145871,
      0.13548607119181422,
      0.1699869251157228,
      0.05255538803012387,
      0.12409917463687398,
      0.001415697550771422,
      0.2506550820126282,
      0.01705437099361997,
      0.13034793266226538,
      0.014738382484743838,
      0.1794610131736266,
      0.24085022859753627,
      0.23626879110841817,
      0.08118232087489645,
      0.19472204264349952,
      0.03581558605967917,
      0.20467989966205438,
      0.11307469694102508,
      0.2715258310496917,
      0.0640536872279044,
      0.23589659193355766,
      0.22754116284300882,
      0.19519252038024915,
      0.19826217894178674,
      0.15506055560550255,
      0.22672291571351716,
      0.1915467277753578,
      0.13327114432011447,
      0.027814051792773298,
      0.009061819630104927,
      0.11980829021765778,
      0.19200247428285708,
      0.042463339183288894,
      0.08667089164325165,
      0.06269512829493533,
      0.11094360752519854,
      0.0884815555675277,
      0.23210066864467455,
      0.059917300745139165,
      0.007023631574024558,
      0.1484819770862227,
      0.1869246534519195,
      0.003868318563539674,
      0.11398250687473477,
      0.1603060126915931,
      0.2703859925733784,
      0.1246932723190279,
      0.15497503752038377,
      0.01620756473945669,
      0.1617245267026011,
      0.2494250469582184,
      0.0208792217648212,
      0.1608672613634645,
      0.14774352265233884,
      0.04177441310732916,
      0.14549480772601772,
      0.27663775086444775,
      0.14192410413143156,
      0.22552587576420863,
      0.18183859454655016,
      0.10378211756267537,
      0.19346162102447764,
      0.29706080019912756,
      0.1851045691161612,
      0.29946735627597776,
      0.14286824894420802,
      0.10210434946630013,
      0.09499414088932316,
      0.009684707492842337,
      0.2717511386714651,
      0.22741574444787221,
      0.27842708410366623,
      0.16491117439223982,
      0.06735770525522244,
      0.09970973050057164,
      0.005326640385602066,
      0.05631141908950396,
      0.06934664341454101,
      0.08258695844781412,
      0.18276266294721202,
      0.17396019627442816,
      0.19058888436256471,
      0.2686971926249463,
      0.11411575245765333,
      0.2490452860568165,
      0.08276109383391173,
      0.07906674238000143,
      0.056263564752950156,
      0.16150381544821837,
      0.16708358718937838,
      0.21962461570679276,
      0.10165078788942686,
      0.28844068256442634,
      0.05791333165276492,
      0.11312998380421914,
      0.15177397669920098,
      0.10163893647659362,
      0.2846961783554714,
      0.2939415403998455,
      0.05565282608767941,
      0.052980795624194485,
      0.12926146589901114,
      0.005292226740944717,
      0.03322431525340701,
      0.23556635054910202,
      0.13553217690226688,
      0.19557108853111457,
      0.016143046130325932,
      0.1390170955813404,
      0.01807095770892071,
      0.267552054113605,
      0.28579035861510493,
      0.13537775444910868,
      0.003651587545636081,
      0.21166502535579831,
      0.29136518006699247,
      0.12413117888213022,
      0.19364036032959045,
      0.23087938018416093,
      0.2232428098924789,
      0.21456183255780256,
      0.03180135742959889,
      0.151215594939193,
      0.26602897729189684,
      0.09304225880804998,
      0.055918201691577,
      0.023182240931607954,
      0.2758101366404543,
      0.16794183528966986,
      0.12135998369069784,
      0.024815902371774567,
      0.12699863812136244,
      0.10201120159854699,
      0.2685269490814613,
      0.006413704366417039,
      0.19905236491405828,
      0.09555324127844397,
      0.2884735555770609,
      0.1983265121695531,
      0.062339477625458904,
      0.028707896507968542,
      0.12424211630577632,
      0.25280114907502776,
      0.07643436818752947,
      0.02793211401277106,
      0.09898889493172983,
      0.13525047204094423,
      0.19787336954723703,
      0.23391548041066093,
      0.25103999333216964,
      0.16787695392118668,
      0.05720559613522804,
      0.29279896271926986,
      0.1976053560383897,
      0.18006889097096831,
      0.20511479560849902,
      0.025044607055129897,
      0.04065860321010101,
      0.23198886556800272,
      0.05436128662669323,
      0.20109117595511997,
      0.19634879219017543,
      0.1712342086431237,
      0.08383729006838378,
      0.02392708497705397,
      0.2722681323405988,
      0.2797002106306599,
      0.10981950173709772,
      0.100573454920302,
      0.1908777467726929,
      0.13220434191050612,
      0.02321999112691011,
      0.010281520448763126,
      0.24183275414133654,
      0.007562258925598475,
      0.13999511459101394,
      0.06441018533402039,
      0.12852303586515215,
      0.2376429275801466,
      0.23777175654117916,
      0.1285521932621643,
      0.0700538872502465,
      0.15993044565628678,
      0.09998546738132265,
      0.26747995659191065,
      0.21820378249065633,
      0.06716152170861397,
      0.22344237855369184,
      0.07315110805821802,
      0.03158871840962652,
      0.11511536775110554,
