{
  "horizon": 720,
  "granularity": 1,
  "priceSchema": [
    0.198,
    0.198,
    0.198,
    0.198,
    0.225,
    0.225,
    0.249,
    0.849,
    0.849,
    0.225,
    0.225,
    0.198
  ],
  "agents": {"h1": {
    "neighbors": [],
    "backgroundLoad": [
      0.12730923935688704,
      0.1028724983353399,
      0.29119325395964435,
      0.12857363974364963,
      0.050225535134182896,
      0.011481055025648113,
      0.10986191330591279,
      0.280015957512209,
      0.2152509070884631,
      0.05580703626115957,
      0.15358945103743513,
      0.0647946290822171,
      0.22486656003008534,
      0.07110946003179887,
      0.27088395788413244,
      0.1022054926583709,
      0.037611920063453354,
      0.049571279793248914,
      0.15295129125527834,
      0.2571038771642953,
      0.0782028128722142,
      0.20665771471549324,
      0.1476812036535102,
      0.11039559961996391,
      0.028669297852718156,
      0.0067493622911589885,
      0.10466913524572011,
      0.2118821378519465,
      0.06017955372282338,
      0.2751077579840275,
      0.2662497105413812,
      0.022417893375860632,
      0.2502012934131411,
      0.10455314765008548,
      0.09749953521183742,
      0.260719286289798,
      0.26960985248999497,
      0.0341289838603254,
      0.1931680757881892,
      0.026869244446211037,
      0.16939573667712046,
      0.044961692255484555,
      0.07544543358673676,
      0.055367211767379874,
      0.1773286149222776,
      0.04933547109192173,
      0.17973510018818453,
      0.05758327987855683,
      0.04248216020540394,
      0.0992620315938589,
      0.07851151962658211,
      0.26883008803515834,
      0.21520810443657265,
      0.2275255767818556,
      0.1258631798916802,
      0.1685257458922196,
      0.008266244778897447,
      0.1649527925753108,
      0.29104583892746494,
      0.20413495466777531,
      0.05568171151747934,
      0.05264227031468575,
      0.07187323157302798,
      0.17737140405169555,
      0.2631420228902159,
      0.2503550031666112,
      0.1704777973245732,
      0.11608445409554097,
      0.24471648703364354,
      0.14929719066404643,
      0.09006033495958228,
      0.2740875996596387,
      0.1677270646035951,
      0.25515059820106917,
      0.21882040740220068,
      0.2919949817416421,
      0.13374801323125154,
      0.05570924537652615,
      0.07727274145116386,
      0.14452591644148566,
      0.2206407340112664,
      0.083633696685822,
      0.19335831444353285,
      0.24478205863788674,
      0.14583915334072664,
      0.10320734599334004,
      0.058190368111528876,
      0.07308543247136999,
      0.056104696127974606,
      0.10951293206571505,
      0.006005354719426037,
      0.28534992514848423,
      0.07105329131086638,
      0.2565226010133141,
      0.23528288457667232,
      0.18895606166210244,
      0.2628196895983269,
      0.23929100351343674,
      0.1118907076904973,
      0.09448735066157544,
      0.10551503675289313,
      0.054466719831110254,
      0.19857480780685205,
      0.1213949726345559,
      0.003968261911383097,
      0.2407298815368012,
      0.26727976310889934,
      0.2753349615185816,
      0.24912035447295788,
      0.014688662826528365,
      0.18421274292440784,
      0.03588200039329182,
      0.269071466858965,
      0.08090650470459987,
      0.1509894353620954,
      0.29096998480633784,
      0.030284669307555898,
      0.017042648511685087,
      0.245834548707853,
      0.10320360275221475,
      0.055060545432022746,
      0.007858190911350748,
      0.16504117552604938,
      0.22520840536390818,
      0.2625892698743778,
      0.25221730141767285,
      0.07862331918157835,
      0.27347010329212634,
      0.14209084573677802,
      0.21739172089324021,
      0.19658342722608832,
      0.09268478662376137,
      0.29237530641582465,
      0.05252746827684862,
      0.03861456362186748,
      0.046079988551825275,
      0.03955749814700849,
      0.1938380848113832,
      0.269004446248772,
      0.19094757610605903,
      0.22937857462237404,
      0.19752777231109872,
      0.06896282273228072,
      0.059980866575278756,
      0.2725149984912256,
      0.02165164690854592,
      0.24287970433033984,
      0.08882573041452814,
      0.23421732675468404,
      0.2376926236987684,
      0.17594208089203106,
      0.07601316720955471,
      0.01784233466797318,
      0.07558487787540359,
      0.2852917953178886,
      0.2613803318893936,
      0.20826494322258973,
      0.1104908162864008,
      0.15952740409894808,
      0.2858774116867496,
      0.04996740519600575,
      0.05847379006568658,
      0.046698139797652256,
      0.22166795740118198,
      0.2902828095211241,
      0.13235370229403734,
      0.26468581943217184,
      0.17459504573346094,
      0.11945283077544934,
      0.029199352828293154,
      0.21619282152026276,
      0.27145500003667905,
      0.12734233568641382,
      0.019331143369451086,
      0.08114286849834611,
      0.004990206348799264,
      0.13644567285537343,
      0.2252571605677119,
      0.21282018131487965,
      0.2794836422878689,
      0.05334844026863612,
      0.11241482783135304,
      0.28826677650444016,
      0.15562814098529706,
      0.19784350246752586,
      0.1314384563535037,
      0.01965448905071915,
      0.17316325961381673,
      0.20182192942224256,
      0.03713185071183339,
      0.056078356634539236,
      0.10762665742515133,
      0.2134944654365523,
      0.12741714796536502,
      0.10170779871809117,
      0.08576259649591332,
      0.12380320120150633,
      0.27186682574036203,
      0.09717095444074189,
      0.07762409324867628,
      0.0458230196249555,
      0.185680121391383,
      0.10859403766791394,
      0.2885932511091365,
      0.2028770809267732,
      0.2795603170018944,
      0.2209395886470347,
      0.1264589661575252,
      0.16253329990054496,
      0.05574330795514746,
      0.18190013898674887,
      0.09886138037639829,
      0.2189934340004038,
      0.016139300680334676,
      0.10005666875987336,
      0.17372816838933666,
      0.13969339453796567,
      0.22458016512787332,
      0.1941577271703375,
      0.2514703224254482,
      0.0394299439874755,
      0.07551212986153895,
      0.005375060310490475,
      0.1127460281933079,
      0.21764503622002426,
      0.2946691257243221,
      0.19826224689898445,
      0.14048282453771302,
      0.09006568757413866,
      0.1957749385399699,
      0.22052887804694618,
      0.17679888157875606,
      0.010777090219470719,
      0.29460487471791796,
      0.22942309900798427,
      0.14956582630105322,
      0.08438868336631422,
      0.18810835399827816,
      0.00904992329846035,
      0.2632351042090451,
      0.21910978358535746,
      0.17800456613597151,
      0.13865537423132687,
      0.02950093115287572,
      0.22802886035514916,
      0.24070993456433454,
      0.05448528592962707,
      0.06490001637628877,
      0.00442575586297812,
      0.1056803827470616,
      0.011927131583741868,
      0.058751746827559855,
      0.2103367074758157,
      0.2592337922348028,
      0.09129875486913062,
      0.23014838456255435,
      0.24630126681251444,
      0.17583513604045073,
      0.02742323630596336,
      0.145365211040575,
      0.2210673878734384,
      0.28177781352781245,
      0.22179098318707877,
      0.2659852736924687,
      0.13989172732526314,
      0.17367883727901556,
      0.20642916170516915,
      0.08821927257367723,
      0.22502915860935394,
      0.027792975318367885,
      0.2405888364926155,
      0.26735841723751885,
      0.20006031022076595,
      0.01616378517998913,
      0.2568324984722804,
      0.0755279749811777,
      0.1527783824700512,
      0.05193282755431826,
      0.19327004511856805,
      0.06923121382330397,
      0.10810599783729644,
      0.28614557329503715,
      0.09159949940898113,
      0.16305896404106482,
      0.29281869167314784,
      0.04035934396350009,
      0.2900242482598017,
      0.16536289596448853,
