{
  "horizon": 720,
  "granularity": 1,
  "priceSchema": [
    0.198,
    0.198,
    0.198,
    0.198,
    0.225,
    0.225,
    0.249,
    0.849,
    0.849,
    0.225,
    0.225,
    0.198
  ],
  "agents": {"h1": {
    "neighbors": [],
    "backgroundLoad": [
      0.13649519680390249,
      0.011968768075888325,
      0.1796046352326922,
      0.012855686921976583,
      0.29303909490992813,
      0.03409081736675159,
      0.08799749935096056,
      0.0022040291318382588,
      0.11134497393688199,
      0.28357254441401736,
      0.22393868217311455,
      0.1684673244915213,
      0.16568532971229832,
      0.28473872579928383,
      0.08645574767224545,
      0.17315814771549579,
      0.2751863063741581,
      0.19535408824540426,
      0.11945987268560374,
      0.2072355546846421,
      0.23546311808203552,
      0.2025141727283277,
      0.1128528775022493,
      0.26448530994419917,
      0.03890843504906977,
      0.2260964057536139,
      0.19017912819189628,
      0.17376664257888616,
      0.23625691327791198,
      0.016376388352486938,
      0.22509430518085033,
      0.19789194305822214,
      0.22493254205520624,
      0.029240215877132446,
      0.14388746362238664,
      0.08347153148315033,
      0.09352790097692987,
      0.21085163701135898,
      0.16761511804926468,
      0.20939461135150247,
      0.1435674530245393,
      0.2406857006586811,
      0.15463821559520488,
      0.27489832942095105,
      0.01686134825618627,
      0.11049666639902135,
      0.24189458744309358,
      0.20956565594673301,
      0.14583386129182546,
      0.013411922739175563,
      0.22870820548247353,
      0.2086785789801562,
      6.761393012027717E-4,
      0.09245019353772689,
      0.16741996843143267,
      0.1116414669259486,
      0.2340306867146429,
      0.277635982367579,
      0.06652656732373226,
      0.1080715645250342,
      0.15271138087143285,
      0.25588612487034296,
      0.09489651823080691,
      0.20596154627361102,
      0.24619369691268986,
      0.2989685329839532,
      0.2999417460277417,
      0.14446148123441718,
      0.2376148498252656,
      0.21220309439640878,
      0.28532613479097857,
      0.18827340511338728,
      0.08457561399921441,
      0.08576569880178501,
      0.263063149792229,
      0.2108819007268473,
      0.21319325521659574,
      0.11761307221398037,
      0.2935071728225622,
      0.26763532952425073,
      0.2473409806356602,
      0.2593730764153452,
      0.2616556885511555,
      0.20100470773590826,
      0.2266741977581716,
      0.06868054221712402,
      0.22278073258454034,
      0.13570436140329586,
      0.20121862858490133,
      0.12569514111959,
      0.2078901367612644,
      0.27750076349200736,
      0.276942820501936,
      0.2516242642625298,
      0.11876702025250382,
      0.07988952547202022,
      0.03495663115569769,
      0.29776068048704596,
      0.09495356270137231,
      0.05419952649737778,
      0.2948982157904865,
      0.2638832241435917,
      0.01657325325768668,
      9.022233516211452E-4,
      0.2253517091590383,
      0.03892234321161202,
      0.20842244847940541,
      0.17783600534401453,
      0.1568190550370437,
      0.1340004790353385,
      0.020375467829785433,
      0.040452429516451456,
      0.26966371768880404,
      0.09037613570836382,
      0.0360305159022307,
      0.08654543425954159,
      0.038898926435353996,
      0.010135622890083894,
      0.04643757635961889,
      0.2502508859878317,
      0.28965510077807655,
      0.2882015082662686,
      0.1150055924052205,
      0.024517018423426427,
      0.08606937488410256,
      0.08428274958072288,
      0.2868253259341507,
      0.25991721158011194,
      0.18009779870035164,
      0.24920768362285445,
      0.0580144949627704,
      0.14153228848523228,
      0.17498025282449883,
      0.1064057476353474,
      0.2689270855763584,
      0.21806879251465322,
      0.05747047308891744,
      0.2821254912555592,
      0.14216281144716295,
      0.26270233430211487,
      0.07638556960226313,
      0.0674359493400536,
      0.11930407212873732,
      0.21692931213813818,
      0.1448561457035228,
      0.05353233953230502,
      0.22842771727799246,
      0.2286107358028023,
      0.19791549664922553,
      0.0752196524644091,
      0.062109019883353406,
      0.24237233740078012,
      0.010950054336234005,
      0.04587229681861031,
      0.29405223462787106,
      0.05666313456770019,
      0.2394879504961066,
      0.21238357415297554,
      0.005234567405215628,
      0.20724191885880702,
      0.12884244515383106,
      0.15125972631507473,
      0.040173405036134056,
      0.23164216357994,
      0.15262866021677557,
      0.23176073000657277,
      0.1074179019207065,
      0.0924585225425312,
      0.2606490388531857,
      0.0926472719541069,
      0.02266906259864443,
      0.244274376007033,
      0.19547920205852357,
      0.04806152712148993,
      0.2965746587166943,
      0.13791275060509256,
      0.05774815076686804,
      0.25615089210943986,
      0.10661791778546632,
      0.29315504731718023,
      0.2020536104988566,
      0.2121796889618643,
      0.21736040998898054,
      0.18452445073240678,
      0.22613236522426966,
      0.17228854439576938,
      0.2553079412130245,
      0.10954020200637894,
      0.07082942040796203,
      0.0738682862306286,
      0.08730534003403091,
      0.28327671414368627,
      0.185227453337185,
      0.08704522093440001,
      0.2094453151717899,
      0.25647788391407605,
      0.06932484626750406,
      0.2482644650311145,
      0.144711387515658,
      0.04271424467733008,
      0.2931376476880968,
      0.20028563800462776,
      0.17867518829832216,
      0.11923347563197621,
      0.10017720774580842,
      0.09302554703384223,
      0.1356779257643946,
      0.2198356828295268,
      0.06911108675242486,
      0.2591224530469659,
      0.2989851581024569,
      0.29939594234432343,
      0.06095120142169308,
      0.17564438560486764,
      0.028286727600323545,
      0.10372804528720264,
      0.2642566807766291,
      0.003522045789858796,
      0.03970775854350481,
      0.06582407650768936,
      0.17611417630952228,
      0.07256355917060484,
      7.641209864615251E-4,
      0.14865822559994,
      0.002599856998378336,
      0.14982843702231133,
      0.22110176692218417,
      0.2850223402174805,
      0.17615090830865085,
      0.2988939404813935,
      0.11631948512834046,
      0.28500852323749193,
      0.12878148107568912,
      0.2832145801903777,
      0.05916855138771582,
      0.11642083470019143,
      0.05613940292822332,
      0.2582302642527107,
      0.2134756540999138,
      0.07843023578356889,
      0.10215004437390642,
      0.14899257542931035,
      0.22151205739540827,
      0.19673793332073378,
      0.2983094019310347,
      0.12103888073694458,
      0.12103697734242902,
      0.018678026485144505,
      0.038045650848892984,
      0.24242635818526675,
      0.10235646138535232,
      0.05220239945949168,
      0.25360501678283165,
      0.15959247636688895,
      0.13833157509791552,
      0.24801102548611828,
      0.2649288298987754,
      0.041918919702354604,
      0.026552715293002915,
      0.11507532182212649,
      0.2161342169970998,
      0.06577410420378538,
      0.23460254634237138,
      0.19832832756947402,
      0.2629233111160998,
      0.016407406847075034,
      0.21318235542726358,
      0.21058449639125004,
      0.26048337771221125,
      0.11822027713184508,
      0.11676877083563586,
      0.2095105269427751,
      0.024657582625555962,
      0.29072041917262714,
      0.01102342540013842,
      0.13910289263970624,
      0.044913450756837524,
      0.1297120127409476,
      0.0833951963735798,
      0.2605309658580392,
      0.1563550576204038,
      0.19121742036674544,
      0.21238137904055954,
      0.05045261140546524,
      0.22823746428218938,
      0.2924369308607913,
      0.22643618176476357,
      0.12013592244361361,
      0.15093276016474239,
