{
  "horizon": 720,
  "granularity": 1,
  "priceSchema": [
    0.198,
    0.198,
    0.198,
    0.198,
    0.225,
    0.225,
    0.249,
    0.849,
    0.849,
    0.225,
    0.225,
    0.198
  ],
  "agents": {"h1": {
    "neighbors": [],
    "backgroundLoad": [
      0.2326839041682986,
      0.13580384523986122,
      0.16140745056894165,
      0.08379925472257219,
      0.15850217414915227,
      0.2894627292289681,
      0.10502559619091399,
      0.2520574791868921,
      0.062190794999499276,
      0.17450303345384008,
      0.17906880925593455,
      0.14173228102226468,
      0.015207624571888111,
      0.09394886795873145,
      0.28992224230669306,
      0.1796841934338941,
      0.14742305000272665,
      0.2095112247223442,
      0.11403909742302164,
      0.08001970134477296,
      0.272735122013889,
      0.15823549010577184,
      0.0947202100059251,
      0.20118387456524306,
      0.18065973203092714,
      0.2390953249491401,
      0.17046648425005737,
      0.051967092676313276,
      0.23101779032503386,
      0.2796909816566947,
      0.18454796168879356,
      0.09036959971287718,
      0.15518991680698344,
      0.17359349703600238,
      0.1832883092986517,
      0.26538936259298945,
      0.12149821399142094,
      0.1508668003217775,
      0.07555425961680907,
      0.22377573683133947,
      0.16459133152662092,
      0.25051245212455936,
      0.20563627423280265,
      0.17887257246007585,
      0.053066516488996,
      0.1485157376840274,
      0.2426726703931421,
      0.07554225309819056,
      0.017273492782378386,
      0.28461528908183975,
      0.10130696292791144,
      0.18089510933150654,
      0.23907927252409644,
      0.02291829253978922,
      0.17605311687891362,
      0.07116324378435604,
      0.20557237618240837,
      0.23471592331125718,
      0.26837175320477324,
      0.12598858667671364,
      0.255369201230163,
      0.17462303639252355,
      0.16276059800063256,
      0.04325932171476555,
      0.027171913057167586,
      0.055983636912370426,
      0.04965954621761309,
      0.24412381586352241,
      0.24316829826285297,
      0.07371128901732192,
      0.259791005824604,
      0.19976425514412763,
      0.04063959311355662,
      0.1088445559041264,
      0.19989525647496767,
      0.03012673302733245,
      0.16702566545400205,
      0.26079255274331103,
      0.025610486899616203,
      0.022753881413786536,
      0.2503937565478006,
      0.2804583961837015,
      0.2195316136255096,
      0.18213411209043612,
      0.284080269119952,
      0.27808686888158035,
      0.29374641109441574,
      0.038082427622414323,
      0.2220711781944508,
      0.2124300082219269,
      0.2308895591265591,
      0.23256895144885187,
      0.08556786308884268,
      0.14779455832206884,
      0.21135677169627431,
      0.14279100879870976,
      0.07266891229265567,
      0.033967358035731664,
      0.16721165712104857,
      0.05541934327456529,
      0.12718955332921705,
      0.16411419352842008,
      0.18853360858295917,
      0.13183267616696484,
      0.12366021822053408,
      0.19543121541408962,
      0.053954127351587056,
      0.09863856180562117,
      0.1847351385958928,
      0.23897646370125675,
      0.049965886975911145,
      0.017234217471975653,
      0.14753156846630394,
      0.06393059829890717,
      0.12416574776037523,
      0.04254497341068619,
      0.07618151520676363,
      0.29102340593828857,
      0.16463488880135246,
      0.04287843280523668,
      0.28191958824550417,
      0.052298315069168176,
      0.046634851552312916,
      0.003717504268157767,
      0.015658648721229494,
      0.15074664130207224,
      0.05801139486185699,
      0.014181940558985539,
      0.08962575514228895,
      0.019656437927456204,
      0.04072016589455694,
      0.18092657524439568,
      0.1014346861174129,
      0.2923292946592112,
      0.15997306598203792,
      0.030627904690825023,
      0.01662519971161791,
      0.24180026336390487,
      0.23624825058236854,
      0.29679265966617546,
      0.29593868208274016,
      0.08619996424144924,
      0.24957957248829105,
      0.25275699668829804,
      0.15584915308539576,
      0.06353539998177817,
      0.294600216677035,
      0.1634703664898126,
      0.1150631525301203,
      0.08490423043927729,
      0.08976111447246875,
      0.11403259901050611,
      0.28708630124322126,
      0.17075871730091277,
      0.09444850972650867,
      0.20867943433408684,
      0.2773407387533947,
      0.09913958491963186,
      0.22109759492892334,
      0.21966228531051488,
      0.10537714118283895,
      0.1642924393754885,
      0.23583613344737797,
      0.14272376568021009,
      0.09001743891248085,
      0.06682289876713929,
      0.16356390733701034,
      0.2518936510521501,
      0.024404279588279097,
      0.17135733199707215,
      0.21401982427711855,
      0.19226774585365874,
      0.11630277237369815,
      0.2141089863792165,
      0.012733761578627144,
      0.27542084962181546,
      0.21893981186107703,
      0.23189359055447786,
      0.0030051908664110115,
      0.08466480488297556,
      0.06877606523110431,
      0.10434447583207913,
      0.07794864781226682,
      0.04423273274681516,
      0.05652268138095744,
      0.11910733251123928,
      0.2399425555390436,
      0.11475921671619073,
      0.053169422904615855,
      0.19834720458067215,
      0.1947986203428122,
      0.11792770934212105,
      0.1703285625809193,
      0.13845771931343445,
      0.09815106305422536,
      0.2889115723071123,
      0.0645503905555344,
      0.24342939029076796,
      0.04388493213277229,
      0.29109353144721856,
      0.19592742178652722,
      0.20544965493971437,
      0.2400779870013046,
      0.11861365769018845,
      0.08538590575556806,
      0.08001478156363145,
      0.2941539680117364,
      0.171156588626825,
      0.18453866524855572,
      0.05462934549188281,
      0.018663393773857315,
      0.18970581020782132,
      0.1784600208741803,
      0.2828887170390539,
      0.09700948967854381,
      0.049196017665308296,
      0.07545989965808707,
      0.23670963783126203,
      0.227280479578921,
      0.07197587201080675,
      0.18962042169278395,
      0.06281547286882144,
      0.062920219819917,
      0.19774894943147556,
      0.06863490012183929,
      0.10701881683571529,
      0.21798620262522345,
      0.21706469159565941,
      0.02885953013236575,
      0.15782607311529495,
      0.2509599440187209,
      0.12518177387203963,
      0.008092053666649012,
      0.024649636416151054,
      0.2501097772824721,
      0.2257332188437725,
      0.07635763078790823,
      0.0426024901725877,
      0.12087761724374577,
      0.11235800727073542,
      0.19821302690420337,
      0.007680752496701703,
      0.19977052259088024,
      0.02684491530189771,
      0.2829057257288062,
      0.02372317933013904,
      0.0778867721246522,
      0.05395573655105507,
      0.07085993502048502,
      0.2683436349034527,
      0.11866685184372351,
      0.16206694800164806,
      0.17857125965668438,
      0.13011370588785154,
      0.2852500664820341,
      0.027568588633652236,
      0.02743287017643563,
      0.10907152117248262,
      0.29614519343929996,
      0.297421793281866,
      0.28456925976271175,
      0.15037801727253627,
      0.10434281609255358,
      0.23043805895743288,
      0.268907708599417,
      0.019778258594084018,
      0.15414764371628456,
      0.058078808429317404,
      0.2923396882868591,
      0.030758505806565827,
      4.91839293498586E-4,
      0.2769193384274231,
      0.16869671184515017,
      0.2308902421090932,
      0.1970002045539842,
      0.028701268299134684,
      0.009661755126512428,
      0.1273035135544969,
      0.06524083456773676,
      0.02683144996675707,
      0.21768664705549592,
      0.18620370021365104,
      0.1793115979396769,
      0.16693244152514827,
      0.0488491206917516,
      0.07628157198618545,
      0.21266483969568864,
      0.03285365335350699,
