{
  "horizon": 720,
  "granularity": 1,
  "priceSchema": [
    0.198,
    0.198,
    0.198,
    0.198,
    0.225,
    0.225,
    0.249,
    0.849,
    0.849,
    0.225,
    0.225,
    0.198
  ],
  "agents": {"h1": {
    "neighbors": [],
    "backgroundLoad": [
      0.11179545060290356,
      0.1714777716806157,
      0.15545961000101519,
      0.11658853842050501,
      0.15702107742543356,
      0.18146082099015445,
      0.07182003922747078,
      0.001942555941034041,
      0.0259923213992434,
      0.1766616166996834,
      0.09591243251025446,
      0.2629428678561813,
      0.2682548547365211,
      0.17704902018921834,
      0.09494362995539048,
      0.13545584701661761,
      0.1316726534133357,
      0.038005484085973186,
      0.23273603088808834,
      0.17967861221846487,
      0.2342314192948284,
      0.013642533358975294,
      0.12189080075869531,
      0.02626117537281738,
      0.028139423884920023,
      0.27799619115276764,
      0.1866521935807889,
      0.15699635200150025,
      0.1437978965210023,
      0.08762129676257899,
      0.050607837687336295,
      0.055318861063578625,
      0.2511824259519565,
      0.2790336181581037,
      0.006735838826653928,
      0.03426348719001834,
      0.0058624562064405585,
      0.26139819978616147,
      0.14499600626233064,
      0.208477525591526,
      0.020676306841038838,
      0.0017924109103282459,
      0.25276907581311425,
      0.1311106516487963,
      0.049226173575337685,
      0.0801443959400028,
      0.09522448650094485,
      0.03358208872243481,
      0.22404520017716387,
      0.12030483850936491,
      0.0526159463040733,
      0.2916400965386422,
      0.16870348484408526,
      0.09033518081532545,
      0.23856334753999922,
      0.04010864663894792,
      0.14119507577965776,
      0.15216776431855586,
      0.12007612378501684,
      0.2846784770547366,
      0.04093162074746239,
      0.15803104392054734,
      0.1463092773722592,
      0.2507416859375874,
      0.05354354052001829,
      0.1677873901503138,
      0.06913110616771607,
      0.001412848657992538,
      0.28535899882977855,
      0.19202225676703064,
      0.10548815454105122,
      0.1989798264885624,
      0.011792916639949557,
      0.020055254598105355,
      0.17740317659765742,
      0.13408836644398145,
      0.035523829846530096,
      0.17945842664192888,
      0.05098159509066403,
      0.2882645102519408,
      0.2072451574602548,
      0.20033499385874434,
      0.19029834457181374,
      0.14832053107638182,
      0.13364382153896673,
      0.12666352289638919,
      0.19719564785936886,
      0.18992695467011408,
      0.09547764818708279,
      0.07219796779384209,
      0.03223823305777731,
      0.2681323947414987,
      0.2322329464702649,
      0.20816603453263274,
      0.14208355812765147,
      0.2104846846332956,
      0.1663191675632666,
      0.0484182499028429,
      0.20902747730627708,
      0.1506606574063415,
      0.17152550271330907,
      0.2254325599279265,
      0.2320170353041934,
      0.1920723974731448,
      0.18812673235348826,
      0.06813453705257402,
      0.2677286848509435,
      0.2702962233756381,
      0.06506963940546309,
      0.18317032268939268,
      0.01120622589212118,
      0.08860914897908496,
      0.28272607169187336,
      0.1270295504166298,
      0.06855617018172935,
      0.1678486582829807,
      0.2037936233336585,
      0.03648770599052903,
      0.035573164278779046,
      0.20471400806718204,
      0.28165640043253176,
      0.21854299956273943,
      0.029971074114528783,
      0.11843322708880916,
      0.09400105985418312,
      0.12537739676305962,
      0.1928694161726661,
      0.21910731483570847,
      0.13005381522594317,
      0.2693616782806862,
      0.2613329380317777,
      0.17005726952410108,
      0.031513197501217526,
      0.13258524437025404,
      0.25971476580018077,
      0.16384287891291716,
      0.15105155011853189,
      0.08774085283987144,
      0.2789508119987916,
      0.11245284373429455,
      0.2762817326234458,
      0.1351632457898476,
      0.17861389435412525,
      0.26511991965877507,
      0.21740950649595506,
      0.17049605637042128,
      0.013433029907919046,
      0.05783968468654061,
      0.06844216173628943,
      2.790557895113066E-4,
      0.27198382886001066,
      0.17953855917876455,
      0.19346876018580156,
      0.1825547441593156,
      0.00946199783145739,
      0.0028182123865988506,
      0.14324419424072826,
      0.23056772833501663,
      0.11683952595510584,
      0.1832906686338136,
      0.19391103580059169,
      0.062111953144935034,
      0.13959361569010167,
      0.0027637636076076277,
      0.2477384433674063,
      0.023744195742523764,
      0.1850986868734706,
      0.08474745483288833,
      0.23472824791326982,
      0.018341263524806226,
      0.0386495536307588,
      0.27650462678208876,
      0.2277666505334305,
      0.03465093278551521,
      0.10472081392412821,
      0.2000125548673617,
      0.15753775245833482,
      0.19602700330464093,
      0.020764480940533004,
      0.19798789197776348,
      0.2800697123042296,
      0.09925813055327337,
      0.20048969135443126,
      0.267490750574799,
      0.1256860668975022,
      0.07537238671934285,
      0.0902733102915488,
      0.024941110531290445,
      0.11310119014996001,
      0.14816680851094452,
      0.1465541442340848,
      0.062269640587421404,
      0.041269750951142846,
      0.2916317404088274,
      0.16864001823824035,
      0.07604347759329048,
      0.055366962392681386,
      0.11706749535104932,
      0.11313042638596946,
      0.2729795566313184,
      0.0843419352100999,
      0.19466299764720194,
      0.16620351162404987,
      0.15697001901034538,
      0.15181496936828537,
      0.10282363151449085,
      0.1762544955410882,
      0.17079962563619697,
      0.19164312893966776,
      0.2849407860440477,
      0.08252346288854831,
      0.08374260087073225,
      0.12723042040263446,
      0.07982673972611294,
      0.2808664049551046,
      0.16382232403682256,
      0.21195566342332695,
      0.1642389298328708,
      0.16406402423735458,
      0.2262964847143892,
      0.10701090278146098,
      0.21428315168914766,
      0.015684412028598736,
      0.19660078012015228,
      0.22689029013670162,
      0.22699298343453608,
      0.2733153983051013,
      0.26809926380489346,
      0.14676581011265039,
      0.18887659565299675,
      0.17428597724545566,
      0.16424266163043205,
      0.2238101673197901,
      0.22902047395242864,
      0.12416257285596526,
      0.2572268462779984,
      0.06217106027311961,
      0.2565285758438173,
      0.1783749550311422,
      0.16258459831356287,
      0.10381009928030144,
      0.20982047268645573,
      0.03859098458383237,
      0.058271286664562466,
      0.2917643350457684,
      0.12780708937587484,
      0.11886919767221688,
      0.19689159659379346,
      0.16234855980135834,
      0.19706598776221892,
      0.19643769953942125,
      0.25429072826568433,
      0.14999058832232648,
      0.17904454783028753,
      0.24200977961653966,
      0.2704608661324716,
      0.16797100853918745,
      0.0687889123853527,
      0.2644750077422069,
      0.20404435950232147,
      0.18884476706311093,
      0.08928271612293029,
      0.23200282622525553,
      0.2751602285372323,
      0.0735908125055711,
      0.026661411791452472,
      0.0996587533435238,
      0.29923801784969556,
      0.17843090997718045,
      0.2981664858333451,
      0.20720537781695755,
      0.031956164357005455,
      0.16243791678422856,
      0.10752174077100915,
      0.16441931584418806,
      0.03049037594639129,
      0.06269095835175943,
      0.20487268952864437,
      0.09264660663144837,
      0.06544678181279602,
      0.2578461533992914,
      0.1534084682522744,
      0.11807746617373341,
      0.17582534324878216,
      0.257531021776141,
      0.07771482368316476,
      0.07737860641447479,
      0.1106309113789156,
