{
  "horizon": 720,
  "granularity": 1,
  "priceSchema": [
    0.198,
    0.198,
    0.198,
    0.198,
    0.225,
    0.225,
    0.249,
    0.849,
    0.849,
    0.225,
    0.225,
    0.198
  ],
  "agents": {"h1": {
    "neighbors": [],
    "backgroundLoad": [
      0.16776503777460502,
      0.2588403899507944,
      0.20330034813541767,
      0.04106909110843516,
      0.28302861791082023,
      0.16360918084459894,
      0.1462467323991948,
      0.29273605250861773,
      0.06266848190494782,
      0.06731915434000402,
      0.26399023038269714,
      0.2859925314136153,
      0.2758902045447297,
      0.2747130079924171,
      0.15197571091341963,
      0.2825202274461119,
      0.07128727803090086,
      0.03772859701439395,
      0.2638245796839669,
      0.0198409389262016,
      0.2409940048660562,
      0.03308848378441946,
      0.08466265704157602,
      0.27311442670670927,
      0.2523742744100498,
      0.2691132380595217,
      0.11563809640376783,
      0.036330146689258803,
      0.05917604472355787,
      0.0876686455153801,
      0.29105695990456637,
      0.1745515883960426,
      0.0747902268394217,
      0.18557009357955936,
      0.006038924407774182,
      0.11217493906905152,
      0.14667750895183918,
      0.26362634989103234,
      0.10088333199182689,
      0.06674580871898396,
      0.2740113733310041,
      0.07350345880877569,
      0.12909111698231224,
      0.09604599825351692,
      0.02332908549329077,
      0.1648546731800041,
      0.10423240541179939,
      0.2471266544271013,
      0.13839493994845573,
      0.11689232009560341,
      0.2573234566707822,
      0.24940069945204807,
      0.15297635804950183,
      0.2360863721247466,
      0.028499466733909972,
      0.07046665703953528,
      0.22965226538131328,
      0.29131351285477347,
      0.28073328802414554,
      0.18371896701722257,
      0.03499764675591561,
      0.13468964162967648,
      0.07098825209874628,
      0.1618059647066231,
      0.09287663308510387,
      0.12407031743292463,
      0.08694627363252043,
      0.14758869705132446,
      0.10700178855623456,
      0.184625467230678,
      0.117933551147436,
      0.18452336504050695,
      0.05217655093801563,
      0.20173432671259667,
      5.397511208200756E-4,
      0.08141279931126995,
      0.25213103987054036,
      0.1457493894101651,
      0.006552012147753993,
      0.18921605331580507,
      0.2587188306317267,
      0.19823289019234128,
      0.1710910231969608,
      0.11953843804799578,
      0.14565019118853761,
      0.09616525970073604,
      0.17901430714973354,
      0.13321933695450192,
      0.020884390978255295,
      0.046858826370390134,
      0.239277822815255,
      0.15459670523585067,
      0.08303425836455655,
      0.15573886643757281,
      0.1568916133929875,
      0.25857049459521625,
      0.276366006837751,
      0.06009966682940856,
      0.10676256318690329,
      0.2512338296068789,
      0.07948983318795012,
      0.2582699257084084,
      0.29101153501974175,
      0.06841476396139973,
      0.1794377571853283,
      0.09477492027981406,
      0.06461223757786996,
      0.24613889677317347,
      0.07731542961741639,
      0.16037045580413087,
      0.29573394177356377,
      0.2657653088641422,
      0.2961207893585307,
      0.18439562627897696,
      0.2540468938413395,
      0.2616429717978532,
      0.08074533134111987,
      0.06819168303849965,
      0.17890142619196653,
      0.26387214214855753,
      0.07210867041696904,
      0.1974966801010066,
      0.24430351547302168,
      0.12300180993685603,
      0.25819204094753645,
      0.2663425629441423,
      0.052200339210796996,
      0.289741942274253,
      0.04636021257216146,
      0.1893779183393067,
      0.251478784388862,
      0.060088294125046245,
      0.27497139573536833,
      0.08864714860789254,
      0.1915397509781939,
      0.29587897470338054,
      0.29337044748926744,
      0.1661297432171411,
      0.2764470878930458,
      0.003794141893225078,
      0.14190324104855764,
      0.11909432341011877,
      0.2990519319289645,
      0.13177020583136453,
      0.09407391239910871,
      0.05538010452569869,
      0.11485675425745256,
      0.1270427383558033,
      0.20942171122329128,
      0.10213255143191419,
      0.2788644246441692,
      0.23727813873781856,
      0.09723488561759021,
      0.26914320801331754,
      0.20837889315837613,
      0.046229968060041725,
      0.055958893417318675,
      0.15605633182467007,
      0.1479095571297685,
      0.021754759167331494,
      0.043439805116796536,
      0.23986582708269225,
      0.07113396319485076,
      0.04671264153234411,
      0.08119889983046703,
      0.20128651276485948,
      0.012584859244994162,
      0.05200109808725729,
      0.2217572466012682,
      0.2565534311482586,
      0.10476998820764202,
      0.09168427229583599,
      0.06545503486662307,
      0.02424074964425573,
      0.2431003815700352,
      0.16915725445656787,
      0.18952997816547298,
      0.20048245595500447,
      0.037490773752302864,
      0.1149550786597213,
      0.2317582768496172,
      0.07494694347660465,
      0.021413103363562235,
      0.08811047743475035,
      0.1834793327139986,
      0.2607304205998917,
      0.15002311258733855,
      0.13456770200178347,
      0.13949500628889108,
      0.18589221999999034,
      0.07210659948781524,
      0.19251087128362043,
      0.01188003681730566,
      0.16086025696950737,
      0.013820868409824327,
      0.28248975856713243,
      0.010295128425519185,
      0.017926488525649698,
      0.24816511119324586,
      0.09381766351283401,
      0.08752630940529887,
      0.059145829333895006,
      0.00839634747148893,
      0.21805971645329578,
      0.05646622245725247,
      0.20089555506910947,
      0.05932472263095939,
      0.2233056142337246,
      0.07076195121008794,
      0.25982104081596485,
      0.11809704320962411,
      0.09163624037620657,
      0.1806268515474758,
      0.29658569830449255,
      0.1740745379194293,
      8.18377307252105E-4,
      0.0882738782548929,
      0.2616311091500132,
      0.08245948171625615,
      0.05446323954705407,
      0.04745995463980217,
      0.08021029207383285,
      0.2513920885796446,
      0.2623597463055745,
      0.13130107919763198,
      0.2784844752144147,
      0.0717193771145602,
      0.08051489873211065,
      0.2963124260372013,
      0.1673984540661376,
      0.18357455858226204,
      0.01630305028675828,
      0.11094854283078075,
      0.2741799356051352,
      0.2143938252768087,
      0.2245571063317819,
      0.03488359413005443,
      0.14219435360996713,
      0.19868434839294638,
      0.020030151520883797,
      0.1867394887360424,
      0.0255279602774398,
      0.10019294275876432,
      0.029624916385114452,
      0.041155690921356326,
      0.2747230832084267,
      0.012119580976721023,
      0.17125367504160724,
      0.18169147344155373,
      0.021160271301083767,
      0.11607171682105116,
      0.2843323065432906,
      0.2722824026336662,
      0.15717852528222453,
      0.20455266109541734,
      0.21377229649975243,
      0.16306947547115613,
      0.1749547831618902,
      0.1860438614215971,
      0.19652800299166642,
      0.21759850316613874,
      0.05313242602898018,
      0.15170188628353007,
      0.23087742625433802,
      0.23602335562800925,
      0.2262298680579206,
      0.14975508688836006,
      0.20222447170266963,
      0.07212817369237119,
      0.2757339344802094,
      0.2976851134982955,
      0.18242926827888015,
      0.2643100636763391,
      0.24872189966251912,
      0.2374026906290873,
      0.1976398016521848,
      0.16577340567715923,
      0.1380548573590406,
      0.054660552046668316,
      0.28045054809697006,
      0.21909780597736284,
      0.08998542693763435,
      0.18744977232482143,
      0.2820890438464808,
      0.05006807539201103,
      0.15580877576225408,
      0.024702165011719478,
      0.08264848572917166,
