{
  "horizon": 720,
  "granularity": 1,
  "priceSchema": [
    0.198,
    0.198,
    0.198,
    0.198,
    0.225,
    0.225,
    0.249,
    0.849,
    0.849,
    0.225,
    0.225,
    0.198
  ],
  "agents": {"h1": {
    "neighbors": [],
    "backgroundLoad": [
      0.18316108290492103,
      0.2149711723792607,
      0.26003327959308153,
      0.07683066764088776,
      0.02676846735371926,
      0.28861646449130945,
      0.2980815552025661,
      0.22900602595645583,
      0.14299805678646024,
      0.24747019918186294,
      0.1963402529306302,
      0.06907468442304798,
      0.2318324268100379,
      0.02157637246710542,
      0.029993817474149517,
      0.16732695334440467,
      0.15672442996776922,
      0.14245010707414174,
      0.005507532487860745,
      0.09153476670316842,
      0.039719981589753324,
      0.0718070612174467,
      0.26441929374315615,
      0.047601223129018023,
      0.1545783687491897,
      0.22543178224998697,
      0.07849224714851484,
      0.20118673881536117,
      0.27887350811003486,
      0.2194969016161942,
      0.16792275358015066,
      0.09704239701233612,
      0.21658974871588035,
      0.25735074087515386,
      0.02509243499141417,
      0.1667233764667008,
      0.2341431520856565,
      0.1760940782195002,
      0.08400857332060148,
      0.28286456243774877,
      0.04332344497291589,
      0.2817511717152821,
      0.005010498664102325,
      0.189252787137649,
      0.2545533569045526,
      0.2839879705076636,
      0.020018685767762723,
      0.058039664955241266,
      0.17325506975373445,
      0.09136893417343042,
      0.019192372671880318,
      0.2828937738350007,
      0.10944847413884028,
      0.05855970488978761,
      0.009924214913926088,
      0.2586619303563834,
      0.0853487941591022,
      0.17088830647579373,
      0.22887235476233406,
      0.24218856513234477,
      0.010918679254405206,
      0.2928738232975319,
      0.03406238387525714,
      0.0759891718473872,
      0.10819363715429238,
      0.2766293700549841,
      0.24699251808423228,
      0.29147401229774234,
      0.11392810016549489,
      0.1568704932667637,
      0.28782138183157496,
      0.21607134307926593,
      0.03485159287235271,
      0.2943682878607366,
      0.29746129101007684,
      0.12994788107840916,
      0.1821192155436586,
      0.29336934164539114,
      0.06200675291427196,
      0.2584153850866212,
      0.2874555208647936,
      0.07442792484627773,
      0.11578358473136155,
      0.27482150451448656,
      0.16193296409193442,
      0.1849284579886221,
      0.07239364734419679,
      0.1681198454755332,
      0.014935047780812859,
      0.29524349835627833,
      0.22754782002252594,
      0.18042374307839257,
      0.06806749753401872,
      0.21621532042741973,
      0.06186033696278519,
      0.12770078907878032,
      0.29800512832411113,
      0.29398168224599963,
      0.09908318848314115,
      0.11157839154663876,
      0.1283229858120188,
      0.19854330321383565,
      0.201648985182564,
      0.0035041375555005636,
      0.11846155711112821,
      0.00777487993718865,
      0.10297091391412276,
      0.1752132674353103,
      0.2006811805356447,
      0.27841092382117183,
      0.20723934082401568,
      0.21444702576024194,
      0.25956805923406034,
      0.11841255910410224,
      0.12972867347477543,
      0.034796761359375546,
      0.1105093688131117,
      0.22641867182613587,
      0.09967532150476066,
      0.03241237505559502,
      0.157902199989267,
      0.10222015952848991,
      0.05134714273025707,
      0.16731933482844585,
      0.07773297006255926,
      0.2010354992640336,
      0.14800605527986258,
      0.10235097978935397,
      0.2692693415161668,
      0.29457712189883917,
      0.12758169809150877,
      0.030035772835750617,
      0.27813037778408817,
      0.19563064459711885,
      0.2797229639049079,
      0.09487780793308352,
      0.24714564815736173,
      0.08376987317959735,
      0.03828907067964658,
      0.14067653475259126,
      0.2615986085541839,
      0.11979197298210778,
      0.28044839569031393,
      0.08617866814837614,
      0.019883223609885103,
      0.03567856610088705,
      0.13075557381882355,
      0.16285962869476353,
      0.09353018687952298,
      0.2813469562884232,
      0.15705278387611823,
      0.22474513128688814,
      0.22804688611908996,
      0.08717605962067067,
      0.27371093200092855,
      0.02284984501075041,
      0.20899917211624564,
      0.2609182718548087,
      0.20578022346047053,
      0.08952138737427064,
      0.2184381331771731,
      0.2059005720322529,
      0.2583942899079084,
      0.22866866373189434,
      0.062753729458381,
      0.0257953137757972,
      0.04677130837090519,
      0.1409181689590223,
      0.026035680215753088,
      0.267151328693201,
      0.16243634954432262,
      0.08776824666090098,
      0.22018438161725193,
      0.2691809348110387,
      0.171634750748441,
      0.2855253901780886,
      0.24471826278089848,
      0.08959346889764792,
      0.2047108791089417,
      0.1026422463263791,
      0.17030072269248261,
      0.09860045006411614,
      0.064402407811101,
      0.054263309611595735,
      0.27428497695457,
      0.1136679540430545,
      0.054391444437500346,
      0.039224758647855906,
      0.0629473306312382,
      0.017052200062774945,
      0.032499509964200514,
      0.08393717491965898,
      0.015402321362308579,
      0.21705608690367142,
      0.12394985580934272,
      0.040431940520694806,
      0.10832849517894749,
      0.04749490454369184,
      0.04018314895545213,
      0.02402731917267272,
      0.14013125405339102,
      0.15192812499248823,
      0.23016013467244392,
      0.16354493391594468,
      0.17390670366314429,
      0.014215742532817831,
      0.040585314919476055,
      0.1831597780629224,
      0.004839082834426444,
      0.2918116912789703,
      0.10739012582643773,
      0.28424977144373975,
      0.11382124872556959,
      0.11464585171503892,
      0.2214269903864809,
      0.21676507848431234,
      0.02042441314333695,
      0.09507064999645022,
      0.08184202594737956,
      0.203322561205688,
      0.021620881031832472,
      0.13587871734829646,
      0.14965347037353174,
      0.12229135750345313,
      0.2962895677394733,
      0.16342344557866864,
      0.1924989547215668,
      0.1852444056257106,
      0.14488711427639356,
      0.08103934921926183,
      0.16742333876681884,
      0.12103049587288471,
      0.24590218593949242,
      0.2977090336313512,
      0.04278263343298463,
      0.033269660575060075,
      0.15948560284426436,
      0.039921578466258496,
      0.006360478246340162,
      0.14007299716319868,
      0.2924579604937943,
      0.16157187632002082,
      0.16312768868709934,
      0.14975214000868,
      0.03286507633684196,
      0.07018002861224024,
      0.11305179862631012,
      0.1310133447862996,
      0.03694199790070287,
      0.14568281228775362,
      0.06464560908621274,
      0.29203406472659793,
      0.2880363519663706,
      0.2570892654140378,
      0.21460230972468844,
      0.11232659138074473,
      0.010938303297146578,
      0.21040596435864298,
      0.06753416788728862,
      0.014150543968596739,
      0.24280610801174868,
      0.07572153786661684,
      0.16526604279195553,
      0.12725354946955345,
      0.15483423462779375,
      0.2395224952944358,
      0.29171941335043355,
      0.10205635388125962,
      0.27307237058359096,
      0.20142578392145388,
      0.216490409829396,
      0.1159669782654533,
      0.25553184436647625,
      0.07427250512588542,
      0.19819331789982644,
      0.10665971374386694,
      0.18249419312399323,
      0.23250677083792315,
      0.23364289488218984,
      0.08742528363861532,
      0.13117170694548214,
      0.20768494184330155,
      0.25873548466368324,
      0.24395831809182195,
      0.11163828718379386,
      0.0030527910346400343,
      0.28988037048104504,
      0.258071082954826,
