{
  "horizon": 720,
  "granularity": 1,
  "priceSchema": [
    0.198,
    0.198,
    0.198,
    0.198,
    0.225,
    0.225,
    0.249,
    0.849,
    0.849,
    0.225,
    0.225,
    0.198
  ],
  "agents": {"h1": {
    "neighbors": [],
    "backgroundLoad": [
      0.05056602068469179,
      0.1259974574281054,
      0.04628214224131414,
      0.2965936794553226,
      0.14954678469505409,
      0.25288585347454917,
      0.01259029995130181,
      0.24057602112271598,
      0.2732121615129389,
      0.16348977610070214,
      0.1771775871692502,
      0.2517013971236146,
      0.14369533247347507,
      0.26898714941216245,
      0.16654996858391993,
      0.23910879940680307,
      0.2982379818730375,
      0.250442860507454,
      0.11848251760186758,
      0.15943098090502034,
      0.09418636278855455,
      0.17818300298878237,
      0.1504269888172798,
      0.10029454436962205,
      0.10104246421097224,
      0.1500094324942785,
      0.2989988148932927,
      0.12102266371367636,
      0.05298574954251708,
      0.023128349797756995,
      0.0390621996022076,
      0.023419854715549446,
      0.18530682003340346,
      0.013174956470782883,
      0.29180848313754576,
      0.0024880940010078233,
      0.10894271488301425,
      0.0120846584849014,
      0.20565540095848037,
      0.08642330284693223,
      0.29603012384006344,
      0.24988752282050145,
      0.18799617840060373,
      0.2351179872718186,
      0.018842824987725337,
      0.017754668353882907,
      0.11483672778889725,
      0.2670279730489226,
      0.27904422198951034,
      0.22758904429593865,
      0.03334090583514212,
      0.23727018356136648,
      0.10488216245469048,
      0.24192141583603605,
      0.021623778322088248,
      0.22755068905323556,
      0.10902290338427348,
      0.1207843770124082,
      0.12283872277809971,
      0.20249691918732934,
      0.1654530531757256,
      0.10733431846697912,
      0.16328890671764676,
      0.26061506200341295,
      0.05308533015303912,
      0.02679730305502147,
      0.048823730694751176,
      0.2590784158841491,
      0.031663476852402124,
      0.15041643270963365,
      0.12467774030030498,
      0.06445696089256116,
      0.008006135849570916,
      0.2873290470068394,
      0.25669882443983105,
      0.18528001331194532,
      0.1676266824540885,
      0.08766100732060952,
      0.09981248125006555,
      0.18887356338127936,
      0.12680862447152103,
      0.22733359295303296,
      0.26565201540373884,
      0.07888859861013749,
      0.1093599800668938,
      0.26139132212206573,
      0.11718428744006455,
      0.21102097132676342,
      0.01447108829767678,
      0.01806134252654874,
      0.10966362662341815,
      0.18496602974905693,
      0.20443624894354448,
      0.2683239419584548,
      0.1804480729022129,
      0.1257878074824901,
      0.269068252891104,
      0.11321438880218022,
      0.17576832216535634,
      0.29796629156297355,
      0.05934558307546833,
      0.06020437946181932,
      0.23369269761208597,
      0.003801517656672748,
      0.027822314293593064,
      0.12330713422957637,
      0.038298227456444144,
      0.28988694009709676,
      0.29448388760543315,
      0.11457227796941644,
      0.2984759899257335,
      0.2581881990424434,
      0.20547418028214706,
      0.22737975834384572,
      0.27927737439766603,
      0.10849369089313493,
      0.22807238882052439,
      0.18620645969753466,
      0.21564239175997996,
      0.15313661178931343,
      0.08856512868378766,
      0.049524399987622224,
      0.29344571442157713,
      0.16431408613361717,
      0.2774442594496258,
      0.2972141331854017,
      0.03925922949407144,
      0.09233689826309713,
      0.04885343103505841,
      0.08323352169319322,
      0.24643416226070874,
      0.12060379787204699,
      0.006575216464353417,
      0.21151712228492967,
      0.22035217318043138,
      0.12114081266982285,
      0.2287728451646755,
      0.13692997862659104,
      0.05890596695059673,
      0.0917873138861911,
      0.11026073265858705,
      0.1690540719268314,
      0.1883214273018463,
      0.27143019169307386,
      0.08441431675211099,
      0.058770291214500836,
      0.16417799270581146,
      0.08369281659148975,
      0.07088163728139552,
      0.2904486872859457,
      0.22171906742140118,
      0.08879768845673082,
      0.09278604744708441,
      0.2550319119171169,
      0.13677139303872435,
      0.2803541089466693,
      0.026658416609195122,
      0.1552359336565691,
      0.12530860890245407,
      0.19978732622173365,
      0.1297399210994003,
      0.07008675819496422,
      0.2766602567275579,
      0.005166586288189101,
      0.1335110745746864,
      0.0627533441762034,
      0.15084376271187394,
      0.19343881785317538,
      0.14228002275463372,
      0.18941548637098685,
      0.28734608024911673,
      0.0788700848106867,
      0.2239690732552227,
      0.1088382698299987,
      0.10503006407886027,
      0.13344183501102277,
      0.06746287232316751,
      0.05629337671760802,
      0.0938635317082499,
      0.26579661129336224,
      0.18721417713769054,
      0.1888106543434647,
      0.16856804945923762,
      0.2157127393377878,
      0.12738695717588105,
      0.030899487576305982,
      0.031722644812092034,
      0.28415382566049796,
      0.22473875487453282,
      0.2476564247211226,
      0.265915646337852,
      0.17067868232635866,
      0.14243580199131656,
      0.040769398927816315,
      0.24918845677475882,
      0.06561630811231096,
      0.08840174950484482,
      0.012427048264653916,
      0.1223386908339117,
      0.07740101684457364,
      0.027881555218435095,
      0.27731795412507193,
      0.22077201068587624,
      0.2723134855950518,
      0.1305591650722676,
      0.12849977502082688,
      0.22733979684931302,
      0.0646645462645376,
      0.2772371674014522,
      0.20121844478445444,
      0.20029702592449208,
      0.29636296012470026,
      0.1264016942154404,
      0.1428737134500345,
      0.08219423443927469,
      0.09520674986578931,
      0.19775590423956818,
      0.1458163471013477,
      0.18083169880489566,
      0.15627672934802672,
      0.11666141690668981,
      0.2757733900944283,
      0.20200777301098582,
      0.27469920077341425,
      0.25094919882013017,
      0.1953350013527523,
      0.13444383768729792,
      0.17500275447372896,
      0.1733528477022286,
      0.15560547030167618,
      0.08408014645355351,
      0.2618663849134306,
      0.12678009798106746,
      0.13654939229476445,
      0.04602914408487868,
      0.18527498210797727,
      0.2579679120503518,
      0.18808679126836422,
      0.18650468651111077,
      0.10329433831167065,
      0.27535810645824715,
      0.060976015481733446,
      0.06564663049899715,
      0.004900158649677155,
      0.026700175426789652,
      0.2493301199521213,
      0.27401859511294585,
      0.1641923514752993,
      0.02485372658958358,
      0.21933693466732226,
      0.06320333605380947,
      0.010812548012619138,
      0.12980865436519382,
      0.03703497508231367,
      0.06817617210864273,
      0.08314431894464962,
      0.2869800444472234,
      0.04833635483949683,
      0.1586197019673128,
      0.14924032371207843,
      0.10000794920525978,
      0.14315703027203697,
      0.2212793535709013,
      0.049189729311837724,
      0.262205531336025,
      0.16839926069682024,
      0.2065020342715378,
      0.11011958763170351,
      0.0965939028048582,
      0.027421975021551647,
      0.04096028355086314,
      0.26497456332056,
      0.07742895253604636,
      0.1702750634316282,
      0.08021122902642545,
      0.1606342833791784,
      0.08133924659896098,
      0.006783862905621429,
      0.050240331448842365,
      0.10769709588908308,
      0.2434929607222629,
      0.1668190297468721,
      0.0021058973665481705,
      0.09151612194289839,
      0.2849653996068798,
      0.18884305824599912,
      0.12056975466975366,
      0.16221727122886476,
