{
  "horizon": 720,
  "granularity": 1,
  "priceSchema": [
    0.198,
    0.198,
    0.198,
    0.198,
    0.225,
    0.225,
    0.249,
    0.849,
    0.849,
    0.225,
    0.225,
    0.198
  ],
  "agents": {"h1": {
    "neighbors": [],
    "backgroundLoad": [
      0.030056559842510842,
      0.16581031383593137,
      0.29146954292534155,
      0.0015418853995191383,
      0.041681363240531434,
      0.2890103482947154,
      0.1891885287926143,
      0.16615693928453748,
      0.2841629669498871,
      0.17206444375266697,
      0.19150697685203458,
      0.16761832428260212,
      0.21381060964350682,
      0.17704224354483958,
      0.2074646550193739,
      0.010821433791625834,
      0.04306605077047715,
      0.2167950300691632,
      0.23297219133316,
      0.13255263582880547,
      0.21087204772533127,
      0.26934474758389826,
      0.19071127553720457,
      0.07515116078570251,
      0.14019961042574852,
      0.22378190784413424,
      0.08287449321952754,
      0.16207748449410744,
      0.18964323760893415,
      0.12800456169047605,
      0.2562234270439837,
      0.07097094383461044,
      0.05388653836358528,
      0.07249804973403835,
      0.16162237674908572,
      0.1304248684111428,
      0.009126504665864899,
      0.18689298363928605,
      0.11442642472803813,
      0.02132920591633859,
      0.04087088266657143,
      0.1976038507785873,
      0.2552815380665567,
      0.19080058468331923,
      0.22579929828393092,
      0.29289960521995057,
      0.03691861443750479,
      0.014074711146307116,
      0.20511134467607428,
      0.09206187551526997,
      0.18730663592599003,
      0.07909102187046972,
      0.07437051659602256,
      0.033279208774430004,
      0.10818943480184913,
      0.20570092234977208,
      0.20421067553678515,
      0.1546488012110042,
      0.29369407519619106,
      0.01700413356538154,
      0.007084796874056154,
      0.03700585942539943,
      0.03731654593835225,
      0.1717300370699572,
      0.23536457599295962,
      0.22215160777307588,
      0.22018534315979474,
      0.1684115822079371,
      0.17444020211886072,
      0.09298764766081737,
      0.08476894668024404,
      0.033777739798341706,
      0.03744519742737575,
      0.04133532071474211,
      0.027666479201662406,
      0.266693908746042,
      0.04827844830133005,
      0.11226260980881565,
      0.24577366569953954,
      0.182117864973884,
      0.009486512275796543,
      0.2815896733892966,
      0.010559164048904989,
      0.03716203147446575,
      0.06012884153561052,
      0.031715943438475114,
      0.26239031024464543,
      0.23066092568405958,
      0.15811659046297488,
      0.20230209955004,
      0.15654327396079254,
      0.2953866918332964,
      0.2728711318801589,
      0.2821594827666417,
      0.08541820823188197,
      0.1996721170965008,
      0.22652990089662242,
      0.11765273395949236,
      0.040516200391881495,
      0.0638327053986827,
      0.20883014428673488,
      0.022644063117275903,
      0.10934835878465382,
      0.18773324274242,
      0.17919158167306695,
      0.17358063374311689,
      0.18278858278824514,
      0.10660502820812778,
      0.24406307536604452,
      0.07518422635602642,
      0.28460463235266703,
      0.2143183247821398,
      0.10551586570357603,
      0.10162890311401225,
      0.25692582577103806,
      0.12703979100390372,
      0.04899284975307761,
      0.2384121582661663,
      0.14353033535545737,
      0.2490532368933493,
      0.10117318884857592,
      0.07507322202051751,
      0.10005303525712238,
      0.13283290330593986,
      0.17821162190075876,
      0.27570582265029936,
      0.2569920045514805,
      0.2998517306620804,
      0.2708474678823352,
      0.24436037728332827,
      0.10744551632448905,
      0.1283634819048539,
      0.26068980397541663,
      0.025284552129017313,
      0.05268454038905389,
      0.11014603586204104,
      0.2356586668313597,
      0.02461316802895036,
      0.23908704424234556,
      0.10994245673797277,
      0.27557129286719856,
      0.23523427319379034,
      0.29935125991904044,
      0.05869411864462245,
      0.12086465650684719,
      0.11600431101172434,
      0.25244544210278785,
      0.2637332490423351,
      0.1755763736576805,
      0.1799529826656348,
      0.18101748827625982,
      0.1728056047938747,
      0.1648951741234118,
      0.04301228029357179,
      0.21820808301350886,
      0.019047045945683905,
      0.07349659801460863,
      0.009290082666915023,
      0.2205806096739814,
      0.19176104813565537,
      0.1166793753910883,
      0.059883492583789444,
      0.09873842442339763,
      0.04666824970710683,
      0.25753137850619545,
      0.21467919536627342,
      0.19332163175995512,
      0.0013991722171264986,
      0.17530135246933454,
      0.25397123419047873,
      0.13840855905115704,
      0.18766349279260044,
      0.24057776847716952,
      0.2581606037082224,
      0.1856091819678015,
      0.20030409758471082,
      0.200899456872349,
      0.1257379205636343,
      0.22304865088412743,
      0.1714402790112084,
      0.14997288906354142,
      0.2717433873219219,
      0.14800325977391668,
      0.165542853929505,
      0.0596119708678233,
      0.011288268103363485,
      0.2639786859005558,
      0.1278334994658292,
      0.18506379192248604,
      0.09505122798898605,
      0.10580440408344556,
      0.1190481156739618,
      0.17085818303586084,
      0.014852159650126328,
      0.0012772676995711828,
      0.13628118363091585,
      0.2700212329603265,
      0.014441278959181701,
      0.18552197570987827,
      0.08596874223767116,
      0.06063805188202315,
      0.20615012062372245,
      0.16406616267002366,
      0.10867795614647639,
      0.07161983942157005,
      0.14568111167788345,
      0.15868033855375027,
      0.22132256202315706,
      0.23663638982185792,
      0.06896370796676513,
      0.21127418597680309,
      0.10643345266420164,
      0.2107576621315763,
      0.11456730442514501,
      0.23726092793070053,
      0.2785999884476542,
      0.06665371313066339,
      0.12147809176801425,
      0.28317060502016594,
      0.03958459067970588,
      0.15348905756369743,
      0.05917152758086325,
      0.2711508085965258,
      0.16760804112953517,
      0.26422887505278797,
      0.19894084445611462,
      0.147685578123806,
      0.26585396475370127,
      0.0035717029601183945,
      0.04253912969055496,
      0.12818690634087165,
      0.04099674156911757,
      0.1518773865063258,
      0.026528309215953037,
      0.19138617716648293,
      0.29644906691918294,
      0.1457776025309998,
      0.07660648375825498,
      0.05034919953587153,
      0.09115509437275003,
      0.28251859274431507,
      0.21231880316947196,
      0.2739857242743134,
      0.03335971676392939,
      0.03471842935495188,
      0.1103781232494077,
      0.03649505882459211,
      0.031763403010726145,
      0.031588901174812674,
      0.13484316141368283,
      0.03522747894042738,
      0.15794630478398541,
      0.2773678729827883,
      0.2983763818987267,
      0.1815317966786256,
      0.031563021743534876,
      0.07120532121122038,
      0.03738100905612424,
      0.09692848237050211,
      0.1800924843347406,
      0.2777634577713414,
      0.12218174713998038,
      0.04531131856823164,
      0.1456724529307769,
      0.08361191826504999,
      0.22256640152266585,
      0.05647095382522824,
      0.17125982191161354,
      0.06863146230213098,
      0.2687484829288966,
      0.20254066012122846,
      0.1809157416187494,
      0.24180470161923037,
      0.1782396339328154,
      0.0934134780990238,
      0.07179440752697325,
      0.011116563358015351,
      0.143262029671645,
      0.23909220469244902,
      0.10857346085775404,
      0.26273081448365293,
      0.20839506814305825,
      0.23530883545600806,
      0.21715993439183123,
      0.04159556016360148,
      0.13400632654780328,
      0.05610543744219095,
      0.27055524790293445,
