{
  "horizon": 720,
  "granularity": 1,
  "priceSchema": [
    0.198,
    0.198,
    0.198,
    0.198,
    0.225,
    0.225,
    0.249,
    0.849,
    0.849,
    0.225,
    0.225,
    0.198
  ],
  "agents": {"h1": {
    "neighbors": [],
    "backgroundLoad": [
      0.20696008566990595,
      0.0031642270466985868,
      0.012737488314935496,
      0.17205659666503817,
      0.2413843488370429,
      0.04642250180784537,
      0.17400295370487842,
      0.036991781619946026,
      0.23493400944850176,
      0.10718405017782413,
      0.20600609753715302,
      0.062338334636396237,
      0.292276575010199,
      0.07306331938635256,
      0.29847779393591084,
      0.04055993692710575,
      0.262352799672921,
      0.2770664401266343,
      0.2698855084914611,
      0.10978979209415379,
      0.13645231331877905,
      0.2748662930416385,
      0.05452407431978507,
      0.11882045306954975,
      0.14084253571438174,
      0.11405573670880978,
      0.16384844485653174,
      0.041942805790467705,
      0.16791839893493607,
      0.20089871852399754,
      0.12234251897390767,
      0.015539482436702133,
      0.20177844801878497,
      0.29140533082507053,
      0.2702681391581821,
      0.12204859269777882,
      0.24582651274840206,
      0.1378295281750245,
      0.27223450935108284,
      0.13110969170579484,
      0.1757327583045298,
      0.17292948657322627,
      0.10143588967318247,
      0.16214722720921604,
      0.2682301316041361,
      0.15057996577867402,
      0.10761778105052887,
      0.19407374930543692,
      0.03281646158390895,
      0.2096741482869232,
      0.17627467299975938,
      0.1294930559400451,
      0.17352638844701399,
      0.20346941728562465,
      0.2524153398608813,
      0.10526551566263259,
      0.0870611289806552,
      0.14430657491962476,
      0.015103260743565593,
      0.09101403147655149,
      0.022311527050474143,
      0.2802039509557906,
      0.1855213517348329,
      0.25948341466322145,
      0.006819925875938659,
      0.24651467539084024,
      0.06588331277092269,
      0.029906613341423558,
      0.12620322259960945,
      0.2702588210779383,
      0.23971510890063902,
      0.14327279910285415,
      0.2634745031759465,
      0.2953411763000938,
      0.15361772313206756,
      0.20169029411735234,
      0.18283926793800112,
      0.053673891938992836,
      0.2877551633823751,
      0.1819186080406269,
      0.04132308643535704,
      0.007851597679132094,
      0.2273166958588138,
      0.03155889413142957,
      0.13752027513298756,
      0.19174957972567727,
      0.05884417568790363,
      0.21935556306757273,
      0.189753834448076,
      0.29802438147131083,
      0.0723020198526881,
      0.2512080175797045,
      0.2990152116177802,
      0.26364211533219584,
      0.11024197233894807,
      0.029454524068015728,
      0.08893952040003379,
      0.1585036769159761,
      0.19727762985775205,
      0.08186010483794966,
      0.038094710355940094,
      0.195231770403757,
      0.19704675070925629,
      0.2848355257670814,
      0.11896036161855018,
      0.17029294010290583,
      0.06910495060474472,
      0.09272496247488969,
      0.03879489699095536,
      0.040527746656633896,
      0.09703865902128277,
      0.009089146737557828,
      0.2613560511242684,
      0.2981527267934469,
      0.032834087185471914,
      0.27221420685202424,
      0.04200910495588961,
      0.18318825806603106,
      0.26168381125435547,
      0.15281066112445096,
      0.18727677544353194,
      0.20401729586150508,
      0.17449901703182505,
      0.05594201579886436,
      0.023623035972836524,
      0.25490297625386754,
      0.24715928968475312,
      0.29574888255443377,
      0.1033087782085111,
      0.027741636067385344,
      0.0171639672284024,
      0.09814079025164807,
      0.26588835128502103,
      0.2797701208601971,
      0.024160312122533622,
      0.04857429877749631,
      0.21846300903125515,
      0.16115130178934992,
      0.18264618735107163,
      0.031222702137918612,
      0.13572138115240942,
      0.15345898328529098,
      0.24399638097980067,
      0.01661665326843409,
      0.25600823610814055,
      0.05712006303776311,
      0.14631551004235546,
      0.23400331897537366,
      0.16908565358009553,
      0.10706192451911313,
      0.22940061105958165,
      0.066215235359204,
      0.04692776685828221,
      0.15404077427626223,
      0.0748393081355342,
      0.058697048088795986,
      0.10386205046591908,
      0.2664845200424375,
      0.2529725767259817,
      0.11662484267720705,
      0.16626533107452476,
      0.2931885432105473,
      0.05246908942178132,
      0.25480476760230797,
      0.09659288251362977,
      0.07774384062617362,
      0.20181299356102528,
      0.25752595626570407,
      0.19706124087260302,
      0.16619368374495772,
      0.274517182443289,
      0.23934447211032814,
      0.258325523377088,
      0.2925907049574872,
      0.2570512625091726,
      0.24354637321304176,
      0.2729284032455373,
      0.08753143206735987,
      0.07744027678395249,
      0.035383732093629904,
      0.2780427023336894,
      0.1079518806553692,
      0.19042995685474526,
      0.25074796721877735,
      0.08472502074544555,
      0.09765958695050715,
      0.21516204217349205,
      0.15328933849133558,
      0.01103632081734971,
      0.2905057911443156,
      0.21158983147332475,
      0.09153118481377227,
      0.02203446541869981,
      0.09591340197580692,
      0.15592083592756764,
      0.24232374068585283,
      0.20933637732472543,
      0.2833705622186911,
      0.03803691768166251,
      0.16290068425627333,
      0.0873915945162048,
      0.233456463100669,
      0.19178684020600373,
      0.20489374388487433,
      0.07085871753612968,
      0.07171362228282492,
      0.03435711340033928,
      0.14657569448774554,
      0.19410605110286808,
      0.254840488113854,
      0.03170362129982368,
      0.07316656639531012,
      0.1734180566337072,
      0.16834958687785134,
      0.18709921512179228,
      0.08206309956800985,
      0.15301096595462196,
      0.29846350204167604,
      0.11568562243086496,
      0.2603857443338494,
      0.2712582074877612,
      0.050072802456818354,
      0.08944433829221074,
      0.08796569995908989,
      0.07688032789736225,
      0.08996961987153045,
      0.2397459964315529,
      0.058988126922719285,
      0.1534286982591963,
      0.0037322473257816566,
      0.27220996683377185,
      0.004213085345876122,
      0.21182328276642634,
      0.2705335086122114,
      0.29394300328170214,
      0.19710115199655276,
      0.10216858921207139,
      0.036233998289927946,
      0.2609090011672006,
      0.12232290840976161,
      0.2705903758825339,
      0.09178566405736797,
      0.21978292932558557,
      0.21992537213081748,
      0.11227946727144608,
      0.2848564907301637,
      0.20626793554920944,
      0.21070463227302436,
      0.1716999974831149,
      0.09167092717735588,
      0.029785187241716447,
      0.1532276849130519,
      0.05775026442393674,
      0.18721315836396812,
      0.014596425900840858,
      0.06944977494477339,
      0.2720711384279385,
      0.03160351898524235,
      0.09430194649076135,
      0.18704188104332523,
      0.031904141787966446,
      0.11550119371554401,
      0.0692686575692796,
      0.21754479329212822,
      0.2166839583715565,
      0.24732540182178445,
      0.015290171002053697,
      0.14797529612793595,
      0.11067511728282299,
      0.22297442773342996,
      0.17984008044007105,
      0.04094470857389824,
      0.02641062430137615,
      0.12136535642639841,
      0.0869114436453694,
      0.1955515737929943,
      0.26361999348055654,
      0.0624005514514376,
      0.08769368693248142,
      0.25423259645290713,
      0.10645153341736595,
      0.01573196544292581,
      0.27592392524291853,
      0.0668542071283328,
      0.15414840465892052,
      0.04166325654311761,
      0.03474052399450612,
      0.18975750109732245,
