{
  "horizon": 720,
  "granularity": 1,
  "priceSchema": [
    0.198,
    0.198,
    0.198,
    0.198,
    0.225,
    0.225,
    0.249,
    0.849,
    0.849,
    0.225,
    0.225,
    0.198
  ],
  "agents": {"h1": {
    "neighbors": [],
    "backgroundLoad": [
      0.11649577727403522,
      0.22066657365156117,
      0.04545635367498236,
      0.006853707642076867,
      0.019581382555549153,
      0.29852887113378573,
      0.10906527517746183,
      0.08599391285781455,
      0.26435840293625834,
      0.10489669712188936,
      0.04260687955442067,
      0.014446698216179986,
      0.06029890242173331,
      0.14475818685523414,
      0.047570766897283796,
      0.017102580397966114,
      0.015146427555701579,
      0.011219880197206244,
      0.041286409453527635,
      0.1971285000580394,
      0.04578792584749317,
      0.2417093514680349,
      0.2850069491151105,
      0.2930307656370578,
      0.05741959846082629,
      0.138499480897859,
      0.18654064665503164,
      0.19878638975587445,
      0.01746313430901474,
      0.2106600020467635,
      0.07401556743921732,
      0.22074037194028376,
      0.2393259336397968,
      0.0511761249318849,
      0.1476077309800732,
      0.12839754878501472,
      0.1126599123426919,
      0.15611634648390446,
      0.008957308701412625,
      0.25018020446801775,
      0.14610868746417868,
      0.03403623899615775,
      0.09787850806266364,
      0.05906327362386194,
      0.21734786815682838,
      0.037377198377925545,
      0.19453380184808,
      0.08593342835294633,
      0.12256668343814177,
      0.17434654009813827,
      0.07724807430597658,
      0.27273323270504757,
      0.02362065518695675,
      0.001708737362511481,
      0.19287798208716708,
      0.07501568647861329,
      0.01224769322739525,
      0.10062236964535139,
      0.10967886477545301,
      0.09315443404347745,
      0.15670186796927835,
      0.06557494320077588,
      0.10955304098552794,
      0.1293086331645878,
      0.059364921534341517,
      0.07981545423608398,
      0.2534254756650512,
      0.044107645331754854,
      0.14913793299627054,
      0.12088941533934877,
      0.0010526340134403456,
      0.25192415459256207,
      0.007549625289682459,
      0.16188909472555058,
      0.04185594119702963,
      0.020807829246603404,
      0.13877514303633895,
      0.010286405191700198,
      0.18862767456271393,
      0.24083836992231006,
      0.058833694055877836,
      0.236280218860577,
      0.1516589594584832,
      0.20813627880827645,
      0.058450988770129025,
      0.15284836997489115,
      0.23766353781900215,
      0.25829424793574557,
      0.27305834860271133,
      0.1580153973735611,
      0.1886792299671833,
      2.4648811095023815E-4,
      0.2609417382505282,
      0.2889166259319248,
      0.10971636488135554,
      0.013523212974727682,
      0.03179904100059687,
      0.20479757000377108,
      0.07539927973682545,
      0.07068495926188942,
      0.04271876845287091,
      0.12430002931035138,
      0.10593345249365442,
      0.17798331202372625,
      0.18654925029174294,
      0.08305800550203465,
      0.0039026049887111777,
      0.15938672221574787,
      0.09594241621148898,
      0.21020722471547343,
      0.18307398772382547,
      0.10188277771550268,
      0.01795794896504601,
      0.17961090432579338,
      0.05475974106683009,
      0.24924043941592489,
      0.21089599116011595,
      0.2668242609827615,
      0.13743103172853266,
      0.1992738926376116,
      0.23640624391405032,
      0.2534220518687374,
      0.12646367701580644,
      0.19937422364455745,
      0.18076898293376015,
      0.023109248497526436,
      0.002684323502289254,
      0.2576667257969101,
      0.21327694239034944,
      0.009682888612820939,
      0.048188330125862884,
      0.19708522607088183,
      0.19196022976677982,
      0.21905801980533848,
      0.2545031108300144,
      0.11743606208901612,
      0.11870121927010163,
      0.25343075503406604,
      0.2349046457362998,
      0.048478615140470506,
      0.024033937263205817,
      0.15369460299590607,
      0.12279229035544882,
      0.05474977802545219,
      0.19187837067559746,
      0.1669900559246901,
      0.15879203336388692,
      0.21698180718805835,
      0.12798286201704967,
      0.05075706325285154,
      0.01535697184821848,
      0.21903119852976802,
      0.21612781749043103,
      0.09360393408491628,
      0.186193606400715,
      0.2658175909327617,
      0.0836244636034071,
      0.19735146699944342,
      0.21276431651361186,
      0.12807510875717168,
      0.2583352622152421,
      0.24791363971738023,
      0.04653367819538794,
      0.07039093560173505,
      0.0033737755256165736,
      0.11198368658059611,
      0.16249273259719973,
      0.06720967193958378,
      0.22839333958575847,
      0.1969629083942755,
      0.050321788392133034,
      0.24613863854793083,
      0.26656115968301103,
      0.24493352159294554,
      0.14050229418750804,
      0.21672997453863455,
      0.2191679639636198,
      0.038748025167936184,
      0.2831507431313096,
      0.07933062711365862,
      0.27629241220297096,
      0.15626313456900734,
      0.1115554356255607,
      0.015019906746639977,
      0.13749797740815864,
      0.046778801167044734,
      0.20791964679416416,
      0.21106615337503246,
      0.06486320943203888,
      0.2075811468345936,
      0.2159400680696776,
      0.22785776055536258,
      0.29611940828345745,
      0.13370976252447914,
      0.0029610426998320505,
      0.26311397446441154,
      0.2285635031698283,
      0.2966282492381825,
      0.18539277436534513,
      0.044877764248268566,
      0.1629815247916082,
      0.10761257378848417,
      0.10251715378739866,
      0.20248688653193117,
      0.08141709351922777,
      0.06289827075981386,
      0.0362013645598755,
      0.03038628913915301,
      0.18940625754671714,
      0.0730022857911315,
      0.002689752928427236,
      0.23954729188595314,
      0.03839043104272405,
      0.16385002701213033,
      0.2547928196118232,
      0.08216244109878082,
      0.05192528363493688,
      0.2355675382970606,
      0.04434018409574066,
      0.14933088874717884,
      0.20413161418294642,
      0.2955508981858827,
      0.1431371407183571,
      0.25828495042527694,
      0.21892310231421566,
      0.12077874184170644,
      0.12380373419602621,
      0.2417688106663098,
      0.23458827700094115,
      9.42049423120339E-4,
      0.2182202948608213,
      0.23420470947590982,
      0.0527050249342376,
      0.13053451993968893,
      0.15966620946780938,
      0.2062136875291041,
      0.05538596121585084,
      0.05263763898509281,
      0.09826089912829898,
      0.16373112901538137,
      0.12201177994424937,
      0.10835586000406845,
      0.07324183089257548,
      0.2696380566078757,
      0.002943575395788678,
      0.2272190761050682,
      0.06850965344988094,
      0.0498304930272521,
      0.20395016710141997,
      0.21954610888470955,
      0.1755256437625424,
      0.21312184293944486,
      0.1931915107935441,
      0.02441762357961823,
      0.15589325870917284,
      0.2645844596892762,
      0.28938870998717076,
      0.2977611668362712,
      0.26604055392211395,
      9.774414705806978E-4,
      0.1517831948258457,
      0.2843345466333934,
      0.16690849721736473,
      0.10932176947390701,
      0.2975776647519189,
      0.026641829455390707,
      0.2998197645947737,
      0.22726560215484073,
      0.23018201519886447,
      0.11498962451172455,
      0.1564466134592078,
      0.19365023981310076,
      0.23458971762048186,
      0.1423201763122636,
      0.23255856596854355,
      0.008842955796738827,
      0.1697601481053162,
      0.1101574631651042,
      0.19278884961676657,
      0.2484240749724889,
      0.29666903440258835,
      0.28628879406746394,
      0.11283332512602388,
      0.21110089138653595,
      0.2782480159381724,
      0.21311525003717524,
      0.05165263532763605,
