{
  "horizon": 720,
  "granularity": 1,
  "priceSchema": [
    0.198,
    0.198,
    0.198,
    0.198,
    0.225,
    0.225,
    0.249,
    0.849,
    0.849,
    0.225,
    0.225,
    0.198
  ],
  "agents": {"h1": {
    "neighbors": [],
    "backgroundLoad": [
      0.024814723783171556,
      0.0408166001953784,
      0.09051704020781917,
      0.2928890524051189,
      0.042116463449517826,
      0.25558504635978296,
      0.2597165858696088,
      0.2727055793134175,
      0.040264888000237364,
      0.05170680173969737,
      0.09705358183845074,
      0.06999453571705273,
      0.1472836640440766,
      0.1443120310774198,
      0.11304327040211098,
      0.06182562271086123,
      0.1059364858355738,
      0.08454085446413499,
      0.07815289040876475,
      0.23534520327186645,
      0.006437605364611343,
      0.014337504238913923,
      0.14916578338586037,
      0.07570253738229583,
      0.011075838368967727,
      0.21956959078629043,
      0.12372426564771201,
      0.15842462713694058,
      0.18848461522852428,
      0.26655278640977553,
      0.22222233796565577,
      0.03105493702385831,
      0.0808894824480705,
      0.2376087538451453,
      0.034178978683717484,
      0.0743680852051254,
      0.2608724652841257,
      0.1228505868687298,
      0.2837841325630047,
      0.27251535277199473,
      0.019254214157725724,
      0.02165362796618848,
      0.14608767975070927,
      0.22392230367476149,
      0.04733871613418332,
      0.022770403542146423,
      0.20127558634670709,
      0.15451680544599158,
      0.29205153840092796,
      0.22212600879363345,
      0.029555785846597304,
      0.24229893718600354,
      0.23209282297304346,
      0.2910486089506089,
      0.17484564861603194,
      0.21914279818201562,
      0.15771873372764575,
      0.2270689759699103,
      0.08636187586127815,
      0.19016316714419673,
      0.18415210032156185,
      0.02423348952440316,
      0.06276584882292786,
      0.19540547425630606,
      0.05726846179191555,
      0.272308252815051,
      0.07013835822107035,
      0.1380320016630278,
      0.2694254405684121,
      0.01835257809906954,
      0.2209480443236798,
      0.018370719542942535,
      0.0033458897415698185,
      0.19473534698048092,
      0.023344503305931786,
      0.24286052485241466,
      0.13280347691219838,
      0.2072529964348889,
      0.28479284059904864,
      0.20635389214624242,
      0.1166787962291454,
      0.12766075009995495,
      0.10881768469616918,
      0.1108221273959192,
      0.04689336267348373,
      0.196502609976471,
      0.10763175593065295,
      0.16883427093299805,
      0.28864178781230615,
      0.21858539982742148,
      0.2423183003420015,
      0.22377251164216122,
      0.21576802445547077,
      0.24646325544246292,
      0.13043598492059313,
      0.06806672500282261,
      0.20092184578924363,
      0.21189416612561177,
      0.19259341867715266,
      0.18731625186535383,
      0.1140062888367284,
      0.11809189778197504,
      0.0021093267738579668,
      0.23699011345197304,
      0.027537114725248547,
      0.03816273094325999,
      0.06382755413545384,
      0.10336883193677403,
      0.047919165150097774,
      0.1913918271566815,
      0.21736476309009758,
      0.2275099188380843,
      0.29478982843982304,
      0.01546466000870088,
      0.005509548584317924,
      0.11074269077118296,
      0.026419304292421675,
      0.020636367739615292,
      0.2353634695242677,
      0.040736655918974685,
      0.1667347508420929,
      0.2859648620960229,
      0.18872445567550825,
      0.21795480033635306,
      0.27957962778149736,
      0.06948922093616562,
      0.16869422228745284,
      0.2512447044778236,
      0.08574029757327241,
      0.03086652216082851,
      0.00861053239215015,
      0.07174418159181874,
      0.0037564895110158477,
      0.29797008967817923,
      0.0636866575357918,
      0.1568648163511823,
      0.19744025944788793,
      0.2803653736366436,
      5.860469279061698E-4,
      0.046300541431816375,
      0.12585425246636348,
      0.29372562225812865,
      0.09136756693696661,
      0.032455534662209025,
      0.053696083220547676,
      0.27315741236915136,
      0.04595566943352072,
      0.1495544485847127,
      0.005556802061350963,
      0.16443995101068642,
      0.006538804295817246,
      0.13234226285054168,
      0.1126902736912524,
      0.12078141854806879,
      0.15907962144486334,
      0.19464955229569778,
      0.26195468393835497,
      0.050045124671942054,
      0.14339780170800842,
      0.1922218694765345,
      0.004552152999907255,
      0.2742795383957485,
      0.04537173392531502,
      0.06307019761704774,
      0.2612609826124102,
      0.1504055120544033,
      0.06156275966148734,
      0.1682993894169852,
      0.09662305591857974,
      0.145906759114357,
      0.11033951677963984,
      0.10170539876678115,
      0.11292220634329585,
      0.14004441905552548,
      0.1481226704641856,
      0.15808274953889515,
      0.0065955906694891925,
      0.19160468518043935,
      0.09984539178001582,
      0.057413888575163136,
      0.2743607145600864,
      0.03652508277292342,
      0.10034459992705237,
      0.22617527539226748,
      0.2077597323569462,
      0.08123467370309669,
      0.21541399740574127,
      0.2548290206877651,
      9.232249340137E-4,
      0.26258335866732385,
      0.09169045198127447,
      0.04920122290509483,
      0.08413877031051026,
      0.252709221692113,
      0.0035729616291623853,
      0.2874383615241434,
      0.2872646158089971,
      0.25722890216430044,
      0.07953207219816612,
      0.09440226789853763,
      0.023133256777941914,
      0.07202887441481023,
      0.027603912495742077,
      0.29286541516987524,
      0.18280586362203233,
      0.011163944226704846,
      0.15800382799053186,
      0.2511568834669447,
      0.21476947640704264,
      0.2248981030982776,
      0.17621437180169963,
      0.022098641081240277,
      0.19370010679014013,
      0.030291087295300088,
      0.09366829634179437,
      0.28058045559350586,
      0.10540751083081584,
      0.2006177760160975,
      0.1393425804313041,
      0.04604527547364532,
      0.04213345295702083,
      0.06843089181218245,
      0.04087970582302838,
      0.21439697029034857,
      0.14108789759994736,
      0.2641148796843151,
      0.22574948604447242,
      0.22488209031846823,
      0.2420533647700967,
      0.2724764480415867,
      0.12896289481098774,
      0.2748277150269551,
      0.15283361401075177,
      0.2579867195081442,
      0.12000547394443883,
      0.04057243644735626,
      0.00407841930300532,
      0.06413232729861115,
      0.039858356125927606,
      0.11580724023661351,
      0.18835514874714485,
      0.007070680241302807,
      0.03455725432749866,
      0.1729177568319288,
      0.29822316092540296,
      0.16608152647125327,
      0.018957183470413353,
      0.09657018376351809,
      0.07254383302516633,
      0.1119877491104502,
      0.26337091469708324,
      0.03440482172433561,
      0.20600691795480444,
      0.12610345933660197,
      0.0056822831354484404,
      0.041447555893956774,
      0.10981798595593224,
      0.08890183889901838,
      0.01022567939883503,
      0.12550909515589728,
      0.20406121509983818,
      0.017368924722876076,
      0.270126427830455,
      0.23489985388446036,
      0.035728402757767154,
      0.27888075688197206,
      0.10024722867963266,
      0.13307399778031975,
      0.01698775194207488,
      0.18545644266324976,
      0.17101333097529572,
      0.28391979282987995,
      0.2024910487843479,
      0.10250741405853593,
      0.05709530767265159,
      0.17613149609902398,
      0.2652929481877216,
      0.03893710513749926,
      0.12680275789142084,
      0.0744821650403754,
      0.03805270704125419,
      0.29463124036317745,
      0.1209195150896846,
      0.11359445931239048,
      0.010609607865169957,
      0.21310166729416138,
      0.22606378537995153,
