{
  "horizon": 720,
  "granularity": 1,
  "priceSchema": [
    0.198,
    0.198,
    0.198,
    0.198,
    0.225,
    0.225,
    0.249,
    0.849,
    0.849,
    0.225,
    0.225,
    0.198
  ],
  "agents": {"h1": {
    "neighbors": [],
    "backgroundLoad": [
      0.18185313047749838,
      0.00201584583363168,
      0.22217894331798765,
      0.26509114125632854,
      0.1818641592027449,
      0.17912540781215883,
      0.0820676972376617,
      0.027875089585467437,
      0.2756610844907343,
      0.259075377929576,
      0.14578507076051433,
      0.16892292690240943,
      0.29222164545564044,
      0.1184646542884271,
      0.0770097401894536,
      0.13323068974811753,
      0.08068016898275895,
      0.25951773965866265,
      0.2778838694103235,
      0.1732647338984705,
      0.08339757720513344,
      0.15213179489533718,
      0.06399631795853955,
      0.1033436442645124,
      0.0682632010965612,
      0.16215800113319534,
      0.08617810694742137,
      0.05820141573291255,
      0.0909281932807769,
      0.1461156725538055,
      0.14753718749197212,
      0.1812491656946257,
      0.15953117824666643,
      0.2592980634468517,
      0.08633904054067303,
      0.2840123399483114,
      0.25001763836498436,
      0.28661089961322256,
      0.1060995210351889,
      0.294807382590869,
      0.07421627170094897,
      0.17699208581185955,
      0.0348015293247949,
      0.22257423443193472,
      0.14074999473404595,
      0.08936818606586479,
      0.013327142228568999,
      0.2200534353599132,
      0.1390463215770854,
      0.15493309597181756,
      1.888218705150102E-4,
      0.28345549317664076,
      0.200007695890143,
      0.06849134694415812,
      0.08563770861635679,
      0.19216761530720727,
      0.24732661532003242,
      0.042140583306332455,
      0.08455556166586327,
      0.23474449802168376,
      0.19786921626485335,
      0.19943046311883525,
      0.14036884323900292,
      0.15896048947779315,
      0.27391197215137086,
      0.28671415685631113,
      0.2873988100234211,
      0.014271612284772084,
      0.24107623047491408,
      0.03346908617778508,
      0.07169905503181007,
      0.012134095687930335,
      0.2021315660074586,
      0.1553014358072845,
      0.26105463345464086,
      0.03921710394029619,
      0.2217510424095772,
      0.12912601440596824,
      0.21983919151909098,
      0.2982708117449945,
      0.14106873398049466,
      0.05540437125609991,
      0.03692587551254699,
      0.11514594056030594,
      0.08641584883234212,
      0.10186801019281365,
      0.12006703128710025,
      0.2412987927715602,
      0.050982650753158755,
      0.2868859720847306,
      0.002900769526229785,
      0.07243667060597983,
      0.09392898503955086,
      0.15065128677263437,
      0.14778151967149594,
      0.18124802595200987,
      0.22454556033560177,
      0.15139363927139513,
      0.20852026423192688,
      0.2603579705892502,
      0.15647228744215338,
      0.07299848978223185,
      0.09089250508426044,
      0.15865372973784947,
      0.009470434267536154,
      0.011356019206693158,
      0.13528515497818633,
      0.22859244168945564,
      0.2145829869606499,
      0.10566651372025426,
      0.18593616839831575,
      0.21196310688409423,
      0.22256866680502743,
      0.07981199737435095,
      0.2629502976048387,
      0.09885098373286777,
      0.29798101842287933,
      0.01478674579875826,
      0.2162117608972822,
      0.21682834683113592,
      0.2275513310346043,
      0.19632223037725055,
      0.16795490757611953,
      0.13684104187731227,
      0.23155500223893305,
      0.10146437105145763,
      0.1280920424442332,
      0.2886488753400805,
      0.08146937833065128,
      0.05374382830698453,
      0.19479125620947907,
      0.11002783819584784,
      0.18752126952100043,
      0.06272960569387494,
      0.17825507363269355,
      0.24205034999666605,
      0.20831688776372204,
      0.1619807963499825,
      0.06979735803817395,
      0.21238550326496566,
      0.28465386882515553,
      0.22344707220044221,
      0.1995888781954547,
      0.2903700561319855,
      0.17900424946516053,
      0.15684192207570313,
      0.23460351775738794,
      0.27507526720087694,
      0.25023672718544254,
      0.26174544216220536,
      0.27741199137615863,
      0.09905037365883639,
      0.13890548726424706,
      0.02212053942587693,
      0.07788571127589902,
      0.06221959416691297,
      0.18349489001929142,
      0.23869404648269246,
      0.11633394854319212,
      0.08533659239539028,
      0.2861141871695386,
      0.08828351007263908,
      0.2618364008955388,
      0.19804886913600356,
      0.1118643780557382,
      0.0159613081993346,
      0.2136791285670193,
      0.002173102089207768,
      0.11422272751414364,
      0.1683220352380653,
      0.07864818696321998,
      0.18691220914270723,
      0.09715997833180055,
      0.27092363515177875,
      0.24703745319702902,
      0.2349907215077952,
      0.08674814698608013,
      0.2939799790704553,
      0.047382321358418,
      0.1538489947366555,
      0.11382275171616661,
      0.21100716521210997,
      0.16310578191487204,
      0.17112381261408402,
      0.16136498759159576,
      0.2248669904237956,
      0.20519054099193543,
      0.02736530872423156,
      0.05373148796330222,
      0.25918501170898667,
      0.06117721703819958,
      0.1549176404869271,
      0.08224178139606236,
      0.0739474559530944,
      0.0026404645456127194,
      0.09668893530135955,
      0.0748464021255676,
      0.07754785313680407,
      0.2372186009028856,
      0.2617782644131758,
      0.03981514775117404,
      0.048052754072880254,
      0.18413755009661736,
      0.2842758361344151,
      0.016610529341176593,
      0.13459225636704805,
      0.2566430879471134,
      0.2184991180260935,
      0.18345929578414794,
      0.2783551677888177,
      0.22053816340559781,
      0.0657275046677786,
      0.22285950385893064,
      0.18974106197623833,
      0.27248135897747805,
      0.17000130969439478,
      0.2586331747894065,
      0.054660820814886164,
      0.27171696969624376,
      0.03491504181221234,
      0.2841023794519376,
      0.14569090457235737,
      0.16637415731499827,
      0.21193236289360415,
      0.13656030070113376,
      0.24052460691866637,
      0.2863303174262529,
      0.06711825304756315,
      0.2872387827104242,
      0.14656777324999032,
      0.24024548382829292,
      0.16871173613257956,
      0.22731715145538384,
      0.2261497342786264,
      0.024813177756048632,
      0.005206277982361262,
      0.0850579266563701,
      0.2156720620713462,
      0.09882482703066894,
      0.2370938073244911,
      0.18744015888055873,
      0.2102027927928725,
      0.10821654700289106,
      0.1346502719340704,
      0.28027118989167993,
      0.21843133613158314,
      0.258938994517427,
      0.08925840223338762,
      0.08132518043977809,
      0.0021023645345171205,
      0.2680725398305886,
      0.1423828793639786,
      0.28442358664099593,
      0.03738870025174675,
      0.0283446601600873,
      0.27925084621355295,
      0.09212026130741312,
      0.23470253497962576,
      0.20176604889215063,
      0.29447986285340033,
      0.03750092656306777,
      0.0445246654280187,
      0.21961475826404436,
      0.1715464184834814,
      0.14437283685125532,
      0.1584218486532503,
      0.2619412874973835,
      0.23033762368721455,
      0.06216198963142306,
      0.06239751532205862,
      0.23098172697331443,
      0.0488206249300438,
      0.07782221678248737,
      0.06127316096333726,
      0.08225255431742987,
      0.036510764925745516,
      0.0918260031698574,
      0.005652969189251144,
      0.24902975930992588,
      0.25427780117761944,
      0.158515002567374,
      0.1912765474351483,
      0.20312366624737008,
      0.0051408273352890445,
      0.2181771263007092,
      0.0775466351580211,
      0.14962246208505195,
      0.25980113465232835,
      0.24796514714632223,
