{
  "horizon": 720,
  "granularity": 1,
  "priceSchema": [
    0.198,
    0.198,
    0.198,
    0.198,
    0.225,
    0.225,
    0.249,
    0.849,
    0.849,
    0.225,
    0.225,
    0.198
  ],
  "agents": {"h1": {
    "neighbors": [],
    "backgroundLoad": [
      0.19171043456100684,
      0.022755765973954754,
      0.1968213033720291,
      0.11838641231997918,
      0.16932725863184242,
      0.003586967153921694,
      0.08693908664264177,
      0.13442314276036674,
      0.13197563191895575,
      0.17243017806360214,
      0.16732370831979781,
      0.15533587741679902,
      0.25678431132934276,
      0.14192566035821555,
      0.21164146165347705,
      0.18463490548733555,
      0.08787463912332817,
      0.012108300047522879,
      0.11126510673422542,
      0.012686930918216988,
      0.08873709153043043,
      0.0693635458232089,
      0.06330204780747781,
      0.1526398821609168,
      0.14267433208660754,
      0.15333151138488577,
      0.004973875875876899,
      0.03682514925915324,
      0.06350392751130281,
      0.2310508629795679,
      0.007927746946387182,
      0.21751082163027544,
      0.051446392130722225,
      0.03421413140036574,
      0.2771327060335062,
      0.16485513189292708,
      0.187630596473924,
      0.18360601256647097,
      0.28813985338606984,
      0.07202391249603897,
      0.17504822447081878,
      0.10356314719432673,
      0.17944508350011526,
      0.1707349413472081,
      0.16719866739055347,
      0.21957301147890837,
      0.08560294210915233,
      0.1254972460646123,
      0.11623575034745186,
      0.29191321730661485,
      0.203640292814896,
      0.03249751848810301,
      0.029512090023183633,
      0.1453906182353423,
      0.05466777233124135,
      0.2668360276956141,
      0.078143712070375,
      0.1282787166468403,
      0.25643558207232964,
      0.2379615256362382,
      0.11153747592153497,
      0.25029442461444323,
      0.07664582813710341,
      0.1055153040843551,
      0.12571949452982528,
      0.10466395055231693,
      0.2511770495415082,
      0.23101462735287853,
      0.18983699603132537,
      0.16282386685666514,
      0.27131501883742115,
      0.1872156086463978,
      0.05523645850966955,
      0.11119280192428393,
      0.19379194335179856,
      0.23177394932032971,
      0.2877253558997112,
      0.05464885876898499,
      0.25370250222762936,
      0.19812943490911636,
      0.11729382557679648,
      0.22011717698179983,
      0.22892557672471564,
      0.16184213734379727,
      0.25478835131943506,
      0.09170502253418357,
      0.18440624034789282,
      0.26325173137900465,
      0.09363597724942872,
      0.07006114710333027,
      0.08937283503128864,
      0.14670872966634296,
      0.034554135842937914,
      0.21069493412310666,
      0.2215024388933849,
      0.1432481289603635,
      0.001808396141589652,
      0.051192961065273865,
      0.21211028597935835,
      0.06738439721473237,
      0.22176530133524605,
      0.20772029037323178,
      0.19032642320609602,
      0.16334600603380714,
      0.13809716196603142,
      0.25566714485956316,
      0.2051206737993249,
      0.08268594714200081,
      0.2581003780067124,
      0.019405247912047816,
      0.05503222316113105,
      0.016657362237545135,
      0.1922574006409329,
      0.21760286112576233,
      0.04312931473557421,
      0.277089724154412,
      0.03034434834779266,
      0.03353395719582725,
      0.017329384021280123,
      0.23199455377869027,
      0.14792171215168531,
      0.27504060931457436,
      0.1639558571996251,
      0.047768851535620105,
      0.21947152147566357,
      0.1459096863619893,
      0.20990248602396172,
      0.21692081823591414,
      0.056367802384349824,
      0.2269370965873913,
      0.2384815038730146,
      0.11605293863775877,
      0.21094424159450084,
      0.13389621438103436,
      0.11401385941022563,
      0.21965750144195215,
      0.0034006489713593103,
      0.28782540627159425,
      0.007848164471257534,
      0.15692510671635745,
      0.2795319000091825,
      0.2197216200204491,
      0.14330228551627033,
      0.249654041649885,
      0.09181089439339116,
      0.19558380037223108,
      0.10341767804790904,
      0.25366018215533587,
      0.07218340845054814,
      0.19215889173356057,
      0.19366311336870756,
      0.18501821629423745,
      0.1827728734994924,
      0.28403546668224494,
      0.09723652583722009,
      0.11846249158808858,
      0.21489028792871187,
      0.14529665961821397,
      0.20512069068043193,
      0.2762761604541441,
      0.028904709839450392,
      0.0733068044102029,
      0.09974385637645101,
      0.017231624840510173,
      0.13188997966185287,
      0.17037059883325043,
      0.11618694625839338,
      0.054914324019226454,
      0.2205504627017625,
      0.11406357468376968,
      0.0478952771430015,
      0.2171098395699337,
      0.25456454099021375,
      0.09019417274944776,
      0.1797689198219225,
      0.29491175180522283,
      0.04230826089722012,
      0.24851998727714997,
      0.24029557027898643,
      0.19710296340246145,
      0.25266185691648974,
      0.05376359931417148,
      0.22661311636502315,
      0.07033924477071653,
      0.02934268453544837,
      0.21941782767556062,
      0.28348634103389114,
      0.13832593596723167,
      0.09651804291541134,
      0.08106250011822085,
      0.07093370338470921,
      0.15676622257022693,
      0.03693643244670285,
      0.2048114344770914,
      0.18839434592140694,
      0.13944208398964758,
      0.25321316610107175,
      0.17677696827383366,
      0.09732325810421469,
      0.09151149406499946,
      0.02797033108305622,
      0.18149972963405994,
      0.22793868942564685,
      0.18035745123449443,
      0.007065194422136278,
      0.16993894971981774,
      0.12472663279645718,
      0.10014260012080665,
      0.15036684760777305,
      0.26264766081473395,
      0.06930954001036031,
      0.025019070723919058,
      0.06690478156403078,
      0.28018256154911214,
      0.14509120475693257,
      0.0972760323956527,
      0.0275572418837181,
      0.04952507193929969,
      0.12118093943305812,
      0.21722436991043603,
      0.283036456184939,
      0.19981573120815735,
      0.15559888497337648,
      0.22113045670805073,
      0.1275521092488992,
      0.2894030033239731,
      0.17818372062856572,
      0.008160592561614643,
      0.21311767397816056,
      0.12299657738780845,
      0.19479920395951766,
      0.03909576119604349,
      0.12425399760610457,
      0.0803052379800648,
      0.10269719277820966,
      0.26486099729927703,
      0.1478511661707674,
      0.19649637676335815,
      0.09704291472881145,
      0.2898880814884453,
      0.19274909816686478,
      0.2580970132433849,
      0.052009153084582906,
      0.2750006824703707,
      0.14500191384860894,
      0.1059683892383095,
      0.17199319470713714,
      0.06560065975686917,
      0.22184427322964104,
      0.15135071994601693,
      0.026862158963457616,
      0.04253507390216826,
      0.03853080167315974,
      0.28416637098571873,
      0.29723746734206696,
      0.12131756995704243,
      0.1598712071976434,
      0.08761337899185773,
      0.05374329111037127,
      0.18938128117164102,
      0.08896543288692463,
      0.15810829622478945,
      0.059661689467554346,
      0.15965535697719693,
      0.08441402925266824,
      0.2634618408901074,
      0.03412373317929337,
      0.008543056246332902,
      0.2722867955595849,
      0.19590825915825258,
      0.03454076613112776,
      0.012530346104452849,
      0.18464428041614261,
      0.04163822112797289,
      0.044407203740647404,
      0.22240728531648662,
      0.21015860640742426,
      0.19585870333196453,
      0.17640730211296315,
      0.04886018900048598,
      0.1926714635586567,
      0.29022686890376714,
      0.08533807394815958,
      0.005122083907409469,
      0.22996443757112683,
      0.11033190731874888,
      0.16463819038475544,
