{
  "horizon": 720,
  "granularity": 1,
  "priceSchema": [
    0.198,
    0.198,
    0.198,
    0.198,
    0.225,
    0.225,
    0.249,
    0.849,
    0.849,
    0.225,
    0.225,
    0.198
  ],
  "agents": {"h1": {
    "neighbors": [],
    "backgroundLoad": [
      0.04814187687612754,
      0.14552845354727542,
      0.05306833082509029,
      0.014728399909241983,
      0.13033995635043297,
      0.2046336817366452,
      0.02482645027614927,
      0.25524911221122354,
      0.12318725754558722,
      0.18354347098683954,
      0.21892669051441385,
      0.013104652085439594,
      0.171339453221222,
      0.0286867175617007,
      0.21423415591791226,
      0.1380978084320316,
      0.19144491095926888,
      0.24729530717404113,
      0.20739543593102444,
      0.08253966969166668,
      0.03625866275322589,
      0.2272874915462231,
      0.14666551901042393,
      0.012076528338575565,
      0.17279301809275444,
      0.2073688697614365,
      0.17898514568359786,
      0.06571710910992949,
      0.04391522318700134,
      0.04740990789873203,
      0.08132827866876112,
      0.20976065853771655,
      0.03616879566068347,
      0.10365567998733974,
      0.08714484773067145,
      0.12779895725780852,
      0.29177183172839005,
      0.12413453048451778,
      0.04782694182871642,
      0.2116307103292387,
      0.09162738512627351,
      0.25781155518356874,
      0.2850986657799758,
      0.1096972481904561,
      0.06386291164219687,
      0.2491538212946936,
      0.23712325874249907,
      0.27017850704586505,
      0.25575120100657134,
      0.22391456033428342,
      0.228606969192593,
      0.2449525513340811,
      0.11083664745146905,
      0.04943274448378462,
      0.27262393430261433,
      0.23637267981946083,
      0.23660032823687832,
      0.006197220845812934,
      0.14131757813606038,
      0.22283571352272624,
      0.23537079251727006,
      0.057785150973619866,
      0.21439981248950232,
      0.18942390582687477,
      0.15751803972056966,
      0.18832635174393988,
      0.2928765587875451,
      0.18132219501665714,
      0.24369843037877753,
      3.956805416152842E-4,
      0.004071303590732744,
      0.11589232355557623,
      0.13235144933280385,
      0.04754025030517648,
      0.024077958405016506,
      0.0410412912948411,
      0.1522306779075829,
      0.0898376977553594,
      0.22401550492853714,
      0.1578651735467453,
      0.21168176035162434,
      0.052034332150740166,
      0.20664498150529811,
      0.10402278695377405,
      0.24658845718573458,
      0.04092922520320617,
      0.05820190016319227,
      0.017979769648135767,
      0.16994402949656953,
      0.12795744877396176,
      0.07198798852126632,
      0.2958268658289881,
      0.0024598620681505865,
      0.10542373455535314,
      0.2802842583444603,
      0.09215851404360458,
      0.22625859921911073,
      0.19624955082380902,
      0.02803702130237119,
      0.27371930821122387,
      0.08432003261827861,
      0.287202213091943,
      0.013979283645714302,
      0.20406723088135575,
      0.07746041509026286,
      0.1711151021600753,
      0.2681032346491461,
      0.12600500078203827,
      0.11574909873914616,
      0.26598607125136936,
      0.04504782335789361,
      0.0020145234837493195,
      0.2815636212239145,
      0.23012475842737906,
      0.17941165851089133,
      0.187953687027206,
      0.17880650826204342,
      0.025015422585768186,
      0.03159340723525239,
      0.26574131470989626,
      0.2511759325282548,
      0.03911932100729416,
      0.21704474652055528,
      0.22613801840898026,
      0.0433623385842115,
      0.19727778170902854,
      0.2712054731032927,
      0.09450558828854752,
      0.19913094766665354,
      0.23964751683432572,
      0.17503882250974648,
      0.26932048760560184,
      0.05462040230244187,
      0.10659692115733663,
      0.1657006951493413,
      0.27309356822048436,
      0.13904191563171484,
      0.11697941956514066,
      0.016035163521842033,
      0.28242828601429826,
      0.2992344608478908,
      0.04924252759113596,
      0.10698514553829572,
      0.012348948613957744,
      0.08658040151508907,
      0.2379946733247639,
      0.15511280544993317,
      0.04430068743842107,
      0.213788908769987,
      0.2005593317462149,
      0.17602289164293988,
      0.1087937663437291,
      0.09131467576602213,
      0.16283077765333873,
      0.12556985065835724,
      0.241056844191701,
      0.07663375053958423,
      0.26061137363480735,
      0.0731668913732781,
      0.23739552341892892,
      0.2737881810539949,
      0.23163003016118075,
      0.16244023410274105,
      0.10447874994390828,
      0.12381641651397307,
      0.04132321305700493,
      0.10061061095788969,
      0.29175268213710254,
      0.07418176826836329,
      0.05540667953878584,
      0.12176832982685593,
      0.19357049098485316,
      0.15450863851847793,
      0.10923278834192937,
      0.1718474237430548,
      0.2821158060022862,
      0.21785649931787288,
      0.171645555727253,
      0.037320471646302866,
      0.044710684833724,
      0.18228998775136465,
      0.03393032682662539,
      0.03753317653949767,
      0.00898626191934423,
      0.0743880035876371,
      0.05845262992140647,
      0.1715701334102204,
      0.16316426100669412,
      0.1041729771143449,
      0.03905522124669736,
      0.21847552714804666,
      0.15145149168642008,
      0.02381023474263174,
      0.0634726876192363,
      0.07805958641461348,
      0.2639712407279511,
      0.20307625624932044,
      0.17883045846140952,
      0.0374709424251713,
      0.06089903975251719,
      0.06464977606736697,
      0.0759605390330226,
      0.11801365976566144,
      0.10845072913634018,
      0.1631378211305409,
      0.16523031779609018,
      0.07753242786617288,
      0.005346388701996374,
      0.013160738297077723,
      0.2032279330170424,
      0.28297430452707534,
      0.04145650402069888,
      0.09813492753850095,
      0.06472666659742879,
      0.06411599348363825,
      0.021430613602111757,
      0.1601095655882257,
      0.029220905810113662,
      0.23697810191926888,
      0.22799715260423115,
      0.0485079561252568,
      0.0603883126770218,
      0.27368446676999686,
      0.1027357250650112,
      0.2794770981123165,
      0.12294612877789383,
      0.08992742901767319,
      0.28761586465370526,
      0.21582200721090988,
      0.214495720628001,
      0.16399430401401877,
      0.09611119366816964,
      0.2682989019010689,
      0.09664776118043814,
      0.09077393514762495,
      0.029372843384466673,
      0.054057371898526725,
      0.17803938700225133,
      0.20583466616356197,
      0.2837205209169945,
      0.19210388412368318,
      0.27823835876442554,
      0.2931392770705891,
      0.20479336755236513,
      0.1735176906670646,
      0.009350431874770049,
      0.18870859378779484,
      0.2108382179986618,
      0.2961400442648004,
      0.2055492453262252,
      0.20696808735457758,
      0.2926919659258274,
      0.2819385099921754,
      0.21921847525509205,
      0.17177662842150695,
      0.2734638922153818,
      0.08257449889795747,
      0.05750784847314225,
      0.2497279850647902,
      0.26727827509068375,
      9.116325222431887E-4,
      0.17977357676298186,
      0.02897689216323187,
      0.21896708061072453,
      0.1856993832294089,
      0.09777179002305371,
      0.2941257908106818,
      0.010127589109166413,
      0.13551548742072567,
      0.2472541349259653,
      0.22825946363344662,
      0.014301750162771498,
      0.09277315944810614,
      0.1311535595098501,
      0.21519209122916272,
      0.21556355225645332,
      0.2481693763778399,
      0.05492837106893491,
      0.18793487294663735,
      0.2768314038471143,
      0.04736328716012624,
      0.1395179077430729,
      0.06892835199005802,
      0.29271399935702624,
      0.018174479174182488,
      0.2573752248265186,
      0.27553855300435304,
      0.013907051649291024,
