{
  "horizon": 720,
  "granularity": 1,
  "priceSchema": [
    0.198,
    0.198,
    0.198,
    0.198,
    0.225,
    0.225,
    0.249,
    0.849,
    0.849,
    0.225,
    0.225,
    0.198
  ],
  "agents": {"h1": {
    "neighbors": [],
    "backgroundLoad": [
      0.04982226456451681,
      0.09834731529927003,
      0.12420792940104758,
      0.246350661283457,
      0.09451113354840981,
      0.28235571560881145,
      0.2507134224475659,
      0.07857728482473302,
      0.02249205332721188,
      0.12695255605372777,
      0.08186777447343657,
      0.22538798358625162,
      0.23644627108135352,
      0.23761278276348574,
      0.2792013947431307,
      0.2392808964915366,
      0.002743228745766413,
      0.15809232920683797,
      0.08629165424522375,
      0.13423309647744444,
      0.1682362134308151,
      0.16907381064032093,
      0.08052520744424733,
      0.29061036308836063,
      0.05522610937797103,
      0.12841775232977978,
      0.2549333841345119,
      0.047684362091092544,
      0.03429079194960148,
      0.2142072840680511,
      0.1630076644921846,
      0.207684295880941,
      0.19021851280543672,
      0.22908736783940065,
      0.1188058220112479,
      0.0290143072951764,
      0.06003276770518648,
      0.2080417928862847,
      0.11771817908957244,
      0.18755069320039716,
      0.07563442684364471,
      0.2018007150621565,
      0.08144052281475878,
      0.053178448559471826,
      0.24402215555991624,
      0.28415202045416327,
      0.27411176838585016,
      0.028158091817186703,
      0.05204698293954339,
      0.040032031486160975,
      0.07859257410204686,
      0.2544499431398827,
      0.26485090695191327,
      0.2317391964719082,
      0.24977918292715182,
      0.06693559685582662,
      0.23110428296331043,
      0.27071842318599537,
      0.004757533654957713,
      0.07491820732287516,
      0.04579906877615531,
      0.24101828463785366,
      0.29254116354659726,
      0.00682528728624624,
      0.11987942860450376,
      0.16708438654159213,
      0.2901115095414142,
      0.294893621649116,
      0.21020682006962538,
      0.17390500865352096,
      0.04608790642396582,
      0.14594429259342076,
      0.20267594430059488,
      0.26168951748845365,
      0.07635310560245286,
      0.1639654125378041,
      0.2626796358895815,
      0.07204564375389579,
      0.29195869416523335,
      0.2407033386170913,
      0.17951928471969994,
      0.19344423293464916,
      0.11702921989600423,
      0.2852520464200966,
      0.20798443363658128,
      0.09072028156986522,
      0.2864868473432305,
      0.27443944300953754,
      0.10621940732552866,
      0.0677371512546332,
      0.2185610681446318,
      0.0635214988281846,
      0.23630992855260907,
      0.2956640841482529,
      0.16762353153921736,
      0.002859660372783368,
      0.17807419793309295,
      0.15846491843152605,
      0.013452271382001767,
      0.23394098208996628,
      0.2203817426898185,
      0.09238938785465803,
      0.15241856529192366,
      0.20167022185940928,
      0.2754402809695948,
      0.0721754093906311,
      0.23661774880276346,
      0.013881073009485767,
      0.11806475289308961,
      0.03963832835111305,
      0.1811744080811296,
      0.2821444340044133,
      0.26975386811935365,
      0.08703056793208953,
      0.039519533884465406,
      0.1341254407680436,
      0.18802851761722808,
      0.08510865787809177,
      0.17577542173671903,
      0.2917994529565587,
      0.2065904425493667,
      0.13672847268650032,
      0.27264739408132627,
      0.10173426368597423,
      0.20205611240944274,
      0.1275525690074213,
      0.25268933622392914,
      0.2031582521727033,
      0.05876324632640162,
      0.21662493999545052,
      0.17534741346133842,
      0.14712708227854276,
      0.15496968440283088,
      0.2662130136353396,
      0.01603025328152382,
      0.05500706257301125,
      0.21694405660804972,
      0.10790653366503154,
      0.03686166355202947,
      0.23622664136506943,
      0.21715517467454326,
      0.1597563704371365,
      0.061543468445750156,
      0.061871122703765796,
      0.09849461452981177,
      0.16414247427987447,
      0.11416479020331871,
      0.10030019944276998,
      0.2795075234402321,
      0.26916999627560356,
      0.05221983905529615,
      0.1674457295621451,
      0.20013583040763666,
      0.0978452975612273,
      0.13034215050813439,
      0.24844890962295219,
      0.20426955486813533,
      0.1136867294940116,
      0.05692326435630998,
      0.0650867624696116,
      0.07527910793659352,
      0.042030754237925814,
      0.08755344110594007,
      0.15786057426855193,
      0.2856570700203146,
      0.1469251941574933,
      0.24421665963870923,
      0.11252279165699386,
      0.14656572884152358,
      0.23463235448741912,
      0.13717610567873567,
      0.26314418011810475,
      0.15061717080365175,
      0.10603261854397779,
      0.016575686992018845,
      0.17308830692826213,
      0.12122891034547029,
      0.04876925358078835,
      0.06556491275030298,
      0.029462863720325725,
      0.23098358973264532,
      0.06818248952299484,
      0.03681038722173345,
      0.2644280084218876,
      0.10979574548616533,
      0.11409924516280787,
      0.08102497474355523,
      0.27666228410429394,
      0.1931325893442886,
      0.029251335780523934,
      0.2022013147746138,
      0.06123619855429589,
      0.10053095067856732,
      0.029664857380195395,
      0.27609630086481496,
      0.1002908512905878,
      0.16616080419304757,
      0.26619176127520444,
      0.21971970523590384,
      0.15115001490346128,
      0.23537469932205024,
      0.005177392914895462,
      0.1609830807204547,
      0.1926812740401799,
      0.2455478657755457,
      0.056219054610269936,
      0.2943584807781544,
      0.20002411054654828,
      0.1520229249035325,
      0.08223016069902356,
      0.29828219320983096,
      0.15833746060558623,
      0.23118092602196277,
      0.14938293832374838,
      0.0876738953330771,
      0.25202269575132197,
      0.279203691339166,
      0.1317628699740253,
      0.027500951660647286,
      0.018695596653398792,
      0.2271022723487205,
      0.2942804767462838,
      0.02298135667247343,
      0.014746603711780814,
      0.26136635070417835,
      0.1493630615318215,
      0.28867838940129237,
      0.08081593876368924,
      0.02353570089661955,
      0.20975085011473069,
      0.10917300903437872,
      0.18915928706239446,
      0.16471299507801068,
      0.22154371874504034,
      0.2682028938407905,
      0.16034868001727823,
      0.2855729660349415,
      0.05211175477958596,
      0.204078547729923,
      0.14979057780956795,
      0.18771760217080458,
      0.182702876289586,
      0.07249251619915001,
      0.18956964696026576,
      0.21508917847275022,
      0.1816237988213157,
      0.2617410034987368,
      0.06651175361520345,
      0.04359614018724145,
      0.12971553348089127,
      0.29461033898910455,
      0.11001543042672847,
      0.1828922665939088,
      0.2730228354298986,
      0.053376011202682434,
      0.11142622882353208,
      0.09596138422544521,
      0.03465967955209737,
      0.013027472669379847,
      0.2756149840221292,
      0.1739165942957111,
      0.13854908117744555,
      0.10853881865432842,
      0.06604453406191717,
      0.28178894797782517,
      0.22943575494523516,
      0.22382262094531188,
      0.21022570061476553,
      0.29960860445485316,
      0.15103142163107022,
      0.005845639531430735,
      0.14835173044990052,
      0.17748985916395568,
      0.006158172445310872,
      0.20108137384001898,
      0.016049768132161267,
      5.680689177343101E-5,
      0.28744692106779957,
      0.25507207440029633,
      0.16181867024144278,
      0.08249585682002224,
      0.22897850719687096,
      0.1672080552840427,
      0.24166041775093106,
      0.10857990832668922,
      0.111150738707065,
      0.0247415116631016,
      0.08437966502765913,
