{
  "horizon": 720,
  "granularity": 1,
  "priceSchema": [
    0.198,
    0.198,
    0.198,
    0.198,
    0.225,
    0.225,
    0.249,
    0.849,
    0.849,
    0.225,
    0.225,
    0.198
  ],
  "agents": {"h1": {
    "neighbors": [],
    "backgroundLoad": [
      0.28542624874136224,
      0.17146864273587598,
      0.09839678035531758,
      0.27323717180524715,
      0.21672402703203894,
      0.04780618375654475,
      0.07723467775959586,
      0.017464109539505366,
      0.05854886625031031,
      0.08584910714662809,
      0.018266306088813456,
      0.10761550680914196,
      0.17810919115943766,
      0.021612026339466073,
      0.048311341304582846,
      0.2579069490344417,
      0.11542814092589082,
      0.2859860527857646,
      0.29873714020564396,
      0.17027572081791748,
      0.293279864122284,
      0.0058394124040636155,
      0.0014589278370298663,
      0.15116028433929665,
      0.28853973757532897,
      0.08851209174841765,
      0.26357024034404664,
      0.2803960298402773,
      0.10965713606384375,
      0.11533680192808696,
      0.0071025210312627984,
      0.28693841205580384,
      0.0554406438540049,
      0.00751137537293548,
      0.017804937832754886,
      0.1512486048847971,
      0.06462246944155968,
      0.1348472999066143,
      0.11400848939278331,
      0.032001516905531054,
      0.06342114362898449,
      0.1517561008046826,
      0.007709142071627439,
      0.10910043033811324,
      0.1720859903272343,
      0.223539542025636,
      0.201172286867914,
      0.04200038959792885,
      0.16152313643761834,
      0.2199907603151802,
      0.25130978800698645,
      0.05235386500071367,
      0.08116055353669772,
      0.13920953664567756,
      0.08147226457892394,
      0.2783002182636487,
      0.011579382748721266,
      0.14014351614941653,
      0.17955522187037778,
      8.091715702174706E-4,
      0.2683731052957995,
      0.11844821673094075,
      0.27436529511836016,
      0.15421896911333,
      0.1013223191362122,
      0.2620549985644922,
      0.09265666075247443,
      0.2794770735688844,
      0.04667279364332463,
      0.18046582591203794,
      0.1967165130552399,
      2.960400840243071E-4,
      0.1347277024073915,
      0.28529931631332395,
      0.06016962569960788,
      0.04165527168116257,
      0.09520260591276182,
      0.030099201208982483,
      0.05628258981428109,
      0.28546509762944866,
      0.07855549421891377,
      0.09833371124801679,
      0.2919676803279801,
      0.1528058496523176,
      0.2157611913557246,
      0.04208308046800974,
      0.19605741001207003,
      0.27415459683815907,
      0.2705503404180524,
      0.10023632406956817,
      0.29356890306576794,
      0.13017415533963375,
      0.11986859196375661,
      0.2732141231456553,
      0.04676545641548285,
      0.22421746506695198,
      0.2873669894616294,
      0.14677460515825355,
      0.10385140998554011,
      0.23692811418999768,
      0.12989325902220542,
      0.023481363576246195,
      0.047312666910821664,
      0.03760927921871619,
      0.07528521111951697,
      0.09827619466363618,
      0.04483564897166243,
      0.2732609998745955,
      0.05135436282230886,
      0.1560333598154011,
      0.024142157491920856,
      0.1562232312783115,
      0.030810848215629072,
      0.05698844108075419,
      0.1376561784961489,
      0.08329937257370403,
      0.13008382069317584,
      0.0656356541423374,
      0.29486167681729974,
      0.10660317267758823,
      0.21116785782791872,
      0.20300172322013985,
      0.0726075199777889,
      0.18404421309385466,
      0.23539569434643456,
      0.015552943782423511,
      0.039876423145430606,
      0.24059997201862554,
      0.06124745112986922,
      0.004147897726300254,
      0.28724030100163994,
      0.10806853843869917,
      0.275153441341823,
      0.26127617003948084,
      0.06518182259249128,
      0.06431972527830858,
      0.13802519424157883,
      0.1344513137577285,
      0.03836945984695681,
      0.12066796583658658,
      0.234348595177806,
      0.12145124785060285,
      0.12824859118608264,
      0.15967388144687525,
      0.11437096611063621,
      0.1279431755233565,
      0.22548833598945894,
      0.1006141748186289,
      0.2149058083963443,
      0.15866932542746764,
      0.06539606275021559,
      0.2915196140943802,
      0.21237227771665415,
      0.023776823239323962,
      0.20563586900020459,
      0.0875490237603332,
      0.14380096041403526,
      0.09901052563112657,
      0.0019857686160477226,
      0.13928548516450098,
      0.27460840866878683,
      0.025897858804030515,
      0.26270368637439495,
      0.2715292295087587,
      0.04789452952368521,
      0.25453017647136633,
      0.15493002102570813,
      0.2620225731450668,
      0.1713065055631295,
      0.07677227339716365,
      0.2301558228797692,
      0.1727534164411784,
      0.058733525933544056,
      0.1688618797643481,
      0.2005492924503527,
      0.13507949441110254,
      0.15956966221788382,
      0.10183260418911642,
      0.01130855530114767,
      0.06770896561737588,
      0.28994206355499885,
      0.13820340073716406,
      0.09788216735967094,
      0.25083086087582684,
      0.12384083625382597,
      0.260034298677826,
      0.07550103580285517,
      0.010845108702563654,
      0.1860297908865887,
      0.2378297021429347,
      0.259082793586771,
      0.11777147683003863,
      0.1472698467050823,
      0.01912200868484235,
      0.19034090074315574,
      0.045106721091432996,
      0.2976979238081,
      0.10527525052289119,
      0.18907152186760998,
      0.2494472330472966,
      0.09268680604988519,
      0.14046181038715091,
      0.02815893746633098,
      0.0820218083730427,
      0.21198284194695513,
      0.1423205943224244,
      0.05329164134665219,
      0.23876339740561633,
      0.29790389952886204,
      0.08935563458083526,
      0.13633374335552706,
      0.07800811041823381,
      0.20923029213283503,
      0.1826430322240883,
      0.2549105554608176,
      0.23153343340531127,
      0.18657228103892212,
      0.027686495782788412,
      0.07220499113247349,
      0.276969125748995,
      0.05289747204791034,
      0.1872275878634856,
      0.2688281289029784,
      0.13966761968925978,
      0.03906677355867172,
      0.10645841170558867,
      0.1762091093045182,
      0.12974398160891357,
      0.26919302387433713,
      0.233186659727953,
      0.11543377297110854,
      0.04914444837384826,
      0.18327768671855107,
      0.2881170167262277,
      0.13171613931154838,
      0.2852308629554505,
      0.156001880974334,
      0.2615609485407726,
      0.2565132958884447,
      0.25623651613026643,
      0.2362087321160563,
      0.2070306012878494,
      0.057721343394564556,
      0.018518218560143428,
      0.04461388292663524,
      0.05325692695844684,
      0.08445259628554465,
      0.2816672265432396,
      0.13744289994927314,
      0.1787495249858601,
      0.2719522576195097,
      0.27866375774916746,
      0.2801012090314287,
      0.11720982974850004,
      0.2293886688489707,
      0.15588588370386997,
      0.0166844041571071,
      0.20306240831619912,
      0.0042433548945764454,
      0.13562933440572192,
      0.1546814517263501,
      0.14960833235463475,
      0.29974107565055913,
      0.1024817152961627,
      0.0584102479425286,
      0.24349965915468777,
      0.2782261340318217,
      0.2828206498659166,
      0.27896104394665555,
      0.0641828407762865,
      0.2817661383424185,
      0.1439437644138995,
      0.11993747732349286,
      0.10045803179054594,
      0.23933467904088343,
      0.03525576594590152,
      0.028690120962976573,
      0.02732603310951006,
      0.156680777890612,
      0.16381868059240381,
      0.16477503403004592,
      0.13571448322056678,
      0.20944579764276353,
      0.28909272139992503,
      0.039372776627540386,
      0.20496264316745885,
      0.07667787286006572,
      0.051909191888123526,
