{
  "horizon": 720,
  "granularity": 1,
  "priceSchema": [
    0.198,
    0.198,
    0.198,
    0.198,
    0.225,
    0.225,
    0.249,
    0.849,
    0.849,
    0.225,
    0.225,
    0.198
  ],
  "agents": {"h1": {
    "neighbors": [],
    "backgroundLoad": [
      0.11714257414160469,
      0.25743538351549905,
      0.23214715470325897,
      0.17762177927766676,
      0.24914379327241548,
      0.07857052652899614,
      0.01857876697496268,
      0.12985318775462684,
      0.035967643019306945,
      0.2306037911437317,
      0.031111072046402687,
      0.06334631959599323,
      0.049305991019406636,
      0.1942548218315873,
      0.0035176912562085993,
      0.016036909499049512,
      0.29979292297309007,
      0.27825732411074117,
      0.1361610342897298,
      0.2739918488667758,
      0.13592710169780434,
      0.2975464133264784,
      0.286285963902816,
      0.16186449810383122,
      0.06580401871771185,
      0.12813550254380984,
      0.15455874672676456,
      0.09490613797287824,
      0.2834856443530239,
      0.28985863188271743,
      0.05188298493590736,
      0.06320922227672655,
      0.2766546840607173,
      0.06672136081393344,
      0.08249607710905085,
      0.032784551150594345,
      0.08293182533994821,
      0.04365908991050852,
      7.441480594976401E-4,
      0.06356881989590081,
      0.18508297344316835,
      0.13168532193766616,
      0.16678566767918393,
      0.04105889503824001,
      0.13949316949116858,
      0.08451013566711232,
      0.23789975914286904,
      0.09407653803823283,
      0.182043439993647,
      0.19744598191079685,
      0.17668991885412158,
      0.050359824016191254,
      0.05172245603018789,
      0.10477449834000414,
      0.016572282373087364,
      0.1293479849644588,
      0.23711370494356626,
      0.009659684319183114,
      0.08409889947815741,
      0.026539808758177397,
      0.009680443885619427,
      0.09804921726926866,
      0.05603412375102205,
      0.19777296803929797,
      0.21525934501181807,
      0.18629777252194676,
      0.23230048765927006,
      0.25858437534840845,
      0.16762625896368713,
      0.2954471765702849,
      0.11303494762455749,
      0.07772638020484178,
      0.25104770133823867,
      0.15259924351261558,
      0.045603279108163405,
      0.18859402129689312,
      0.005694820008597623,
      0.024682890496520282,
      0.16620801663398446,
      0.22952295341775059,
      0.21627350892330255,
      0.08105363798207459,
      0.02366830599415436,
      0.010018734735362399,
      0.09909162463403931,
      0.2921361855756855,
      0.24744699255100258,
      0.22352770334003816,
      0.09497277840284656,
      0.08296753318874746,
      0.1555440179953781,
      0.04202799171002645,
      0.043529914660317214,
      0.07331621809090942,
      0.07462501321005335,
      0.2797375335247206,
      0.025625294591890255,
      0.1181048818146534,
      0.1634957293533132,
      0.05156920695195195,
      0.15832936565995773,
      0.14683251234823172,
      0.18294475482210748,
      0.03794873553925308,
      0.22815949915109235,
      0.2528221402649095,
      0.2136557840239494,
      0.11802017845372342,
      0.0606834307719169,
      0.013191319705769844,
      0.18991551087910372,
      0.038256577986507175,
      0.2136774995927534,
      0.2127003930959415,
      0.230155403755971,
      0.19516826222597236,
      0.012312124754769437,
      0.28054641600997465,
      0.01418606136502174,
      0.13973161200260054,
      0.1415187396883922,
      0.09935078933448323,
      0.161120374732406,
      0.19216392417097974,
      0.004131901636663615,
      0.06324266877567301,
      0.13614598318930707,
      0.2082025250444876,
      0.2161250581887229,
      0.292362809150707,
      0.0374671883049264,
      0.2621590130084042,
      0.202599607333203,
      0.18705870489368062,
      0.07955581565276712,
      0.22723125435000494,
      0.10115018328895713,
      0.1287977988103903,
      0.245936976111486,
      0.15167179562630456,
      0.04242241918065006,
      0.195788093427276,
      0.07220276079801827,
      0.2638173036657357,
      0.0849637052298172,
      0.21698433999957156,
      0.06589645282454416,
      0.010417179804673948,
      0.09947236107938208,
      0.0867164163074828,
      0.05413833415044123,
      0.07545795253567779,
      0.07406431723993175,
      0.005626033670338204,
      0.22298911915254022,
      0.1592717189691988,
      0.14787432032824682,
      0.29627959019011835,
      0.0865219662268409,
      0.2750764587214228,
      0.16279066069505765,
      0.16811119237921357,
      0.28443307664498846,
      0.12967694424183482,
      0.22243757085436114,
      0.15788977089619113,
      0.2887886021490025,
      0.2415473641951068,
      0.24288510246524553,
      0.2823264111910449,
      0.21221977629341437,
      0.22451034646529985,
      0.264760010595858,
      0.18961353292400798,
      0.27828385091543223,
      0.1609247548895788,
      0.23817928003555122,
      0.14150213355575886,
      0.06807710850868201,
      0.08643199982263462,
      0.00895188050906628,
      0.28284027802611933,
      0.06600890348550738,
      0.2772447630834728,
      0.03449215332048728,
      0.21590643133613385,
      0.10699994516193122,
      0.24199304390031412,
      0.05515457836695674,
      0.26600602485821795,
      0.1679030741166315,
      0.13284539908613294,
      0.02810930025347268,
      0.2817193410031927,
      0.18652171933168282,
      0.047364470203151855,
      0.15667335406186267,
      0.11771069713874002,
      0.18604316115095806,
      0.08221150046518896,
      0.13620426619716383,
      0.2719455756091217,
      0.10888171111662193,
      0.07595124415358874,
      0.0024476950429371145,
      0.014441001571174672,
      0.12888264829132345,
      0.08392537737093968,
      0.032376356341150256,
      0.06722559910461537,
      0.29547472395142443,
      0.08838047259709934,
      0.08067278305289068,
      0.07940030141762594,
      0.02513620400571762,
      0.27923146441991264,
      0.06050218427072196,
      0.26779783962611275,
      0.14534677728448755,
      0.1584431516805058,
      0.20519645932300035,
      0.10167885191589987,
      0.2985162685544011,
      0.16884030525098373,
      0.018647765927874982,
      0.1828364496313236,
      0.26768117002260694,
      0.28160426056242915,
      0.2911011040166026,
      0.29530178387143385,
      0.20508420527618879,
      0.16834077972201708,
      0.26033363909245166,
      0.19971925882112537,
      0.14995952182752328,
      0.13976333663603338,
      0.06135192170453607,
      0.06670764621406845,
      0.021119712349607866,
      0.24952404328547684,
      0.17081391937250243,
      0.2229823165011661,
      0.27415595446673113,
      0.27045995438444836,
      0.017545730782442825,
      0.08340720961048302,
      0.07773542778419307,
      0.2520069578315909,
      0.1277366210327768,
      0.25352601844716344,
      0.24496356078458462,
      0.1566914763816228,
      0.10991367751977309,
      0.06416041642490622,
      0.030177621082276028,
      0.024959123984060392,
      0.06117913907153017,
      0.03518749204292251,
      0.1458751140681502,
      0.026614427401472473,
      0.2449666528878003,
      0.10780027141606587,
      0.01218179560657875,
      0.24732200515334993,
      0.22823813096500983,
      0.2618317998512424,
      0.15859495431397472,
      0.14975478713484433,
      0.2207587949661968,
      0.20070229721075872,
      0.1276013588658366,
      0.18336722728610744,
      0.01051700288236197,
      0.21450478584043914,
      0.23226780512626813,
      0.16354047440696484,
      0.21546971554509206,
      0.18247695710106562,
      0.2436239710243897,
      0.13106505636734928,
      0.15217822971784864,
      0.16258492509128725,
      0.028986660670466978,
      0.27034106551684856,
      0.09962130144137066,
      0.10006355905663777,
      0.023380429323110418,
