{
  "horizon": 720,
  "granularity": 1,
  "priceSchema": [
    0.198,
    0.198,
    0.198,
    0.198,
    0.225,
    0.225,
    0.249,
    0.849,
    0.849,
    0.225,
    0.225,
    0.198
  ],
  "agents": {"h1": {
    "neighbors": [],
    "backgroundLoad": [
      0.03831730259523632,
      0.29940409029650533,
      0.14405390362490086,
      0.11628032310555449,
      0.15136665008400285,
      0.23582832060350786,
      0.2541500731822882,
      0.033763624090451014,
      0.0405066894518692,
      0.20728110998783458,
      0.19982280370050226,
      0.25481573641845773,
      0.2543791658071955,
      0.043691734325666864,
      0.2116578120251398,
      0.026174174252228188,
      0.02725245217918564,
      0.1648499986044832,
      0.004832396787660909,
      0.12766214013409133,
      0.2288148668786776,
      0.0511418692141795,
      0.28183502322049514,
      0.1656456691055807,
      0.27741441517388366,
      0.2351640935930336,
      0.05557103430646458,
      0.16231633611487914,
      0.062429658832911704,
      0.11633268246259669,
      0.29509998257343206,
      0.08166129267596217,
      0.0986300338797751,
      0.15449936790909233,
      0.03553813235444527,
      0.21258324191452466,
      0.01160783984621101,
      0.13722790852589872,
      0.08860535931499952,
      0.15361897455429502,
      0.2017050671280238,
      0.12447397047628833,
      0.1786139927577183,
      0.03246516349826432,
      0.2049753374660627,
      0.25085750752855834,
      0.05267836585524588,
      0.24100597306035865,
      0.18679844706494003,
      0.2229631432799362,
      0.08796304333689182,
      0.2156954947513618,
      0.029495230840415696,
      0.1689934252062252,
      0.27751356009192907,
      0.25694280930906793,
      0.1063573895965603,
      0.06619510856276818,
      0.24905481373039118,
      0.26363637327590395,
      0.29016952140092117,
      0.26721487937125915,
      0.005056811008221862,
      0.006601311085313588,
      0.17646076039166814,
      0.29394573031905213,
      0.2871305323718676,
      0.11505957781533026,
      0.1688839958840728,
      0.03276079999060468,
      0.02521948836276484,
      0.029186674768446906,
      0.09463038439724514,
      0.2622057208984644,
      0.1752809447809668,
      0.0019231975090228447,
      0.037307416629263054,
      0.23759107444285138,
      0.1097517695311197,
      0.2639592676942496,
      0.16975755623219904,
      0.21268484265733212,
      0.1668520636740513,
      0.28553497482986906,
      0.06854721253463798,
      0.29952465483940394,
      0.18779949786029254,
      0.2725599738251724,
      0.2608963185831727,
      0.05426525458329876,
      0.21367706550771498,
      0.1872770737918699,
      0.08914871820565318,
      0.02738956178921842,
      0.11807369046576482,
      0.1782267020418151,
      0.058637487960516904,
      0.2843061620663917,
      0.29249899462244866,
      0.16692833722717426,
      0.06981279804966727,
      0.22549109923360638,
      0.0017403136467148749,
      0.16218129307060516,
      0.17571316730628153,
      0.22158447725077382,
      0.28568511929150936,
      0.21147175506450763,
      0.0034884713786006217,
      0.029598892752292348,
      0.1648554611713312,
      0.04357894671265252,
      0.2814589802340543,
      0.05030838779445492,
      0.2781327661351323,
      0.27267764684607904,
      0.19372231578349658,
      0.11299565485839655,
      0.16072673437835472,
      0.013802402760845532,
      0.06131480683870411,
      0.2770061952747441,
      0.07314760682574377,
      0.1493282033314413,
      0.2749077905287293,
      0.23521265038189032,
      0.06236750973925041,
      0.07836709847435484,
      0.11536804707261444,
      0.02026021766934255,
      0.13885477953810005,
      0.28219495660823113,
      0.1974493514425803,
      0.08209436155078109,
      0.16346139416312563,
      0.07635932387587163,
      0.11291373783816114,
      0.2242270876702405,
      0.29189550850172186,
      0.29936310544357553,
      0.15666018115719135,
      0.051948778664604386,
      0.10395698599368604,
      0.2417590249858734,
      0.21574919999291955,
      0.019301456984521202,
      0.10474578274683884,
      0.13667061794452803,
      0.08476789992446675,
      0.02507218367105065,
      0.27454902327174635,
      0.25015316813205796,
      0.19966652749522606,
      0.2770237809363436,
      0.25593930331869474,
      0.05399684504613312,
      0.08005910103399527,
      0.04395017882463802,
      0.011743773680143576,
      0.00734016344620686,
      0.03902032122209905,
      0.20220233081369626,
      0.2902999169757562,
      0.24709759268791445,
      0.2053529511147436,
      0.21189554558725668,
      0.24309829825898754,
      0.20429143140045958,
      0.013469589617249965,
      0.2506373096941071,
      0.008702025454738903,
      0.0404472552547812,
      0.23235721705403867,
      0.29342222430816295,
      0.244024483292412,
      0.1670354343743383,
      0.17322178467836133,
      0.17245595439830713,
      0.26182688850662034,
      0.078385390410151,
      0.09002292578684268,
      0.22656227897657222,
      0.15271798804361256,
      0.2623336798197755,
      0.28176673717923884,
      0.18531980327593725,
      0.2837735620827086,
      0.23563906976455762,
      0.15994014890475453,
      0.22805649665390407,
      0.21388429414709323,
      0.02383080960116002,
      0.03996503268380192,
      0.1991994350342173,
      0.20104014237808132,
      0.22080097972292384,
      0.20330604964730717,
      0.1900143209740236,
      0.2683618068838455,
      0.07185725548023952,
      0.06706390741289528,
      0.18971787283824132,
      0.22519457983735186,
      0.26480563664734996,
      0.2112683504199068,
      0.18251847422967346,
      0.06203038458936128,
      0.04764586290400823,
      0.1478566529651674,
      0.11180981545148701,
      0.19009875865062956,
      0.08345657811571357,
      0.03557368147638788,
      0.10337730423534364,
      0.1451779591490728,
      0.19066757899566947,
      0.07940309902018784,
      0.20182960287658486,
      0.2771841361759226,
      0.28111678017757297,
      0.16783612201668385,
      0.2100100473962352,
      0.28745783701548355,
      0.012177856291401156,
      0.12515185756247701,
      0.2523803277798537,
      0.1120543645258207,
      0.0760153383052898,
      0.15275881786506215,
      0.009456816279783297,
      0.1402397618060341,
      0.021721470038430255,
      0.11621675768997242,
      0.17267287316607252,
      0.15532931271825612,
      0.20225020438492272,
      0.20123280180038627,
      0.17494475568051326,
      0.015434447074605994,
      0.13894673265771076,
      0.21718714927716473,
      0.20730827450919656,
      0.032766028498561174,
      0.027765664159570713,
      0.23844490913068078,
      0.14940075973425812,
      0.05020648443110624,
      0.05872217178940587,
      0.00853201316409845,
      0.07595568071391563,
      0.1703637000359543,
      0.20569180138604806,
      0.0807074652382596,
      0.0141335604681743,
      0.17667931840557333,
      0.10962664117444289,
      0.25360957915462234,
      0.013258032966987864,
      0.18267104762235356,
      0.15749455272566523,
      0.19402663265877043,
      0.2948944200217516,
      0.10852802001555541,
      0.037336795237075344,
      0.17197725416226764,
      0.05842695519707447,
      0.05265986634937736,
      0.008543318491641838,
      0.19119896096667988,
      0.27032219277684105,
      0.12472466784369415,
      0.09015369305879543,
      0.04846725382398343,
      0.2834565224269794,
      0.036845328058935124,
      0.10104233014698728,
      0.11042731412258296,
      0.2209973189553074,
      0.10836123326575238,
      0.12704154993393646,
      0.19091360423814566,
      0.017964018205510513,
      0.2362879108725286,
      0.13885070711619263,
      0.2460694906670874,
      0.08013559058334499,
      0.28462630708474734,
