{
  "horizon": 720,
  "granularity": 1,
  "priceSchema": [
    0.198,
    0.198,
    0.198,
    0.198,
    0.225,
    0.225,
    0.249,
    0.849,
    0.849,
    0.225,
    0.225,
    0.198
  ],
  "agents": {"h1": {
    "neighbors": [],
    "backgroundLoad": [
      0.2435101289270134,
      0.26190549533821805,
      0.03921785195675963,
      0.20483560281624508,
      0.11282700677406932,
      0.2748534645893449,
      0.18695282147572143,
      0.0702225006109959,
      0.18281429404064847,
      0.14687456211200753,
      0.14491070422675922,
      0.08310050227491883,
      0.08009203976565628,
      0.012962174216143896,
      0.270397193736419,
      0.23542208022751793,
      0.11013014915528661,
      0.13880698333242586,
      0.28357176461060735,
      0.21299458197600724,
      0.020856656372633085,
      0.26435463646076135,
      0.1442409578673655,
      0.20781627121349436,
      0.09518391669544801,
      0.2373034671048096,
      0.16600697519424973,
      0.21778301502491368,
      0.0655697797420804,
      0.27923829999885735,
      0.2903993706417164,
      0.29685639975644906,
      0.09923109928003743,
      0.27464197014414893,
      0.22924193934400175,
      0.28105310405873135,
      0.2624105556709372,
      0.1774691556270407,
      0.008875076564229279,
      0.2700254903169827,
      0.1576991505011594,
      0.006297932691132912,
      0.05689580779395392,
      0.2040852217287454,
      0.2185380462879737,
      0.11445788409792167,
      0.09992153101087027,
      0.18004583487950857,
      0.007236302492279967,
      0.16679826833208408,
      0.04104793959109621,
      0.18628639682438874,
      0.2987909472860059,
      0.16814516444411062,
      0.158231942955384,
      0.09481131314253456,
      0.19957621098561043,
      0.20496827012695182,
      0.09794492101869161,
      0.27755282288414873,
      0.2860839677169755,
      0.13209456179006357,
      0.2330580983543194,
      0.10862972643796216,
      0.1228202660211018,
      0.15342653000607967,
      0.0655719429771223,
      0.2936331956135709,
      0.27695338430256194,
      0.13591791939406328,
      0.2750687388188753,
      0.27953101726736107,
      0.23348627039998082,
      0.2074933140084686,
      0.0794590196059836,
      0.21178374363347507,
      0.2975123781170195,
      0.13021605571309344,
      0.05047528032344449,
      0.2519495637400071,
      0.2635143717213255,
      0.048619268534244975,
      0.2781462633493063,
      0.2659579283720619,
      0.004269767457497541,
      0.14904492753998988,
      0.14279999615458164,
      0.2084201200816698,
      0.0896370944790262,
      0.1403301673461768,
      0.2032014535409301,
      0.2518772368007634,
      0.2843078186437361,
      0.2438763715930581,
      0.0965968710962447,
      0.21824574031801017,
      0.29479829571784366,
      0.222587848475261,
      0.19241804939885046,
      0.061769786214358996,
      0.06439043003156103,
      0.24062487379184058,
      0.20833777558620428,
      0.23668814453141174,
      0.10635561244322568,
      0.2862403417946773,
      0.2927634789260866,
      0.17638029827308996,
      0.1652036131090536,
      0.045344100197755983,
      0.22875810477267672,
      0.1093375321558583,
      0.17254106931784793,
      0.23991862475778966,
      0.04657571783877096,
      0.07071226621443714,
      0.09493091720041438,
      0.1818247966122973,
      0.2224514549679045,
      0.24573615837795587,
      0.0742172442548529,
      0.11986907791153337,
      0.1880229599781292,
      0.23300529897476108,
      0.2042111391558834,
      0.2813447495351,
      0.19986346740210365,
      0.24222315340400935,
      0.20946331287490172,
      0.2396792903207218,
      0.18491610398260527,
      0.15211290134171138,
      0.2016538626210816,
      0.16163961883070896,
      0.015369283585496251,
      0.015087477713792506,
      0.09388708725537372,
      0.17849741540674213,
      0.11420773241444741,
      0.037477563838670534,
      0.24995746183970444,
      0.21151599468093993,
      0.2852922711270702,
      0.1442623876734108,
      0.17762286900804503,
      0.12064010167084943,
      0.035033648927920956,
      0.1687062151980978,
      0.0705705010705583,
      0.2127303826738555,
      0.11008877873983659,
      0.10419757461272519,
      0.10134062088465752,
      0.24450490786991208,
      0.2004560364228025,
      0.17266336209823285,
      0.1886221867687717,
      0.14048386098360996,
      0.08860529718293156,
      0.16194634389733562,
      0.017310254001782,
      0.2076681518131567,
      0.2344898052934058,
      0.0959208081604335,
      0.2720850623344529,
      0.154464509878752,
      0.20452100094569411,
      0.23745441378378396,
      0.06493318149228602,
      0.08752989904048097,
      0.21576755400686284,
      0.2958804740829356,
      0.14966812416540604,
      0.2136796607469137,
      0.08485590475790697,
      0.10904863158998288,
      0.26611448199469306,
      0.15107651321531138,
      0.293334852557865,
      0.19534174767738058,
      0.22248823998430503,
      0.2881493473997882,
      0.05230779659750118,
      0.20474446043073127,
      0.2546877250048381,
      0.13687165590155015,
      0.1440985082644397,
      0.168644011527901,
      0.2870945040753258,
      0.21853182580901045,
      0.1330168172173918,
      0.0062058171948344175,
      0.12478672957423743,
      0.04790052208472923,
      0.15417915449029052,
      0.1886376870176555,
      0.20167739793204995,
      0.1558676288709207,
      0.29514678996955157,
      0.11710588741401919,
      0.07523767031361484,
      0.03968496826140404,
      0.017383072171486325,
      0.18180618657411085,
      0.18634171198784386,
      0.08187989411738876,
      0.014286896564044804,
      0.21004684830870862,
      0.27504330924672976,
      0.27072629854799685,
      0.2351811479113928,
      0.09722989146004886,
      0.24731088518267755,
      0.007547314542823802,
      0.17404334327909554,
      0.07922950123338539,
      0.19386283634376594,
      0.0025408399030757756,
      0.04376982530160776,
      0.19132710522500862,
      0.27389753891620217,
      0.09788776664152089,
      0.1891496088247811,
      0.2502886755961531,
      0.29129347433374214,
      0.122815018807231,
      0.11269851960170492,
      0.23534038977281854,
      0.1270097102695813,
      0.0375315682258996,
      0.24680705918266024,
      0.2711086067184262,
      0.0929703178352446,
      0.0506272075864007,
      0.07585392501679634,
      0.13624036130513245,
      0.029415378426539796,
      0.1099402887348502,
      0.11549988690811518,
      0.2087877316600361,
      0.1510858161615071,
      0.2971734305944355,
      0.03830024249507123,
      0.007398744786639133,
      0.28967465475886833,
      0.013090333068328608,
      0.1842019630112194,
      0.14092300578629993,
      0.17973294275437504,
      0.21290001747791507,
      0.22931728767158038,
      0.21172237174238887,
      0.053895410842328816,
      0.10583647996974176,
      0.26980190257832476,
      0.1394445335188438,
      0.10787090059456893,
      0.10588758816879347,
      0.1301668926576525,
      0.09070097286766403,
      0.21374876159950165,
      0.09227249020090818,
      0.17275048983560404,
      0.15335359474894042,
      0.23400553492691953,
      0.08639234874583647,
      0.020726385594708453,
      0.1061295806045843,
      0.10484234480133357,
      0.1909406711697184,
      0.2354046331018803,
      0.0770489069602024,
      0.2446265153399973,
      0.022755231721518932,
      0.20222769091917825,
      0.22203191676660725,
      0.1968150793815584,
      0.07440857798239603,
      0.2637705501645271,
      0.030723920694272353,
      0.08939978163778753,
      0.15930381639436136,
      0.1376204798741327,
      0.23123460293308415,
      0.04279906429782454,
      0.10376727239706052,
      0.130751048533813,
      0.19575015119934494,
      0.13018721933799818,
