{
  "horizon": 720,
  "granularity": 1,
  "priceSchema": [
    0.198,
    0.198,
    0.198,
    0.198,
    0.225,
    0.225,
    0.249,
    0.849,
    0.849,
    0.225,
    0.225,
    0.198
  ],
  "agents": {"h1": {
    "neighbors": [],
    "backgroundLoad": [
      0.18785570341973676,
      0.26004317208572486,
      0.19553507424305575,
      0.2715851149482637,
      0.17871180560132233,
      0.18054631473424637,
      0.16850382726562882,
      0.1509321572673826,
      0.26395857762796393,
      0.04517722599360067,
      0.06331221467318845,
      0.21699714126789976,
      0.09937413799985229,
      0.2698145152380068,
      0.02937038268606876,
      0.18418364651594074,
      0.28151621782883207,
      0.1638964833494265,
      0.1139432470316874,
      0.04495319465190689,
      0.16283546226578485,
      0.10510492563222434,
      0.08144225703812738,
      0.1575968755186277,
      0.09105102752105014,
      0.13098116384980765,
      0.13055861660254015,
      0.09584604217920037,
      0.1188299003276317,
      0.14310157812408736,
      0.1620973909513247,
      0.007059936821806545,
      0.1994079051350662,
      0.22972744618535945,
      0.22840679063771302,
      0.1678264931108042,
      0.10669131881133224,
      0.05156353651374796,
      0.2685999731339506,
      0.25206870172729323,
      0.1314059079084027,
      0.0011772766809357127,
      0.23806229811676094,
      0.23130841900246168,
      0.026990260471475545,
      0.09054954450514381,
      0.22089507560918323,
      0.032464829948747206,
      0.11004129821351902,
      0.037897833209478114,
      0.018650215595069342,
      0.10990320632868435,
      0.20592237833141616,
      0.23025753518170058,
      0.2889807762848733,
      0.0387562988444727,
      0.29754648139635254,
      0.14379710468525803,
      0.2641872886445728,
      0.16438938953926524,
      0.010287372195794398,
      0.1427978601049198,
      0.2828426140795992,
      0.06884194632879272,
      0.10348541375852996,
      0.1304948027927303,
      0.162936459730849,
      0.29836286485328745,
      0.21321019187180892,
      0.2964215921928241,
      0.18482578130149815,
      0.005329787719355816,
      0.1875260824789392,
      0.02067119922172874,
      0.09115321951056263,
      0.16610211489673332,
      0.09271131198549416,
      0.2674358586336664,
      0.15849633875902217,
      0.11844441730896338,
      0.2748523653192531,
      0.08755642475806175,
      0.20734688418437036,
      0.15156949732817424,
      0.10298399719141633,
      0.04236192542373541,
      0.0038476130608452452,
      0.19937559455894185,
      0.1699068007059101,
      0.19266069883677145,
      0.17909600822285165,
      0.19143398094197264,
      0.16767794013569265,
      0.14801784429053622,
      0.11411706587802253,
      0.2140279781046809,
      0.09511855377505875,
      0.11215723678307786,
      0.26605696364473697,
      0.22767005706397234,
      0.15936433309141157,
      0.15298180941465148,
      0.2427273980950129,
      0.021833293379810357,
      0.07847741789651631,
      0.1973677273736635,
      0.10981785114771045,
      0.20832589518405914,
      0.15054931312313372,
      0.19873564842330704,
      0.18873716822535175,
      0.04792526095550409,
      0.14346869810702761,
      0.1752167215920715,
      0.2560214378103081,
      0.22743806055817598,
      0.1644941728101819,
      0.23872165094964318,
      0.08140278262897653,
      0.15456029203985353,
      0.21628657572126522,
      0.1410462802085032,
      0.18993413515479224,
      0.06678945678783695,
      0.011977342875517204,
      0.1615151812016124,
      0.23656670953022646,
      0.18076785365236744,
      0.2734687617741741,
      0.269229481947865,
      0.01993154939423918,
      0.15264310358718833,
      0.2987675261546842,
      0.14881652209582408,
      0.07977740562499737,
      0.2814113503513475,
      0.2613245057437783,
      0.2143819214987922,
      0.055938820452474176,
      0.08998361916398098,
      0.0910042935205881,
      0.10932848200078289,
      0.060259344812364245,
      0.10490158714270323,
      0.01309821663466495,
      0.16970996935663543,
      0.22342530113266115,
      4.378822109268432E-4,
      0.2936722665307875,
      0.13091496258499766,
      0.16216928945255796,
      0.1284063977626577,
      0.21533363719738433,
      0.13953067694789564,
      0.22055308956594197,
      0.20497317519802324,
      0.1583709560067455,
      0.2433375959099568,
      0.016367025007155856,
      0.22688554670674252,
      0.17055529823560261,
      0.23743187656216527,
      0.1691849508020776,
      0.09567982711501609,
      0.1474724548106208,
      0.029217759263001394,
      0.15769570266102825,
      9.84833397252327E-4,
      0.28236332678967,
      0.142616906698056,
      0.15938672067827894,
      0.11501897934281421,
      0.031913729979803206,
      0.17844408068707548,
      0.2736121221325967,
      0.12469332572284074,
      0.08156814438579897,
      0.20964998397252785,
      0.01425336923903696,
      0.20436827648454495,
      0.2524366538991567,
      0.005687654822792509,
      0.16674561380571365,
      0.008899528410429658,
      0.016601219509637843,
      0.22807256458423422,
      0.009937545378428768,
      0.24740957088871338,
      0.05356305744064629,
      0.28839703272159983,
      0.04126095845580957,
      0.2211232646946764,
      0.13560423542380776,
      0.0028382813064994016,
      0.17163280258818103,
      0.22973924275536536,
      0.18650433663281163,
      0.21254547056937326,
      0.13847934917645977,
      0.24358377994488356,
      0.26410456449863234,
      0.20220328755786784,
      0.012195773214533556,
      0.012796274313306266,
      0.20765374957519458,
      0.23932683965101026,
      0.2733610179813406,
      0.12192148177628823,
      0.21789256810724097,
      0.02942311001030704,
      0.22424853629321823,
      0.288237708213362,
      0.16055273033772902,
      0.05100577095228552,
      0.14124986187037092,
      0.18462353026892328,
      0.15654084780877495,
      0.11904296106071913,
      0.11764373684227404,
      0.1328712256612627,
      0.28330025316129387,
      0.038060197448594076,
      0.2037465029899469,
      0.17558341713310752,
      0.26014160291746663,
      0.2816197742301145,
      0.20328512538270835,
      0.009606785896960424,
      0.07403128327435568,
      0.28011282816291233,
      0.1215557193672947,
      0.04960449126599361,
      0.08339688045820129,
      0.028698275832341056,
      0.23193206895285454,
      0.29807465200072414,
      0.19034258847288732,
      0.07352423712267737,
      0.2655804526131786,
      0.10355693621334794,
      0.15611477945398586,
      0.2490406233328595,
      0.09217355537439796,
      0.0060562546753648696,
      0.24492934260230564,
      0.21764958400515563,
      0.09514120695358812,
      0.28439146159193673,
      0.019658991815630144,
      0.1378832695884318,
      0.068966724592092,
      0.1289430702942632,
      0.13964290187165482,
      0.005872481007273844,
      0.09073299213590834,
      0.28985312698393273,
      0.07724795835937918,
      0.09949617266883473,
      0.18254579824576975,
      0.19074978302822934,
      0.12325477131715695,
      0.12216254856044662,
      0.28912058169942484,
      0.16911716419147152,
      0.18139086764909237,
      0.0952072314117152,
      0.15247294906463096,
      0.09747326341442908,
      0.0021550933966696605,
      0.12842225305899474,
      0.2661475349230702,
      0.08562772632092025,
      0.0674129528286046,
      0.03752180706323744,
      0.2771025010988142,
      0.0972773603581213,
      0.16910698652693051,
      0.2577096112000309,
      0.104787426617477,
      0.053363992030393936,
      0.07238628857593528,
      0.02713711664643883,
      0.009605249393094784,
      0.10192775932029226,
      0.12376900601381922,
      0.2812986948667292,
      0.14086566413028023,
      0.16094318360718926,
