{
  "horizon": 720,
  "granularity": 1,
  "priceSchema": [
    0.198,
    0.198,
    0.198,
    0.198,
    0.225,
    0.225,
    0.249,
    0.849,
    0.849,
    0.225,
    0.225,
    0.198
  ],
  "agents": {"h1": {
    "neighbors": [],
    "backgroundLoad": [
      0.1444686104541866,
      0.14167403534626113,
      0.1799142602439252,
      0.205475254590652,
      0.14622220000890573,
      0.27107985253373773,
      0.12903492950262632,
      0.03032041598221613,
      0.07653133375399425,
      0.17541395721220868,
      0.17679546085762252,
      0.10404167769059904,
      0.2936266491078115,
      0.18582543599049908,
      0.1868119704195451,
      0.23051316708044967,
      0.29938384039906957,
      0.11158706576418075,
      0.08695624995161526,
      0.21763455808545293,
      0.2406509866843712,
      0.10915103516871458,
      0.019201167244463635,
      0.07156120555040721,
      0.14339132430620263,
      0.1446232088640023,
      0.23982836741779734,
      0.026921073911080926,
      0.041670790960107014,
      0.27908568104631787,
      0.19440889746969092,
      0.020505109856539437,
      0.035205249310426186,
      0.0605288548431244,
      0.282555797686182,
      0.12801754512577543,
      0.23475575943219784,
      0.25859974688584886,
      0.25294053105640363,
      0.010170210615141373,
      0.21208085383756303,
      0.17863274536626741,
      0.21525532001938777,
      0.1320141663346548,
      0.14894313895609138,
      0.28204101340129883,
      0.23561234612021753,
      0.21716156972031295,
      0.04009176852047245,
      8.029065531597323E-5,
      0.17839729788595288,
      0.2326737340367876,
      0.19709958446549036,
      0.2089143668773281,
      0.05827541969427011,
      0.0674262696158337,
      0.203941040700806,
      0.1905768975133589,
      0.025893420379591334,
      0.2294506939742512,
      0.1551388265892148,
      2.0580583039452315E-4,
      0.15518269665932574,
      0.09842409608632491,
      0.017066056413389385,
      0.04629095187738811,
      0.038373131465865386,
      0.16033632650169743,
      0.29147903139154924,
      0.1319545647040731,
      0.23063166963655116,
      0.15361699765891987,
      0.007256932827027429,
      0.230074820940306,
      0.10329988515049254,
      0.16095416721976674,
      0.11719621843095257,
      0.13374121203820685,
      0.048961757426737404,
      0.07968921253190582,
      0.20965273001243406,
      0.062208814769402675,
      0.04093586658113241,
      0.22890145524302857,
      0.21710309952499188,
      0.2480989930778954,
      0.008713283742976974,
      0.16196626249046506,
      0.2890690881211674,
      0.10904928337780442,
      0.13892378864575533,
      0.03416026034837666,
      0.24224105851562916,
      0.051123706618225614,
      0.2599162559564499,
      0.06655325663875586,
      0.061019623402124024,
      0.23950183594056493,
      0.034705700670398576,
      0.023252431940875982,
      0.1459198641241145,
      0.06939663719821781,
      0.19672792030522285,
      0.1918791430932057,
      0.1981742977883881,
      0.15052432872332033,
      0.21471986172773067,
      0.11700303053463385,
      0.07841751061877207,
      0.17829070439482028,
      0.29873202324332804,
      0.1138635723964605,
      0.20172469842544985,
      0.0713004128667775,
      0.2061549546588795,
      0.03375124587324974,
      0.17650831790673543,
      0.17762260691142404,
      0.08997178990795533,
      0.23389605956836745,
      0.22016170088671508,
      0.20262743376946085,
      0.1349607460665884,
      0.2762866857240121,
      0.15603162918604688,
      0.08135828697383288,
      0.03792930854267732,
      0.2104023988516395,
      0.1057634083170128,
      0.1335225113657106,
      0.023840166130465322,
      0.16791438845769363,
      0.18039019339808057,
      0.21877975445283754,
      0.20711477613004378,
      0.14860489745312672,
      0.010734002909413353,
      0.26064897034507456,
      0.2811477971691821,
      0.03005431472579124,
      0.13021874070199374,
      0.25937758321859655,
      0.22361767951185768,
      0.14809427143826845,
      0.004653750715684557,
      0.15995043100178072,
      0.009623865897344219,
      0.27897098704731027,
      0.1570747346392652,
      0.10493696970837876,
      0.09179642328754158,
      0.096672516671842,
      0.04734557556382222,
      0.22216253932691415,
      0.029134532240468046,
      0.09459825083419245,
      0.15369878867599943,
      0.21060413640313916,
      0.08808261594220894,
      0.17233834773786968,
      0.10853740611237488,
      0.06323604417268651,
      0.04140244280737025,
      0.1938694298133896,
      0.04545280891544919,
      0.08830481261295658,
      0.12896209210792056,
      0.03978454443801055,
      0.20393775392284927,
      0.23021866769900792,
      0.2671492874019605,
      0.06942124431379215,
      0.1956696131954326,
      0.21419676883169303,
      0.06510422282552761,
      9.027601713797572E-4,
      0.22277100411868336,
      0.2598508840485726,
      0.12875656259409743,
      0.19969116995030828,
      0.2375596150310112,
      0.009292206436813966,
      0.15698359930126624,
      0.035118550828261215,
      0.19019565883920386,
      0.005089900787627754,
      0.09091172621498536,
      0.169991059319764,
      0.03205450265658492,
      0.17917609506314106,
      0.1716979689578966,
      0.0786729239465252,
      0.06795926215068096,
      0.07227413709406526,
      0.0849628246750417,
      0.14720793338431942,
      0.07736009498471157,
      0.0868866326801866,
      0.0689699503531544,
      0.2782959715255353,
      0.22298116139149657,
      0.14066359008410306,
      0.17299471181155765,
      0.22522368599683396,
      0.07176737105528547,
      0.20289335182966575,
      0.02073851682013449,
      0.24880009636442368,
      0.16319967522584097,
      0.29032644497532717,
      0.04687529356533717,
      0.25782315144604856,
      0.19987867887612454,
      0.21495760012282036,
      0.14769270189461967,
      0.24886999562332843,
      0.15519104904488001,
      0.06774305182078945,
      0.12657801940484525,
      0.167054931258306,
      0.04749791639152917,
      0.11434538968665817,
      0.003434232318055208,
      0.1016215500593639,
      0.20957030885236894,
      0.28192112375545275,
      0.08347317212113016,
      0.2296198038605568,
      0.04717109419774305,
      0.11706561418719919,
      0.2641530627205106,
      0.282966728960419,
      0.04479144700451291,
      0.036187274277144355,
      0.2446025535559716,
      0.07611801991987588,
      0.21179539817344972,
      0.04103001916048025,
      0.08246410363272501,
      0.18682401691277614,
      0.2816813036786866,
      0.21411982329350834,
      0.15427757239673404,
      0.006168727037912114,
      0.06032487562654395,
      0.22920086717485103,
      0.08922168155519192,
      0.12455327657882646,
      0.1435980088146787,
      0.12094075815556113,
      0.1315984047448051,
      0.018181929092699178,
      0.18790699482647863,
      0.24363995843842182,
      0.031205922955668552,
      0.03948865850292938,
      0.2127040855728923,
      0.2599891065804746,
      0.13668137887755835,
      0.21965273291773474,
      0.29049738473811104,
      0.22516787443766362,
      0.08102662118135383,
      0.07347049441942406,
      0.13376534952380056,
      0.2195171241025354,
      0.057022552242812274,
      0.1557890151097028,
      0.29588056076152225,
      0.11600369659988934,
      0.25782001846421476,
      0.19342682382206197,
      0.08315781595067537,
      0.11954566983061356,
      0.2110954143027695,
      0.2261726258214915,
      0.12742072128811116,
      0.21377915863586558,
      0.2650527019445305,
      0.020368960911855295,
      0.15768425341494288,
      0.007971352544923215,
      0.21671467251358564,
      0.27472267234090114,
      0.28848504499802585,
      0.00656984984554827,
      0.2164474332057833,
