{
  "horizon": 720,
  "granularity": 1,
  "priceSchema": [
    0.198,
    0.198,
    0.198,
    0.198,
    0.225,
    0.225,
    0.249,
    0.849,
    0.849,
    0.225,
    0.225,
    0.198
  ],
  "agents": {"h1": {
    "neighbors": [],
    "backgroundLoad": [
      0.13098872739558462,
      0.18081179926855798,
      0.013328433212911361,
      0.002502560175946167,
      0.2847984382341385,
      0.04879450124824159,
      0.12573444661586722,
      0.22127874786731033,
      0.1211736457849475,
      0.10464773261570415,
      0.13901318585704608,
      0.18533775838693217,
      0.1721120088263601,
      0.22224750269436702,
      0.18341447426868657,
      0.2885369401212961,
      0.02534317460846175,
      0.1899644002877155,
      0.2817998945529893,
      0.18927267114268295,
      0.02428074163728634,
      0.18589249079246026,
      0.26224110465747213,
      0.08652009852525812,
      0.11645169633044504,
      0.15038411314336855,
      0.2881977225979839,
      0.12597124055383677,
      0.04937477955541011,
      0.04086760653472122,
      0.16139090300337494,
      0.053744939800979837,
      0.25508339726476376,
      0.23068052757841806,
      0.06569624731215985,
      0.16120615170539856,
      0.28928745443877246,
      0.06276809281805627,
      0.11414361536866496,
      0.19371575464674187,
      0.24549284298189716,
      0.13414029930990623,
      0.1551896119675418,
      0.2859974299259126,
      0.012452350337656359,
      0.008325512520644906,
      0.2895290753897962,
      0.0656164184182699,
      0.07287886485975932,
      0.1889489275811017,
      0.11547654928711963,
      0.11895059739228755,
      0.09148858635389134,
      0.03618233363274842,
      0.04975457984088561,
      0.16054991491095896,
      0.025075726612671035,
      0.09842694264602582,
      0.2646429772414801,
      0.13333050588081358,
      0.1828739435658001,
      0.23799138892813748,
      0.29109397836065043,
      0.058891513780550485,
      0.22407270287645764,
      0.1147510209979912,
      0.0972478955540731,
      0.03518650455269235,
      0.03467507810277476,
      0.13935862751965605,
      0.29942964689551255,
      0.040447193154228664,
      0.028435905757576138,
      0.24779898054600702,
      0.2523403224163952,
      0.1709013906737493,
      0.12080391011922952,
      0.08460542346409043,
      0.20711500813380224,
      0.1600380300922396,
      0.2715866187323118,
      0.2776274982173174,
      0.20055422427387357,
      0.008769974574658801,
      0.008708199995917121,
      0.21774201636055596,
      0.26410592389966436,
      0.03641803200122984,
      0.17803372536375642,
      0.20004433152492626,
      0.27314247522830015,
      0.05641864057120674,
      0.009846912167940968,
      0.22843213310340427,
      0.14483046623719067,
      0.06719324093129149,
      0.2867042287958725,
      0.13255129689068745,
      0.18250239500128423,
      0.26943844210707957,
      0.11341754766867472,
      0.06811473178974362,
      0.11993892681992574,
      0.1425907409243065,
      0.05118718655654152,
      0.031219207112315083,
      0.17759828136781117,
      0.25576941526808294,
      0.01795903358624543,
      0.13246513146367428,
      0.04807280886129532,
      0.1440740793375543,
      0.07978874134028192,
      0.23844847742529193,
      0.15897250108178115,
      0.08285671670963754,
      0.227683368375182,
      0.06470030389951571,
      0.08242309983342416,
      0.016051451309566787,
      0.034729041812328165,
      0.23943399900434184,
      0.2690033713816087,
      0.12338052885303975,
      0.2821467432299671,
      0.10794936713931165,
      0.14658281324099012,
      0.18700476243943373,
      0.17413589717813285,
      0.2748598185486987,
      0.005081989926658225,
      0.2911531891632088,
      0.08513769042133819,
      0.09813739831138593,
      0.01210399875417062,
      0.09750890130426736,
      0.25518778318222973,
      0.18549185975484417,
      0.09955207836406661,
      0.17632837212572527,
      0.00455886461452889,
      0.0568672070163596,
      0.18101190584104382,
      0.24119652756193774,
      0.2187500602257526,
      0.27948623932757233,
      0.04559147720648784,
      0.08956870969605986,
      0.010483319632116671,
      0.012492083060291348,
      0.2757699502210694,
      0.11715775567261251,
      0.26839785342305605,
      0.005877681350159791,
      0.09613236828423952,
      0.2429529812093851,
      0.2599832172204979,
      0.07335423419588899,
      0.03226325169273685,
      0.12782083522362148,
      0.14110154596492552,
      0.17815113311188518,
      0.1542122703686177,
      0.1994570223377439,
      1.3597341627580306E-4,
      0.10283537488805386,
      0.20740645649967823,
      0.15059824652466328,
      0.26884378898547767,
      0.253584341070196,
      0.08648899067302647,
      0.15894923597286378,
      0.037359818100522135,
      0.013913950670745445,
      0.11882093200859513,
      0.17619841956814203,
      0.207452486923797,
      0.09886139237767386,
      0.22326554763003095,
      0.0705824150304573,
      0.2390463737153866,
      0.24327052959137319,
      0.053938221305383456,
      0.06238728789357964,
      0.040664498864550876,
      0.2768735678628499,
      0.20183643460031694,
      0.06749333647746804,
      0.2428230452266794,
      0.04389749862130345,
      0.14346098009088437,
      0.017147715046957033,
      0.2348945915108243,
      0.0608863399875548,
      0.1605210153146521,
      0.02975006250078773,
      0.03243254830090635,
      0.15336035951015733,
      0.14652895140914,
      0.2683286946339877,
      0.0690184750383444,
      0.24721434968372574,
      0.15365857590269386,
      0.14744599054302118,
      0.08473068043624371,
      0.17554329231694998,
      0.12224715485617751,
      0.2497954381822768,
      0.18423919146626055,
      0.11986582736592732,
      0.28030647251234136,
      0.05818883830847967,
      0.07000583209739324,
      0.10256021791910759,
      0.05536742958873446,
      0.2876084063011117,
      0.006718441624329818,
      0.22235714109405996,
      0.09764361557311933,
      0.21448204670138526,
      0.1131096624175651,
      0.04817361091471889,
      0.12101555214841461,
      0.09915453831727415,
      0.08728815416272921,
      0.13315062855628432,
      0.02131858895754347,
      0.13168971557023257,
      0.21133980600775643,
      0.23395404608980894,
      0.11604827816367588,
      0.10668908474240958,
      0.2231625845543229,
      0.29161201093477346,
      0.08567296651353418,
      0.12957635978236517,
      0.237692729635145,
      0.1546575749982781,
      0.20547019375851852,
      0.07591076429612571,
      0.1549558963089526,
      0.2744446011093563,
      0.259863068428917,
      0.2880276363734738,
      0.08996233927124403,
      0.2932278387192295,
      0.059423320007537,
      0.25904786938589347,
      0.23901821863055217,
      0.05468822535982932,
      0.0317319778045194,
      0.017871799867883897,
      0.26896342674031737,
      0.2351170329917871,
      0.17533756921319157,
      0.09025828498362447,
      0.1403374891560304,
      0.16756204673073358,
      7.08186727830673E-4,
      0.10954275944239347,
      0.0384909616170677,
      0.06278354769683366,
      0.10766026647678834,
      0.21483577750810887,
      0.015036535201650048,
      0.12569201275859337,
      0.22308221731575137,
      0.18753416569444492,
      0.04461929064563823,
      0.18332963844710445,
      0.18591621985534673,
      0.2752028442776344,
      0.019617330886791816,
      0.20850287799020334,
      0.1575654558256725,
      0.2820277570399069,
      0.05394703328341649,
      0.23280787782024973,
      0.29941458615261646,
      0.09562191295310042,
      0.29275644769704817,
      0.014470111764026138,
      0.2748972319571418,
      0.029696523095653057,
      0.20455569011826533,
      0.06695903434627866,
      0.04748462839545326,
      0.25799118078945504,
