{
  "horizon": 720,
  "granularity": 1,
  "priceSchema": [
    0.198,
    0.198,
    0.198,
    0.198,
    0.225,
    0.225,
    0.249,
    0.849,
    0.849,
    0.225,
    0.225,
    0.198
  ],
  "agents": {"h1": {
    "neighbors": [],
    "backgroundLoad": [
      0.017882131829623893,
      0.07910360227532108,
      0.024957006536839996,
      0.1935135257223161,
      0.13953424733174233,
      0.16890169413331974,
      0.24883311642430775,
      0.27670713116662654,
      0.2934577551440757,
      0.07641664150762446,
      0.2159444949830002,
      0.08889774149259487,
      0.28661239868205013,
      0.2939125831585299,
      0.08578119137434266,
      0.2717052919586522,
      0.10912920579748932,
      0.15006279295782612,
      0.2798104036924539,
      0.07464224411983696,
      0.04523147140887985,
      0.05339824551855705,
      0.13040318366365106,
      0.06986543830288468,
      0.2351196360597696,
      0.17216497358014982,
      0.26115283634096864,
      0.2799246739792287,
      0.17689328250552988,
      0.20282914580813446,
      0.1653867998926543,
      0.05026307185917093,
      0.20327940455637244,
      0.08562516671739125,
      0.10461544333263657,
      0.23510494015177597,
      0.16769855575534537,
      0.0991435322265287,
      0.2083653491137751,
      0.04381550993498238,
      0.13729903135238639,
      0.01828867967676887,
      0.29240529745039906,
      0.26473685011245945,
      0.06703330762634009,
      0.2871261626029217,
      0.0662071502798198,
      0.27942356295539406,
      0.05343828845961829,
      0.28405395369551817,
      0.2651625311603818,
      0.1697215165141627,
      0.2906261697595456,
      0.056175407566976275,
      0.2703665941825366,
      0.06549494014474916,
      0.011048365002492866,
      0.18575531630529415,
      0.06485663946037867,
      0.002183768448788381,
      0.05457147085240006,
      0.03257799181563328,
      0.25287475707018453,
      0.29828686187899667,
      0.16440041282637544,
      0.016440163395348872,
      0.0026709040842594956,
      0.2931336006611473,
      0.04266419990685922,
      0.19521975729595673,
      0.2192678841132255,
      0.13655761826180857,
      0.24587212398082894,
      0.07693824865861407,
      0.13412665820174305,
      0.09552567389744261,
      0.2541875982424258,
      0.19807483108593762,
      0.23733012326109032,
      0.007754369667457617,
      0.2701596930365099,
      0.01162137087812477,
      0.0027604145499762756,
      0.23001693234331996,
      0.1026990689605618,
      0.0016715564688375983,
      0.2696672905464518,
      0.23824542009606148,
      0.2209792628562224,
      0.10822702255123796,
      0.09374958258732477,
      0.2220053918896923,
      0.044925324386259735,
      0.04786244814269762,
      0.27537129668411564,
      0.14605062209196484,
      0.19050811565045697,
      0.1530203201024893,
      0.22468939259134646,
      0.0026715736703648908,
      0.10063802539027021,
      0.173240708658997,
      0.09975686280705941,
      0.16693628280553816,
      0.22294612642583064,
      0.20961276018395167,
      0.2047999029847359,
      0.19779548943977537,
      0.2889976708613811,
      0.24806704397728274,
      0.09814245649753912,
      0.14312814550154815,
      0.19962885766593588,
      0.1798977844789646,
      0.19201774529606197,
      0.2422867138848983,
      0.24187961889251938,
      0.2629974130308311,
      0.2886959174050895,
      0.07801115800928403,
      0.18801880826223977,
      0.11150741089600448,
      0.15347216318948345,
      0.017299598509124315,
      0.09863577125190937,
      0.24454118635060884,
      0.1247890989678215,
      0.06213367123708698,
      0.08427546164790331,
      0.154862132817096,
      0.2758935228130639,
      0.2718138155059009,
      0.2594745417890529,
      0.27325733097281196,
      0.01178384977565623,
      0.15730474353322368,
      0.09637431949019354,
      0.0649395089644368,
      0.02266072386149984,
      0.22278909167260805,
      0.2119421994314423,
      0.23979432351656538,
      0.04416186953094525,
      0.0598689407824467,
      0.28195077323118317,
      0.02323321322170092,
      0.09640307601755481,
      0.2305553276431292,
      0.15793683074068185,
      0.052794696152702957,
      0.26145245803460887,
      0.026848968670309756,
      0.11014738154463723,
      0.07978000020927103,
      0.15284531495549772,
      0.0859558246127481,
      0.020279583077996776,
      0.06291342811793735,
      0.1880887825544892,
      0.02607253572260172,
      0.24498196444996426,
      0.13210228542714186,
      0.08041636323728663,
      0.2221991661015005,
      0.15553548460502128,
      0.07760483512633079,
      0.08936884246650915,
      0.11996916283656706,
      0.21628000026199595,
      0.14584009053589272,
      0.29104347456517005,
      0.2672985966764598,
      0.012577882039551657,
      0.22434493164151337,
      0.04798626543934329,
      8.041397400376793E-5,
      0.13439660637066422,
      0.024887260152515,
      0.16228784171014785,
      0.16942353446036776,
      0.15630216579156384,
      0.218916845429613,
      0.024893499601320156,
      0.1729821435119206,
      0.2452494572212699,
      0.19689188309438463,
      0.1914605779774764,
      0.08731557293715593,
      0.2938240106526624,
      0.2466520294513936,
      0.07097302931145383,
      0.01070914634019301,
      0.0894180038724771,
      0.03727762960787074,
      0.296106508606816,
      0.2717541813475599,
      0.012981365874274352,
      0.09396471784644272,
      0.1677263938806345,
      0.04663657074058399,
      0.041838559480798294,
      0.23836490319180859,
      0.02942896125965798,
      0.11040768981420393,
      0.21224023709702308,
      0.11529406934529199,
      0.13801822356968363,
      0.14421391486217894,
      0.1591601842798567,
      0.17634953778285897,
      0.11827884706166132,
      0.13802482056627977,
      0.21272263205416914,
      0.08317139688585432,
      0.1451527294157809,
      0.09856169149459393,
      0.020086159891992004,
      0.28205154837463936,
      0.24799103433255712,
      0.1981065749068105,
      0.28700606898394176,
      0.02811076944538191,
      0.23207440334755214,
      0.2864502314703971,
      0.06721505334324425,
      0.25862376148697086,
      0.016655709282169327,
      0.08992491068446215,
      0.11151393839705159,
      0.21672624201849508,
      0.1583930191921449,
      0.07033810034111672,
      0.2828990842546863,
      0.27554063490490527,
      0.27233982190711664,
      0.07490482909337932,
      0.016473533741491842,
      0.17670920975086782,
      0.1423581974944376,
      0.21049632431157364,
      0.00900998213767229,
      0.23684645996964346,
      0.27636957397621886,
      0.29692603594603134,
      0.1309868478622377,
      0.2619101081907836,
      0.2769385269837729,
      0.16040542003107844,
      0.09758569162864707,
      0.18390684773741325,
      0.12662542755589554,
      0.2536322590846985,
      0.06960494409524833,
      0.16884615536689102,
      0.14030914866621455,
      0.24950803977313768,
      0.01716369111103533,
      0.24853288448547756,
      0.04809400724881697,
      0.18637791610362406,
      0.2643244333035749,
      0.09480797624094923,
      0.20448346392193992,
      0.29988161388309476,
      0.09758134737384946,
      0.2984763567828207,
      0.0900170066399708,
      0.1373953881919097,
      0.2325991149095493,
      0.15248280495138405,
      0.06015426352341652,
      0.22568696398890342,
      0.10741227018175434,
      0.19483499018209058,
      0.21628214971036358,
      0.03624935741242125,
      0.22312161018257615,
      0.016475016087434236,
      0.14319077416656917,
      0.27344615135005174,
      0.04312415110478059,
      0.1285293211764575,
      0.11336313377756141,
      0.011552745841230649,
      0.23554722633678565,
      0.03361582168831132,
      0.16856470227929393,
      0.11040493397062569,
