{
  "horizon": 720,
  "granularity": 1,
  "priceSchema": [
    0.198,
    0.198,
    0.198,
    0.198,
    0.225,
    0.225,
    0.249,
    0.849,
    0.849,
    0.225,
    0.225,
    0.198
  ],
  "agents": {"h1": {
    "neighbors": [],
    "backgroundLoad": [
      0.2928371204580348,
      0.10345311378266488,
      0.120280030783777,
      0.2881926354571717,
      0.15184585528538266,
      0.29279268706977335,
      0.09146550172745213,
      0.07445277237857713,
      0.06316707956035751,
      0.04018548538886294,
      0.06970381194586851,
      0.07338087810300442,
      0.1532613627458547,
      0.09559635443000432,
      0.004150948118206488,
      0.013757326278048243,
      0.24357729540558162,
      0.1276414209459763,
      0.2198201899395353,
      0.06817077630647342,
      0.11154303768545555,
      0.039723325597434155,
      0.16679355180880479,
      0.21782538880637656,
      0.0926518721002605,
      0.2022489985998799,
      0.16770803993383543,
      0.17622156799719935,
      0.25521054775829727,
      0.14142687808979723,
      0.15844838442967205,
      0.27968259246580673,
      0.2558086834051131,
      0.06453882236339765,
      0.1285762836429188,
      0.29338703531779026,
      0.00913091860841979,
      0.1536258986501393,
      0.020003953151019525,
      0.09746513632639527,
      0.01004604168253832,
      0.0723098490594054,
      0.03800798924562274,
      0.023994975105042626,
      0.036282880363095404,
      0.08692286649536315,
      0.21041597347395907,
      0.11544199606588018,
      0.18208738400135768,
      0.10111657767224982,
      0.08664080406293874,
      0.03441264430162091,
      0.023960654702414572,
      0.09551281280522157,
      0.04966172950595201,
      0.1376786041774447,
      0.11196261817467056,
      0.11580356970220376,
      0.11758083906355407,
      0.26143824123301923,
      0.14890737251480674,
      0.1440405821208623,
      0.10188333748760782,
      0.20292595865445015,
      0.005094043290335748,
      0.09751530029848389,
      0.01678659542352937,
      0.011772873589155696,
      0.2749811809336722,
      0.0534688570947441,
      0.037941177860638074,
      0.13981915555341073,
      0.0481309970966595,
      0.2335181606851639,
      0.09325684634012484,
      0.0997443615409209,
      0.030873914644561472,
      0.2697188985716358,
      0.10959795713634468,
      0.23402849674063902,
      0.19175222664426267,
      0.08213676463609226,
      0.16801580349722706,
      0.29864754121703535,
      0.2815459055898422,
      0.2599965512634427,
      0.2767675148528449,
      0.2109824916822504,
      0.05086760307090702,
      0.0580507658534368,
      0.0838959930713395,
      0.2934855611668241,
      0.2520226827993738,
      0.14525980777015207,
      0.22129620072293135,
      0.22995911684290452,
      0.1300836508906966,
      0.12111923269207821,
      0.22991582954725404,
      0.12417418923080206,
      0.013833861790288126,
      0.1025287557714991,
      0.011848508001489554,
      0.06729886397582611,
      0.2864111793844661,
      0.07744726790208,
      0.2024092848128001,
      0.13362252797622765,
      0.1306121444120979,
      0.0795914763472985,
      0.07012371016333958,
      0.12247334775332262,
      0.02323773812900267,
      0.03631659661549171,
      0.07237360960995445,
      0.22377792588706147,
      0.28956889484449044,
      4.5647826368414577E-4,
      0.17320498329238035,
      0.24599718364383652,
      0.035421179067427054,
      0.11490254852451748,
      0.20264597914509128,
      0.08828783246345162,
      0.13814464841159685,
      0.05768254352349503,
      0.13398287229342473,
      0.1503133245354618,
      0.23721116061734382,
      0.025864047773710663,
      0.2830620466982541,
      0.0992412692588637,
      0.26226275113555403,
      0.2000073125108179,
      0.11224096722588874,
      0.27702152318196,
      0.08751678255632027,
      0.18625932206843607,
      0.12246898014822294,
      0.13196697540648042,
      0.05068080938953301,
      0.04828508769352025,
      0.05136972022310345,
      0.0612345593264941,
      0.19795456412080514,
      0.0695093252650435,
      0.28275243498844044,
      0.08721550856850142,
      0.20851862135079624,
      0.118188671566486,
      0.2270252197138805,
      0.06020852704581507,
      0.04184705935369143,
      0.1696741862328182,
      0.2852828074644917,
      0.1290099040402614,
      0.0030990299336766556,
      0.14445331367851258,
      0.2062526229394443,
      0.17225544858000366,
      0.22469242938247427,
      0.05588155840677873,
      0.0648574827394617,
      0.029496686243124813,
      0.08435531841310408,
      0.16295641305892483,
      0.2347903019386708,
      0.10433843983566167,
      0.17065507104032304,
      0.11972224819426146,
      0.037389942190456195,
      0.2741726583633981,
      0.011932750706978912,
      0.1826710935265748,
      0.17884711693705443,
      0.05494365000476218,
      0.1602506662674433,
      0.23221807156661461,
      0.13704713299693763,
      0.2730469213296253,
      0.07004618377776589,
      0.02067120212256811,
      0.22385100113481243,
      0.09613757024411647,
      0.04893809406629757,
      0.2759871725891455,
      0.051111896392621765,
      0.14312733799352484,
      0.040215296106550745,
      0.26393465531221183,
      0.023750379660225106,
      0.1477111321837477,
      0.2142179096397005,
      0.0060959317694310065,
      0.19090587143195306,
      0.14540549883021064,
      0.0917610761889133,
      0.26986572936344666,
      0.184472631377904,
      0.025416098882733138,
      0.004365359369682431,
      0.19332649149522393,
      0.17506988040067042,
      0.19510833739555944,
      0.24570560987398918,
      0.10777672333379369,
      0.23860691366575887,
      0.12389352886791569,
      0.10401332760865946,
      0.2114905550038617,
      0.12783065570365365,
      0.11445485395334351,
      0.27663737837516433,
      0.03397235316903428,
      0.25631863984574776,
      0.2326453505309019,
      0.0939486259583538,
      0.06767262158986972,
      0.12220217573001811,
      0.06522560924711086,
      0.12011082388489723,
      0.2990614295181317,
      0.14273972076997934,
      0.06505246380747737,
      0.04319050304854642,
      0.25500979212621677,
      0.14450825381568486,
      0.144501661572036,
      0.14154689915982907,
      0.2402922297551442,
      0.10740834190560757,
      0.18126810612184888,
      0.24419189560016738,
      0.17663649443573046,
      0.2317683453739361,
      0.24904118559009567,
      0.11506844394920936,
      0.07014703519628783,
      0.16873596143945382,
      0.15684071263369137,
      0.13895515705019998,
      0.034463838690279615,
      0.1834147485692265,
      0.18832027450559352,
      0.1000576007569929,
      0.17399675228895614,
      0.16005231681795754,
      0.23670338618609235,
      0.12339794026089132,
      0.18343228157671795,
      0.05541323387489609,
      0.25191350572867477,
      0.27349113589275004,
      0.22871724635729115,
      0.09131954233022595,
      0.11086512420764372,
      0.07518777816753314,
      0.0511979145389964,
      0.28297274292882957,
      0.10739352375065722,
      0.046518155178060294,
      0.18105966741148696,
      0.16465800952598855,
      0.22197724579168013,
      0.08064827548347382,
      0.2670869841682735,
      0.14622346940629816,
      0.06218635159849507,
      0.0019512693392364055,
      0.18983194910077492,
      0.28769834422964885,
      0.08305176907468029,
      0.1456018051606381,
      0.09322646599346764,
      0.02382295563493394,
      0.024203836043117988,
      0.1728097334043374,
      0.2952268498958974,
      0.04101533193389941,
      0.2791398582728363,
      0.0712940454360388,
      0.04113403537240596,
      0.12488228305212551,
      0.10166446219353523,
      0.20218091003230973,
      0.07090433157776828,
      0.07132101035280639,
      0.2498698162088372,
