{
  "horizon": 720,
  "granularity": 1,
  "priceSchema": [
    0.198,
    0.198,
    0.198,
    0.198,
    0.225,
    0.225,
    0.249,
    0.849,
    0.849,
    0.225,
    0.225,
    0.198
  ],
  "agents": {"h1": {
    "neighbors": [],
    "backgroundLoad": [
      0.1403898741009492,
      0.21492703373427083,
      0.0845961277839204,
      0.09891102323388808,
      0.009781228807377706,
      0.2138631318040414,
      0.07008159337452483,
      0.09708617063551572,
      0.05856085279992925,
      0.07392244585974785,
      0.19845005899292598,
      0.28176151708002917,
      0.045142274907371806,
      0.10987793718283624,
      0.05805578531522282,
      0.25554663918933074,
      0.009818049876016687,
      0.23264730284995871,
      0.10376595416906,
      0.17215541680022128,
      0.29798070008018757,
      0.09839738269871605,
      0.03423481764388568,
      0.20655380642033597,
      0.15483280287754883,
      0.18652716495334343,
      0.15055998902002107,
      0.10211960122458076,
      0.07852173706011199,
      0.11912065150270584,
      0.29762598464600803,
      0.20988658469225974,
      0.10898547790179738,
      0.06494510123645746,
      0.04015157675301336,
      0.07801158609155026,
      0.13205569392017388,
      0.0826852557684528,
      0.26112722523528076,
      0.04410447380022279,
      0.23779412216079904,
      0.04442247539941225,
      0.14875882089453865,
      0.1893023975403678,
      0.08457070401485829,
      0.24511533751681164,
      0.1612500190647864,
      0.09911987105557131,
      0.18026821215437255,
      0.12102637077434729,
      0.17054228627116907,
      0.0631740300535319,
      0.11373316794674536,
      0.051420089771811915,
      0.2717585400216597,
      0.20614273569757424,
      0.14813404081833087,
      0.2850605687011034,
      0.1892291920112888,
      0.19878603884641427,
      0.2147951896062978,
      0.13520572019678487,
      0.25016953522339724,
      0.27277093384153833,
      0.16516159290983415,
      0.10379164539478908,
      0.18638047042785522,
      0.19372752598382134,
      0.06347375549524915,
      0.2243948214443755,
      0.24046493542327785,
      0.1508769563241045,
      0.11071127392097774,
      0.23114478035282948,
      0.23639603515985802,
      0.2636871515355276,
      0.20824478227873633,
      0.2936596427351535,
      0.18674387215153224,
      0.2995648489982589,
      0.15302243162887574,
      0.2832122418563914,
      0.0954591814116066,
      0.2925225421690445,
      0.24882532714791544,
      0.2930576840032546,
      0.1706162466449969,
      0.15056695550396165,
      2.604473911212879E-4,
      0.20505613967737,
      0.216442496445789,
      0.08882148453095993,
      0.057965698382976556,
      0.2390967655372204,
      0.029414204029781486,
      0.0404597705247999,
      0.2026289294621725,
      0.258867825785303,
      0.0010208806409903182,
      0.23308695678820704,
      0.2589643067641763,
      2.5967338797491243E-4,
      0.17750691695123652,
      0.09978255833658918,
      0.16181904433687352,
      0.2253912230718196,
      0.04205559662419828,
      0.24049204999898857,
      0.09083655605044517,
      0.020375212312396418,
      0.2614019127871385,
      0.09072726644526816,
      0.09451999853313145,
      0.14564797560907441,
      0.27444519843130466,
      0.24951392719079818,
      0.19446576783481412,
      0.07463181240165735,
      0.2051500139352934,
      0.02685014765498481,
      0.17138903751150605,
      0.11971381365147478,
      0.19022617157768104,
      0.2736379727583643,
      0.0812278182219356,
      0.1656225709967906,
      0.23927476086390329,
      0.0869140459190891,
      0.1318353509037231,
      0.2817392249757101,
      0.17563769916239982,
      0.0281319074448916,
      0.029719828789129876,
      0.008213184701976161,
      0.1741221735782923,
      0.07618665203319441,
      0.2836989441100251,
      0.1585349788469666,
      0.25586879120664396,
      0.01804526625688202,
      0.26286337222963435,
      0.14159879267155587,
      0.13852789278467542,
      0.11024625243844473,
      0.05630697881573293,
      0.039452472681629235,
      0.26068731641529624,
      0.1397072563794528,
      0.2566051796034796,
      0.2203950764665761,
      0.29236014074636707,
      0.17021805608532198,
      0.2331932474401936,
      0.08966896466032502,
      0.07632019233701157,
      0.2655002974058712,
      0.02833582774056846,
      0.195240355373157,
      0.10730347968987242,
      0.09060324545480192,
      0.14445847482549834,
      0.10121042448028979,
      0.04277712592109005,
      0.06765393530015708,
      0.004993678725672035,
      0.19839131621096198,
      0.2779682492885721,
      0.1897476176187017,
      0.05996559584133982,
      0.09033030049318674,
      0.06467206354112731,
      0.18355926169963915,
      0.04747605738363279,
      0.13632533778352834,
      0.2577118647300938,
      0.2884756841223959,
      0.2115089803858565,
      0.21564145357540568,
      0.05032066779095545,
      0.14618108908412003,
      0.15895289098504622,
      0.04819968914712278,
      0.2954361011343104,
      0.09787694373168425,
      0.05647269725918364,
      0.2289425151294795,
      0.25409536104568925,
      0.14248927556520705,
      0.10454571513551492,
      0.12813930634354584,
      0.10781481858674613,
      0.23895446093628347,
      0.043051623019196995,
      0.0564248437513412,
      0.26013822544368553,
      6.703240126314846E-4,
      0.26594697202759116,
      0.26288596702739986,
      0.23010092362196757,
      0.2357097343007619,
      0.22884530697942798,
      0.05375987391031981,
      0.26508758801290266,
      0.2989843981247477,
      0.13166803054269585,
      0.11399306144584483,
      0.10205790225829638,
      0.01944220658873289,
      0.11806653211043497,
      0.03502305755904236,
      0.18892256289105305,
      0.19067998276174308,
      0.26054017582582456,
      0.05163197522884093,
      0.23942354160194246,
      0.008617463472456077,
      0.23040508017003977,
      0.23025277506081837,
      0.07820616914735791,
      0.21838149478963254,
      0.12351447267043833,
      0.05960924015156732,
      0.08362471280496116,
      0.019949654187330967,
      0.17310876160038002,
      0.022312603210830773,
      0.26597403532088953,
      0.17682867472318672,
      0.06894904037139758,
      0.26610723083082305,
      0.15378545901777305,
      0.17801889196367185,
      0.0022177958806611107,
      0.20848619006919686,
      0.08319005692668523,
      0.250581969780842,
      0.10315558936311521,
      0.12942158359957875,
      0.0834042579875767,
      0.2623837209477874,
      0.14575077166320574,
      0.09349484009345611,
      0.05755078436469695,
      0.2990898928854687,
      0.23142130431278302,
      0.2864665105909308,
      0.18905848726988206,
      0.056782942142601454,
      0.10258994769574853,
      0.008699645987236836,
      0.2512269619640848,
      0.20318163494300318,
      0.12958900161003042,
      0.11635660410484386,
      0.2709169848507457,
      0.10187978503770047,
      0.016015578204472667,
      0.057751980058553316,
      0.2593275347549931,
      0.1910848835287168,
      0.09400448125990113,
      0.13480213713043424,
      0.13566575135425443,
      0.21171502467152198,
      0.1124268979262508,
      0.01419097962398853,
      0.01381682176434279,
      0.07657299430156501,
      0.19206895797560894,
      0.07315196750255065,
      0.04159063263795697,
      0.13959502373974073,
      0.017926132945211868,
      0.03533016092944095,
      0.1187951081189059,
      0.22647547097752685,
      0.25063277309153215,
      0.09481130192647387,
      0.17760172753351902,
      0.07641232361445618,
      0.08969203378934058,
      0.1101271950380317,
      0.22470635290095153,
      0.1962651478279864,
      0.02519857278284826,
      0.029591634384191354,
      0.08090812169057508,
      0.008689186797969461,
