{
  "horizon": 720,
  "granularity": 1,
  "priceSchema": [
    0.198,
    0.198,
    0.198,
    0.198,
    0.225,
    0.225,
    0.249,
    0.849,
    0.849,
    0.225,
    0.225,
    0.198
  ],
  "agents": {"h1": {
    "neighbors": [],
    "backgroundLoad": [
      0.22969058749829363,
      0.24027774473256852,
      0.08954756066864258,
      0.24232860303404663,
      0.27272515715518975,
      0.14708315980045633,
      0.07169849859577494,
      0.24276177020916415,
      0.277528540743519,
      0.22691445123095547,
      0.120192752396703,
      0.08891164855016907,
      0.23793284686181296,
      0.07784349360804904,
      0.2405330869606836,
      0.05023854558169274,
      0.03451282897316855,
      0.22766918244062542,
      0.12420662297351388,
      0.10891078891048774,
      0.031048993331129014,
      0.1853118011140367,
      0.18061980908062394,
      0.03831643215867363,
      0.2979599631659412,
      0.09717238464732603,
      0.2128287046236016,
      0.2456396448373701,
      0.25363174825082896,
      0.2835771284348035,
      0.16120414814194217,
      0.19411088342198607,
      0.24277815320966456,
      0.2681245388187912,
      0.2384412983588849,
      0.1614093627106385,
      0.08578853297241493,
      0.2554819667552877,
      0.03735679251824768,
      0.1944556083682016,
      0.03720710586797027,
      0.2777716291045625,
      0.1839456549827014,
      0.12627603035168108,
      0.1431880861618141,
      0.24878582924807835,
      0.12554045595606816,
      0.16564634582254525,
      0.07514116635275206,
      0.06125693800314321,
      0.16886070315374124,
      0.14466760854003544,
      0.09011323654720811,
      0.09774137883031249,
      0.12157835766568385,
      0.07997028162822589,
      0.15182528698073228,
      0.024661229350804236,
      0.1839378558545971,
      0.24146036090724227,
      0.2742779662429823,
      0.20473177315750138,
      0.04571902863636786,
      0.15088032960940473,
      0.05644258108473895,
      0.22106877625833335,
      0.08668441096979906,
      0.23025389618320324,
      0.2835521225555386,
      0.030935775262889306,
      0.2598370065525428,
      0.2677011556380164,
      0.19152645970492752,
      0.17751549490960714,
      0.07510304149090279,
      0.23120006272485502,
      0.030764141050042847,
      0.2692787032859091,
      0.24676887388820962,
      0.11714542314409558,
      0.023798136835855643,
      0.0855574030376553,
      0.043985285055660094,
      0.2402514375113456,
      0.11625729623530665,
      0.21794105775563868,
      0.20931773481411156,
      0.13500902030095088,
      0.23306737834513117,
      0.2796362696281025,
      0.29188061991717873,
      0.022539379442217754,
      0.007943283448875281,
      0.01545383204654005,
      0.2735166174953443,
      0.049985311444493315,
      0.20074470447988946,
      0.18860202030575945,
      0.18103452744643567,
      0.011042761187515815,
      0.024763519338147744,
      0.27816284099553934,
      0.16555636369501386,
      0.12485313159152493,
      0.0019709322559735673,
      0.05838972809988993,
      0.15169129391173297,
      0.2387645135062481,
      0.12462875341913845,
      0.1515102221387325,
      0.19412478160450675,
      0.08649858790372551,
      0.19165581693443032,
      0.1354792720997064,
      0.04710842381942235,
      0.1176846599064189,
      0.0709865390295902,
      0.26286502252623095,
      0.2000725791816267,
      0.18221950120094252,
      0.21421264949995195,
      0.2115107451915294,
      0.26642565890686387,
      0.2087930416919512,
      0.17032519818559563,
      0.02110984763750995,
      0.21955332593000704,
      0.06690096427664922,
      0.2426711127421045,
      0.14435242598941517,
      0.14092697006170848,
      0.07949248212153548,
      0.22416070184020057,
      0.04343534537244322,
      0.11205455874815655,
      0.10787835217492404,
      0.2309378179040922,
      0.2888067757886015,
      0.2509255133945959,
      0.08833482222669345,
      0.2458220740817627,
      0.05657873053190638,
      0.09486193606982136,
      0.21452189007190528,
      0.11455743028260262,
      0.0332048138640347,
      0.013859921755976312,
      0.2498300424253684,
      0.23006411444573485,
      0.012371608687554502,
      0.14408302952145594,
      0.27465807227608485,
      0.16109994770936628,
      0.08768913537726938,
      0.16905945913159243,
      0.14363240787874212,
      0.2450230793791077,
      0.05449202188696781,
      0.14440064591787086,
      0.2471590713090776,
      0.11569416907041508,
      0.0333183870894524,
      0.24139707317658582,
      0.03616471347988768,
      0.057180823455480666,
      0.2615154507612872,
      0.15605311827263016,
      0.2770757181688284,
      0.21628813147009934,
      0.23147219295943278,
      0.1096052138043186,
      0.22360401757918866,
      0.2691154535146826,
      0.031524704051239257,
      0.08737679356065765,
      0.19338635848319474,
      0.052822173335863316,
      6.354093064717126E-4,
      0.053365064174689246,
      0.07575110715891277,
      0.0672720843762322,
      0.18766290969945498,
      0.2660196530232927,
      0.2776559187608856,
      0.1555436298069545,
      0.1501216623325761,
      0.17833063815722486,
      0.01063139188313804,
      0.21249825045147736,
      0.14879171693443782,
      0.1183078432385437,
      0.008556780788199325,
      0.16928692986847918,
      0.2884111115318529,
      0.26954159881964634,
      0.14073454406242558,
      0.2053884477434753,
      0.1356978427559886,
      0.21569331219295926,
      0.12618572831658953,
      0.09597397163051262,
      0.08790863541710443,
      0.234390104387171,
      0.24087736624371928,
      0.10879387772655026,
      0.2431938118828857,
      0.015485264889359474,
      0.09263579386523786,
      0.29634881606046254,
      0.1405222493615494,
      0.15055899717844673,
      0.14402468870503954,
      0.14439223053027297,
      0.1245591409163231,
      0.19615100990209683,
      0.10109797612413798,
      0.05106961148205915,
      0.15629634333252926,
      0.29974954335892895,
      0.25111460315767115,
      0.28394361091810116,
      0.04517149164618562,
      0.12145632782987109,
      0.1872777051322738,
      0.03964241045873085,
      0.28753753117200853,
      0.13401404098658762,
      0.029164174410862095,
      0.01715169531110364,
      0.14800366968535583,
      0.08852585503075554,
      0.16761878528153534,
      0.12109902605722465,
      0.07667304426820311,
      0.23858924525302524,
      0.08648686599926476,
      0.2281770665711882,
      0.012055808699195413,
      0.25111409594714373,
      0.10028351849374263,
      0.12032011272682791,
      0.024857390467116346,
      0.18193542950661976,
      0.13789658974391233,
      0.2492461828591172,
      0.09499074214445595,
      0.15834902105459764,
      0.23623345373996885,
      0.1805330062752479,
      0.09195027464186951,
      0.152542975435625,
      0.23196586686469606,
      0.2504268577727349,
      0.06084655820529252,
      0.08143595287305315,
      0.1927018551366668,
      0.19061019051019235,
      0.06316189781429209,
      0.07116605376160136,
      0.289587697639373,
      0.1777100254515351,
      0.1899594373325519,
      0.2783577623382381,
      0.16653567838146988,
      0.23886654931476242,
      0.10227072420302068,
      0.08712589958752111,
      0.16305499602256573,
      0.285904488647198,
      0.061775472166093644,
      0.16659900375997916,
      0.14701089971344627,
      0.22715732706981218,
      0.2546935755298782,
      0.1317988256360292,
      0.14470844489744797,
      0.2795750302412509,
      0.16586672355844298,
      0.04621397421412253,
      0.12198580725271325,
      0.15199681754799804,
      0.0779358124459764,
      0.21311621797562263,
      0.07793465293428331,
      0.13436129047337375,
      0.061571986793937813,
      0.26895136246129875,
      0.2166634091356374,
