{
  "horizon": 720,
  "granularity": 1,
  "priceSchema": [
    0.198,
    0.198,
    0.198,
    0.198,
    0.225,
    0.225,
    0.249,
    0.849,
    0.849,
    0.225,
    0.225,
    0.198
  ],
  "agents": {"h1": {
    "neighbors": [],
    "backgroundLoad": [
      0.21561067394221442,
      0.02007413697783292,
      0.064410158949749,
      0.16526692647649954,
      0.13570553312098166,
      0.2812351270794723,
      0.17954100672697063,
      0.19726416500866548,
      0.050669745280109334,
      0.15958973052048994,
      0.2888877124772717,
      0.1320855496737527,
      0.09390865212848694,
      0.23288869315089142,
      0.03221244161367169,
      0.18348613518332235,
      0.2898247790102786,
      0.1470288661516681,
      0.19422071685415546,
      0.19680800213605634,
      0.27530080064366397,
      0.1708880810161754,
      0.07749443059754234,
      0.12458756218800979,
      0.13022073062100228,
      0.14676754298539016,
      0.29034517995866177,
      0.2577203805762465,
      0.20434169161230628,
      0.13752550301666108,
      0.2824204935507885,
      0.018157111881031616,
      0.14945093960050002,
      0.19092367270762164,
      0.21451812198991135,
      0.0506125386072927,
      0.04375989673078823,
      0.2966213273635849,
      0.28435948284649487,
      0.23419159847530202,
      0.11171761026664628,
      0.15204951579433615,
      0.21230000906317006,
      0.2566165968178999,
      0.19832447090326735,
      0.22588734303168384,
      0.2366337069358635,
      0.19359829431129896,
      0.08359365656926795,
      0.13172981700229533,
      0.15694705225752012,
      0.19868495733613345,
      0.21873494283725672,
      0.19252430464511408,
      0.2607359037413223,
      0.18117200787237137,
      0.29464855946335566,
      0.14856639154630247,
      0.2986184295869614,
      0.014599423495191865,
      0.08468795615723486,
      0.22886373396824494,
      0.20130565942500733,
      0.09391344626287558,
      0.04732750261340183,
      0.08306184090850172,
      0.003110698611932694,
      0.06063526913174727,
      0.18737057357268397,
      0.2851843440002601,
      0.12872982851694867,
      0.10805853854588163,
      0.19485409444008306,
      0.1465788745868393,
      0.18367297548395148,
      0.02637942535948422,
      0.11331455075268798,
      0.1393474895475522,
      0.1874929389708778,
      0.05108663439551859,
      0.12746606786512193,
      0.1922474125775449,
      0.1236189273326879,
      0.10816315224104,
      0.05392243045043427,
      0.05268008239387282,
      0.24048853915346685,
      0.07394717735006383,
      0.25535221022089905,
      0.2543071712979577,
      0.2669783891594203,
      0.19043000924502196,
      0.2183311321716772,
      0.053626513828854395,
      0.2549803927497596,
      0.006782997780682609,
      0.13736921024284854,
      0.24299864391853504,
      0.26410288502338963,
      0.20552000869905152,
      0.28746756117107947,
      0.21417999267848692,
      0.08857200711534297,
      0.2809767669739074,
      0.2504688456217836,
      0.25334657547469885,
      0.02034400909722033,
      0.03613273325217028,
      0.20209790860286617,
      0.008565497885111595,
      0.21037746303271543,
      0.18149249125116254,
      0.20386040755458634,
      0.09643836900969212,
      0.24135980843454966,
      0.21375516791047,
      0.11268791268768481,
      0.2971032557988957,
      0.12567834821474427,
      0.04117631922881941,
      0.2894546036842873,
      0.29205556927569337,
      0.01081876256592137,
      0.0777577945886735,
      0.26671794538864874,
      0.02193350918632414,
      0.16522350342827657,
      0.19917534535502884,
      0.16573964669441651,
      0.26035788124705667,
      0.043695616470568306,
      0.15854028981770082,
      0.029618511744734975,
      0.23736375290962067,
      0.10666597831510943,
      0.2853327220049985,
      0.27985160539446163,
      0.24696010869417828,
      0.24495763969859807,
      0.07453983062477354,
      0.22564817238889018,
      0.0993759205342273,
      0.0025905338116522293,
      0.1642572013308605,
      0.11597817884839833,
      0.20154536874189252,
      0.09179685805162607,
      0.23594634398728118,
      0.15638257256681234,
      0.2098133923995443,
      0.10930132495945687,
      0.1401319989840409,
      0.12913205774945496,
      0.0611427222754362,
      0.24026490079176654,
      0.034777079975609713,
      0.15601567233775077,
      0.17883710732942124,
      0.1329174179587544,
      0.1482759825798185,
      0.22242941085465887,
      0.18814588876434793,
      0.24390160520386703,
      0.09621745424970646,
      0.2095165384536089,
      0.14725629577025875,
      0.11425316148939978,
      0.10955419944975327,
      0.007464163485450714,
      0.20792289527363858,
      0.03814410928657764,
      0.07362515078139122,
      0.05240615190282578,
      0.16907587336333915,
      0.09849003088674377,
      0.007695161257131366,
      0.1020629605261343,
      0.20678672485120786,
      0.26475856872308723,
      0.24393413342506712,
      0.17105121739065401,
      0.08285649160712165,
      0.29298690460019977,
      0.21345720526293782,
      0.16622042325419947,
      0.0213697999021758,
      0.228477506170104,
      0.040548499089001044,
      0.10854563538345136,
      0.1328293387458702,
      0.2301192928651343,
      0.08353651668750445,
      0.12948290605568205,
      0.04394669241602421,
      0.11787324203005292,
      0.10840698040893483,
      0.10606157296829839,
      0.2001518120502873,
      0.15732247683637768,
      0.051491823806799106,
      0.22733147271780726,
      0.1530013272728938,
      0.14179791769478614,
      0.2304854223046911,
      0.1911281278113146,
      0.24350955286656195,
      0.01885756588998101,
      0.0632035712311957,
      0.2176928478789328,
      0.24678866855510975,
      0.15961975669075867,
      0.22285796994954296,
      0.11064053541665508,
      0.222282634835116,
      0.1641554068349778,
      0.2535715306822386,
      0.08047280896637096,
      0.24180331036012845,
      0.29169216565433376,
      0.03952552377141738,
      0.05669237310772964,
      0.024615481250169,
      0.1732834821056996,
      0.1013693387695453,
      0.1471722237112079,
      0.016623834868975274,
      0.259275308730776,
      0.20223251052093358,
      0.2845948712996377,
      0.08565102225822173,
      0.19770506436646554,
      0.11769500290156001,
      0.24920346910363025,
      0.2770812145674347,
      0.2108955523146119,
      0.24069929495908343,
      0.01617743593968658,
      0.0354911407587715,
      0.17010993769578092,
      0.2577933140736736,
      0.2647795685356843,
      0.2840482941084415,
      0.28832466672018203,
      0.007248010630305956,
      0.1818543261337196,
      0.19398261696332292,
      0.016920147983198398,
      0.28560501590944215,
      0.13638826629819867,
      0.19436918969346037,
      0.024740783056410986,
      0.09407543364190787,
      0.16628652086995221,
      0.0360474924337316,
      0.26911526855560003,
      0.06710866156503714,
      0.28747597025909855,
      0.08264712428768448,
      0.04345192454804644,
      0.07745417088292612,
      0.11496224252087499,
      0.02395915824785747,
      0.2452622880054271,
      0.00865673023093817,
      0.04266543029529885,
      0.14027189116423444,
      0.1134415805246282,
      0.2732540378202791,
      0.17564022551471964,
      0.2795902493464519,
      0.23908022279030125,
      0.28083604621353453,
      0.11256567356151329,
      0.12800274360287875,
      0.071672926722818,
      0.1833364482979353,
      0.0761522078579961,
      0.2862158360344925,
      0.2453133386240661,
      0.08744209090928491,
      0.08461345507611019,
      0.2713041314681115,
      0.12499732913922584,
      0.07068089413760506,
      0.14309524183847927,
      0.033554143352362974,
      0.10725163372065263,
      0.29577833881552046,
      0.14608294696563115,
