{
  "horizon": 720,
  "granularity": 1,
  "priceSchema": [
    0.198,
    0.198,
    0.198,
    0.198,
    0.225,
    0.225,
    0.249,
    0.849,
    0.849,
    0.225,
    0.225,
    0.198
  ],
  "agents": {"h1": {
    "neighbors": [],
    "backgroundLoad": [
      0.15655035973850778,
      0.2158043836852242,
      0.07197882541203098,
      0.2875171129304498,
      0.1313098729637751,
      0.14428587637421653,
      0.2792577470407821,
      0.19003444857609883,
      0.14614419699288914,
      0.19258626807181764,
      0.16115990640383204,
      0.02424131791534981,
      0.19081218275745424,
      0.02735827917682756,
      0.1490442189416493,
      0.20670543964364613,
      0.04498439899657455,
      0.28390581387228897,
      0.17238880705838683,
      0.039925644004988034,
      0.03223453953607569,
      0.14245032349376516,
      0.20746086078273684,
      0.24752291088377373,
      0.25438197410959756,
      0.057139043297965375,
      0.10271886880459197,
      0.002298376760162868,
      0.04608246010968348,
      0.2942036063613293,
      0.2378750691143639,
      0.07606162001173687,
      0.06833200301258673,
      0.2495627328494738,
      0.01748513471007703,
      0.11343560155147459,
      0.20802259930218073,
      0.17390535279767413,
      0.2653536398443403,
      0.11563432054026254,
      0.2559944975701873,
      0.2778785989942836,
      0.2562905069441443,
      0.008832386944208015,
      0.1473724125578672,
      0.04569221939324964,
      0.24668055930304916,
      0.03206078805584871,
      0.22179579526884421,
      0.27915220789800266,
      0.28634779096768387,
      0.17937815158759204,
      0.08016918895274151,
      0.11428772319409289,
      0.0625094584747413,
      0.15867007886343001,
      0.08664291102951309,
      0.26583193405672567,
      0.006143208814545997,
      0.040417750313079225,
      0.29029804309558316,
      0.006596487598750689,
      0.12793307963299136,
      0.08020189886094747,
      0.011084171903591665,
      0.07753340320422582,
      0.2268943790073401,
      0.14651205836658215,
      0.276009690305985,
      0.10189759955185958,
      0.18093866426091335,
      0.19456429371761538,
      0.09560573411456004,
      0.005196917953637237,
      0.29363935614716863,
      0.2788188317682581,
      0.19862104571606862,
      0.1386649268317029,
      0.05514333200472222,
      0.29458463893871545,
      0.24962288430369609,
      0.2620289639964195,
      0.11566467724059584,
      0.010850092578115311,
      0.06278415895090378,
      0.18743564465113888,
      0.12930931378763788,
      0.12211967637522475,
      0.1738442648031135,
      0.24229589034187024,
      0.1602206417529848,
      0.1368765651538504,
      0.11970630453503603,
      0.0015266949518805471,
      0.07353840897827137,
      0.12856376090868354,
      0.26533000883479074,
      0.018787924850636184,
      0.023149037180271035,
      0.1960606139631596,
      0.16281747212310754,
      0.2588596713141306,
      0.2870201859163809,
      0.053058019995973246,
      0.1371520772137119,
      0.10742254841705061,
      0.15454305475422464,
      0.18946185559817413,
      0.040717773416015623,
      0.06539801282644195,
      0.1350716257207786,
      0.1665369057923509,
      0.2502316796981477,
      0.1514001333327238,
      0.04692083350066262,
      0.2585834669500476,
      0.2758869500262713,
      0.17989238295330776,
      0.03780672458032318,
      0.20266129902982724,
      0.09064194281018734,
      0.10873535682283376,
      0.17655047834454818,
      0.15377063821405343,
      0.24106462898232664,
      0.2246390560292477,
      0.1414592184719289,
      0.23813366781830994,
      0.03557161453786541,
      0.2930487002727943,
      0.1345408490070969,
      0.2526867356200678,
      0.23434927606185724,
      0.02737438665147741,
      0.09993761800330746,
      0.2685360645069515,
      0.1797371779907992,
      0.16467104144744923,
      0.13695225082179027,
      0.04996062332547946,
      0.12731062182095257,
      0.030186253596433798,
      0.037141453507486176,
      0.04671522654235333,
      0.042024124530304664,
      0.28593274015204395,
      0.19567300355841824,
      0.11270643069764896,
      0.09690517738286761,
      0.1656051807343946,
      0.24996981169741997,
      0.08676841779382706,
      0.2513175464606669,
      0.0779504774878061,
      0.04941427215099239,
      0.02733381325588351,
      0.1543621496972364,
      0.13546365924806045,
      0.14242416666609625,
      0.16803648901810875,
      0.16767929079353885,
      0.27392440382692185,
      0.18605264460776064,
      0.11923118429628496,
      0.2612277751527369,
      0.058587496960085333,
      0.21874347567871466,
      0.2474028162838854,
      0.039741901056454976,
      0.2085524605796381,
      0.13455082518232853,
      0.19460917153033883,
      0.15335607939483564,
      0.2412788181736459,
      0.08255707662737159,
      0.18959857329811272,
      0.2397381730452079,
      0.2459695045784843,
      0.1940773144888217,
      0.2694349148366734,
      0.20032863674867085,
      0.10460571412212344,
      0.1430503174915636,
      0.12270851796601304,
      0.26171834667819055,
      0.13398946597963032,
      0.18033290804285992,
      0.09339822304532742,
      0.25831711379242717,
      0.14011496899621792,
      0.028866084314616014,
      0.20581721683285445,
      0.18888510275584938,
      0.2410441495730704,
      0.07094739798890783,
      0.12322685744144336,
      0.1818171295705038,
      0.23980541928198684,
      0.2430583288391116,
      0.2715151054223034,
      0.24921631778667502,
      0.19442508464344624,
      0.14604597584777462,
      0.16422892241572018,
      0.24423128306109518,
      0.19627201180164414,
      0.1202332381921914,
      0.10851541748941854,
      0.08846418194592799,
      0.2605030460305612,
      0.24409121835517247,
      0.07734018438555036,
      0.2352388922319568,
      0.0427277970365027,
      0.1115682916704596,
      0.21030825392683913,
      0.2786947141484396,
      0.2907273273419416,
      0.17879403665645804,
      0.26753651377839915,
      0.29790883374454963,
      0.2365089918592137,
      0.14318194248387223,
      0.27721403364405706,
      0.018992080142283596,
      0.21463817482546227,
      0.15199933329281345,
      0.08027402715620913,
      0.2199306770866935,
      0.2676529466000776,
      0.21518876718451002,
      0.2899294217062055,
      0.11242355259591652,
      0.014697106416844095,
      0.025912278957138046,
      0.17663299237139665,
      0.20100451714442133,
      0.18168060384453877,
      0.2651111751514328,
      0.2143960712931758,
      0.22558189325086034,
      0.22652668131911718,
      0.07813254820568372,
      0.05266567630417679,
      0.0056788700056926485,
      0.07439807175372624,
      0.1550149981086907,
      0.2997829800079387,
      0.05215574816820024,
      0.048718031967392814,
      0.11482227114198289,
      0.2821056634642748,
      0.0055849468632533485,
      0.012666515195184623,
      0.04525922111617694,
      0.03377910366458805,
      0.010899617008270801,
      0.1593877834520895,
      0.08782261799230869,
      0.07929873015101173,
      0.27541981769215784,
      0.16718772576300797,
      0.24004472089325646,
      0.26026962377677965,
      0.12360517629061457,
      0.1841922742375707,
      0.09652593771697995,
      0.0337754187145994,
      0.1389224561230056,
      0.13208477122232143,
      0.22145015805518553,
      0.07956853863401077,
      0.06051409394749374,
      0.2858887431369654,
      0.14954107206305342,
      0.19758843579942795,
      0.2643597295462352,
      0.12283582926896272,
      0.015664622855970468,
      0.03592325040838046,
      0.14612432732630878,
      0.0320352744039818,
      0.16728191441594759,
      0.281825965536244,
      0.23381371728567535,
      0.029332173392362715,
      0.08553952427288071,
      0.1919051400542977,
