{
  "horizon": 720,
  "granularity": 1,
  "priceSchema": [
    0.198,
    0.198,
    0.198,
    0.198,
    0.225,
    0.225,
    0.249,
    0.849,
    0.849,
    0.225,
    0.225,
    0.198
  ],
  "agents": {"h1": {
    "neighbors": [],
    "backgroundLoad": [
      0.27975626328495595,
      0.27434981859539254,
      0.244038623116897,
      0.010304745095423184,
      0.03669463939195653,
      0.2789083299580628,
      0.18743395372677432,
      0.205953929239693,
      0.2768389436200744,
      0.07541007146629093,
      0.14690746245484335,
      0.2653619726905379,
      0.1171805894843258,
      0.09121514971311274,
      0.09398755981594911,
      0.20608271238837894,
      0.1437433785686856,
      0.22160408565519016,
      0.22675941718608206,
      0.020154450191085083,
      0.0592546679550477,
      0.013560767795175543,
      0.18777483805834663,
      9.868244648365998E-4,
      0.29913931112456354,
      0.2256828871607347,
      0.02165944769324871,
      0.2658533614270679,
      0.012670815870000296,
      0.2981660730415885,
      0.21533224443285096,
      0.03197230587065509,
      0.029705368772393215,
      0.22238117094520812,
      0.27765754246571217,
      0.1193887234141986,
      0.1544729387140188,
      0.18606916215311342,
      0.04454312150160685,
      0.036630618926025524,
      0.029275019435704618,
      0.26207030592256086,
      0.23680441572600727,
      0.12232346633698529,
      0.24400472477598972,
      0.25790188612152803,
      0.18065459696445907,
      0.16407120861653077,
      0.10004200090376841,
      0.20533297356380525,
      0.13442823779163757,
      0.12509345023528898,
      0.06441312323433308,
      0.004595044818550864,
      0.12552298305507442,
      0.24109953550484933,
      0.0608206530076285,
      0.15286159782907413,
      0.18409534388294305,
      0.2090036580133665,
      0.2497928672799666,
      0.18408369833159158,
      0.09548578890289729,
      0.10934700323012969,
      0.14414217760477538,
      0.29756359129336096,
      0.00683856230657317,
      0.06734659911919137,
      0.2563692587283251,
      0.10074111531212235,
      0.2695785035438756,
      0.11993669065934623,
      0.2743599859085075,
      0.14947951811744029,
      0.017604212657884255,
      0.27863876639095314,
      0.0931452029808466,
      0.15236431349200352,
      0.23833694193359528,
      0.004137329685286195,
      0.28485289695508087,
      0.01341027227439442,
      0.2687925067792929,
      0.10977635136723911,
      0.24273316597825909,
      0.043381192661964975,
      0.050347015519994986,
      0.2954748075153708,
      0.2857867016200567,
      0.2745993430075536,
      0.16425066437111188,
      0.1661121840471668,
      0.18659751752058698,
      0.2753043348617668,
      0.2648568715198258,
      0.006776908390187963,
      0.005085306241716958,
      0.009324159641111496,
      0.07006537258673394,
      0.056465205292535244,
      0.06965535747128296,
      0.07459759943371459,
      0.2919183529656954,
      0.2623612959506134,
      0.18557191766853637,
      0.29128345841064596,
      0.09154587019142779,
      0.2699584710792955,
      0.06511965488359553,
      0.2517053271809446,
      0.17107829230488103,
      0.1967220546824272,
      0.038933572536731485,
      0.14191152726112147,
      0.04387314359574707,
      0.09038466424154719,
      0.2321280773620691,
      0.16155135265287773,
      0.2575614987180581,
      0.08225023144959626,
      0.05179196170719081,
      0.2724645096423357,
      0.17803570080936454,
      0.08183995705211916,
      0.07581651557567777,
      0.1840377910970091,
      0.044244959363830494,
      0.24406880760818397,
      0.24554644650484675,
      0.15913476751848224,
      0.13207292973314216,
      0.04558239980735738,
      0.2022256326341004,
      0.18858730775184443,
      0.04470193217009879,
      0.16393016149910528,
      0.16807315684225588,
      0.07441756178349743,
      0.24008430500945155,
      0.20442112939671123,
      0.1574741646093557,
      0.22229468090147925,
      0.03383643119809244,
      0.1373260984512363,
      0.05137319289077245,
      0.18381002900368623,
      0.09399669090017501,
      0.1689435409290796,
      0.1088714127514291,
      0.11200915903699794,
      0.033950930362911434,
      0.02493139212827178,
      0.06241597715694997,
      0.03183018837275348,
      0.17385119833901422,
      0.03377008660617737,
      0.04259928361932932,
      0.19115677271765635,
      0.10140263495391712,
      0.02584761952231408,
      0.11641952523908018,
      0.17316258399863163,
      0.1817488039950151,
      0.13270512818377514,
      0.09388601293509828,
      0.12356802116625377,
      0.1998032267400909,
      0.08214220809362889,
      0.030020543929984277,
      0.03298943095269952,
      0.11491596156648633,
      0.10878331124323222,
      0.16008461578061692,
      0.11483407493886784,
      0.19625185247387802,
      0.222758088182367,
      0.16711747336075752,
      0.24503164218464504,
      0.004435832179812571,
      0.1234025428280339,
      0.08025616876074344,
      0.2576442374789065,
      0.25348086975491374,
      0.07103964676296182,
      0.20701939355878327,
      0.2734924964544227,
      0.09224962443562557,
      0.03398102553367653,
      0.0557826413276642,
      0.07111578366298976,
      0.15173686012346024,
      0.05126012715956313,
      0.16312889957933416,
      0.27953108555758555,
      0.142525596668846,
      0.23677179190415076,
      0.07089780287838561,
      0.007836015388709582,
      0.032530747205686536,
      0.2771148008271093,
      0.053597254654614,
      0.11867699134507864,
      0.19310132731852656,
      0.21667683026850917,
      0.2889568235651315,
      0.029444235118214278,
      0.22200951993562898,
      0.07603808184721231,
      0.09111294650714166,
      0.023555754005801566,
      0.1134705819485107,
      0.11359046480120266,
      0.18463904563639194,
      0.14297188487028098,
      0.15768945848457025,
      0.031426536550605184,
      0.07958443893781682,
      0.08372190624099339,
      0.2494351494175157,
      0.29853247905393965,
      0.15669924326532336,
      0.024583412318044815,
      0.22729037274413394,
      0.20616283351065204,
      0.11177211749120022,
      0.2819339553025706,
      0.15508087354506797,
      0.26581145506578246,
      0.08805794116365179,
      0.14424028913538425,
      0.19483339179943876,
      0.029536527993744743,
      0.20793406909529646,
      0.0214563140896037,
      0.014550492764974153,
      0.14452847586133255,
      0.16696990412814353,
      0.006858340717425237,
      0.045357126454389,
      0.07826101274885312,
      0.2826534064026748,
      0.06447199193727522,
      0.20493114469488957,
      0.18339590692631066,
      0.28715755624128153,
      0.08578692152679596,
      0.04479006718530778,
      0.036037189022578096,
      0.021303949780574427,
      0.15926052627080903,
      0.16941793730576152,
      0.06270091992612953,
      0.06665516805803087,
      0.06649950004589746,
      0.272806622525843,
      0.09580121321143288,
      0.11720923631443565,
      0.18869829541946434,
      0.16256570344434285,
      0.2436889724585997,
      0.07720880140322985,
      0.22162156330080976,
      0.23126510585203497,
      0.2588934098089474,
      0.18968284154117834,
      0.11537247785247774,
      0.2154190134597054,
      0.10998653818923126,
      0.2692057805546676,
      0.2352720491738464,
      0.20437607268723804,
      0.29530417163895045,
      0.26315641481519747,
      0.2613441802554036,
      0.2837205440706723,
      0.1595704508084169,
      0.23608055665284441,
      0.15504597396299866,
      0.2886064411998867,
      0.03707685738125028,
      0.22832809453217945,
      0.10510488996555382,
      0.2118986270151549,
      0.045394561581915925,
      0.016879751548691545,
      3.049514130408437E-4,
      0.255536623075054,
      0.012477968199093104,
