{
  "horizon": 720,
  "granularity": 1,
  "priceSchema": [
    0.198,
    0.198,
    0.198,
    0.198,
    0.225,
    0.225,
    0.249,
    0.849,
    0.849,
    0.225,
    0.225,
    0.198
  ],
  "agents": {"h1": {
    "neighbors": [],
    "backgroundLoad": [
      0.05975977182454188,
      0.29762273885978213,
      0.07047502705244435,
      0.06610909032306463,
      0.061276881970823156,
      0.05759417978560568,
      0.10331527684358423,
      0.28441135280746743,
      0.0827911907787251,
      0.05345981010441518,
      0.2254599746613684,
      0.02968556062821391,
      0.07578560310734207,
      0.2745112892373603,
      0.2383119307131557,
      0.23970633449332512,
      0.001586105590730691,
      0.08924798278481787,
      0.06765102925246383,
      0.23428400347191305,
      0.03939919248972971,
      0.15617008640881955,
      0.024371452773517932,
      0.03720383324338641,
      0.15183435296817394,
      0.023403520594973803,
      0.007688859184227703,
      0.013424245230303843,
      0.19326035147461318,
      0.1259313168468166,
      0.005335232121869871,
      0.14653087444629775,
      0.08546347661607144,
      0.2887167139055024,
      0.03761012674887648,
      0.2539996860011772,
      0.08691558737002693,
      0.2628506555543335,
      0.22247026131196987,
      0.12911371749410902,
      0.29312381425834755,
      0.18326625400472812,
      0.2996740020380739,
      0.012137063904738676,
      0.1595915351068945,
      0.1760406282345826,
      0.09057309417120403,
      0.12727131472457198,
      0.04134744788344062,
      0.10913632729086535,
      0.1765021583702284,
      0.2872688984263414,
      0.1752838510447683,
      0.07787652134446595,
      0.2700726709722827,
      0.04803913917360807,
      0.21349466610843956,
      0.03937335386445442,
      0.007495389415521336,
      0.17859300944200632,
      0.2666868904953373,
      0.15831415617828704,
      0.2666432343994399,
      0.1025927578407822,
      0.1758394978403208,
      0.2856869360586884,
      0.21129509283676692,
      0.1764679057013675,
      0.18458606291662932,
      0.031512051041400875,
      0.052885568404093926,
      0.217257091357109,
      0.23499224455785794,
      0.14604438306097373,
      0.08545908102788544,
      0.20308610152533188,
      0.2725198950529955,
      0.17280834017768656,
      0.24729622691151676,
      0.1332055357693734,
      0.29741630579013967,
      2.1396815050975793E-4,
      0.016664619276539106,
      0.011193271416384687,
      0.25455665387791615,
      0.12456402318218995,
      0.06487404196518796,
      0.04455772041198277,
      0.28207630022473923,
      0.0961931900996939,
      0.17921988161021737,
      0.11690332987191068,
      0.09505350850062522,
      0.275058576621083,
      0.19634703529748276,
      0.2748461728160133,
      0.2933272505486231,
      0.2673581992603975,
      0.14130124320504853,
      0.13213830880262095,
      0.2243740783162713,
      0.26280277586212153,
      0.06097305791647578,
      0.26260459862452346,
      0.17327017763998834,
      0.019159270364027748,
      0.05874706949742069,
      0.11092567623802385,
      0.041957578238496336,
      0.029799821627191924,
      0.07148544923750529,
      0.1643548836531728,
      0.06951394774773845,
      0.15735124588430507,
      0.2405298129913674,
      0.12318127583693485,
      0.11304317420672416,
      0.28480642396461636,
      0.16143275194606746,
      0.06786897637072598,
      0.2705560346166294,
      0.2571814349384062,
      0.11212286655387757,
      0.1270117645776848,
      0.04714010595656626,
      0.14702156778099404,
      0.00951661874475076,
      0.035139137704413854,
      0.23525562125728033,
      0.036154232342531324,
      0.27260556715173934,
      0.08592254361384179,
      0.03921041862412927,
      0.0295688829284214,
      0.055003382143201704,
      0.2558877727312817,
      0.03230714248604618,
      0.08392482909245647,
      0.22699007543266692,
      0.05273578799208284,
      0.04524860994149508,
      0.06871608900669321,
      0.17097849169580084,
      0.24191621537097122,
      0.13731899896757493,
      0.20105236497983203,
      0.22787538396607518,
      0.26856780818857146,
      0.10310897817545402,
      0.19982814267440652,
      0.12224570562012362,
      0.030705478805386655,
      0.19019629417790515,
      0.2512089591144842,
      0.042011135226800535,
      0.05534554380888705,
      0.22527853165491846,
      0.20662198773045695,
      0.2981808322206959,
      0.0834436112273847,
      0.1299265662765368,
      0.027623492723737486,
      0.28669324110714045,
      0.05076693892421039,
      0.18236819257181772,
      0.011550967476579743,
      0.28517329918718803,
      0.1041938367343557,
      0.050820703694073974,
      0.1846014902965716,
      0.11202705548308119,
      0.09323625114433969,
      0.2147370353696588,
      0.22547385223666389,
      0.04074085289573654,
      0.23678928815234795,
      0.032776063536327525,
      0.2973313602622602,
      0.009930839177840989,
      0.15785712116843395,
      0.20010769033680054,
      0.23859246290675404,
      0.07409407279430118,
      0.228971003144178,
      0.005076686111093354,
      0.13802826023628187,
      0.08535238886577998,
      0.1531575534855156,
      0.10469721649199877,
      0.2138111110363218,
      0.02665523805340868,
      0.08840183517757196,
      0.13242314900554683,
      0.2294053242005648,
      0.2074836340165419,
      0.0699794878633044,
      0.11120883909989586,
      0.1104529435456978,
      0.2027403743644357,
      0.2828100617705902,
      0.16666166355889186,
      0.22094736844088012,
      0.2346416665407764,
      0.14654550152444543,
      0.23948950817876474,
      0.2511496405486045,
      0.2126639181708311,
      0.1826052675962599,
      0.14131510139212272,
      0.1978511459173479,
      0.141580142445437,
      0.24102343725852213,
      0.17816632587275122,
      0.2716505673927365,
      0.21207965547143331,
      0.25943573634350753,
      0.23181995468209438,
      0.27352693164942843,
      0.0895456424591176,
      0.15053517790013296,
      0.09732524727204214,
      0.1223914625598994,
      0.2966971056164179,
      0.024359630424568457,
      0.12602906094406868,
      0.05489568915857649,
      0.2899085159169057,
      0.10172214880730854,
      0.054184106813398344,
      0.23819985633486135,
      0.1337734560809642,
      0.007850466446697202,
      0.26990445466448154,
      0.195995682584068,
      0.19851163178933576,
      0.0982192583397063,
      0.19162564633475507,
      0.23179964605029163,
      0.09091299748689011,
      0.020060724855158717,
      0.08805283262164956,
      0.10140814702506819,
      0.2860323393286261,
      0.18189346986046118,
      0.1509882764284395,
      0.025706775988543196,
      0.12703574878087776,
      0.1198472656595397,
      0.1392277964945102,
      0.11444388745817557,
      0.033561018734243164,
      0.21021298774953148,
      0.23897234711717108,
      0.08036371922226461,
      0.17531826666433803,
      0.25863166956926453,
      0.16774774368910744,
      0.10088433560926811,
      0.2953743691263288,
      0.28635880014648973,
      0.20925901552946582,
      0.26251094904803723,
      0.0035601409304667707,
      0.2794351186695497,
      0.11253257442460958,
      0.12768070773326265,
      0.06693096819688785,
      0.13008283279695126,
      0.1455820265259416,
      0.22038648524467389,
      0.2662031164491617,
      0.047136248018614255,
      0.28281415748841643,
      0.23633540239967804,
      0.07152862213796675,
      0.19839879028574992,
      0.287612248793753,
      0.07821619315382679,
      0.10918494555137888,
      0.2379825463547534,
      0.023079216525284416,
      0.0721104190779396,
      0.19818922932012797,
      0.061079716269307555,
      0.13967392096999848,
      0.18215775706867499,
      0.24867443326920913,
      0.27704012574180076,
