{
  "horizon": 720,
  "granularity": 1,
  "priceSchema": [
    0.198,
    0.198,
    0.198,
    0.198,
    0.225,
    0.225,
    0.249,
    0.849,
    0.849,
    0.225,
    0.225,
    0.198
  ],
  "agents": {"h1": {
    "neighbors": [],
    "backgroundLoad": [
      0.09007423606385033,
      0.12778035065797627,
      0.2706688906064009,
      0.2204376151178534,
      0.11582730279711342,
      0.08512843569160303,
      0.01746689017231847,
      0.15272004565662467,
      0.08914460411983469,
      0.18772252284900737,
      0.03736009256068973,
      0.2604232098235807,
      0.08965673139234548,
      0.29955374860306827,
      0.2524875752951294,
      0.11198272850730298,
      0.23381092565121653,
      0.2554746237770325,
      0.022667816621220593,
      0.10251038473735977,
      0.1795950877807336,
      0.25372182514739183,
      0.15269095107248024,
      0.22805605278111862,
      0.14020084484726583,
      0.12994337297567327,
      0.18299942811040215,
      0.23727581916899135,
      0.299496242438143,
      0.06034568188401693,
      0.1472586068698183,
      0.17382866426886437,
      0.1885662993410753,
      0.05836547024425776,
      0.04669161602443469,
      0.2643459449439793,
      0.28707266846699137,
      0.2093137199469203,
      0.15711756525690787,
      0.0029574051292610925,
      0.18382398012156154,
      0.15545094368782456,
      0.010908368976270255,
      0.10384128391978771,
      0.21121968896950896,
      0.20955893517775298,
      0.024407515994441065,
      0.18174893381931903,
      0.2561649561150868,
      0.1050035499870227,
      0.25845955423327643,
      0.14395187612243993,
      0.21330040248760238,
      0.024431895946423497,
      0.08271816605026484,
      0.09938957023055507,
      0.1362932030853258,
      0.23616295359470285,
      0.058617623089847734,
      0.04943768724033647,
      0.21534506988785643,
      0.0017220372674880524,
      0.2732765549697816,
      0.2588497858631753,
      0.08684330565907483,
      0.13223652618224513,
      0.2351989084975153,
      0.0318016260702204,
      0.23357092278437666,
      0.030456340053672204,
      0.1034269261175689,
      0.18484536304103197,
      0.07506097686139976,
      0.20738062805594581,
      0.18338472541236162,
      0.18836995122390635,
      0.11789352324566638,
      0.21150026204941352,
      0.0862885151173168,
      0.051136772100095526,
      0.22462483164564545,
      0.2707223356224243,
      0.004955120198468566,
      0.18644015611780404,
      0.2202161294975275,
      0.2343870823251832,
      0.04386934000368683,
      0.29786513386871144,
      0.01981210333158655,
      0.2248803481529841,
      0.2626760823851695,
      0.12131411799483188,
      0.06755216538952025,
      0.10885681060410128,
      0.1990454057701073,
      0.028307219562383766,
      0.25147800602331605,
      0.02237936064300895,
      0.1924994661878864,
      0.29657409405834967,
      0.010291039793960965,
      0.18373666846195716,
      0.02174231478487888,
      0.08785677659052638,
      0.12382451997682707,
      0.16049062122184304,
      0.2750717133429964,
      0.13816930838029498,
      0.26159492239972276,
      0.28602739177350056,
      0.06474956348586569,
      0.27195534742730065,
      0.043237327491495135,
      0.23381902147007186,
      0.08656494000019237,
      0.04539518753646109,
      0.16750849295820128,
      0.03173378628567116,
      0.23611441069324646,
      0.14003494916915973,
      0.257401013277184,
      0.25624201578765465,
      0.07770688568792827,
      0.26769428234050463,
      0.09401639321821113,
      0.2700854691090983,
      0.15054720889029025,
      0.2875475702687572,
      0.024030380722726064,
      0.1449985047732416,
      0.23988149494235775,
      0.23302919715885329,
      0.24047718665747395,
      0.04804517588571889,
      0.16628917780303823,
      0.2668699400636235,
      0.09589288927561974,
      0.20593821068042906,
      0.28491537820472823,
      0.16675450508604026,
      0.2583632113397942,
      0.14646207143724266,
      0.2512853986008826,
      0.19706762315444662,
      0.17900972001382462,
      0.18884942927583948,
      0.115652332847574,
      0.21937760324179345,
      0.2664246651609852,
      0.1995881098265643,
      0.07884664510032115,
      0.10139295217621525,
      0.12579627305909066,
      0.09134101444522931,
      0.004556935623983093,
      0.18885412087728035,
      0.06658725639087257,
      0.004596935902348953,
      0.18455637161740365,
      0.12669488651359098,
      0.099329037514057,
      0.03899739361399398,
      0.04066794732962507,
      0.15593748207955743,
      0.11443497487434669,
      0.2865670709837215,
      0.10000657785839528,
      0.0020414489915177468,
      0.08668156276054224,
      0.2698889390842492,
      0.040061990317267746,
      0.014086780469102167,
      0.18768855730540648,
      0.23354198117823574,
      0.08184929215331024,
      0.0964587678420097,
      0.001508262494336121,
      0.005765846600551528,
      0.05399984008612554,
      0.12765221757685244,
      0.18115746368586044,
      0.2808496625484806,
      0.1427154791663335,
      0.1989172167953177,
      0.005081817794157573,
      0.29512356574716264,
      0.25407655622862935,
      0.29105999206040045,
      0.16552549523854634,
      0.2559938100052951,
      0.2603985324196955,
      0.20122286341861453,
      0.2680771742724197,
      0.20394152366727764,
      0.10603554834302666,
      0.25822270900125865,
      0.11442848630881158,
      0.1245439379441078,
      0.2150961202076666,
      0.051817156523167394,
      0.17693936980287037,
      0.11847399325919661,
      0.07661958233059403,
      0.11464072612332316,
      0.03668491530300587,
      0.18846462904799655,
      0.2998715250889625,
      0.23739427549356948,
      0.22475558522520306,
      0.054250426684106734,
      0.2225263800283491,
      0.07952592932644749,
      0.15013727537621926,
      0.10457226147741747,
      0.2356177359529775,
      0.22365217832687437,
      0.021473699269647904,
      0.11823476064236005,
      0.2861751994986204,
      0.17591058421985606,
      0.025371519301742484,
      0.11973376643975721,
      0.20694856565767553,
      0.03850597555515345,
      0.05768694039378289,
      0.26037861165136117,
      0.28085599206956513,
      0.18500490577040735,
      0.09765265302753386,
      0.09396603642027351,
      0.12678630057415902,
      0.03857537027164366,
      0.27573855531650754,
      0.27697819522153366,
      0.04583561928836807,
      0.25366064448684683,
      0.1496949370696509,
      0.17603831081380134,
      0.18492272725345107,
      0.20156336397490016,
      0.2722387583869887,
      0.23839774485254905,
      0.13941938555606978,
      0.040023421292609,
      0.2509788344192319,
      0.02952819235493501,
      0.06311416988068635,
      0.013557724474450783,
      0.03384339150600807,
      0.08326362602518723,
      0.26499388101551047,
      0.17280039318366758,
      0.0317983195255924,
      0.29090093239384496,
      0.26910593981720665,
      0.2139907103129244,
      0.04413265387608543,
      0.2812583152694329,
      0.019383115377142355,
      0.07004570753380442,
      0.26978503517946667,
      0.03186296212044611,
      0.09876302031243041,
      0.04290868577556199,
      0.012924177940714066,
      0.19548637652024647,
      0.02166779397709473,
      0.08957768140413405,
      0.2909669434699059,
      0.2866160030872848,
      0.22569796707270853,
      0.06422473426264247,
      0.2979836083423765,
      0.07232629531855764,
      0.2577639115945813,
      0.27561849197338223,
      0.19600694527300674,
      0.024085076331327105,
      0.054674558236398406,
      0.16221825111327817,
      0.043851251878297394,
      0.07913330471752823,
      0.05999772683271944,
      0.1921363908808944,
      0.009445092762657314,
      0.03162100120919786,
      0.11371346027309379,
