{
  "horizon": 720,
  "granularity": 1,
  "priceSchema": [
    0.198,
    0.198,
    0.198,
    0.198,
    0.225,
    0.225,
    0.249,
    0.849,
    0.849,
    0.225,
    0.225,
    0.198
  ],
  "agents": {"h1": {
    "neighbors": [],
    "backgroundLoad": [
      0.255546562766994,
      0.11628899046931616,
      0.13438260963401877,
      0.23743536443045676,
      0.03874912463314149,
      0.11727454768621898,
      0.03776629042620736,
      0.12580535631709758,
      0.19680505238476861,
      0.2013120228920003,
      0.13472006799897407,
      0.2589816458659624,
      0.13198556159919592,
      0.02459723838185892,
      0.029815075120273447,
      0.16400716744056348,
      0.16999637139804252,
      0.08068561320180014,
      0.16794363432803344,
      0.05086209400013688,
      0.280567866797503,
      0.1881166376242096,
      0.2784751925207122,
      0.029089615806883372,
      0.13418539643243751,
      0.1911259547799268,
      0.07030417485601838,
      0.060498431434890663,
      0.16791106242128734,
      0.15172147538303282,
      0.1960698858289948,
      0.004212912550369319,
      0.20457891037102469,
      0.28203727316686344,
      0.15084981444998877,
      0.18382507156478772,
      0.0982914579621229,
      0.05725521999528438,
      0.2663236092147097,
      0.14236843559212686,
      0.2503466757735793,
      0.07729486616837836,
      0.18154215811091845,
      0.05347184043830559,
      0.28295595115651123,
      0.15353875485701754,
      0.22857426379103177,
      0.065334433115416,
      0.13528171328458433,
      0.1468761389477011,
      0.19723799385927956,
      0.13995759268880784,
      0.20727970787562416,
      0.038508293175843075,
      0.26183123265342023,
      0.034759252125142893,
      0.15432640847469678,
      0.21735376811607351,
      0.21923877752199053,
      0.07051130234849404,
      0.04901811029545872,
      0.2682099237522547,
      0.10867045255592972,
      0.034441349635181716,
      0.2790661570146342,
      0.26473137477819697,
      0.05485245302024139,
      0.07901444880668716,
      0.28078299580925475,
      0.293677574723778,
      0.27347678117808993,
      0.006784346331103641,
      0.22713121693234997,
      0.05392392182122989,
      0.007480464602781355,
      0.246996119237066,
      0.07814934369688,
      0.2174826632909878,
      0.23169318016899307,
      2.3181507282081791E-4,
      0.2018836396756191,
      0.0674438325664465,
      0.28511002200466085,
      0.037262095344325875,
      0.14173942649691612,
      0.22458174998729982,
      0.1774772343050829,
      0.15215074951923913,
      0.06741305378677426,
      0.2887638689404299,
      0.04277138788381293,
      0.29821269895009295,
      0.25997317283281896,
      0.08267731855742178,
      0.24524911295802082,
      0.1645213982140436,
      0.25585111484328715,
      0.18339079943913833,
      0.13255535642420913,
      0.08964584367673799,
      0.04087579993112556,
      0.1641086160866784,
      0.24147193117997068,
      0.17294517266342999,
      0.12678653997633338,
      0.26240818576554575,
      0.12597959807081038,
      0.09165293325864773,
      0.05768932420709677,
      0.14109962642708623,
      0.030390992013810913,
      0.2161175031461123,
      0.20095071009627513,
      0.16539118285041302,
      0.2863917449680237,
      0.28001436217546677,
      0.28488845296746174,
      0.13449451317899083,
      0.09022452768660578,
      0.20807473483697306,
      0.0677145525558893,
      0.14787596337877318,
      0.22409790038285546,
      0.11512961950598871,
      0.09216335235057538,
      0.044612171854576596,
      0.17991271694901503,
      0.2149119748907442,
      0.03891204012077932,
      0.04642022421753332,
      0.026376976647625703,
      0.0247831306699676,
      0.23527334384418117,
      0.011966967743313472,
      0.20451994942572568,
      0.11497859028258116,
      0.14883243507141933,
      0.2639333702088459,
      0.1489591873682533,
      0.05693613171063006,
      0.03028923225274479,
      0.10856024176499629,
      0.050479558867617444,
      0.2500207336475799,
      0.11839132551212621,
      0.17844055729290667,
      0.18022493584250573,
      0.26586350424120203,
      0.1824226704036303,
      0.2827511251179444,
      0.21565777872174835,
      0.2930557157833352,
      0.27310538595545053,
      0.06504358846996361,
      0.19545251504762995,
      0.2577856911160287,
      0.16043762662389613,
      0.19176198125824045,
      0.06817156610711621,
      0.1417871399982481,
      0.11681918412333263,
      0.08595244129197643,
      0.15279332001865958,
      0.2970150351499848,
      0.06948119104385601,
      0.10686997296045059,
      0.1939332194138735,
      0.051321863635904075,
      0.234788546841105,
      0.21976032616586738,
      0.04649442530061236,
      0.14763219799492908,
      0.21036643889528667,
      0.20675284074438768,
      0.1842733682757806,
      0.12661923078702683,
      0.23718022025168095,
      0.291217969379452,
      0.04096552910851612,
      0.12029593977528269,
      0.15353353013319868,
      0.28026175522801694,
      0.2808796823203473,
      0.15561131465671338,
      0.15416419090029104,
      0.16863227146202733,
      0.15060884493527574,
      0.015885272505970938,
      0.18601361053880672,
      0.05449078794983777,
      0.2736738328063954,
      0.2819507190596865,
      0.17039752524512927,
      0.12920979936600688,
      0.049526853465742926,
      0.06789375617800161,
      0.21396875669447335,
      0.04712899860762075,
      0.06273843939206317,
      0.015390620574587087,
      0.06504348053210986,
      0.20174023305198888,
      0.10159705221368852,
      0.20417036179939366,
      0.18976473785674963,
      0.24069355150017535,
      0.049160523446369495,
      0.09738956248619018,
      0.1262636970672888,
      0.26037867459601105,
      0.20239477693869964,
      0.029061235924713335,
      0.29919951055057115,
      0.15965019489092147,
      0.016832455412944414,
      0.2910231545956144,
      0.0066635775432693275,
      0.2776935926127195,
      0.1128519071613476,
      0.13782852147777358,
      0.21262581124470706,
      0.20950404130804468,
      0.0075835241299227136,
      0.22807915378944763,
      0.17372630871982933,
      0.26136886000554843,
      0.03157788057748003,
      0.1968170024694216,
      0.11124548330268418,
      0.0633488133404846,
      0.1786880977028255,
      0.14389183591729848,
      0.10285785071064457,
      0.10944091793898762,
      0.05427305078081516,
      0.22054566308549864,
      0.1612576563772813,
      0.08141954973383843,
      0.09587611311497189,
      0.028388987179449807,
      0.2868670902312827,
      0.12438288330026447,
      0.1367376440460549,
      0.12288169132444511,
      0.03616032923859114,
      0.22826456467981387,
      4.5840708679940607E-4,
      0.16355810364183404,
      0.29304881101948743,
      0.05690389706013885,
      0.29603589853948,
      0.09674049057319337,
      0.023607719247825443,
      0.11384904138666357,
      0.16377589656120473,
      0.03617013848069589,
      0.21537424571139294,
      0.20594594814612693,
      0.17038009955820185,
      0.2592541813040765,
      0.052526552394316535,
      0.23420178878513745,
      0.014449728225913904,
      0.16251726411117703,
      0.16355794245849287,
      0.2795271795602165,
      0.26854890347730703,
      0.2292730332108618,
      0.2257399951435733,
      0.23818008218894215,
      0.019006615259899006,
      0.1945801580648918,
      0.14473088647240845,
      0.006312412200803308,
      0.25118644143295343,
      0.17787664915420928,
      0.28671548424667376,
      0.29671895941379145,
      0.18403126021594166,
      0.12841363499854683,
      0.17690336234657264,
      0.23024438280330878,
      0.23841990685105402,
      0.23392198835834477,
      0.13418960654651205,
      0.048028759417481526,
      0.017619841809403035,
