{
  "horizon": 720,
  "granularity": 1,
  "priceSchema": [
    0.198,
    0.198,
    0.198,
    0.198,
    0.225,
    0.225,
    0.249,
    0.849,
    0.849,
    0.225,
    0.225,
    0.198
  ],
  "agents": {"h1": {
    "neighbors": [],
    "backgroundLoad": [
      0.14097244402137213,
      0.28551140361494587,
      0.26015667070490245,
      0.24355530930038244,
      0.14221345090391668,
      0.11459901487793957,
      0.05579229842514326,
      0.015583698329549521,
      0.12346854672585603,
      0.21894289166233644,
      0.2565051510349542,
      0.135490346173979,
      0.08652814447136575,
      0.1507119061131295,
      0.2843509746122589,
      0.03572707970292014,
      0.05087288716604493,
      0.03580216468384662,
      0.1348056466057028,
      0.05133372533384748,
      0.26735815117955947,
      0.28109223467213007,
      0.27986998971879407,
      0.27054001242838127,
      0.1296394392206256,
      0.06358374592850248,
      0.020674184682290975,
      0.20168329901108287,
      0.11398191053829104,
      0.015516507353130237,
      0.26670747326155314,
      0.20623855615808637,
      0.17201218451154762,
      0.06676022832800267,
      0.16661268359963508,
      0.2573956731426131,
      0.20300649684628008,
      0.27635970836293255,
      0.17392736873243722,
      0.15299507107024013,
      0.24097840369410356,
      0.25418765245933006,
      0.027549751870359695,
      0.09707420583230802,
      0.015202814911663653,
      0.2519246025597527,
      0.1380785326204645,
      0.2897580765472254,
      0.030324872375477874,
      0.05949958094181422,
      0.2778462949752755,
      0.14615750586450874,
      0.20538758653339909,
      0.2546277867014804,
      0.1910868677377766,
      0.2403051501049534,
      0.28199302007163857,
      0.15916657642813845,
      0.29914912910592745,
      0.07349474855234979,
      0.10032716628383812,
      0.16771246108014345,
      0.24768019340336625,
      0.29135317679232736,
      0.07066404122782982,
      0.08199255475216762,
      0.27324907873137494,
      0.22849556053213868,
      0.2610303052158928,
      0.2530995593470624,
      0.1944565383850417,
      0.03850468708237304,
      0.2321021546794602,
      0.039025873681608154,
      0.020619365142398604,
      0.16952941903156216,
      0.03400032653452174,
      0.13603477655374244,
      0.12291970602919498,
      0.13803809442128953,
      0.23343433237264785,
      0.194838820450302,
      0.24489202809507152,
      3.213426269642383E-4,
      0.153671690707002,
      0.12876218136276077,
      0.16532418487048842,
      0.0633546955177084,
      0.10979848292815125,
      0.11364361682681598,
      0.11188009320726428,
      0.14204437921791904,
      0.12011195894772239,
      0.2904284627371135,
      0.035480796710926354,
      0.09526349295203813,
      0.28440194846166705,
      0.10682311011423304,
      0.2559467858824088,
      0.14807337711079385,
      0.24051094119619087,
      0.10046551198998763,
      0.17681964932208682,
      0.18933333235615266,
      0.010264319306699176,
      0.08175359556454112,
      0.2700405661789443,
      0.28474129966544803,
      0.2039207203682076,
      0.15564495099944425,
      0.10184488055846044,
      0.15936414286528422,
      0.14746139170563874,
      0.2779591299523573,
      0.15643603721316876,
      0.001531214182994045,
      0.037374109799029206,
      0.15830778669837814,
      0.11185403285296565,
      0.12480251793638307,
      0.1011765118642884,
      0.14898191414385187,
      0.24234892098164246,
      0.09996590876991483,
      0.03289217509792245,
      0.24760619197885347,
      0.13561132146715135,
      0.029707455070024633,
      0.13847027706286236,
      0.05196654547307102,
      0.1734906596737641,
      0.007904478566973272,
      0.17163930456836465,
      0.03305484404221454,
      0.18276477222568618,
      0.18090270847104947,
      0.2741597882997413,
      0.1437264113798323,
      0.0818766003679937,
      0.26489404842732683,
      0.16629225256159258,
      0.14637442550520868,
      0.07519376081807577,
      0.1040282235792039,
      0.2778273317794529,
      0.055012646614806045,
      0.19702403065049667,
      0.06588605828237916,
      0.2608740966486247,
      0.21594483424202504,
      0.28613765999328206,
      0.13010924513577773,
      0.21975266387280235,
      0.15038101412914742,
      0.10514143405522627,
      0.26320459540732655,
      0.28904984435536124,
      0.12036800475977778,
      0.24652240113682627,
      0.22763598603337365,
      0.22356526859093878,
      0.22720342886797829,
      0.29656613082869726,
      0.061036634482528496,
      0.2571924878717498,
      0.10605045035985468,
      0.0845892205362024,
      0.18788835560147607,
      0.23158749013096322,
      0.14363883550721881,
      0.1550801051856864,
      0.11694776697800542,
      0.20801140583780278,
      0.2687358155218749,
      0.2647519735719424,
      0.2801040444852385,
      0.24325964032240782,
      0.21883858139683107,
      0.04354878907873231,
      0.11262773902621909,
      0.28180718675796984,
      0.030074598778588788,
      0.2987150924379932,
      0.16868966772820024,
      0.15149003667665828,
      0.20543438531444752,
      0.25386091558906454,
      0.29202456205031646,
      0.2483040728132253,
      0.03792479207878151,
      0.27268894345586436,
      0.05732678181051501,
      0.1182327154399781,
      0.08057096525133801,
      0.18565652645333736,
      0.10440240664791928,
      0.06612151233961079,
      0.07099514826634447,
      0.1486131142348278,
      0.14586954587557788,
      0.2838729642521114,
      0.29282577771279616,
      0.19623063060245113,
      0.004531489110283782,
      0.1061466842736186,
      0.0856587385288735,
      0.019116079256509055,
      0.2577703294038117,
      0.25981247731946605,
      0.16656793054199168,
      0.22141624303648347,
      0.049367040734910446,
      0.24532044121894284,
      0.09941850698487598,
      0.04265147339334563,
      0.12020879760318633,
      0.07214141334102013,
      0.20249411183151664,
      0.011649163913609761,
      5.192232068099379E-4,
      5.585920705165392E-4,
      0.1562313674915735,
      0.283353005047581,
      0.2223290898927973,
      0.07107435712288986,
      0.09579365620638995,
      0.15603049165469493,
      0.005986365287374528,
      0.11637982668188954,
      0.04651480172044816,
      0.12061621961560168,
      0.18102404242116696,
      0.0456748682067691,
      0.12166228614306374,
      0.27755833681150965,
      0.04374774838471918,
      0.28410414884563717,
      0.24521184756223985,
      0.18678627589185504,
      0.03653366451100069,
      0.09926582375417099,
      0.0567417355909482,
      0.15343986246081487,
      0.19028181528993696,
      0.22640467435800615,
      0.15479278220049028,
      0.23088890846447693,
      0.29394588675259004,
      0.15196356034906514,
      0.2758992261963176,
      0.02920990643418525,
      0.1768497084780734,
      0.07682807971196301,
      0.23402678110285247,
      0.025334671765758255,
      0.038170685653345894,
      0.19722346674245184,
      0.2141934292713512,
      0.07117828132932758,
      0.18470923283245302,
      0.12718464774682312,
      0.11403544644068668,
      0.18245715371745433,
      0.04818119269266902,
      0.052738585668002866,
      0.2718384573068137,
      0.2501039663176229,
      0.06968169204447185,
      0.1718076214249254,
      0.2716705389905987,
      0.024831956290801982,
      0.18797209043323068,
      0.018238085172372864,
      0.15067005955922946,
      0.10832674711055462,
      1.9817584514304485E-4,
      0.060367624353308114,
      0.12610681576822297,
      0.06010650676676027,
      0.02684714272721327,
      0.10583662082629411,
      0.017002619305857235,
      0.04939646347897706,
      0.07177565703052727,
      0.29742537138381686,
      0.2572843983967118,
      0.06712213684579828,
