{
  "horizon": 720,
  "granularity": 1,
  "priceSchema": [
    0.198,
    0.198,
    0.198,
    0.198,
    0.225,
    0.225,
    0.249,
    0.849,
    0.849,
    0.225,
    0.225,
    0.198
  ],
  "agents": {"h1": {
    "neighbors": [],
    "backgroundLoad": [
      0.17293618815893627,
      0.14559351445266094,
      0.0115143228875362,
      0.2825980126310104,
      0.23728825042162416,
      0.04233876836030876,
      0.2168288581341954,
      0.21625876931966165,
      0.2685134637736391,
      0.008994630533157254,
      0.029262345863123828,
      0.08045754307495502,
      0.15204851194817978,
      0.005820617063559574,
      0.18978675227161984,
      0.0068576309319616,
      0.12845327791564357,
      0.2573708798105751,
      0.22078156571742397,
      0.2430569858526053,
      0.08648425591722914,
      0.025820482273842347,
      0.10669470003487566,
      0.2399546314015292,
      0.2138960024582923,
      0.03449662707160005,
      0.22185540760365133,
      0.011501262276351409,
      0.23678797333581256,
      0.0876468247263833,
      0.10541122163813683,
      0.2340905006369651,
      0.12211824196818594,
      0.09501091453843194,
      0.10823969167265192,
      0.22649045125312273,
      0.26782300763668787,
      0.2419101280233104,
      0.10249794460135221,
      0.05614434499040958,
      0.019435313605454797,
      0.11559191936939364,
      0.0593727562638561,
      0.06834296563968276,
      0.21287545626850551,
      0.03182533485528619,
      0.22826472694586333,
      0.25222801502596837,
      0.1411378813228298,
      0.08161128658684356,
      0.06856627960799894,
      0.2742666772153503,
      0.1642657481757361,
      0.18630146604165096,
      0.20575483662121252,
      0.049182568136214196,
      0.2098439641114206,
      0.06767249549452663,
      0.12182379149890857,
      0.15823014511954964,
      0.2695293839720469,
      0.18481321014724056,
      0.2454862461103605,
      0.06957037406284626,
      0.28625992522581656,
      0.19262810100305594,
      0.09227159747768522,
      0.14954428804616562,
      0.005809738777901074,
      0.15448098998956275,
      0.1458110909935833,
      0.19692444239253343,
      0.007014426202218205,
      0.11412148501348703,
      0.021720102323636137,
      0.14310471923388746,
      0.10305541012591676,
      0.23070586298956525,
      0.12511871252269363,
      0.2534896054406924,
      0.17625238466818566,
      0.25568496801028534,
      0.18442245508289748,
      0.1258058349174794,
      0.28563904595155953,
      0.2238812087244195,
      0.05927765817647926,
      0.046521597689853256,
      0.2802472351979473,
      0.268957120213643,
      0.10006508126740228,
      0.055132877610783844,
      0.09954191557457975,
      0.10438680151402828,
      0.16226426911404268,
      0.13262224092727598,
      0.14454349215639248,
      0.2888838567866525,
      0.23360453088525468,
      0.025818140430074275,
      0.25031800274842675,
      0.28195457333405144,
      0.13630552190941586,
      0.11042111418021146,
      0.10117941550880287,
      0.17285023619636913,
      0.023910329465896295,
      0.2068240069203849,
      0.1575163711496024,
      0.060432570437901866,
      0.1817535178732002,
      0.18269498219075364,
      0.2615473823054783,
      0.272046612090808,
      0.22006970818634677,
      0.28357903156567804,
      0.13223150664298491,
      0.29133674358461925,
      0.23725914358168465,
      0.013864873755185836,
      0.10300736575501936,
      0.058385533507173404,
      0.19192633005975998,
      0.2337179449866684,
      0.22795434760087663,
      0.2805615009317976,
      0.059996584490658394,
      0.1299453954413299,
      0.009865664859189582,
      0.2870505362422891,
      0.2411011839139054,
      0.16427664688262109,
      0.26123120289365603,
      0.12619343115052542,
      0.12724259254211653,
      0.26530370529440633,
      0.251601096104211,
      0.2544182913185749,
      0.2755143661038271,
      0.13671391469973718,
      0.15187605629593415,
      0.24179144118537751,
      0.19717564178802396,
      0.2113581166533575,
      0.04746382812196802,
      0.11970185934816287,
      0.24206907259039762,
      0.0826291449535727,
      0.19811628806223272,
      0.28499289196434346,
      0.2246981206315462,
      0.16708580435844836,
      0.017040422368142714,
      0.1622317549383025,
      0.15062266696988633,
      0.007571666566881796,
      0.1899156836700632,
      0.23276675250292592,
      0.09428413687742393,
      0.08893133741416905,
      0.10458136083984441,
      0.23605001987173646,
      0.15146055354466795,
      0.0777307183620294,
      0.1293194375847956,
      0.13357777351622055,
      0.05435923901314681,
      0.02493950105580269,
      0.08888947180955861,
      0.09887748349485843,
      0.11900832848748011,
      0.13811552853394285,
      0.08420852661994811,
      0.23780014340814506,
      0.2737526111866843,
      0.019557126280568292,
      0.13131903101560347,
      0.22976787353127348,
      0.19567028791854807,
      0.0943551067993088,
      0.16394577013783154,
      0.07472871273143845,
      0.28479895612189865,
      0.26497374129460716,
      0.06782098669263655,
      0.08204504319382287,
      0.09021995993529909,
      0.08488607017265214,
      0.1822722163938166,
      0.15276667004748293,
      0.0602593857225666,
      0.03706296731936224,
      0.05775812772195616,
      0.05837324736854427,
      0.18303568168402082,
      0.18057312187608507,
      0.07942205636259782,
      0.2990140843141757,
      0.14876996907499998,
      0.2067592620790783,
      0.058984049309066984,
      0.19011890332106227,
      0.16801244536429297,
      0.1835669542221441,
      0.24499679858236545,
      0.09759538410225328,
      0.19583264235442557,
      0.14058632468575322,
      0.06756420344850106,
      0.006246583588893062,
      0.18214879991437005,
      0.14097523741593412,
      0.11709768209729994,
      0.16331782079077573,
      0.04296668138404216,
      0.03735441294145787,
      0.2531023048401693,
      0.19500245977518363,
      0.09008026969522338,
      0.05841231140353826,
      0.05486094258388483,
      0.19472609351168793,
      0.008595561326545997,
      0.2296042855225343,
      0.15411952811105561,
      0.2591735636546972,
      0.28214211117315197,
      0.17583173078526593,
      0.06583676524901061,
      0.01069079118784969,
      0.1711493013899404,
      0.008326347798358768,
      0.28809562942586076,
      0.2601386710158195,
      0.25770354868030987,
      0.22239281376131828,
      0.2365804206831433,
      0.2996179361569743,
      0.2152971521627345,
      0.10593368927368131,
      0.1476890390599466,
      0.2361918140387561,
      0.05575965034731075,
      0.05898670807930186,
      0.13000946841789107,
      0.21324637577378108,
      0.1074866478820912,
      0.10708341629329592,
      0.08382462574510369,
      0.08122233558281886,
      0.1891484143430008,
      0.10191634740512777,
      0.1388804708499053,
      0.0960075648586365,
      0.007329975024234169,
      0.03237359719665245,
      0.1455674560749964,
      0.292310848231136,
      0.23090028183507144,
      0.10812785476637098,
      0.07737858229126945,
      0.04461300168824894,
      0.13371372601702497,
      0.03281294555977967,
      0.019234157527604167,
      0.09189721800201468,
      0.2775104893236216,
      0.14009314814172968,
      0.18812870613881508,
      0.09559226844266654,
      0.23599748318780053,
      0.13038928994251966,
      0.1375176129665158,
      0.20123306144851086,
      0.13694610059704262,
      0.22262586807451848,
      0.281839786045214,
      0.12172698571402696,
      0.17707495259027886,
      0.19584698506011997,
      0.09614525270936893,
      0.11671455840498961,
      0.08812856657366269,
      0.016199552700593534,
      0.11016201848204533,
      0.1727080071375923,
      0.16065436770842204,
      0.02057732545318598,
