{
  "horizon": 720,
  "granularity": 1,
  "priceSchema": [
    0.198,
    0.198,
    0.198,
    0.198,
    0.225,
    0.225,
    0.249,
    0.849,
    0.849,
    0.225,
    0.225,
    0.198
  ],
  "agents": {"h1": {
    "neighbors": [],
    "backgroundLoad": [
      0.02794024531134769,
      0.13534398453855326,
      0.2971394399354515,
      0.002750788675451543,
      0.1975328617759564,
      0.0847880092300139,
      0.02144820482198233,
      0.15909354965913994,
      0.21403527411953824,
      0.1430914668003788,
      0.17979149915861245,
      0.012901977344674742,
      0.06606441398144863,
      0.24407974544631172,
      0.23787133186592402,
      0.1046414296643003,
      0.29236281152288895,
      0.11171577739787203,
      0.14171995630926265,
      0.17125239479947504,
      0.27501934577157455,
      0.06184746289059418,
      0.06856808902918266,
      0.13592518218794106,
      0.25212223092129354,
      0.20702582053635973,
      0.1668027308402984,
      0.08499649676730156,
      0.16131571320219562,
      0.197218003168086,
      0.24095387164632354,
      0.04238610008714544,
      0.275411050205575,
      0.17367436292617822,
      0.05314712231920036,
      0.22899583212876548,
      0.18863824871593046,
      0.09624909621464067,
      0.07360701323581391,
      0.003068717822803213,
      0.19711549827604802,
      0.1831222936529601,
      0.20576137511238815,
      0.11911608169037957,
      0.18728360216992188,
      0.1927646984958579,
      0.023972358389886005,
      0.14159863160558975,
      0.24609226487174252,
      0.1676661721519924,
      0.17779029758409834,
      0.19867698177936344,
      0.0627597890608503,
      0.038671486559038966,
      0.2613373417555637,
      0.08168074323774595,
      0.0889822129662093,
      0.22156531435809512,
      0.259391100590163,
      0.14411749323166853,
      0.043676164995673845,
      0.19956782760115704,
      0.04349075400796697,
      0.15941824287157982,
      0.10882570864618436,
      0.06325215468263261,
      0.23433723177713328,
      0.005708585849618774,
      0.045081914199238245,
      0.06881822308236744,
      0.19591414492309897,
      0.09894710891840171,
      0.16619596746426737,
      0.17396542914959504,
      0.07929279124751039,
      0.14520361935305934,
      0.012985698946839774,
      0.2127078656379748,
      0.15848681630836453,
      0.11805098390436633,
      0.00789270115772992,
      0.0639045541387917,
      0.007251288161451741,
      0.2511776391256463,
      0.21944487196321386,
      0.23870608869041982,
      0.1418822263219174,
      0.29141962540203054,
      0.2204945280374194,
      0.2239981307712316,
      0.22490075611603538,
      0.09046846141531767,
      0.10436263593343399,
      0.2446450032077325,
      0.07608733913543546,
      0.028412120460453258,
      0.23001089522086732,
      0.14882158342912152,
      0.24431021608975484,
      0.1552281227908309,
      0.2887688623891672,
      0.03860966918350917,
      0.11790223076595466,
      0.11763435751201351,
      0.051961371377848786,
      0.09297588714669029,
      0.29096336917061166,
      0.22364748536365345,
      0.256147019966798,
      0.24706223097600802,
      0.09846427925699187,
      0.04911361654812013,
      0.1205669503288001,
      0.14874607001829868,
      0.21147269909686242,
      0.28957938095562974,
      0.030507198013854597,
      0.2628556772197092,
      0.06186815207311137,
      0.15223401783125448,
      0.2650582540650843,
      0.05933110078620901,
      0.06602050553433282,
      0.19780182569283586,
      0.19340429166538967,
      0.05589546140073452,
      0.04836810094826893,
      0.23142720916155923,
      0.16730716065664444,
      0.29647499535874505,
      0.043086631926822556,
      0.060190165162284176,
      0.16824734480043926,
      0.24806982659009819,
      0.13357514320699918,
      0.13309046912133993,
      0.0883318200917174,
      0.2988568479750921,
      0.21694407650166916,
      0.2856542702291861,
      0.18356447379059868,
      0.06542082005287976,
      0.17852392312383766,
      0.14992589802543002,
      0.07007387685830625,
      0.20315704613478358,
      0.2620897716713787,
      0.28099344691705136,
      0.2548888351893645,
      0.180500558585897,
      0.20384506731751792,
      0.20751073152089403,
      0.29304729445843025,
      0.2577636183697627,
      0.17490019580611885,
      0.12179871431193899,
      0.1582971454046654,
      0.18401257765622578,
      0.08470177742729551,
      0.12442359702564272,
      0.24690582447886145,
      0.20653840538809398,
      0.09156046980139253,
      0.019030224377860495,
      0.024697005546994954,
      0.14939275256440124,
      0.07453017254336525,
      0.263091900130649,
      0.2992627575959873,
      0.18287790145138622,
      0.1497069523845438,
      0.18861303140777744,
      0.23329563094886582,
      0.22045514213717177,
      0.28577893059917,
      0.03425739378465655,
      0.10759076692373412,
      0.2738280855989407,
      0.25571381345592414,
      0.17241229200360098,
      0.2452979501639062,
      0.15667230017814596,
      0.06883720874362417,
      0.07921130317388507,
      0.28120690127402637,
      0.07784087487228314,
      0.15136319775391507,
      0.0014826261458451228,
      0.2685854582328842,
      0.17912680989438037,
      0.12575851978245575,
      0.11212330566891067,
      0.1418827608004535,
      0.06323392147465626,
      0.20303097860179922,
      0.17057474429833272,
      0.1374159404723551,
      0.1811317192410399,
      0.12776777328084682,
      0.1306384941420288,
      0.10353737206302319,
      0.19691782997455107,
      0.24470685170100828,
      0.15999396635662017,
      0.08868943339189865,
      0.10046143570327692,
      0.14982719143363274,
      0.01799271107636805,
      0.23843146410014915,
      0.24990320086496676,
      0.16555796591893432,
      0.1214682696779777,
      0.27725530251000835,
      0.03860920236544061,
      0.12951317589821867,
      0.06311072668395805,
      0.2937871656126258,
      0.17992721115836363,
      8.195577869546277E-4,
      0.1644072661066435,
      0.25315169984408753,
      0.0811242545246613,
      0.09889471158849346,
      0.29557917556123875,
      0.2188302157950021,
      0.07550406111446432,
      0.09736746070948407,
      0.16618734002203261,
      0.16504855261390539,
      0.2588071664538315,
      0.04881414078438333,
      0.18372002277145424,
      0.0441047902810061,
      0.2668581857821831,
      0.007493350505274166,
      0.12329604967447622,
      0.1540069636818852,
      0.04607535269568012,
      0.2172604063388365,
      0.1660285286248722,
      0.13717301764712,
      0.289432605439111,
      0.1378602417294044,
      0.016859043955071984,
      0.09250758867653247,
      0.2537977285550975,
      0.18041380054540243,
      0.032445541901065446,
      0.0441653451466752,
      0.04968168648860709,
      0.13042393704334967,
      0.10017892109831486,
      0.2253530234587996,
      0.1774578729669051,
      0.2951621239856281,
      0.2484506699484078,
      0.18526428058686636,
      0.05083165480284039,
      0.28405399326770614,
      0.10296363884462247,
      0.15224848832650073,
      0.1865339750529686,
      0.19259817997219766,
      0.27139230854313245,
      0.18728038165911307,
      0.24931939621851568,
      0.29942892529606313,
      0.13555216646268803,
      0.2574705812317638,
      0.17806843960677285,
      0.1953859881291807,
      0.2544510663316807,
      0.15199901496134247,
      0.17948243098736116,
      0.1121833642948094,
      0.18778240194404924,
      0.05392415964654603,
      0.2475344785759121,
      0.0250752565987695,
      0.09089687947428278,
      0.10123581551317247,
      0.042484537400588,
      0.1701035921012078,
      0.095941539328747,
      0.03959001560883269,
      0.17515148333192238,
      0.008408444163837903,
      0.04625731134407277,
      0.13612201584114414,
