{
  "horizon": 720,
  "granularity": 1,
  "priceSchema": [
    0.198,
    0.198,
    0.198,
    0.198,
    0.225,
    0.225,
    0.249,
    0.849,
    0.849,
    0.225,
    0.225,
    0.198
  ],
  "agents": {"h1": {
    "neighbors": [],
    "backgroundLoad": [
      0.23298543885689205,
      0.24980358219834783,
      0.19754631860720137,
      0.06827232033988063,
      0.0919695027892685,
      0.25389432524796895,
      0.02745109947938614,
      0.19992170242164642,
      0.19065744849377447,
      0.05776038584786036,
      0.1100287353993085,
      0.19093005498416404,
      0.010783840619641593,
      0.23455377001071437,
      0.21046883092290428,
      0.06620694759596966,
      0.04829676175262213,
      0.1531470667604403,
      0.16532584689827504,
      0.0021367151296050046,
      0.17641052094545354,
      0.17031257334968697,
      0.06520607273779024,
      0.2592233071111861,
      0.2720557394084998,
      0.03974322763060021,
      0.21265608306430786,
      0.21909675744404675,
      0.09516859669492134,
      0.2890965615818374,
      0.17071468905448242,
      0.11034603640348424,
      0.06709737275231793,
      0.09920187745582294,
      0.20014288651981557,
      0.18370629559901275,
      0.029752651774842397,
      0.2897827482155281,
      0.02839830724383133,
      0.27116129578136633,
      0.0906537654817138,
      0.15163080906761048,
      0.26705720937156263,
      0.29655375474776213,
      0.009888126857836032,
      0.21251281584604947,
      0.18650643454010699,
      0.22839467965822047,
      0.11801054994151232,
      0.0568274432516907,
      0.24172799250597687,
      0.21877533790836684,
      0.0994577676223099,
      0.04290163373045153,
      0.21742987203973127,
      0.20546736747822564,
      0.17386077078813453,
      0.21472124615737667,
      0.26093204555330285,
      0.04320000979559001,
      0.2916617943178685,
      0.184936245930747,
      0.06099207324568157,
      0.25907467326516653,
      0.18809356238147815,
      0.03871989356070212,
      0.2800299075169012,
      0.07362185016041013,
      0.2924696478434526,
      0.25643562700440636,
      0.16009755418936256,
      0.14148646785138788,
      0.09783660160938086,
      0.07565580070830281,
      0.01819008501379946,
      0.29526081060375575,
      0.23005709550266415,
      0.010338630726280185,
      0.006575406916448812,
      0.28968827687105414,
      0.21662294055463752,
      0.09236733794921827,
      0.09560276682571946,
      0.09933444754826669,
      0.05737215645617311,
      0.18203972829289075,
      0.11350417476812079,
      0.05567650873906944,
      0.27175550011835825,
      0.20318581827413215,
      0.16767956174172063,
      0.043473054801197404,
      0.1300225929563002,
      0.2817760200481087,
      0.141568093376712,
      0.26940628625247315,
      0.012053713793366005,
      0.09022314954999695,
      0.26150747190000784,
      0.2718730629952229,
      0.0667157471822724,
      0.2868462166350084,
      0.16723457359443586,
      0.2968404108844493,
      0.20766736173727743,
      0.12848103288916027,
      0.21284572007054556,
      0.04138730842336686,
      0.1380721238863697,
      0.1506082718097389,
      0.2859390525656777,
      0.04663043747889793,
      0.19415612606859398,
      0.2972347923939695,
      0.15253857292533976,
      0.018236270832865564,
      0.04114441598739602,
      0.22168558899108817,
      0.15505454777789834,
      0.13558747753976813,
      0.1032676639635098,
      0.16613960460255098,
      0.19290304202172723,
      0.19502931985947794,
      0.22687407606780535,
      0.045568591741897015,
      0.2611715524846923,
      0.06738366427224124,
      0.2964965413243964,
      0.13732698427816972,
      0.2618804150147775,
      0.1946271401869635,
      0.02022014892389339,
      0.24528849552549442,
      0.10260834839760993,
      0.024685355696805255,
      0.22874784966056888,
      0.15327127948880453,
      0.09070589084689448,
      0.26871233120036353,
      0.02288408597712802,
      0.2969748772713387,
      0.2589570712043518,
      0.1906136946918293,
      0.007659711776003785,
      0.22364037908964438,
      0.295438621241152,
      0.09397183965921058,
      0.11108711439735282,
      0.13075077572746277,
      0.08832295924725571,
      0.27629425372605165,
      0.06595574057705102,
      0.19562118873715914,
      0.2457405826768974,
      0.15633274400800942,
      0.030381328557378226,
      0.07231034457661563,
      0.13324042596650418,
      0.29950889263848374,
      0.18662511361130335,
      0.08574257683316074,
      0.12517699005668614,
      0.27968850521704564,
      0.15374604443837428,
      0.1073435694175889,
      0.011767662326836792,
      0.03175076263972743,
      0.1776036775941095,
      0.023437324877571806,
      0.09684457014231591,
      0.21936048382768256,
      0.2840149627830977,
      0.1957677773652104,
      0.023638616359739295,
      0.29136166031870636,
      0.25854648570927385,
      0.1519795387045025,
      0.15674148870877214,
      0.23431321469815725,
      0.05741426480239764,
      0.08267675542335376,
      0.05846755943734278,
      0.29593652754656247,
      0.2911327479881834,
      0.03898481489048609,
      0.13042087710756523,
      0.17198584471945522,
      0.0625758094088604,
      0.15818870851862946,
      0.09028169522660563,
      0.19805403468181396,
      0.007404118556928251,
      0.22949805712768673,
      0.19441605988153135,
      0.20462375355453766,
      0.04297172597059155,
      0.26191459704286135,
      0.2822247767303641,
      0.04664156325066421,
      0.05361532971393494,
      0.13731761034683482,
      0.27180056596328395,
      0.15630517915122222,
      0.20689086638321735,
      0.20166510890781403,
      0.27213913043984905,
      0.02268796011605124,
      0.04328124611072257,
      0.009011675994207756,
      0.21835694598893537,
      0.08524965860258343,
      0.12567079390395092,
      0.05228640017365083,
      0.08958638661685299,
      0.16559917073066527,
      0.04587721234018519,
      0.12377851580323183,
      0.24454564967765602,
      0.21087450470320077,
      0.18471931230008856,
      0.032579504468122446,
      0.024099393171594586,
      0.08419011238364221,
      0.2789297131267426,
      0.17532512535541475,
      0.1388621689560083,
      0.12972402030619468,
      0.24054040903433876,
      0.1786502167740461,
      0.16414527012791566,
      0.1124163421539764,
      0.16010209490593064,
      0.16153743496120565,
      0.26662885779990586,
      0.18827279805961444,
      0.12471967633129191,
      0.08072601620744549,
      0.2708307971454601,
      0.015186167545729089,
      0.2304814266938327,
      0.10714945071374181,
      0.12337954382189377,
      0.1628658961645491,
      0.18187666108115824,
      0.0721888314515982,
      0.06960996706652645,
      0.18487215892866457,
      0.004393128919659683,
      0.08041539003863503,
      0.019609899842503973,
      0.09324700638784822,
      0.2294891256592158,
      0.2933524201110033,
      0.061759131392931016,
      0.03639104071506961,
      0.2772027458948712,
      0.18269821382644416,
      0.2895009614672002,
      0.033668454374371604,
      0.2103943803789696,
      0.18498463671414447,
      0.24041918156215863,
      0.010363896832182862,
      0.24293812603775453,
      0.03305353525180036,
      0.0315803720884118,
      0.23415246229560568,
      0.15438307180619326,
      0.23078891775297408,
      0.20367744679366362,
      0.2843502978394158,
      0.02321890048443461,
      0.0567621692932591,
      0.08386823678675698,
      0.1640874925046232,
      0.04423485024482999,
      0.1963776087824513,
      0.01883200355496999,
      0.20465501000821604,
      0.116880660302907,
      0.014592422818420913,
      0.14427003274919942,
      0.2489445535885525,
      0.08484912189089808,
      0.14435719313024256,
      0.014305597630025323,
      0.07385276383226091,
