{
  "horizon": 720,
  "granularity": 1,
  "priceSchema": [
    0.198,
    0.198,
    0.198,
    0.198,
    0.225,
    0.225,
    0.249,
    0.849,
    0.849,
    0.225,
    0.225,
    0.198
  ],
  "agents": {"h1": {
    "neighbors": [],
    "backgroundLoad": [
      0.12294179728310368,
      0.12848543270050886,
      0.16146953315050924,
      0.2527033689964406,
      0.21603235000037788,
      0.2844075224240518,
      0.1945645866305472,
      0.09576939382368306,
      0.18260635041280399,
      0.18281941792787595,
      0.09436071637885286,
      0.19421967400240364,
      0.1852362379852651,
      0.19648593785796195,
      0.21331179643969142,
      0.0413781261209193,
      0.19366607583142822,
      0.2197364717040425,
      0.07336715310668306,
      0.1443636185849901,
      0.027438195246915462,
      0.05243938585185448,
      0.19393821520680107,
      0.1652334893207362,
      0.1380009293829476,
      0.10704548368034345,
      0.19056188147921538,
      0.2434616621113176,
      0.07012895553954378,
      0.21572301843382416,
      0.10023168859220134,
      0.18663052843027603,
      0.05267715589584477,
      0.1786068864272015,
      0.2759102598848971,
      0.27091703062592154,
      0.028688312462786733,
      0.012416810911909259,
      0.11168740924467668,
      0.06804401114979038,
      0.05935230151493232,
      0.1802192881660368,
      0.2261676466331658,
      0.0407372241453095,
      0.23013200322209165,
      0.11361380445716154,
      0.2420104293579312,
      0.2018209249899581,
      0.29649715205783994,
      0.2776265359728048,
      0.20407561278957995,
      0.23217981058201473,
      0.06401258630625746,
      0.2579743191222901,
      0.24305485272678912,
      0.1040165302086003,
      0.20975043929643145,
      0.2028852746747343,
      0.09299087045600239,
      0.06562529752800379,
      0.21492032049449197,
      0.04315631901775763,
      0.18427957925187097,
      0.06488813276787353,
      0.18229260067790304,
      0.08073486884056576,
      0.24539235606080106,
      0.08701184454650811,
      0.02941445040706706,
      0.21440584125297016,
      0.2451701870310728,
      0.04992785936041287,
      0.17509399231322786,
      0.03600653497272636,
      0.16243516585110557,
      0.1303834685345306,
      0.06767051584870495,
      0.28216411144707465,
      0.17543094420927816,
      0.2546900189659458,
      0.1677054676823699,
      0.26328875888260583,
      0.23303812410161778,
      0.20965196048139048,
      0.11836999287480049,
      0.0380022284370564,
      0.018434276031963646,
      0.22165440765863703,
      0.2885636554551405,
      0.1133944089836086,
      0.14279342366136002,
      0.25600403194132865,
      0.25367778927231827,
      0.06607994427593884,
      0.2850418065895539,
      0.20199267960295572,
      0.17308582174058096,
      0.09913425136668716,
      0.1335226655689925,
      0.27543711757961165,
      0.07897043896776747,
      0.08512828101553331,
      0.10708144369025686,
      0.207970558173261,
      0.06942321998939537,
      0.01411852277643747,
      0.006192227706380581,
      0.2517886346556689,
      0.20015726266761627,
      0.023450444117748326,
      0.03248372648750546,
      0.20432706337503967,
      0.2090421682207317,
      0.2066445650422016,
      0.16392706076136881,
      0.2832096063495194,
      0.11769793290791772,
      0.01719816377261486,
      0.013823026765063128,
      0.1948567198573077,
      0.26704339202261673,
      0.05515295048904354,
      0.04076020730590951,
      0.1217779181491431,
      0.12331638868020427,
      0.2163932271310743,
      0.2132674942762148,
      0.2570154041918969,
      0.1553532276966858,
      0.08335455214118227,
      0.04592273211936532,
      0.05429734332785567,
      0.28948253866598445,
      0.13297378192660766,
      0.2491891594158661,
      0.17731292592730827,
      0.23534444356170767,
      0.2526879615049536,
      0.26887973144060884,
      0.29834929943480204,
      0.20733466205053236,
      0.030789299237454847,
      0.20926073629149475,
      0.07689697419605342,
      0.005393678991126349,
      0.023555495745611832,
      0.12262426104344257,
      0.017332109587274457,
      0.18941095214051445,
      0.08013029042577899,
      0.22036567714492483,
      0.20760388272211083,
      0.26886307213748295,
      0.23339712423778775,
      0.03503204075851075,
      0.17541548150035824,
      0.07261800472156199,
      0.22915427596705873,
      0.15039559064912647,
      0.2839550369708983,
      0.06588867555324017,
      0.21224518153827085,
      0.22972638355509117,
      0.004496959058214922,
      0.15612342391299014,
      0.060663459983508715,
      0.11076809042117276,
      0.15059472310290442,
      0.06574657198691689,
      0.0336976871439628,
      0.25483060807139307,
      0.23989950792438008,
      0.1344799893643933,
      0.1460749685766413,
      0.15162034471179808,
      0.11212489202572419,
      0.01485400353580667,
      0.20090335068819362,
      0.039926561754795316,
      0.051509452852415115,
      0.09619826258268321,
      0.02079414021706839,
      0.25581728037289775,
      0.0025988554101015193,
      0.04113452939569524,
      0.15872563385653993,
      0.017864193629790925,
      0.24825783600078333,
      0.04547485128859436,
      0.10346178564242552,
      0.005947874432899147,
      0.12094560632227275,
      0.1714174195882011,
      0.22102191503030036,
      0.2734166536079579,
      0.2225553394878365,
      0.03968532237772817,
      0.14205844621650868,
      0.2617970790907711,
      0.09990642514147492,
      0.16872937801538102,
      0.1904765719111333,
      0.17049518087491697,
      0.2584603243428352,
      0.24945212584055795,
      0.0032145884418594783,
      0.2306209576381381,
      0.06935991204614292,
      0.0651842619819151,
      0.025252402663141025,
      0.051445717714611504,
      0.22867563566952653,
      0.2340137028812947,
      0.1874019727935182,
      0.031078430655138576,
      0.09859719332788468,
      0.027652397698136988,
      0.031669313249599026,
      0.17367546289135427,
      0.03473772088809104,
      0.10995203407527313,
      0.1545615105240314,
      0.12633381178624106,
      0.06028059487992151,
      0.010049956938448101,
      0.06819150736215304,
      0.03132821922389397,
      0.274125053785424,
      0.17042165168784765,
      0.2042368414290567,
      0.2098006566749412,
      0.043912025494013636,
      0.20058862326311788,
      0.009140201993985997,
      0.23154792253499037,
      0.006002986015731981,
      0.16307996568185326,
      0.08366310879929767,
      0.20018984858937805,
      0.25561176354339565,
      0.2970082426738362,
      0.15844565758796256,
      0.14831839978708034,
      0.2635071161902356,
      0.17615883899170998,
      0.2524218038892894,
      0.15200078212935017,
      0.03280587086708346,
      0.0043090474662769935,
      0.21795994856644182,
      0.12420093726225928,
      0.07683786928883425,
      0.1432192986591786,
      0.09145446456956073,
      0.014296870077542144,
      0.2269118402633268,
      0.22165805613583606,
      0.27800437247191606,
      0.267756814986829,
      0.0756023432427099,
      0.17232061702225035,
      0.08731008013000198,
      0.2257315700726897,
      0.02834785479934999,
      0.20086658196391488,
      0.25861509141885636,
      0.07950617299898098,
      0.297793988994652,
      0.06694683277120056,
      0.21939020041326676,
      0.2207445505255598,
      0.07707643640630207,
      0.19048477081583182,
      0.2817734614735392,
      0.26215338920625253,
      0.2537114118585821,
      0.02983920981574345,
      0.26957468247459676,
      0.1492698126745763,
      0.13041243407084777,
      0.19071971878713714,
      0.13721976234612826,
      0.04656434238181859,
      0.009092752893516376,
      0.03166440625077782,
      0.04811787900656887,
      0.2753110018163791,
      0.13023624380386983,
