{
  "horizon": 720,
  "granularity": 1,
  "priceSchema": [
    0.198,
    0.198,
    0.198,
    0.198,
    0.225,
    0.225,
    0.249,
    0.849,
    0.849,
    0.225,
    0.225,
    0.198
  ],
  "agents": {"h1": {
    "neighbors": [],
    "backgroundLoad": [
      0.16852067732440915,
      0.18966887381452133,
      0.026355279043162306,
      0.2526627556908868,
      0.03128850606525807,
      0.14868774839297708,
      0.14321747373513224,
      0.23994940054141237,
      0.1671982071005529,
      0.09008452183277756,
      0.02039072389554959,
      0.10960918235749621,
      0.1975680789403784,
      0.10890807611292051,
      0.13445692052761274,
      0.2990186033852966,
      0.23163605219866715,
      0.03486039571866486,
      0.29236539433767905,
      0.28639100438104265,
      0.03746746808306676,
      0.13568067687045499,
      0.25547174238738735,
      0.07389231786136233,
      0.22142544497066263,
      0.28792824696329483,
      0.10113088139361255,
      0.1875595694103502,
      0.2185148052528098,
      0.07319796596912,
      0.08126323290731204,
      0.056165271404728136,
      0.08816532052334285,
      0.08960825719246633,
      0.07591966308379569,
      0.20990253539684425,
      0.18399742194727983,
      0.23646263391866063,
      0.15979726426709281,
      0.04395294289811948,
      0.2024605799753274,
      0.14850443190453852,
      0.01619635516983293,
      0.21558481051538086,
      0.2340732757070219,
      0.15885604164404418,
      0.15772184462992622,
      0.250415540358951,
      0.07006650982682756,
      0.003896061550995877,
      0.16036596550367044,
      0.2743298610561888,
      0.1917605447865122,
      0.18856430155763504,
      0.08058524109954818,
      0.01191990895755064,
      0.15521591202581367,
      0.08549961269919774,
      0.07626676481045423,
      0.0845733564914809,
      0.11319732381414913,
      0.09898324775427897,
      0.2204633823929032,
      0.033648652937582846,
      0.20732608423631635,
      0.2220012705829113,
      0.01423604928126907,
      0.2590283202725316,
      0.088081135473099,
      0.26359143514354294,
      0.1267513445460455,
      0.011980825804654838,
      0.2894429408146188,
      0.1756785439116227,
      0.03797450529461249,
      0.2351787128552367,
      0.1942140777677746,
      0.26111441016998704,
      0.16925253940887852,
      0.11027713264873998,
      0.11381687280000023,
      0.2879173871669675,
      0.2916399400823351,
      0.23322469306520355,
      0.025845218538802905,
      0.028535777500986112,
      0.05808005381842471,
      0.12375001132521275,
      0.25071976005186425,
      0.1206475754544032,
      0.10702955318020034,
      0.1105308850449069,
      0.051844462239836686,
      0.05915949940621679,
      0.12144232690845809,
      0.24438358988399508,
      0.25765684799094957,
      0.2545246989250917,
      0.09308039279779352,
      0.25203141696206843,
      0.04829290807604079,
      0.1260071231738143,
      0.2811607520624807,
      0.14086629769775363,
      0.0678895430151709,
      0.26637472955932606,
      0.16799447668654185,
      0.11677455212583987,
      0.0478133334829129,
      0.24033181190545058,
      0.14180512180812624,
      0.2607439205922863,
      0.05070080343281835,
      0.2672750059560319,
      0.2803543760906339,
      0.013492008490681983,
      0.2849459134331488,
      0.20148802966669244,
      0.021401567836798495,
      0.22146074690000758,
      0.14938690587974332,
      0.08060031075619123,
      0.1561388261769905,
      0.19677700840052584,
      0.07496480112271486,
      0.14931814012090566,
      0.08587383929059088,
      0.07833563312419144,
      0.24640579344904184,
      0.03138426710133818,
      0.007858607794447026,
      0.12684380656229508,
      0.14178225178519543,
      0.1503556224938137,
      0.20166027708064682,
      0.023913121243321667,
      0.04781433037397973,
      0.1670111767512223,
      0.21338735024264638,
      0.2264956652493338,
      0.11090676092185874,
      0.0024308429009255892,
      0.03121532819101016,
      0.1659366981091996,
      0.1225884744971637,
      0.17529550020039464,
      0.2666839978046154,
      0.16199885525249583,
      0.1279117575315162,
      0.06863306049332041,
      0.24749503612656845,
      0.16257274226092963,
      0.22541387546169006,
      0.25641938098488637,
      0.10230159197014636,
      0.10689234445185533,
      0.277724114047728,
      0.13010315517797436,
      0.1788046405708299,
      0.13703803174823706,
      0.11729969749890569,
      0.26305062787604216,
      0.0976355938082568,
      0.10910066597473074,
      0.14357705675300925,
      0.17459908015927125,
      0.10558214410041335,
      0.2917820136758836,
      0.23057685463838595,
      0.25275857309268024,
      0.10607368967910878,
      0.0819409783522246,
      0.13587133759263129,
      0.23846103754384107,
      0.06308265989162566,
      0.002946964095431237,
      0.14600659165452376,
      0.05806755518016022,
      0.2790428354945268,
      0.17370910164464973,
      0.07950636086638185,
      0.12114764685567994,
      0.2566556392672162,
      0.2998649229845935,
      0.09300057444679025,
      0.04271034641439576,
      0.1733397438413585,
      0.28841710124076925,
      0.29312333538184165,
      0.11070327780745512,
      0.2230183368254427,
      0.10561342530636426,
      0.033545654086315345,
      0.13892966664599282,
      0.009921092667277831,
      0.054454400627392284,
      0.13740548259151117,
      0.14164094387976986,
      0.2076132301911263,
      0.137162299385545,
      0.053460521057516176,
      0.2513438028579477,
      0.29209940320017663,
      0.20004105790787902,
      0.12780933003479708,
      0.01171483056419682,
      0.16879329347737373,
      0.18770301707894815,
      0.24780446708858864,
      0.02183354094739669,
      0.039918801465516573,
      0.07464618800782565,
      0.24782148360658612,
      0.045415664127469814,
      0.05682596691301506,
      0.21818156544488468,
      0.01647270326609822,
      0.11306090149542714,
      0.084821602687292,
      0.12474924551382674,
      0.26813659935497625,
      0.12948612786714486,
      0.05849485997602853,
      0.17551136497087325,
      0.10967842208502819,
      0.09858324967486873,
      0.05670000996762507,
      0.1796401906004061,
      0.02916564238044439,
      0.006181380090215527,
      0.2037594775535722,
      0.1107495346578604,
      0.2610179157738375,
      0.06986410959531861,
      0.06485379192346664,
      0.07067978752565339,
      0.08088056045716689,
      0.22464408705701247,
      0.185211094920652,
      0.29733438311820287,
      0.025869326830102724,
      0.19113964537513586,
      0.11331751887263268,
      0.03114940830875663,
      0.28998110527351734,
      0.13996517440606912,
      0.08422625690686507,
      0.21169284316944062,
      0.17859559435922684,
      0.05075430682188773,
      0.29627270831265057,
      0.1876514283271883,
      0.005913398886376764,
      0.11322590855665869,
      0.042397823415547986,
      0.17731687145536845,
      0.1837466277825407,
      0.27109233951729145,
      0.19030994948092786,
      0.15709649608730644,
      0.2056317147565766,
      0.26264161235140365,
      0.2030713785180137,
      0.21376249687143653,
      0.14881491165284325,
      0.15611210691181654,
      0.05310018505649997,
      0.2038878813110043,
      0.005547190574389138,
      0.17816087629667754,
      0.11071306201709431,
      0.04267501794567188,
      0.10869054407688153,
      0.14874701136853555,
      0.040429740082127116,
      0.29599203224291687,
      0.19234391898090145,
      0.015881951430683626,
      0.23745209817715174,
      0.00861509650366451,
      0.012393182980892791,
      0.036824328843978446,
      0.05679253607539836,
      0.09885742992685283,
      0.24903767697013043,
      0.10987242628631881,
      0.01753271556102661,
      0.2411732924641477,
