{
  "horizon": 720,
  "granularity": 1,
  "priceSchema": [
    0.198,
    0.198,
    0.198,
    0.198,
    0.225,
    0.225,
    0.249,
    0.849,
    0.849,
    0.225,
    0.225,
    0.198
  ],
  "agents": {"h1": {
    "neighbors": [],
    "backgroundLoad": [
      0.2587371785798226,
      0.19405968495683187,
      0.03323903640756985,
      0.008147998430345749,
      0.08593119568361542,
      0.280526176929262,
      0.05160873127536066,
      0.20994199856248832,
      0.09097340923547989,
      0.2201378492401869,
      0.09930163120230036,
      0.14297801691901418,
      0.24815603810276654,
      0.2908428589711072,
      0.15538597114604236,
      0.2577402827933954,
      0.17803820460255274,
      0.24847559353725585,
      0.00909699420731871,
      0.10261588627634573,
      0.11773258960066266,
      0.13870087321675476,
      0.03859027725784013,
      0.14511443193600015,
      0.16366084694739025,
      0.26672605447458464,
      0.11803693772036239,
      0.28364171518556647,
      0.09912344256857378,
      0.05170225830039725,
      0.15988962827323452,
      0.16553978340343567,
      0.11745516455588953,
      0.1822273659003261,
      0.23353836847148116,
      0.08180441136357784,
      0.24835648516175557,
      0.06343232463681509,
      0.19551184588265078,
      0.06447125504047486,
      0.06191105093684246,
      0.11116723357444515,
      0.25318823740982055,
      0.17642577328723155,
      0.13476050302736317,
      0.0257134723059942,
      0.26500587357088773,
      0.19622679450856464,
      0.0295542974398287,
      0.24760661097851827,
      0.12199040091798535,
      0.059488645857343266,
      0.11921239432427257,
      0.10379305355501696,
      0.04746985329499789,
      0.06521730257053059,
      0.17853634581140435,
      0.0513214565658588,
      0.07160874450129284,
      0.18713945400460347,
      0.28836419335132724,
      0.22155567298114062,
      0.20720364153783702,
      0.14098468392367555,
      0.06563050621711938,
      0.18721319513135964,
      0.09001728367531296,
      0.21801497062402572,
      0.15312585726262337,
      0.06070277436510709,
      0.08130952779925903,
      0.20577029039364678,
      0.10131665372853581,
      0.02710360065551476,
      0.25951419249550167,
      0.16529584297549862,
      0.23666428942302162,
      0.03266780623291727,
      0.14346234688485468,
      0.1710554497029026,
      0.23840561301750654,
      0.19414163271597182,
      0.24544143998076395,
      0.1493507618687528,
      0.15083737451197796,
      0.027846996374664944,
      0.24088284529582565,
      0.18384016921716284,
      0.2535351929568522,
      0.11467704854225291,
      0.2051973399425366,
      0.15632282723115073,
      0.15593105316108083,
      0.14718018127032864,
      0.19922802233007392,
      0.03937615606500382,
      0.22785066899233325,
      0.14600883895284142,
      0.28835700186539176,
      0.13485360475117975,
      0.24234293068870297,
      0.12255648824733582,
      0.03074271078557429,
      0.2968557185560496,
      0.24902321698747293,
      0.288933677666554,
      0.28208501905178796,
      0.19752453541204665,
      0.2935925742760951,
      0.11140132333670107,
      0.2796538711141787,
      0.20644525217177936,
      0.26775355800022727,
      0.12490423409452162,
      0.05482267602474922,
      0.0014016561015128715,
      0.14341554637951348,
      0.053027529112448124,
      0.2503491850622031,
      0.22942492556332067,
      0.21118886213988236,
      0.04603843136546606,
      0.04532271183650855,
      0.059423442987724104,
      0.1754916903948059,
      0.1631561768420242,
      0.09922131579251771,
      0.2712744381929915,
      0.115059283064391,
      0.005155033950184229,
      0.161563308744025,
      0.2555443161818897,
      0.1361691625909206,
      0.2662712742521419,
      0.08147263705163145,
      0.0659531293263544,
      0.21822606615880893,
      0.16824526932053782,
      0.13926108807079524,
      0.07463507882164129,
      0.05939222466569774,
      0.16168825217457394,
      0.257174286016743,
      0.0663166618277096,
      0.03999838934845842,
      0.2746123259415909,
      0.248636292212992,
      0.15873624481804524,
      0.0969534999489849,
      0.030903148237256317,
      0.15685079241954844,
      0.07422389263285041,
      0.28890763632150296,
      0.07647262694617796,
      0.14520197114360497,
      0.17372026490187947,
      0.12894019752000466,
      0.08461343635259695,
      0.0020080213944904447,
      0.2084883236360446,
      0.1896665712714084,
      0.24703798531148444,
      0.22661738081316626,
      0.11230034251595665,
      0.26448254076195904,
      0.29321411473593684,
      0.02168837815034137,
      0.2565034689851405,
      0.22007101569009874,
      0.007170305767723017,
      0.19479418644129656,
      0.055368098058267125,
      0.18291285247629846,
      0.08145297960045239,
      0.06973011202611007,
      0.03817506130194718,
      0.2639815035798046,
      0.2987027587329689,
      0.20952860349588656,
      0.2053842590411629,
      0.1869796890249674,
      0.14002669026290454,
      0.2816034452195504,
      0.2684769582956413,
      0.1847234567341802,
      0.0702783733630143,
      0.03825465409081389,
      0.18492514554474646,
      0.04263625109030509,
      0.08325026418038349,
      0.09105237523844259,
      0.01137666152827188,
      0.0668426787756906,
      0.06805885584472607,
      0.17784462480302987,
      0.1925766372753201,
      0.2817464444311376,
      0.2587572623748839,
      0.15613388808621168,
      0.12562655385184435,
      0.09743225432738152,
      0.23941784609869426,
      0.1503002948707756,
      0.2344445311024362,
      0.23893653795448522,
      0.05104934054037177,
      0.16522786128960285,
      0.032410802950681904,
      0.24312647718983524,
      0.28142009634944365,
      0.2536448745498276,
      0.03854657101441974,
      0.0016370167307021232,
      0.1602838367894088,
      0.19308673612582544,
      0.006598416013377939,
      0.028888702504035944,
      0.048980806125250555,
      0.14130394777363467,
      0.0666594754713136,
      0.18358993861825257,
      0.29407258948516146,
      0.006078472450746208,
      0.1638025681578026,
      0.027999620911045717,
      0.24565193839439334,
      0.13341940755007883,
      0.28791573422283384,
      0.02601084563455335,
      0.21056663562500166,
      0.040487775146637796,
      0.09941706577718688,
      0.08846099126612336,
      0.2561160500481228,
      0.2680949633327858,
      0.15459786966589714,
      0.07910597519021785,
      0.2531988376584657,
      0.007950885489056769,
      0.2183375367782762,
      0.007491358559607919,
      0.18280704097586659,
      0.05137872579853403,
      0.29941561038483605,
      0.054490300223124684,
      0.17553158819638273,
      0.22387914601475906,
      0.10634511412761334,
      0.29501112232935367,
      0.24275266271850568,
      0.2610129471174974,
      0.08880239677150414,
      0.28578792059261066,
      0.1416470832428653,
      0.2377194972302253,
      0.13413732896815692,
      0.22138128783395042,
      0.23331960076920127,
      0.2145025454508532,
      0.13471017626850323,
      0.10867641175882865,
      0.0969436657663231,
      0.13813881568056552,
      0.13365839598726442,
      0.07998242903068807,
      0.03473614059051031,
      0.24718523975995096,
      0.22768701422017457,
      0.24757972216259622,
      0.11122009891078523,
      0.03227488783834937,
      0.2978330281704731,
      0.1670701530629554,
      0.21770449978927794,
      0.15566796691938928,
      0.18373993340174027,
      0.028138614386040928,
      0.19725040192914703,
      0.1135145883764209,
      0.24823738393051598,
      0.27857000442200364,
      0.12699263878138584,
      0.17467015508911246,
      0.20467834663617185,
      0.21005113336113215,
      0.1253344173463256,
      0.17185206381066823,
      0.06318980375275944,
