{
  "horizon": 720,
  "granularity": 1,
  "priceSchema": [
    0.198,
    0.198,
    0.198,
    0.198,
    0.225,
    0.225,
    0.249,
    0.849,
    0.849,
    0.225,
    0.225,
    0.198
  ],
  "agents": {"h1": {
    "neighbors": [],
    "backgroundLoad": [
      0.2674399348761615,
      0.080428213122994,
      0.14370972565715093,
      0.1660345480258131,
      0.0594701070496358,
      0.21671197917626941,
      0.20443846693409656,
      0.013576522802228519,
      0.09857202693163024,
      0.1493746024488527,
      0.210227235852751,
      0.1491223781176841,
      0.2972651991509758,
      0.18075751088577513,
      0.13132915510752693,
      0.0013902126099792687,
      0.06580633212228083,
      0.15629387661473018,
      0.05488334113816835,
      0.1095442191668798,
      0.28181185810410886,
      0.2211050824573835,
      0.2033443593259504,
      0.03692767211444994,
      0.0064424837717348415,
      0.11859114214348238,
      0.13847646411964257,
      0.06275176870879091,
      0.007065372019441107,
      0.22782520705688247,
      0.2297262223441377,
      0.2141191594086557,
      0.12727458075594958,
      0.2035433999710435,
      0.09809410765280169,
      0.28200619735951593,
      0.2613257100814343,
      0.11688307565793787,
      0.2515083210788089,
      0.2121289275806612,
      0.055798532437639846,
      0.22506876678072937,
      0.02238057139574272,
      0.26005180636059017,
      0.08745801563707269,
      0.004570846703231157,
      0.08101012086167364,
      0.13671844427488136,
      0.056368466259227465,
      0.03265005106842445,
      0.03678457803718039,
      0.26671833377116044,
      0.21930308016370517,
      0.13789935497296418,
      0.2248049306304845,
      0.04274069771458666,
      0.2777571694558499,
      0.28928207730688477,
      0.2560159804227393,
      0.0717050218682147,
      0.25809874142459716,
      0.16729566403969023,
      0.2784103181370596,
      0.1363267363945558,
      0.1040171295847204,
      0.10728787173515854,
      0.1796990537071448,
      0.043763774208078476,
      0.23462950269672844,
      0.11109672797736765,
      0.09495216693062654,
      0.2829193763774145,
      0.1740820031412609,
      0.05090877873499663,
      0.2100280092343035,
      0.07341596817210229,
      0.10406842160862116,
      0.11333989385080823,
      0.16611354221858585,
      0.06438298408763553,
      0.18203553496033562,
      0.17949568458114132,
      0.10554224257050246,
      0.25664343590098504,
      0.2775725636871707,
      0.1681884529211634,
      0.29553712239855234,
      0.008013179548761995,
      0.2622421706764803,
      0.13362233419814454,
      0.1290562787306021,
      0.008222229667793757,
      0.19787707813674488,
      0.02506786893017483,
      0.11788765139570352,
      0.12296735456100384,
      0.020736866179359457,
      0.1325624194045353,
      0.07703861468768815,
      0.29762078364357486,
      0.2868514141503107,
      0.28060469719846215,
      0.03727114374357001,
      0.15412364760148103,
      0.08910730212325714,
      0.021861722091786162,
      0.19053743627847022,
      0.20365029430018303,
      0.0898358385239523,
      0.047910669859577794,
      0.18009350080634262,
      6.475099493798985E-5,
      0.18634257319116757,
      0.2898793297678056,
      0.28477045554985503,
      0.054533241710862136,
      0.09361221679566928,
      0.09259910911102856,
      0.17623540776183733,
      0.22716796388041968,
      0.2909926879348752,
      0.2449558401279403,
      0.04021132806601043,
      0.061443888431105625,
      0.24852516337836145,
      0.25298237204196483,
      0.18864213421967996,
      0.011835079937442728,
      0.22878592997842184,
      0.016541465342002147,
      0.2590975957705625,
      0.23460243809349465,
      0.04533068117810356,
      0.13268143361536136,
      0.02437081383186961,
      0.0556675619156799,
      0.2443968756155977,
      0.2518627834244777,
      0.028242210274435863,
      0.2948642277439923,
      0.24180091567145107,
      0.22322022386610704,
      0.18818420672158462,
      0.04069896772276536,
      0.12914046148267194,
      0.08539271047136138,
      0.2526021799000328,
      0.26825739157760625,
      0.13624939625281013,
      0.2170205260070998,
      0.11032557970253282,
      0.21046862832138183,
      0.13731337328872614,
      0.18470801803123083,
      0.03394533526875052,
      0.11323128661282712,
      0.03867698710634527,
      0.09167921764149704,
      0.08190527392102646,
      0.11872046110406691,
      0.05254558036426852,
      0.08134760507236445,
      0.13641155291878113,
      0.2296382593938,
      0.22993715094524703,
      0.19641659963438857,
      0.246789769189569,
      0.2985263517548083,
      0.033160065764283396,
      0.12131038189494342,
      0.21505662683723317,
      0.017262525071471847,
      0.17132149402386113,
      0.2920109780530031,
      0.2902449363494541,
      0.2795073588689091,
      0.13558022846534104,
      0.10461365295301937,
      0.17559998391176662,
      0.2736865316636676,
      0.293144829438824,
      0.2829918106364564,
      0.061146669748767875,
      0.11635010454069854,
      0.0887808981647293,
      0.17115202728683038,
      0.055985922025896195,
      0.2909825324484297,
      0.27740848283083314,
      0.0427673857856386,
      0.01874519565081115,
      0.24243362031114257,
      0.27461614950694596,
      0.2664570365863313,
      0.12765039020694877,
      0.043542595418365394,
      0.031156341822499444,
      0.2793312789090119,
      0.2618643887838326,
      0.21041776016663458,
      0.05031714444719774,
      0.16487112885645966,
      0.289910083969663,
      0.27611794191433486,
      0.23553737461749868,
      0.11227529196778514,
      0.1096075451344914,
      0.19690113561779782,
      0.0902138034724667,
      0.218200199029087,
      0.25260050143762136,
      0.1215519061801823,
      0.13930154014346996,
      0.016214831450178446,
      0.23972573256108304,
      0.10402909120203388,
      0.088483292116693,
      0.08783011497847272,
      0.061812397856692486,
      0.14800602267143068,
      0.28731614967710273,
      0.06772913236056056,
      0.15591577768907186,
      0.2827377131511215,
      0.005724314694307808,
      0.19896641942812088,
      0.12422857883800588,
      0.0522509589660146,
      0.02202701341846779,
      0.0937003661815696,
      0.07425667312163915,
      0.020813705317898244,
      0.14733072164602115,
      0.045518358560989736,
      0.11211195328354918,
      0.15471161690566212,
      0.16382158445159556,
      0.09064649216482192,
      0.2003809707731686,
      0.03206875996223733,
      0.23674871814020554,
      0.12906385178309362,
      0.19585897791706883,
      0.19481980096653836,
      0.2863358777337826,
      0.13357728931201926,
      0.12112862319713875,
      0.010117422235511719,
      0.10457519596425276,
      0.2475823956436516,
      0.0429611906646583,
      0.013528177557412467,
      0.08369591831569963,
      0.0040873795770826615,
      0.002741317838209789,
      0.04414203727542796,
      0.16880141430633336,
      0.18398932189898554,
      0.2747986054441837,
      0.10635559018033441,
      0.052148890810515526,
      0.1434791165346455,
      0.027616485904644817,
      0.10585244169288034,
      0.13833515035531133,
      0.2443022202047304,
      0.027121388194387752,
      0.1943577034660302,
      0.08425876848460814,
      0.0716812345867057,
      0.23674427244636573,
      0.039741959581164256,
      0.13486355922560017,
      0.12925695794560024,
      0.22296345169606477,
      0.0260434195931988,
      0.10731970085654256,
      0.2913800951207319,
      0.2288846427240076,
      0.16600380000872544,
      0.19766108229838936,
      0.2922945401450912,
      0.11893799384138362,
      0.14080820042322312,
      0.10694434481745906,
      0.154159377534574,
      0.13388363194696662,
      0.264992645387362,
