{
  "horizon": 720,
  "granularity": 1,
  "priceSchema": [
    0.198,
    0.198,
    0.198,
    0.198,
    0.225,
    0.225,
    0.249,
    0.849,
    0.849,
    0.225,
    0.225,
    0.198
  ],
  "agents": {"h1": {
    "neighbors": [],
    "backgroundLoad": [
      0.2656268914182921,
      0.13309612319026543,
      0.2974399860371493,
      0.24162980877393658,
      0.10840359491408263,
      0.04439084475338482,
      0.27856498531070906,
      0.21109499469350915,
      0.1063508066204137,
      0.279938712871211,
      0.03668281523355433,
      0.043489291900340434,
      0.18618897655753872,
      0.07520366374350348,
      0.13504826840839668,
      0.1784427791123707,
      0.23989882482686045,
      0.08223782341703054,
      0.13104542378212264,
      0.0353851561687538,
      0.20540697655983917,
      0.19323870724661,
      0.25077348554679996,
      0.267465534770485,
      0.09318038607816746,
      0.2942730080451337,
      0.07684177097562495,
      0.049740166822704934,
      0.16385847018060806,
      0.1601164680670947,
      0.11799764406151313,
      0.08379597019682328,
      0.05840862710555583,
      0.047076622674779724,
      0.151236401882155,
      0.258431996028449,
      0.011880014036480502,
      0.25159206277196355,
      0.2082039545274045,
      0.011129824464622672,
      0.2775186727932588,
      0.23796277515335254,
      0.24898298473660566,
      0.18950773285410258,
      0.19632450957264794,
      0.22853046870487498,
      0.2251712823023004,
      0.1662303050586418,
      0.02225115699709754,
      0.0073973335141384045,
      0.2435188393414737,
      0.08608476627937955,
      0.01698213157872609,
      0.04731976604306282,
      0.021733554564190193,
      0.22289784795963577,
      0.007285479938526451,
      0.040581590834203894,
      0.1874411015575512,
      0.06550510798461659,
      0.2092205703974843,
      0.07034389801855202,
      0.10342031823008788,
      0.05670312253311895,
      0.20353216768938598,
      0.20277494788750003,
      0.2342843928963111,
      0.045900506674756654,
      0.015611801342489883,
      0.11885617992347265,
      0.13707808875813435,
      0.019874846941166868,
      0.026817418737613508,
      0.11823944919918017,
      0.2150484413875694,
      0.09708013720943805,
      0.19726570152661788,
      0.018173771383141444,
      0.245505149422149,
      0.18765569466774643,
      0.16513076011663722,
      0.14323733743511421,
      0.2849052911824513,
      0.1822251474593234,
      0.16974922197090622,
      0.2927029337874092,
      0.09201637977459104,
      0.2062810846637215,
      0.2770865655983514,
      0.21815796392546294,
      0.1408110178203262,
      0.16570161293446525,
      0.045603621514271074,
      0.26742136424910384,
      0.04936663355422538,
      0.1477676968958287,
      0.13512393140010784,
      0.28943465702456017,
      0.27081018235390764,
      0.0072925277385838426,
      0.0639001685210933,
      0.017454457187729144,
      0.2987329739901367,
      0.22155912944280873,
      0.24171285619601718,
      0.2918337188080439,
      0.013229335495782323,
      0.2532067640444026,
      0.08236684489165047,
      0.1425981211719856,
      0.09989604498380734,
      0.07808410386134927,
      0.14030285076598153,
      0.20800010453171244,
      0.18561540742381752,
      0.17891951724270208,
      0.2845242904228676,
      0.07363067070947517,
      0.06518745455264435,
      0.2891076697395511,
      0.06562991439713434,
      0.15346015673693247,
      0.06185577486801799,
      0.19720513369939682,
      0.1955317851334796,
      0.2121991053586753,
      0.27090708290077703,
      0.11792641487574126,
      0.25515019013281565,
      0.29611140348115284,
      0.10567284538305186,
      0.24408462009172965,
      0.05278182414517889,
      0.04745438488038036,
      0.1813699596109128,
      0.10005087109702251,
      0.08341360626753547,
      0.17491139378267345,
      0.18291003829104904,
      0.04917185361977775,
      0.06778075532489265,
      0.20266455146649695,
      0.23621797157599186,
      0.1995028012985289,
      0.22011520887480027,
      0.13378225620452952,
      0.24912378024890414,
      0.22705856607630429,
      0.08688194210246326,
      0.07638732030202076,
      0.18745315147953237,
      0.27957240490400526,
      0.2355500661462825,
      0.25547747106570534,
      0.09197965731964623,
      0.04532629447334522,
      0.2621022219711302,
      0.10864410398173657,
      0.16869478674860083,
      0.22933536095940735,
      0.25114687423023946,
      0.011687349306410855,
      0.23924991804023457,
      0.2858082633200417,
      0.24892256119812417,
      0.06327913625531478,
      0.20792219552069735,
      0.2894972839157977,
      0.2132424753203477,
      0.20356080934750073,
      0.08143479163472268,
      0.2919757833919818,
      0.25900043442916515,
      0.1787995215692759,
      0.04824467112437448,
      0.13892009188969834,
      0.11680388780322898,
      0.01925598988365439,
      0.0773590250245049,
      0.28064296461686683,
      0.15012301318734178,
      0.07732760887158793,
      0.011097037057033432,
      0.025567787695708354,
      0.1309969493026442,
      0.14226616022623742,
      0.18885682234917883,
      0.04847598861878516,
      0.2331034651181548,
      0.22973580511214808,
      0.20021605856040603,
      0.07492703989693934,
      0.012385285619684005,
      0.1201287197755419,
      0.2600914702654354,
      0.21681141483293112,
      0.067172920356533,
      0.2595588699254142,
      0.2875921016755526,
      0.03702988901509878,
      0.0425331112554297,
      0.10121248352519008,
      0.12677650814867264,
      0.22899409216738323,
      0.2647129755955833,
      0.1745480905180197,
      0.2863341424386186,
      0.07153543748506143,
      0.1808969355116495,
      0.04020107497851607,
      0.2549319788021498,
      0.06432166661060942,
      0.13512601427408102,
      0.22759284474624425,
      0.068360828705072,
      0.26630740744542514,
      0.20817703492875042,
      0.07502422828876515,
      0.18696618310402188,
      0.18700549248493145,
      0.19767541550045845,
      0.16007713599614853,
      0.10640393742394123,
      0.07899621350945647,
      0.062033350130365116,
      0.15539768983964236,
      0.15359495615821703,
      0.08685261103600933,
      0.1802183743247349,
      0.2768370353379082,
      0.08042812344427355,
      0.19057237786430506,
      0.17110763370648147,
      0.06248053562656505,
      0.09643537835208536,
      0.230859311917716,
      0.14571240287789258,
      0.28684969527398774,
      0.09822418863864874,
      0.15076201835387557,
      0.16303908264902364,
      0.2593135351795356,
      0.07796661955575614,
      0.018883848325635045,
      0.07415139898593019,
      0.19534139742653014,
      0.11471617625612865,
      0.057875643518723124,
      0.16886367578507294,
      0.13872526253172665,
      0.18804632036859317,
      0.27877094259652463,
      0.09913049518491651,
      0.16490879814392995,
      0.2597285215924536,
      0.1350119124043718,
      0.29111395548283303,
      0.001505147970023668,
      0.045411044185712825,
      0.19140321460793797,
      0.10534701273828982,
      0.21439461122885647,
      0.24570969356572256,
      0.18746737042140893,
      0.14813338432378584,
      0.0038963097379397403,
      0.13191568792438624,
      0.016089825167049075,
      0.13787954444866965,
      0.18003644370955912,
      0.04639308725451462,
      0.07889581546728613,
      0.24083339111342833,
      0.19039921934884232,
      0.14056962756262006,
      0.055050926080343045,
      0.01603569445493752,
      0.19557071744303106,
      0.21988487348036242,
      0.11618911730897652,
      0.2057598688888188,
      0.026226584748064285,
      0.20500399864204974,
      0.04532326775759472,
      0.08521054878535407,
      0.2766151671933465,
      0.1694989521380049,
      0.24704830554327908,
