{
  "horizon": 720,
  "granularity": 1,
  "priceSchema": [
    0.198,
    0.198,
    0.198,
    0.198,
    0.225,
    0.225,
    0.249,
    0.849,
    0.849,
    0.225,
    0.225,
    0.198
  ],
  "agents": {"h1": {
    "neighbors": [],
    "backgroundLoad": [
      0.25604524870431306,
      0.22549171505808788,
      0.13476188061240787,
      0.18271394387596543,
      0.247214482520132,
      0.20320428639153523,
      0.25171833486440914,
      0.16941608064354877,
      0.20090256575525592,
      0.2218582935049132,
      0.2573358882984879,
      0.06898976045007493,
      0.06763904333219634,
      0.28772567251414716,
      0.23846848899111922,
      0.018537531730649547,
      0.15207130925746304,
      0.2892675126092885,
      0.13562485854120612,
      0.22724649770568262,
      0.15885985109901452,
      0.2156346515401004,
      0.28582696794084245,
      0.06612401958454696,
      0.0936130335709239,
      0.2417262687453713,
      0.20895968920006563,
      0.13113874588470242,
      0.193306711682985,
      0.1728487586699939,
      0.24355882286656377,
      0.27575138792637344,
      0.11131550853180296,
      4.309842325916469E-4,
      0.0035309622325624067,
      0.20139425838535305,
      0.2901842055990472,
      0.2525835590026147,
      0.023989359763997475,
      0.1603465954250585,
      0.24957952226175245,
      0.03351070985967601,
      0.10582498960598678,
      0.2677941807221574,
      0.2988579990081302,
      0.10445701716708229,
      0.15572099672703646,
      0.0871082934401886,
      0.1906980717077997,
      0.030866225205598806,
      0.011328634768340062,
      0.1354798655780089,
      0.09286096795915585,
      0.027070200104386544,
      9.203672132264251E-4,
      0.2050145531832,
      0.29236490487511174,
      0.15966254785407166,
      0.005519289358811796,
      0.1130660986363831,
      8.939445414107738E-4,
      0.1928079067316298,
      0.21588398933982708,
      0.09153153580377384,
      0.2667784195196568,
      0.23767088269117595,
      0.2093029106303182,
      0.21068765155061342,
      0.22481368816636596,
      0.2302821049034194,
      0.19372331493189002,
      0.20156391462400397,
      0.049090704458778,
      0.18177590143300124,
      0.22712541398058494,
      0.2551567041906633,
      0.026669250905834028,
      0.19779680027923552,
      0.1178322626338264,
      0.03357586431179666,
      0.021927539380769145,
      0.1904043974787534,
      0.13836764364193824,
      0.23835067704727975,
      0.2433231334228509,
      0.2516721879556414,
      0.20591263728503179,
      0.27817927946832005,
      0.09006327845305517,
      0.23124637686357066,
      0.00956635079153404,
      0.01732210928620942,
      0.158003723480301,
      0.23421913011449874,
      0.2417061111000766,
      0.10839631013279263,
      0.24731739965862687,
      0.11436706793662793,
      0.04978461934102161,
      0.006821387953653923,
      0.24194915637469577,
      0.28831154170876877,
      0.24772491788954495,
      0.0793202636867784,
      0.16186563459174014,
      0.10802092831782927,
      0.18765448828250494,
      0.22019110893936233,
      0.2271324604485508,
      0.22309695665646553,
      0.15043010743872884,
      0.25908338882221077,
      0.014084322649201397,
      0.03452535764312551,
      0.25319283852505425,
      0.10460317253850833,
      0.2345531576644988,
      0.28021839065661897,
      0.005787208293489332,
      0.15482960457445732,
      0.08299516514179885,
      0.08956518399692835,
      0.06648068632504527,
      0.08227525389505908,
      0.030939168465369003,
      0.23817630234918863,
      0.18878525523489262,
      0.02534691037038166,
      0.22034763396929968,
      0.17622336688887494,
      0.0032350830310918454,
      0.16359654611916538,
      0.1623134484396319,
      0.1861906307477307,
      0.0788001520678502,
      0.04932162490423703,
      0.0028207293004982813,
      0.10159482804073813,
      0.22754846394671935,
      0.21216760358589665,
      0.11087793788087055,
      0.07369079487668012,
      0.2144067524860266,
      0.17807903064497133,
      0.21654131595504536,
      0.2865081981644074,
      0.12519745306228916,
      0.06792278527991262,
      0.2926185556606562,
      0.006544253273895828,
      0.06650365882344406,
      0.19459287501442607,
      0.07345430252644299,
      0.06292894212629942,
      0.22289327677169993,
      0.006324976874856403,
      0.15014065911173924,
      0.2752317691220385,
      0.047441506833975834,
      0.29870023759881437,
      0.22740458393193638,
      0.1865005420111265,
      0.019467664584419862,
      0.23324912182687418,
      0.009468793040196455,
      0.028246371279637892,
      0.09632759173036683,
      0.08138548214074869,
      0.2381942251406469,
      0.1341487556997594,
      0.1411227337452973,
      0.060052578426010916,
      0.24134083217720034,
      0.21068152083629418,
      0.17849609030336056,
      0.2917868713681021,
      0.1827814093716958,
      0.2968584388766807,
      0.1886849126002102,
      0.15092035781967672,
      0.157596009506903,
      0.24529781267535078,
      0.200936977398649,
      0.03650379754954137,
      0.24256123031789856,
      0.2830246142767148,
      0.16451236170821967,
      0.04794709896733126,
      0.201423672585362,
      0.2094543210769342,
      0.28761747073753613,
      0.06883755356450842,
      0.1616254097787206,
      0.15520024261888019,
      0.12236676874619618,
      0.16797543995417358,
      0.05669551841960269,
      0.183767456893799,
      0.2816169906215406,
      0.022635713945946035,
      0.26385663431537315,
      0.19698101252245362,
      0.23330063626796718,
      0.17199439632718916,
      0.16554166197241588,
      0.06512052362791322,
      0.232034757928724,
      0.12240173849750292,
      3.010253844472843E-4,
      0.01442078032708033,
      0.24668052936603252,
      0.06169509574586883,
      0.22364244892045196,
      0.2924501453754684,
      0.08165100199236441,
      0.27897176826935066,
      0.22870147673955088,
      0.0658364845566783,
      0.00994240987808912,
      0.03391980784116085,
      0.10657894523016974,
      0.21666711156538343,
      0.15550663737345505,
      0.16258253505460057,
      0.22890982131889148,
      0.14909906653059254,
      0.20816875171937266,
      0.2244995260058321,
      0.01219637443418159,
      0.12092496208121449,
      0.047941979177057226,
      0.19706726453771325,
      0.1275626989368665,
      0.0325728141677154,
      0.09708360231067002,
      0.12180387627158075,
      0.07217909850528283,
      0.26013774081416646,
      0.142710442176193,
      0.2957255458161918,
      0.15471016627844936,
      0.10471826318135845,
      0.06148515579909891,
      0.20692199455082613,
      0.08660746683285377,
      0.06048228909584358,
      0.24380703880578594,
      0.24731181918588677,
      0.18996640889428487,
      0.0956292535165472,
      0.2255267965780855,
      0.22694405832449588,
      0.27631034047219943,
      0.05614551370074342,
      0.17214647527264337,
      0.2071120429390477,
      0.07206520193953471,
      0.12290958447865852,
      0.2639697907262603,
      0.20991398574256806,
      0.09773234244772235,
      0.19391644134737743,
      0.019964029650353998,
      0.2851297147316834,
      0.16678331306942934,
      0.2860310913691485,
      0.045680330280931866,
      0.22806742404353178,
      0.11259997240981372,
      0.18622043545958838,
      0.06936441362934671,
      0.10050690128239907,
      0.05246288248687544,
      0.0749164713038445,
      0.2750776799091721,
      0.20408948565277063,
      0.24495160661116533,
      0.07783169462959254,
      0.1695480321045892,
      0.2889172626919873,
      0.2130270503139002,
      0.10874076387367639,
      0.18327074226931803,
      0.10160388108084287,
      0.27741110352990794,
      0.1760921593423893,
      0.2693036728796489,
      0.19845153303979707,
