{
  "horizon": 720,
  "granularity": 1,
  "priceSchema": [
    0.198,
    0.198,
    0.198,
    0.198,
    0.225,
    0.225,
    0.249,
    0.849,
    0.849,
    0.225,
    0.225,
    0.198
  ],
  "agents": {"h1": {
    "neighbors": [],
    "backgroundLoad": [
      0.028853840347520976,
      0.2579599879763767,
      0.14939714428179746,
      0.2113727466850714,
      0.15177475196472368,
      0.28804208017024746,
      0.012045540934669129,
      0.23775042198819935,
      0.19712045113665977,
      0.2146807695998742,
      0.29365767342030996,
      0.12525633770673425,
      0.07444651266360723,
      0.05384700265024197,
      0.17507075813832698,
      0.13320353040625996,
      0.07882825597722658,
      0.24336578274408227,
      0.07238275562475234,
      0.13266538520425963,
      0.14095783920522742,
      0.22077636562385558,
      0.05332413884560716,
      0.20380563647608083,
      0.09588260246774494,
      0.2510204630202965,
      0.17317999155658922,
      0.13402639381036624,
      0.26685755347083584,
      0.09770617248759937,
      0.26786537147144335,
      0.010030980969934544,
      0.10057763173028787,
      0.1061219395017961,
      0.09839901282360589,
      0.15401753703754467,
      0.14896600981536806,
      0.09650769695011432,
      0.016275907534651635,
      0.2220683072379885,
      0.1965660020662419,
      0.18378868390209152,
      0.004685402355716594,
      0.14129004308952,
      0.17318159944587122,
      0.12732605136411138,
      0.22299127776712976,
      0.2007600583128534,
      0.28571771368689375,
      0.018361707934413173,
      0.012100703708713334,
      0.29897197935899555,
      0.2075575141503438,
      0.14875314889421334,
      0.23762392255534887,
      0.26913245693762505,
      0.2538400409854373,
      0.2935719323495886,
      0.2971646729764229,
      0.16231200304443857,
      0.24388351195033772,
      0.13183758036439738,
      0.2423952847366033,
      0.06546729594655809,
      0.048361690598511954,
      0.27323606466044853,
      0.06514751398476601,
      0.14636104454716373,
      0.19376962848868487,
      0.26177803954526885,
      0.17598993843955746,
      0.19422977669928046,
      0.2648313130994945,
      0.22398233928882808,
      0.10648519498144765,
      0.19533912331042833,
      0.24998867778398962,
      0.19745326065903557,
      0.29200389586433384,
      0.2164398240556409,
      0.20703852007356988,
      0.06593089439178333,
      0.023689975849900735,
      0.2694489111852605,
      0.10165799827776233,
      0.08636666049256453,
      0.16318005768178445,
      0.22899422938732805,
      0.007897621571552405,
      0.288507108372708,
      0.11306663044941022,
      0.03493094003215706,
      0.2704848159758653,
      0.1662896714349049,
      0.14130873721875797,
      0.12879370488777478,
      0.1165942008092209,
      0.004178407797378092,
      0.1633565392338668,
      0.2418178194935568,
      0.10094533737141517,
      0.04589758601024535,
      0.12602564848557252,
      0.2943020801261627,
      0.20639210525689547,
      0.14204266812763874,
      0.29613884507770716,
      0.021493420108712833,
      0.2223491392796528,
      0.23148443187488504,
      0.2622045070713747,
      0.2986630910484521,
      0.02931251061156701,
      0.08339512972058524,
      0.2992492171116732,
      0.2961526488417354,
      0.0193169622282381,
      0.16362215817017173,
      0.2044932582235812,
      0.11184034117300998,
      0.15447243303429994,
      0.17836917087941143,
      0.2626379983328802,
      0.13852179448516005,
      0.288152128445765,
      0.2862704075015759,
      0.10129047466003874,
      0.23989579051215337,
      0.05987922857382739,
      0.28245447879864427,
      0.15797010108222362,
      0.2122880614448538,
      0.06702195363367881,
      0.06992250033766553,
      0.06922965953529057,
      0.05727324440828871,
      0.1775568510926055,
      0.03119052916781999,
      0.12106620815093339,
      0.06824553858707245,
      0.08115281754002975,
      0.1645949531840739,
      0.06618544203388779,
      0.21970982420047747,
      0.15089542346100157,
      0.09915085158609828,
      0.13071785007063,
      0.26046266483540287,
      0.14608518715845184,
      0.15019639969987927,
      0.2949839560295632,
      0.1402879739736591,
      0.09861214696719509,
      0.07853221855255517,
      0.19228214706805952,
      0.2620145846083882,
      0.1855459179417864,
      0.22572993379916662,
      0.15353473448304805,
      0.07060666319965221,
      0.14539077370480352,
      0.26196971222548354,
      0.25650774444438107,
      0.12019612759747907,
      0.04474770162873382,
      0.25997100206532353,
      0.07680311104189759,
      0.1398131850906442,
      0.01653794703777156,
      0.0740479645918669,
      0.22211116209504342,
      0.06913698297151684,
      0.014170902189544875,
      0.1274887906337326,
      0.06060054750030658,
      0.26792116247822434,
      0.20764487207578175,
      0.08605220233863367,
      0.2397681506640313,
      0.10583913764291127,
      0.08293171164117448,
      0.1996588904621576,
      0.03120508489285757,
      0.18429507177491825,
      0.00659835055901441,
      0.033341019029790774,
      0.022887229825126486,
      0.20201093477871274,
      0.18229925463811922,
      0.03363105859238904,
      0.2199570820597269,
      0.09266297497605362,
      0.19447091755716311,
      0.11398269125858888,
      0.1586741356814741,
      0.07507797785025654,
      0.03428133286453343,
      0.015455836287127878,
      0.03854772651037945,
      0.23628095207333616,
      0.1384155895657551,
      0.22299957960953215,
      0.23839449968007528,
      0.042422532217610116,
      0.0458127072209863,
      0.1289510764844351,
      0.18585348650119443,
      0.2993971153677832,
      0.24327945220521313,
      0.20272829799039474,
      0.08421903303848162,
      0.07322550507745398,
      0.026233400814921315,
      0.15493356483667323,
      0.2887339937020009,
      0.007164984182559186,
      0.06749476054255589,
      0.2056130613996344,
      0.0894178885713707,
      0.12340921724938823,
      0.1579456544518698,
      0.010615261931767638,
      0.010717985690712849,
      0.01918111991563761,
      0.11352250066539804,
      0.017321877094729075,
      0.021481452790848555,
      0.2590043533885287,
      0.06175956148110912,
      0.09232366182189003,
      0.12355818083584975,
      0.12116397744368099,
      0.013596488314234056,
      0.009241540265354675,
      0.18112969489258982,
      0.2514264958739664,
      0.020065120163864015,
      0.029429784056611917,
      0.018339783365382268,
      0.13174083222899502,
      0.1476269387789408,
      0.05987200186625293,
      0.2946075970898124,
      0.12052809699904812,
      0.21175116314791495,
      0.19720397038342719,
      0.18948459841918414,
      0.08304456879756375,
      0.08443983923299199,
      0.28698945349977034,
      0.29295298843269607,
      0.07899480337786921,
      0.17235177266931384,
      0.12681650465504674,
      0.15059903388214926,
      0.26126493274218865,
      0.0660211302250069,
      0.11199369262279059,
      0.08287063670728963,
      0.2648290813166923,
      0.2554814344450881,
      0.14289834800191925,
      0.21151372242912017,
      0.07921331039858129,
      0.06252368852011402,
      0.09535693020920709,
      0.2718522333843348,
      0.2995396931618289,
      0.02048068749867423,
      0.1571430170513031,
      0.26031598763962294,
      0.2912944517353431,
      0.2930188746836266,
      0.17616977606768053,
      0.12009437716172747,
      0.19012334094730102,
      0.24530999938472456,
      0.24142506705940658,
      0.18837835984117698,
      0.20779717596465452,
      0.25359982232674394,
      0.07209594002238748,
      0.0286284801797392,
      0.006615839260726786,
      0.06160677933635147,
      0.2247166050497845,
      0.01684578674382976,
      0.16530172938880133,
