{
  "horizon": 720,
  "granularity": 1,
  "priceSchema": [
    0.198,
    0.198,
    0.198,
    0.198,
    0.225,
    0.225,
    0.249,
    0.849,
    0.849,
    0.225,
    0.225,
    0.198
  ],
  "agents": {"h1": {
    "neighbors": [],
    "backgroundLoad": [
      0.07677066238732645,
      0.08802107475906211,
      0.03150613466812272,
      0.024627918327227626,
      0.015930143819249887,
      0.1808340516080202,
      0.06056686862972561,
      0.0025182034450494492,
      0.007468206671694388,
      0.07657307404693113,
      0.1090486773230755,
      0.2742297426586465,
      0.2856684359756581,
      0.2938835773682947,
      0.10616228516104292,
      0.185936113783818,
      0.11063727513063892,
      0.13208633280331325,
      0.006346358604265156,
      0.1541526752691016,
      0.0805450771954678,
      0.05818086989365276,
      0.25515837717424916,
      0.21850920111434008,
      0.04838223042195476,
      0.178760779434049,
      0.13943831258001915,
      0.1926699873233639,
      0.20712152427455355,
      0.16160531788451074,
      0.0861909560231157,
      0.16373011931592663,
      0.01485845443458531,
      0.22391438182562412,
      0.18252848254984796,
      0.2449415963853749,
      0.1389684886066108,
      0.23664601265034288,
      0.11934346603915319,
      0.034368093609694894,
      0.25400104844157656,
      0.23119651841558495,
      0.12982616519667722,
      0.26586396174490234,
      0.03369175145059827,
      0.18712940300531908,
      0.07280140407065012,
      0.29736331759983126,
      0.023167476254485175,
      0.2931108442008877,
      0.2583064380827646,
      0.27524421326625315,
      0.2656510550662094,
      0.06015513460417401,
      0.15032164470779208,
      0.28683807017008595,
      0.010476486894414805,
      0.1340931246508762,
      0.007932298754164813,
      0.25897864406955706,
      0.28398028941697195,
      0.1822582081877027,
      0.19759658785427875,
      0.08267019497961184,
      0.08285007172476883,
      0.11689586984129097,
      0.16071715589146354,
      0.28730526299441744,
      0.0177495075477897,
      0.08404564779279804,
      0.2794014378910627,
      0.20227059826240762,
      0.003981859328004289,
      0.27948598347480197,
      0.2517226614030613,
      0.19600306538695506,
      0.056435477014367484,
      0.13198111035086213,
      0.008598865986997616,
      0.18757884681323325,
      0.2322452881109574,
      0.006601957780135581,
      0.2995862552086659,
      0.20295479590819093,
      0.1552374949223588,
      0.27778614628167614,
      0.26404225515415514,
      0.06417562263627133,
      0.14494589974035635,
      0.05267120160833959,
      0.14804105667579046,
      0.2189979952869687,
      0.16743905021186686,
      0.2570928773762448,
      0.043600294084172105,
      0.1733155943303461,
      0.229750760905024,
      0.09362046431767819,
      0.2789870451725711,
      0.24054370451661328,
      0.18638079886765338,
      0.09823179498101872,
      0.04351248458247426,
      0.2865093938054915,
      0.2581358515765447,
      0.01801054534422849,
      0.18011712299219834,
      0.16651747471811268,
      0.168486482630079,
      0.06749953274525852,
      0.16965091684463984,
      0.04299634418342709,
      0.17666620964118201,
      0.11847737394606506,
      0.18310064560792125,
      0.2832617605850083,
      0.10174337897697114,
      0.0098047994513472,
      0.14498103983337404,
      0.009817408098862168,
      0.06236918729909045,
      0.24540529841304337,
      0.10084331035511918,
      0.2229858271496665,
      0.026256225619949336,
      0.056203431726296535,
      0.15085946818313087,
      0.24295966184704482,
      0.08245618392995685,
      0.05350744377162899,
      0.0040890090066805435,
      0.05311169743407231,
      0.006568184180445624,
      0.11895107910320561,
      0.12567014208132266,
      0.2742935919437247,
      0.1429556918592845,
      0.29740774996693425,
      0.08465398385141783,
      0.11433169132965959,
      0.22751141629575955,
      0.11753416612074849,
      0.09978861567473421,
      0.2643728069506709,
      0.154809784908485,
      0.05229334037211498,
      0.011944275196925857,
      0.19786816559692455,
      0.09293273598616361,
      0.12267066623214276,
      0.23135923761012803,
      0.26092518814737453,
      0.03338994688805854,
      0.25744795679452365,
      0.272596538995627,
      0.09596584765222206,
      0.26913299293623205,
      0.03563633416114653,
      0.13682678511319507,
      0.1540700839861723,
      0.020560708833022877,
      0.04171850709815019,
      0.0026184699581179526,
      0.2146108984432005,
      0.13115278438253772,
      0.25881433789149344,
      0.23024069398587135,
      0.2760879443286497,
      0.09202659470304347,
      0.07691377300359926,
      0.21185986439360485,
      0.06007935027705353,
      0.297652112645424,
      0.0029966735622227736,
      0.06270216078833502,
      0.1289523353866609,
      0.021102053998344583,
      0.05344920475352124,
      0.2914541306489082,
      0.0488378569633268,
      0.026447584237123446,
      0.0600894765711581,
      0.22642329233450714,
      0.11283360393149176,
      0.2969714731127637,
      0.014564692108068078,
      0.24152484625260248,
      0.13433577811381983,
      0.1475595786213678,
      0.01666234801218178,
      0.1040348297839311,
      0.23773189826986596,
      0.24197573090258948,
      0.005928401025724295,
      0.09295597554575806,
      0.2849331670273087,
      0.2775297284022013,
      0.09498237990036154,
      0.21026856295678154,
      0.1340089813513707,
      0.22982236770858216,
      0.2718801668519186,
      0.2956968353533811,
      0.09798703306275161,
      0.01149453386760988,
      0.09647162593845497,
      0.1135589483436265,
      0.15312320043117641,
      0.2823409992237136,
      0.2816559096135109,
      0.10746491428527123,
      0.15880235060798398,
      0.21170131155262625,
      0.18223078922850092,
      0.04005585498202643,
      0.004232529856092415,
      0.2965904013036223,
      0.045253150312567325,
      0.017605526437192296,
      0.10840285416650122,
      0.08303251774867179,
      3.7269048115589064E-4,
      0.08221479685632495,
      0.0560029065333349,
      0.29739571186892916,
      0.15806771548438384,
      0.03129749007659187,
      0.009401055144951308,
      0.09204129317065542,
      0.044330619667990935,
      0.1490351239064624,
      0.16107244603457213,
      0.275641250117182,
      0.25601724079753274,
      0.06460868886685073,
      0.11729245049006407,
      0.11298605606717788,
      0.00722777829200909,
      0.11149502348795305,
      0.08026269688886757,
      0.03873526408886241,
      0.1171212414661851,
      0.04874232459248856,
      0.025612281780171185,
      0.2036987090898755,
      0.15653807897730043,
      0.27718462618854217,
      0.22255495356904126,
      0.16830484733638443,
      0.2633828295512721,
      0.19359598414214949,
      0.024659497707123657,
      0.00219056530507481,
      0.1842529922699183,
      0.20824304593365134,
      0.11349811467657371,
      0.16574526423572786,
      0.1873695224178312,
      0.14972058749744502,
      0.14264421243353206,
      0.0715022775872336,
      0.19628082827688018,
      0.07036676649807129,
      0.06239002908868848,
      0.2961990400601291,
      0.003827994958879077,
      0.23970178824936192,
      0.19143940396313022,
      0.2925527164358267,
      0.215114282801327,
      0.24989090772773603,
      0.2124456073100389,
      0.03563252235437031,
      0.27484843902446066,
      0.13016721082603647,
      0.2890259049197453,
      0.011236368822579113,
      0.21617015290043298,
      0.2142672763614938,
      0.003852657235829382,
      0.10798354873084731,
      0.006464649186685423,
      0.2715469978463083,
      0.22799727751952914,
      0.20765476360555493,
      0.1404570265492726,
      0.22899276579017677,
      0.17779222848960677,
