{
  "horizon": 720,
  "granularity": 1,
  "priceSchema": [
    0.198,
    0.198,
    0.198,
    0.198,
    0.225,
    0.225,
    0.249,
    0.849,
    0.849,
    0.225,
    0.225,
    0.198
  ],
  "agents": {"h1": {
    "neighbors": [],
    "backgroundLoad": [
      0.13599145384323638,
      0.13970767768129042,
      0.2033845586814813,
      0.14451465810474728,
      0.04855687572871337,
      0.05981983321108672,
      0.01691420494911644,
      0.06818549395343278,
      0.20865778751527722,
      0.1475802985445962,
      0.24631801029135067,
      0.2784998006524816,
      0.04028448764713666,
      0.11423380752120756,
      0.21667313942280444,
      0.0808992692303246,
      0.27806469600314937,
      0.24503518292724946,
      0.2768993359805054,
      0.1426752693980913,
      0.28672758323092074,
      0.23826857112734004,
      0.07413675957251945,
      0.03855890274340883,
      0.2819723654193217,
      0.2350159195142485,
      0.044292571286860614,
      0.1371384745457847,
      0.28605988999781184,
      0.09918170003473235,
      0.17376307411519612,
      0.12468360924844286,
      0.011062997574477384,
      0.2248984123616951,
      0.24841801195654498,
      0.17567066554850733,
      0.16973874987963022,
      0.06350915304719525,
      0.19776027323552772,
      0.21967776700145972,
      0.1184148706151599,
      0.21020159337997027,
      0.079305372329438,
      0.2526273744069562,
      0.008878374600707927,
      0.26957596703592024,
      0.20487302883544023,
      0.0691638042252432,
      0.2747887928524783,
      0.19615051126901806,
      0.1722206372009395,
      0.18524562752116924,
      0.20308747543724973,
      0.18087056354796005,
      0.27049595721767056,
      0.10458024500451235,
      0.16322601365063674,
      0.017716283684311062,
      0.07543685080390258,
      0.15442114152063904,
      0.16548508189427388,
      0.03462502735050028,
      0.17789455341121124,
      0.23748037562216723,
      0.10709581155293062,
      0.18420149380884937,
      0.20549008001600913,
      0.024240602840186865,
      0.12251674804737288,
      0.030328328484833245,
      0.2640351163511827,
      0.1463344880704147,
      0.11173374856079485,
      0.13951954649727463,
      0.21561369993777343,
      0.07284410466909326,
      0.22561274415284222,
      0.06672266781333785,
      0.25807261596137415,
      0.16317447662781157,
      0.07907431351689112,
      0.07653141207249699,
      0.018131009107211493,
      0.2862482473724354,
      0.2680305514337746,
      0.05546160400641664,
      0.09289681428668155,
      0.16547640112576092,
      0.14534485619282675,
      0.028750047814232536,
      0.036302002243281103,
      0.13261891604454726,
      0.25495765069411697,
      0.19675808372033216,
      0.00999023300135694,
      0.2803351184823004,
      0.2732546604314507,
      0.1482818065747803,
      0.13965630568769544,
      0.007151851292157485,
      0.2334854204336277,
      0.09407573107519614,
      0.26349046796399145,
      0.25511604170009233,
      0.2061940166148131,
      0.03198334072783221,
      0.2326274976528633,
      0.26620288192097324,
      0.05179005427091269,
      0.06488739064693552,
      0.24789120587237032,
      0.29637521184473103,
      0.2596098738591477,
      0.22752052731268077,
      0.027959914371590153,
      0.2760141676311781,
      0.014055485006463241,
      0.1667091364560072,
      0.008659359963297841,
      0.2157927426210122,
      0.2557030256467219,
      0.26127401754072577,
      0.0944779150655508,
      0.2210361310566912,
      0.26417476529517087,
      0.011342531128579714,
      0.09359359269165739,
      0.019444535818415754,
      0.0032350299707734065,
      0.15849485909841185,
      0.09717850425122622,
      0.07515533539307256,
      0.2707896981160197,
      0.2309057495595281,
      0.13169567597259121,
      0.24461275293903811,
      0.13464433788658034,
      0.2721170381405672,
      0.09432427824205919,
      0.21470472792713793,
      0.03567336639978103,
      0.26490150636865945,
      0.0946533288618948,
      0.12061632119894784,
      0.013114366665683896,
      0.1636295822270245,
      0.11248513224217312,
      0.16983336541615074,
      0.0041529150685025275,
      0.0020032494102393606,
      0.253516888001331,
      0.15669830171552218,
      0.05774070584640825,
      0.20986644138753294,
      0.22405505647679877,
      0.019116081562046916,
      0.18424000991105766,
      0.084568118351242,
      0.04907774224292516,
      0.010296995465965464,
      0.2628636846684847,
      0.10136351283569399,
      0.233782406103452,
      0.19451981922135628,
      0.06370515857082491,
      0.03759098287765295,
      0.0599427086547758,
      0.06658169306618131,
      0.023281787559435073,
      0.1251154315204086,
      0.0147927413812174,
      0.27069592923111646,
      0.032328947173955354,
      0.07133917976006286,
      0.20386276568110398,
      0.054118643768369,
      0.21669946395095843,
      0.12982899284933166,
      0.20922616411396136,
      0.16466178592486924,
      0.020648937798498766,
      0.16145048653812671,
      0.10818689647889326,
      0.10603498813475522,
      0.17002743522230132,
      0.2295495386575597,
      0.2630279923248591,
      0.26884903258894277,
      0.2869307089361039,
      0.12689803489814708,
      0.15148568054800252,
      0.24433625598539765,
      0.043964322641501394,
      0.14039823898304374,
      0.28886757918592587,
      0.2830354090024826,
      0.2249762322902126,
      0.06750164826222306,
      0.1281795425250405,
      0.022410931718429606,
      0.1705411541566906,
      0.22964033479760998,
      0.23189902325071288,
      0.2172535694409502,
      0.16319787651777481,
      0.1679954459299569,
      0.0802944864601941,
      0.18353289287358462,
      0.09234021014277473,
      0.1073689923187787,
      0.11387911621726737,
      0.05658612923989195,
      0.2411745058391474,
      0.24140067970876802,
      0.29692967488717514,
      0.10900664774429539,
      0.1967843230145643,
      0.15537509150052511,
      0.0584966582520309,
      0.10688688379096963,
      0.20182757814222832,
      0.19076866420495928,
      0.10110658933760418,
      0.2966975510018915,
      0.2170447004725423,
      0.264688772135636,
      0.2512819990308789,
      0.274563017981146,
      0.10635218360015107,
      0.20219284456590736,
      0.2575549871326266,
      0.201513763770518,
      0.2426750940162135,
      0.07205853788029934,
      0.18661244911075028,
      0.23942968215814767,
      0.16144341974981077,
      0.06831470873557285,
      0.23299329632277027,
      0.21486447124401534,
      0.2126981117286648,
      0.015254984228246381,
      0.2673734469611456,
      0.13650642938857982,
      0.12700569191062672,
      0.23678973446928545,
      0.09212552197163362,
      0.0931532987413471,
      0.15710358670133234,
      0.08417481572659755,
      0.07322275934467477,
      0.07348416793918938,
      0.10726837930256156,
      0.18850503297695445,
      0.14794655557523234,
      0.12268522337334963,
      0.17602016901622078,
      0.037047622584371054,
      0.21995204999504,
      0.04835787322905075,
      0.2501092102588449,
      0.20782546037209806,
      0.22638697540613234,
      0.22219217115232584,
      0.0429452893942005,
      0.22761803862108693,
      0.15333116986541973,
      0.25544339145988626,
      0.2251006512829612,
      0.16917056752988233,
      0.294812319135401,
      0.18901131333040072,
      0.07384747616132271,
      0.2388793787938639,
      0.030346872589274897,
      0.23284399983805662,
      0.1883609854237273,
      0.23347882031596645,
      0.0020580235446884254,
      0.2574306578357623,
      0.047791560963081126,
      0.11845073626544608,
      0.15308341291375002,
      0.27390935435882097,
      0.10132720058984977,
      0.2953780919905142,
      0.21804832099330404,
      0.23450990340507727,
