{
  "horizon": 720,
  "granularity": 1,
  "priceSchema": [
    0.198,
    0.198,
    0.198,
    0.198,
    0.225,
    0.225,
    0.249,
    0.849,
    0.849,
    0.225,
    0.225,
    0.198
  ],
  "agents": {"h1": {
    "neighbors": [],
    "backgroundLoad": [
      0.22945096095854747,
      0.08725008509378086,
      0.11478948458245536,
      0.14624964109719293,
      0.20190081304334204,
      0.19101924715505603,
      0.0701795155460615,
      0.14686604381367277,
      0.1564078300914691,
      0.034051073038006065,
      0.16331131106061914,
      0.25358531323122624,
      0.27002050563306296,
      0.23410307923516444,
      0.24385738382351316,
      0.20900174519902515,
      0.2595854378468873,
      0.1353198856437445,
      0.0838566696347668,
      0.25437428621879193,
      0.03982737889157973,
      0.19660996649736026,
      0.028234919686987613,
      0.28508494060346556,
      0.00357333668146923,
      0.1385409543983189,
      0.29730445381042614,
      0.09717913119002136,
      0.29884109919170876,
      0.02123266178965998,
      0.25592257320068595,
      0.21481689089697256,
      0.02693959891461689,
      0.19437447533833838,
      0.1158861647152849,
      0.2827836780503279,
      0.06857821140656485,
      0.1920356975119155,
      0.2787871510928742,
      0.22038427851223047,
      0.09114434241600376,
      0.2686051928450014,
      0.20281774253561635,
      0.25134268860441983,
      0.2608426758519126,
      0.2913724598874535,
      0.0017929619216236036,
      0.11261811797528261,
      0.21894669615356227,
      0.07956892650309585,
      0.08207521911084188,
      0.08249346087737153,
      0.288179325987885,
      0.28139808556829904,
      0.21733195879331368,
      0.22659918679007907,
      0.2987153997788043,
      0.243038328717117,
      0.12243005212177589,
      0.12828005615225824,
      0.21552591170439994,
      0.07659193657825777,
      0.22006121082938274,
      0.17376684758028818,
      0.17610923278413324,
      0.15545962973422248,
      0.08655765739875514,
      0.06777951376142352,
      0.2798919485887361,
      0.11400842922816849,
      0.2896459143434297,
      0.1934993296384215,
      0.09218552894837827,
      0.1045316827058865,
      0.036909471495434054,
      0.012756570350503926,
      0.27933576791569176,
      0.2470825283256743,
      0.06251993496640826,
      0.16416056754005426,
      0.004327591537162756,
      0.021457990810809745,
      0.2533403572195964,
      0.18577299464692879,
      0.14715563311986038,
      0.2471199854082219,
      0.2244892620384817,
      0.12400057105121258,
      0.24336647062695024,
      0.10983120527976128,
      0.12581781101632775,
      0.1678077214516942,
      0.2027270597325036,
      0.10266821260730473,
      0.2201731681838267,
      0.05260887362518888,
      0.15245533255860372,
      0.1576570543140107,
      0.1140488504221678,
      0.0887581212560592,
      0.2198581599783493,
      0.22628896271639118,
      0.1172909206005825,
      0.25260930512535495,
      0.299409958475725,
      0.15825576542757375,
      0.055627921748305297,
      0.2538189147538082,
      0.248831457495042,
      0.16191011883796702,
      0.22042257371940474,
      0.034218928350967646,
      0.2597324720551147,
      0.01792096375942612,
      0.16930428234766967,
      0.06515135183041179,
      0.210076828240887,
      0.15704194914273925,
      0.12884501113902636,
      0.27537335933120444,
      0.15893324453179408,
      0.2731259335012394,
      0.03488433351557544,
      6.94000390288818E-4,
      0.1603180309606113,
      0.07823983927787506,
      0.19091321098155997,
      0.0585384368666701,
      0.25393789638388603,
      0.09486920802786326,
      0.2772732638175228,
      0.14395737943782191,
      0.04638820117057374,
      0.28270341472310295,
      0.2352456766461972,
      0.18257668164816993,
      0.18233278101923192,
      0.27795820123180753,
      0.12939617454694477,
      0.06980223514795472,
      0.03167342984227504,
      0.26007137868453406,
      0.12675615285606787,
      0.22458392320749462,
      0.07926029798479779,
      0.031082014862866023,
      0.08070940139883813,
      0.15702599541391105,
      0.09273112192673316,
      0.05185762432967452,
      0.26351125375911066,
      0.11955958109104253,
      0.04390033208268088,
      0.022704679693545036,
      0.022297747040282888,
      0.2665160409612489,
      0.0704456730562417,
      0.21370906066393594,
      0.26366664811493984,
      0.1458570765694406,
      0.2554426483918406,
      0.22052452813116133,
      0.13073831990775553,
      0.07341559613391943,
      0.002696589371960478,
      0.2186448057437341,
      0.19937773612420873,
      0.16073583579326414,
      0.023584226071046877,
      0.17861062715657605,
      0.16680510660562303,
      0.13855554500185488,
      0.08293941634972185,
      0.0457561824809283,
      0.15791995605557163,
      0.13472910734985158,
      0.11105020616057613,
      0.24618404431751562,
      0.26753875418501155,
      0.2999169707133551,
      0.26737103500471704,
      0.2271412030679146,
      0.1838096646098963,
      0.20103017128099596,
      0.23001368834582667,
      0.12838927997304278,
      0.05436395848327121,
      0.29195766082002045,
      0.07500378908228277,
      0.16724139432984575,
      0.05919351960025588,
      0.1837105756739778,
      0.20997345599121026,
      0.1890673911751201,
      0.0228673996013523,
      0.15180889274861029,
      0.08852617376862504,
      0.07422830682296737,
      0.21173882532539032,
      0.01801626092369074,
      0.11989465104501484,
      0.07475316713294286,
      0.16112160370420767,
      0.29546972428371504,
      0.16782608832890417,
      0.22243594436539552,
      0.13314551397831245,
      0.222780907768596,
      0.2353926354533592,
      0.1675954397214534,
      0.20293797172307199,
      0.29607292914639677,
      0.12441407997177184,
      0.29285716348079144,
      0.006075374758730578,
      0.10761925701677695,
      0.07163708735220985,
      0.1058783044932379,
      0.26338634574644926,
      0.2985025050602835,
      0.12558951080087247,
      0.13239682305152983,
      0.11910255418373192,
      0.19724171595610857,
      0.22231050990221707,
      0.2575058696994985,
      0.23358005362603784,
      0.060265401608273726,
      0.13299568488952548,
      0.13950575748744307,
      0.10504371273295696,
      0.27894498687889113,
      0.16484984217393064,
      0.243182018352563,
      0.11547998806639487,
      0.27858274303617087,
      0.19295418593459238,
      0.19076117465260614,
      0.2415168643613534,
      0.17631903815813513,
      0.09246347935346512,
      0.14077186227764885,
      0.19031405764264034,
      0.17641731113672415,
      0.08750755998281348,
      0.27960907500326615,
      0.28506486182363683,
      0.06149571170703516,
      0.0555728296524042,
      0.12063041112977133,
      0.1995517875726778,
      0.12430254099375847,
      0.024157773460026875,
      0.08160661470086708,
      0.2641176456442162,
      0.09291702037635967,
      0.006569073746087439,
      3.6229934143644504E-4,
      0.21168103303003488,
      0.22215560024353626,
      0.09648940937625572,
      0.25816477674015276,
      0.21314487380322134,
      0.26677414748675,
      0.05974389278631111,
      0.12643519292101138,
      0.16479148170144772,
      0.2677572789350998,
      0.02236111898523394,
      0.10755343681614639,
      0.19825623434086145,
      0.0026412450846849287,
      0.09700814377975166,
      0.17430218831230687,
      0.0506241873369476,
      0.08268271776829103,
      0.2806501751654872,
      0.1299427421728838,
      0.21248230026371284,
      0.20946488241981773,
      0.13886186615325025,
      0.20053005606786667,
      0.25167214563583734,
      0.10901436455776042,
      0.2540433235215011,
      0.02729041181469147,
      0.24430112381687535,
      0.2188698435355015,
