{
  "horizon": 720,
  "granularity": 1,
  "priceSchema": [
    0.198,
    0.198,
    0.198,
    0.198,
    0.225,
    0.225,
    0.249,
    0.849,
    0.849,
    0.225,
    0.225,
    0.198
  ],
  "agents": {"h1": {
    "neighbors": [],
    "backgroundLoad": [
      0.2195937471414713,
      0.07372843753150506,
      0.24615299641228808,
      0.19765665527975948,
      0.2524078466802156,
      0.11833128051245409,
      0.23745030661412564,
      0.28971572843661303,
      0.24183646883556217,
      0.2022521832585748,
      0.04193684748026811,
      0.13036252327455924,
      0.23540169742048764,
      0.0954061145365426,
      0.1608743457119904,
      0.1462615928581808,
      0.11707526254321227,
      0.03423477727098116,
      0.27946503800153344,
      0.21388392490008182,
      0.10790989987069462,
      0.017706033809244157,
      0.2239579939001663,
      0.04794998614176895,
      0.07750369821671785,
      0.12105696846085856,
      0.2858919401317308,
      0.28859388844454636,
      0.08517069262409552,
      0.2872793709741023,
      0.2947952421460531,
      0.13943812891744442,
      0.19356869739141663,
      0.15158047332310767,
      0.01887177365529662,
      0.23507239529743673,
      0.05512170727152991,
      0.2275668978014274,
      0.09571186475247441,
      0.16678915443937495,
      0.24384239011772124,
      0.18436411917208734,
      0.25617535307325223,
      0.256449806233234,
      0.1133410856861299,
      0.05852716840072932,
      0.16348503391793118,
      0.2247975495074274,
      0.20789216670211433,
      0.19144345073306476,
      0.19318606937224334,
      0.028482396302745794,
      0.12344584333241186,
      0.03144274031975564,
      0.27994253479688175,
      0.20484456565225764,
      0.18299606129071733,
      0.16051722147680997,
      0.12278436675408971,
      0.030887310272489175,
      0.2676730344018621,
      0.23480513493401134,
      0.29268370458433157,
      0.11776549966978939,
      0.23658855276866894,
      0.1042973356255494,
      0.24960741452299942,
      0.030882051237538385,
      0.2430080660509061,
      0.19053783495467827,
      0.20545491268631136,
      0.048201826611200045,
      0.14356690641979544,
      0.23676822606689196,
      0.16391489483599156,
      0.09219173748194945,
      0.03668621272775847,
      0.15084788419331552,
      0.15650344240296069,
      0.14341528505163362,
      0.17235710477269084,
      0.16249028660097314,
      0.14178497718312993,
      0.10933356587418934,
      0.27476869907190693,
      0.08384288796237727,
      0.2161455735165036,
      0.0736482493110052,
      0.2003543994769249,
      0.04024405116563825,
      0.06477148872370193,
      0.13985715298537163,
      0.0027270730964288224,
      0.23966393416798906,
      0.28212184077143,
      0.18025463531965147,
      0.10509863038377575,
      0.2152254192542834,
      0.25646494711395723,
      0.20174033313645562,
      0.2250786469494951,
      0.055532410384122745,
      0.2718362056198182,
      0.13621490133061911,
      0.006182090284181663,
      0.23651870958380855,
      0.20288246128727447,
      0.1632238765982284,
      0.00732386111646901,
      0.28796043389861997,
      0.2414054760660539,
      0.16130996179168536,
      0.2335575285828157,
      0.11929386749817743,
      0.19438001944073446,
      0.28307443238851976,
      0.16608227985074506,
      0.23551334433347998,
      0.12531015083426317,
      0.2818455488192449,
      0.29973083784239923,
      0.23748750604444818,
      0.06116629508004599,
      0.08323040817733508,
      0.03822540906523334,
      0.03592882393450438,
      0.1711708899137913,
      0.01941282846545791,
      0.15055401947846656,
      0.06510520617849373,
      0.13871124826418613,
      0.08147180471494724,
      0.1074971446735606,
      0.11874507213766368,
      0.032224159762916336,
      0.08370947865473315,
      0.022359128730440003,
      0.05685974940643433,
      0.29743933437256814,
      0.09506857109768152,
      0.1261303281723135,
      0.09560946690227956,
      0.23634778663556538,
      0.09624913854597607,
      0.09103383563132868,
      0.08781283392276387,
      0.15250324355205452,
      0.2891272926721314,
      0.045676317441175916,
      0.13896853520023367,
      0.2010849770171538,
      0.013500247951312093,
      0.18752003018626498,
      0.10639258618218873,
      0.07166771237853055,
      0.12391190952214544,
      0.08217090551271265,
      0.10548067534557916,
      0.02671265462868856,
      0.18040753804730583,
      0.07445255955474328,
      0.217169957442056,
      0.17314011141733493,
      0.024540523886305465,
      0.2573754084257612,
      0.13658025894441744,
      3.855439967955343E-4,
      0.029953274072436295,
      0.20088847001407165,
      0.2172536126670731,
      0.22354077076129478,
      0.037609941854905744,
      0.15386439156379858,
      0.1815991869663144,
      0.05578130803098884,
      0.07399664683537821,
      0.27576169476961193,
      0.17185791421279525,
      0.08790621697415366,
      0.03227226459134832,
      0.1236486564826771,
      0.21917556694852852,
      0.1427579693269468,
      0.036256628479706586,
      0.024592078496039036,
      0.19196144024275544,
      0.15075025732436173,
      0.017939876474481274,
      0.22701948165969754,
      0.11151634486242347,
      0.20968137160192998,
      0.2715384224500176,
      0.15728185825928834,
      0.218461640590853,
      0.13261060091682877,
      0.21701946323847338,
      0.11201749526581849,
      0.0797863428544221,
      0.2197880350491449,
      0.09836437016158743,
      0.11701099524772246,
      0.12192758269863724,
      0.17357073329293868,
      0.07820805964880113,
      0.22567351813299724,
      0.04452777594099859,
      0.009210161382305538,
      0.15629368855545017,
      0.01566340527374802,
      0.2198549558379648,
      0.18207931243522954,
      0.034133793955840964,
      0.15888005534500796,
      0.04805204038560488,
      0.07282408964885437,
      0.20331733707575753,
      0.1425755216560347,
      0.023400399393552016,
      0.1539132957165092,
      0.2662523172036811,
      0.22694342782418148,
      0.2219936112189568,
      0.1529780184883986,
      0.23272466432704286,
      0.22560834071010472,
      0.13982899696284182,
      0.1823902620493761,
      0.22390693259854327,
      0.2575566850999494,
      0.29440633587399084,
      0.25023283155504467,
      0.29964764854810144,
      0.13507382715099173,
      0.1652146175648703,
      0.2693919425803362,
      0.2988208303845261,
      0.09002671209567165,
      0.01450506677736164,
      0.22944776813571133,
      0.19206883158587232,
      0.01610125571406429,
      0.15809494744466182,
      0.13514118070057374,
      0.20148632273296566,
      0.2922726704646918,
      0.12872466338607808,
      0.29214368173779137,
      0.14246789329431317,
      0.09455535942400917,
      0.13832296626933552,
      0.011233135573064356,
      0.002947086911031227,
      0.13295237448922045,
      0.15402332189624332,
      0.2991778692919186,
      0.11680400372807825,
      0.004820915039643825,
      0.053612189791880815,
      0.08389897825391651,
      0.017203189720003863,
      0.2834845473119869,
      0.22595875052896713,
      0.15584407939897138,
      0.07447797297834746,
      0.263434992006717,
      0.06092300720289848,
      0.03197960407757226,
      0.2697484749466188,
      0.051542477782254424,
      0.1297925235378364,
      0.20650265417117925,
      0.13169968775065197,
      0.1857047001460696,
      0.27982228626791084,
      0.15315799776915162,
      0.2442680060865658,
      0.09527500531183887,
      0.0430198475450785,
      0.08455560053537976,
      0.23839040485950047,
      0.08901498553375135,
      0.2641889722613669,
      0.17878692350268863,
      0.26653576177618177,
      0.18228512826869828,
      0.20898876602616936,
      0.12128256072179514,
      0.11092277589219487,
