{
  "horizon": 720,
  "granularity": 1,
  "priceSchema": [
    0.198,
    0.198,
    0.198,
    0.198,
    0.225,
    0.225,
    0.249,
    0.849,
    0.849,
    0.225,
    0.225,
    0.198
  ],
  "agents": {"h1": {
    "neighbors": [],
    "backgroundLoad": [
      0.27183542356606455,
      0.093852484450099,
      0.03313616833430881,
      0.030112336130741234,
      0.042423259811622926,
      0.2019455748655752,
      0.2696581028056209,
      0.21148955519357918,
      0.28230599531639433,
      0.033338355964785724,
      0.021480954541504737,
      0.23236500008798305,
      0.043851113522007136,
      0.24163889624401522,
      0.012588804897292217,
      0.25326448569584187,
      0.10287299180426998,
      0.09993140859643035,
      0.16730876794445979,
      0.16628238088940708,
      0.2285369335236794,
      0.018624144703735402,
      0.29644201035567636,
      0.2929770927828128,
      0.012872121969319172,
      0.18369274624521142,
      0.26451440935165793,
      0.21071056843496597,
      0.2634116937764794,
      0.15277031251249948,
      0.2521787518216546,
      0.21777118672862375,
      0.20177675439952805,
      0.21171047976014776,
      0.28903082104615896,
      0.07344398995992076,
      0.24396779817569336,
      0.2007011073593787,
      0.02253003636798404,
      0.13693692981690278,
      0.19732624617770333,
      0.28471957030232786,
      0.09810777445108736,
      0.14721333189189656,
      0.16288599163947234,
      0.11252917070285073,
      0.05698711639919115,
      0.28488146724979413,
      0.04556754813955107,
      0.05285450571060649,
      0.11230885124909298,
      0.044811416455287856,
      0.009138570519933442,
      0.058773554496498556,
      0.22259765007338866,
      0.1505636617928116,
      0.17471419148918485,
      0.0955964841814959,
      0.027244638328953883,
      0.02550082474269739,
      0.1257795273864506,
      0.20193305099667075,
      0.03325281067314836,
      0.1712344193936164,
      0.2595538975873222,
      0.1814151159607925,
      0.07767688039495914,
      0.05633829568626361,
      0.10407776021779865,
      0.03476250058916893,
      0.02229622640533253,
      0.18089875014586967,
      0.19227358645794013,
      0.08642294796452536,
      0.028000796981277887,
      0.19744150827252988,
      0.06090417241567848,
      0.11498365599546545,
      0.08362241879890654,
      0.28705490133973827,
      0.15563867819161134,
      0.2931115852832618,
      0.19692242714334138,
      0.0480485181196608,
      0.2941253491115318,
      0.10418589342745067,
      0.08956855917394396,
      0.012273603217680474,
      0.1836929838393592,
      0.015063144799010142,
      0.22999253095312966,
      0.18177344435506995,
      0.23199217256581486,
      0.18374554681336838,
      0.07914451166335622,
      0.05990662524367374,
      0.24669925497336279,
      0.11160555345888225,
      0.1882778717284715,
      0.20720991100696434,
      0.221201187735395,
      0.1611443127170748,
      0.28546750458454184,
      0.0450728787315942,
      0.24552297441398643,
      0.0725520599214758,
      0.12954329070725276,
      0.21638419429000535,
      0.11140752482720932,
      0.2825947830200136,
      0.12279849890590278,
      0.04603968967160924,
      0.10402919391598087,
      0.04624937848427738,
      0.08105154205917649,
      0.09441376685379761,
      0.05076789682256962,
      0.10322163899908787,
      0.24058369819027836,
      0.21992759151951133,
      0.1648525038764196,
      0.01677296139247589,
      0.15137766465486205,
      0.24476637426276548,
      0.07882962831227518,
      0.17286495590829196,
      0.10876685924665142,
      0.1915069854347354,
      0.09039098294775733,
      0.05587682077085949,
      0.09423943572238128,
      0.2919507881271453,
      0.02145034904343499,
      0.09701778213210413,
      0.08408472727634338,
      0.29982023026396815,
      0.14006319964709282,
      0.21967057666781623,
      0.2707448866320355,
      0.22685619057964573,
      0.2607507877565224,
      0.11445239276259737,
      0.22544539874016406,
      0.22263172062571646,
      0.26094707246646415,
      0.056912465270221986,
      0.29896465167805547,
      0.036430871640687645,
      0.2733540920053595,
      0.29286558927657386,
      0.16972594078941966,
      0.15893011750001673,
      0.14556974731337452,
      0.28027137092421417,
      0.027092377271169032,
      0.09408448826841252,
      0.03231961444578158,
      0.11822855393614534,
      0.11884445563122903,
      0.062383736094984404,
      0.03813845254943364,
      0.0811148709667583,
      0.06035305269260015,
      0.18473982731951846,
      0.21064497732588197,
      0.1997694873897162,
      0.14257199823293545,
      0.012327723543352154,
      0.1063755829841045,
      0.18183705419853993,
      0.18723423687888843,
      0.13183458621505753,
      0.0457714639235575,
      0.1693638483448529,
      0.2345226418488729,
      0.2227390235568901,
      0.25172963223408634,
      0.04789106034599559,
      0.04854909709773116,
      0.09981753472476344,
      0.2258728785299553,
      0.21066983937771216,
      0.1514000251968896,
      0.08018702877223972,
      0.2708660692104722,
      0.08880864451155965,
      0.19297098069622573,
      0.03898171773944532,
      0.08879230063473044,
      0.28763308626964695,
      0.14386484937206717,
      0.02196008321164192,
      0.15743744167794937,
      0.16601633898999135,
      0.2484769690137237,
      0.012936909763030423,
      0.004889889877288478,
      0.16878118785863064,
      0.011350019262353527,
      0.26152080963317265,
      0.21720823188850896,
      0.2845917950170099,
      0.044454247245525144,
      0.01344938662558166,
      0.1208995341214034,
      0.18263315030310637,
      0.017353924466191772,
      0.17803838446500692,
      0.22822814908381467,
      0.06708673754077127,
      0.055378083418289425,
      0.17727323863339672,
      0.24053955278682587,
      0.2805988295074472,
      0.11393163076840122,
      0.2799459912319539,
      0.09190358907504982,
      0.19135531224923913,
      0.18603427710046536,
      0.18790501340370677,
      0.22876466953254798,
      0.2463884147157062,
      0.21416300988730919,
      0.012873817387842545,
      0.22470450560290373,
      0.1139179550505509,
      0.19191945774544275,
      0.06521080042861493,
      0.02632554577850692,
      0.1903399052352439,
      0.21202035873904437,
      0.2408296215487311,
      0.07245163018378181,
      0.25357619403271003,
      0.01694497523411995,
      0.1701069517555223,
      0.2339534703697427,
      0.23369051351899378,
      0.19332128978147628,
      0.29508240233050564,
      0.2873819775379562,
      0.2283026892469731,
      0.009312254162190513,
      0.09267099087357494,
      0.04646583890256549,
      0.21362608054987217,
      0.10284163208576713,
      0.08868529415490335,
      0.2229842076709607,
      0.12344821152154861,
      0.06631506825556185,
      0.07781139871313521,
      0.09365174643100406,
      0.13640200051726778,
      0.07931935524318348,
      0.2597880676149609,
      0.09543005308866688,
      0.06889051114206118,
      0.09340430763591558,
      0.07231522746181764,
      0.11870874442211675,
      0.2662524640747478,
      0.14461374315589587,
      0.14458645274226953,
      0.18192635000968896,
      0.18745762231743932,
      0.2297094761130888,
      0.2090576563759924,
      0.10294802106518616,
      0.12462950107362437,
      0.14401096111463643,
      0.002768783822769538,
      0.07003441945184463,
      0.10530256425545644,
      0.027298928101589227,
      0.16231095095951073,
      0.2926677735311629,
      0.12933577967639084,
      0.11577225989760045,
      0.03192751555552976,
      0.059997292051123516,
      0.03665336700962047,
      0.14689677125254455,
      0.12495897819770002,
      0.23404648329157812,
      0.0928151295594055,
      0.09194011514122279,
