{
  "horizon": 720,
  "granularity": 1,
  "priceSchema": [
    0.198,
    0.198,
    0.198,
    0.198,
    0.225,
    0.225,
    0.249,
    0.849,
    0.849,
    0.225,
    0.225,
    0.198
  ],
  "agents": {"h1": {
    "neighbors": [],
    "backgroundLoad": [
      0.05157905197206692,
      0.0936142723080277,
      0.29224921258708325,
      0.14440370474276845,
      0.2581446318956965,
      0.028680035436973027,
      0.09903035455287418,
      0.18602297827309816,
      0.011659827773550112,
      0.058419385374195575,
      0.2899891828754466,
      0.017892347225150505,
      0.08208657055537294,
      0.16973562561074937,
      0.18730095043298914,
      0.020813796681002226,
      0.11603261685559135,
      0.29313496853076515,
      0.21101044443521977,
      0.0755698231083973,
      0.018376724462240146,
      0.09983881165646535,
      0.036832096579210945,
      0.22152184328649688,
      0.28268616107319167,
      0.03232521256403115,
      0.21667769616593155,
      0.1234167844142327,
      0.08014120689178571,
      0.16945579071696892,
      0.2908634944706397,
      0.20512313605176277,
      0.15091459387094597,
      0.05974685570652882,
      0.21914483546918948,
      0.13413930676986194,
      0.24460494020948928,
      0.020938465844185405,
      0.1976251019984059,
      0.28183275705395205,
      0.0549990252798228,
      0.06382825943399491,
      0.016473897688861983,
      0.26161044512389464,
      0.04846603572229345,
      0.14090744735012414,
      0.14705682671365236,
      0.15256226662073624,
      0.16724128802914207,
      0.2438980512815089,
      0.112169906803761,
      0.1977283846368022,
      0.08412438413190088,
      0.21467500897613032,
      0.0658784972493263,
      0.05012411872737197,
      0.03589597808172818,
      0.017826297743433216,
      0.10481429272011282,
      0.29481752202052536,
      0.06572198523614177,
      0.025374604627661102,
      0.21983261350614705,
      0.2690237012031353,
      0.20082370575312056,
      0.129892436387335,
      0.25743772545324084,
      0.16410876262217,
      0.050122949232474644,
      0.08965570409246651,
      0.2453527339925614,
      0.12716829396469156,
      0.2095061766520502,
      0.13077741642796356,
      0.06306309482801987,
      0.08264890401468845,
      0.1991561322160922,
      0.04652264452301171,
      0.2709954390808937,
      0.10057873603885073,
      0.13848340386166985,
      0.14683836718331458,
      0.2484223335027101,
      0.283758607698298,
      0.2318226276135605,
      0.13301938912235392,
      0.04502835585401148,
      0.14947935692041994,
      0.19446104138380338,
      0.2096123260321979,
      0.272592149041209,
      0.08023214725136786,
      0.12217057208364196,
      0.08570392629368892,
      0.28652827316632257,
      0.284167163374056,
      0.12869186705881694,
      0.027723317002955748,
      0.02075407089084057,
      0.286312308128504,
      0.14615421692106628,
      0.15578690443664436,
      0.06859470599931324,
      0.21135426551527373,
      0.19308587715576897,
      0.04596298722362686,
      0.06053902937965746,
      0.0796977355660959,
      0.28996331955087457,
      0.15614425107520508,
      0.16212516176806047,
      0.2763844426483524,
      0.14642007853059105,
      0.04965615733053793,
      0.06254342857876927,
      0.1733100469169269,
      0.10156668961279951,
      0.06987417302556523,
      0.18048346719443584,
      0.16329813718016714,
      0.2989948509267161,
      0.1250253917594116,
      0.2030035375730327,
      0.19305020468957756,
      0.14851595638581225,
      0.28835095781247433,
      0.09201347629728182,
      0.2810098598290667,
      0.014967668527077892,
      0.08271790158432936,
      0.22669908933098168,
      0.07803714526924987,
      0.07652054691049236,
      0.14558879893704546,
      0.1980770019295432,
      0.28523309483808584,
      0.1881159061377485,
      0.06467677617000797,
      0.030634419037538916,
      0.009205213073848717,
      0.10200581374068846,
      0.25879638644101977,
      0.22468558372712674,
      0.2968526961727355,
      0.06609627666148714,
      0.29393950624227616,
      0.2916113374792999,
      0.1643495026819001,
      0.2768190214810186,
      0.1368459416811206,
      0.16115877100314166,
      0.1391242200848865,
      0.2008537495872258,
      0.012299208472452238,
      0.03468582792043978,
      0.08186353623956905,
      0.24939701597346597,
      0.2419614153338591,
      0.030656914650000266,
      0.2424067338176618,
      0.07518543033457585,
      0.11674351943909739,
      0.12802430499214867,
      0.2521931607882787,
      0.29994261812185136,
      0.17966977113878185,
      0.020440267423104973,
      0.10178272514931065,
      0.02047171798311268,
      0.2630530207820511,
      0.192913800308698,
      0.24800764099806355,
      0.07940167490349222,
      0.009657052516571073,
      0.2241486596614155,
      0.10808193539417987,
      0.05929457289808729,
      0.21947609057653877,
      0.09052434440730313,
      0.143637628054203,
      0.23283985137453644,
      0.14578630661500971,
      0.028774007514216736,
      0.02425505258915033,
      0.2824964609995213,
      0.2907205960772828,
      0.24024495881746827,
      0.017896883383826688,
      0.03225362428242808,
      0.1381396438151032,
      0.10672338773015123,
      0.14197542067499383,
      0.10558357199232891,
      0.22504841357010544,
      0.03850326636572602,
      0.22208885243449333,
      0.13613299182913405,
      0.26390451846758956,
      0.10964232121034641,
      0.013353311931818889,
      0.10846970965243542,
      0.09698388825293842,
      0.19343515521096552,
      0.29269598802552554,
      0.1828832730242397,
      0.09583547915533791,
      0.28965321122170956,
      0.12146147018990659,
      0.17670369195180438,
      0.23420831332400574,
      0.2637550473372458,
      0.04983658513014122,
      0.13516292645482633,
      0.09363623598112736,
      0.08913247541071419,
      0.17906334903962481,
      0.11242973283456913,
      0.06308854272461288,
      0.2766147093473471,
      0.192763264797906,
      0.18659307440533693,
      0.18087289654997377,
      0.20249719415166534,
      0.06065783957109713,
      0.2730712623152084,
      0.11893744556079593,
      0.1180625725740091,
      0.11841967651873743,
      0.013373904851536644,
      0.22050913693235072,
      0.18290384754960864,
      0.030596723337612375,
      0.06477054446464676,
      0.17386199747049347,
      0.1438288291468324,
      0.1791621757621426,
      0.03778567997272456,
      0.13155938097996953,
      0.18838372656096825,
      0.0012283715290941743,
      0.21588599100395106,
      0.13874900757756722,
      0.21383499261997774,
      0.03574953218514747,
      0.05510932600091911,
      0.03600804624434221,
      0.2069341176346528,
      0.06026138782354424,
      0.29690204181475865,
      0.2086887628462285,
      0.06629391245029237,
      0.19288893425525389,
      0.2810373500691395,
      0.1488284841843408,
      0.2501830424050961,
      0.09083482949680136,
      0.12687944009431482,
      0.0028878355477537144,
      0.17255709028345909,
      0.08200445586701556,
      0.16807595651700694,
      0.10349060929599359,
      0.008192549000075143,
      0.2959654404088294,
      0.14121729933883068,
      0.13102389840633435,
      0.16508542998292236,
      0.055502032636076434,
      0.026952716771540795,
      0.011513917757903157,
      0.20410780230191392,
      0.07808397352848967,
      0.27607304503788865,
      0.11064545559246498,
      0.008587543184200751,
      0.12700624743364045,
      0.17056416696706309,
      0.24811412980027625,
      0.10401858662083832,
      0.25870466962135713,
      0.29269616974499363,
      0.06858530259842802,
      0.22880738165749542,
      0.05178555922074877,
      0.2136634894642303,
      0.2577657972075325,
      0.27931215801161835,
      0.15779324179436985,
