{
  "horizon": 720,
  "granularity": 1,
  "priceSchema": [
    0.198,
    0.198,
    0.198,
    0.198,
    0.225,
    0.225,
    0.249,
    0.849,
    0.849,
    0.225,
    0.225,
    0.198
  ],
  "agents": {"h1": {
    "neighbors": [],
    "backgroundLoad": [
      0.05409138515050849,
      0.2958413664685555,
      0.2226711144411366,
      0.2614966719936593,
      0.24065656116259523,
      0.13390260346977037,
      0.16289112818375454,
      0.2413477792837799,
      0.05250120434123988,
      0.08673072606285955,
      0.28743130871372363,
      0.20888765479668842,
      0.10570295259281269,
      0.07712164909443638,
      0.11596353990151492,
      0.29329923129904706,
      0.10846668015957757,
      0.11650413952978407,
      0.11187670704646029,
      0.08931695465694199,
      0.13654781025398213,
      0.008341368210575717,
      0.22628511389348888,
      0.04038143646637866,
      0.03362146641324832,
      0.11409175502607512,
      0.006398619962921714,
      0.22924679301831627,
      0.050495633208967494,
      0.13299462564124748,
      0.2077338404793282,
      0.10770898111984557,
      0.2914246092212108,
      0.03484647489843624,
      0.0982335563479504,
      0.12719578489056713,
      0.2836026601690846,
      0.29560608855353454,
      0.07667269818929134,
      0.14802413885090848,
      0.2751265557299292,
      0.26997208789003174,
      0.09032396798074133,
      0.1812602744944123,
      0.2579323438041003,
      0.05986213311156478,
      0.24981703905728636,
      0.1856696703064762,
      0.16732943368945496,
      0.12069349409217661,
      0.04849479982135679,
      0.061168858673457616,
      0.10000645757199518,
      0.2748081344092454,
      0.06135198255918549,
      0.020667166265802995,
      0.0030902031436046305,
      0.010721477658740819,
      0.216927975951582,
      0.1836208039249958,
      0.19347344540134837,
      0.24395261182405406,
      0.06364093852352994,
      0.1403794406411239,
      0.24963543460557533,
      0.28747727532397455,
      0.09943325073404728,
      0.29208529189369825,
      0.004933129724256712,
      0.1838948674701634,
      0.1310861168197841,
      0.0765511589417502,
      0.13244594569096133,
      0.06026810115153566,
      0.061339315057068196,
      0.27071387240082906,
      0.10266804292787089,
      0.21511667596009232,
      0.11302858541594607,
      0.2863759264413681,
      0.2636383904351254,
      0.051510489303088366,
      0.11679993237518448,
      0.24932114226942542,
      0.11660383408375968,
      0.09078044473842188,
      0.2686678217688259,
      0.16725337079165928,
      0.21985510936646152,
      0.18541234102806176,
      0.2431184729098873,
      0.06149587608572562,
      0.25065629123782474,
      0.2854630207986918,
      0.27060584920913766,
      0.24794507689201722,
      0.009626629389801222,
      0.1017315598677682,
      0.17937117937891603,
      0.07492427965068857,
      0.07279831369414355,
      0.12827384571104808,
      0.05917871247035454,
      0.11563142995995773,
      8.40354272287347E-5,
      0.05709368145654032,
      0.2310648854539641,
      0.04723493710762242,
      0.03402329494073397,
      0.07941182201862955,
      0.06484351310000046,
      0.06598632524871885,
      0.10936093163604668,
      0.002266042939735624,
      0.2560306215115374,
      0.22984686784527425,
      0.14274187031571892,
      0.02681160128031692,
      0.17953159278088496,
      0.1759521734994349,
      0.10940727579114837,
      0.06634903529426575,
      0.2816241201338012,
      0.1308763234647206,
      0.10501457493359857,
      0.08931951426456598,
      0.20227837447265443,
      0.027460728358982833,
      0.08906092086246399,
      0.1538595678501536,
      0.07669833959577786,
      0.2529149205100776,
      0.0965618322184662,
      0.04217189716014976,
      0.03090040625664202,
      0.1337959671197156,
      0.20274446836389196,
      0.051751957608400644,
      0.06561278924775643,
      0.1884376698553057,
      0.21706145837930493,
      0.20618494910495883,
      0.2833393661890546,
      0.1256465992345214,
      0.1451728837363883,
      0.002237150617798067,
      0.2776081629272866,
      0.0211425113091537,
      0.12300279450085472,
      0.008094661670389048,
      0.06890215711679955,
      0.11014136185277953,
      0.03467738409626938,
      0.17734249609110617,
      0.23789047115097686,
      0.18406199068660364,
      0.22127626670259917,
      0.06102404730108012,
      0.12094875115759884,
      0.2029605339312692,
      0.08527648243771914,
      0.00881477411714171,
      0.09985125079110992,
      0.13883705545182357,
      0.2873632327021342,
      0.2581861758153756,
      0.240019239090254,
      0.16396480959882012,
      0.10348984332176107,
      0.17335211604712444,
      0.028401284391582193,
      0.18358520364813638,
      0.051761605800422696,
      0.004581030286338339,
      0.006653080902465314,
      0.019528239263859024,
      0.20549332787918143,
      0.1722780778287058,
      0.0819893155060711,
      0.21293688154943136,
      0.12168214962031607,
      0.09680991749970563,
      0.045565285471174076,
      0.13960812527725106,
      0.15111072541268236,
      0.13855200761294145,
      0.16848807664557178,
      0.0664956358698703,
      0.008862954079450713,
      0.11671469602946409,
      0.1578879928760293,
      0.041763171940789656,
      0.21515605849090796,
      0.25753193830967785,
      0.0799765428987722,
      0.25545867716719123,
      0.2060216703298914,
      0.23735508643857345,
      0.13566223090709806,
      0.2623796052693278,
      0.2665243581075333,
      0.26261917262642714,
      0.08011643093460308,
      0.03834556335616779,
      0.006038347078575102,
      0.19363160994595463,
      0.28901448068199165,
      0.11497553718327003,
      0.22940454155367934,
      0.2072440588927997,
      0.1195314989496083,
      0.20178912662698517,
      0.2705712136364927,
      0.04166477692933174,
      0.06724051808253123,
      0.16846427331093697,
      0.19091371923471712,
      0.23037776167444285,
      0.05026860276485807,
      0.29218589220388536,
      0.27942793220235485,
      0.2110971464057347,
      0.2975048775294707,
      0.2450199081733887,
      0.10976153925789141,
      0.03924974386223534,
      0.17435325011182112,
      0.0407036595250593,
      0.24378986792798069,
      0.130181226445115,
      0.25978520481359,
      0.22555204150189953,
      0.16015669096955046,
      0.08715380955309804,
      0.18861732163802472,
      0.2498181631853231,
      0.19652889744159197,
      0.22410330181262833,
      0.1106495750732642,
      0.19603398595468427,
      0.09050450394204237,
      0.009296544292737996,
      0.055634764196754234,
      0.10153909754708328,
      0.024064523090144407,
      0.02803240577567705,
      0.245372425414326,
      0.24407928523070666,
      0.253395127639102,
      0.16007440674596962,
      0.055443479445283515,
      0.24357008792617799,
      0.12764029665671892,
      0.19127237317821155,
      0.20335229310235023,
      0.07838453625172011,
      0.06147281208610889,
      0.20573428100779118,
      0.29435313193101287,
      0.06421101317028578,
      0.2413161390604335,
      0.07605078607226883,
      0.13424292367614366,
      0.0014661643864246842,
      0.24241787710510343,
      0.18892590701283007,
      0.08942005005686436,
      0.10475118725064018,
      0.1680791779020277,
      0.11488243198289044,
      0.17838245545702597,
      0.12539360682005504,
      0.09007605940154102,
      0.23211293415047776,
      0.2344296831567053,
      0.15318997853181962,
      0.13289776498356115,
      0.010885767026681403,
      0.19641558939010006,
      0.2993034011718137,
      0.2244423124126678,
      0.20460998718661774,
      2.8207507904862703E-4,
      0.12374615804274629,
      0.22277135326484976,
      0.2611374295739638,
      0.1565951597737327,
      0.14186881777544139,
