{
  "horizon": 720,
  "granularity": 1,
  "priceSchema": [
    0.198,
    0.198,
    0.198,
    0.198,
    0.225,
    0.225,
    0.249,
    0.849,
    0.849,
    0.225,
    0.225,
    0.198
  ],
  "agents": {"h1": {
    "neighbors": [],
    "backgroundLoad": [
      0.251279931847353,
      0.13272242173093154,
      0.018006139089488647,
      0.2384291025569278,
      0.009700389932101339,
      0.24162949455073768,
      0.27225962480421456,
      0.02111592682461876,
      0.09854206517046117,
      0.10055529881664947,
      0.2222293827878957,
      0.20020106352073716,
      0.13618920511787172,
      0.29558791195646344,
      0.05197598677469173,
      0.18806217997439756,
      0.2521083835084943,
      0.012512695058408362,
      0.05083663521648931,
      0.28610642144412174,
      0.13575704295668192,
      0.17706631533789532,
      0.23594543883014155,
      0.09016272860379144,
      0.1600587536386697,
      0.07427263984126233,
      0.23014984095532282,
      0.2483675829197743,
      0.23775607744856886,
      0.09121017620535378,
      0.07599273435636832,
      0.2868449958275326,
      0.10726487442261519,
      0.17982127289689653,
      0.27431276956001654,
      0.021460059278911512,
      0.00411324764852179,
      0.03995792922373243,
      0.1419412111204578,
      0.11591921950991009,
      0.1346755019583142,
      0.11168437534027201,
      0.14627737205658523,
      0.0959242389707092,
      0.06044793344719705,
      0.0567082147080182,
      0.279639648102009,
      0.06765072373117736,
      0.007732787676462582,
      0.17272388310976197,
      0.28452732871600994,
      0.28118247300193594,
      0.293902421041755,
      0.2649901845910118,
      0.15904709494820374,
      0.2391296305479676,
      0.05771983471314883,
      0.04700578965283181,
      0.20342880814318723,
      0.23385317886691945,
      0.1103072915816627,
      0.02184505967807717,
      0.1749662851265783,
      0.22187668482303932,
      0.05308086989039853,
      0.06891499797106282,
      0.28935574471804804,
      0.14554848716837163,
      0.1325242228669803,
      0.010198333872228826,
      0.0862946889241235,
      0.19347266381433306,
      0.21556142184890245,
      0.04666330658561937,
      0.022611010467686963,
      0.1079810978679676,
      0.1283336401399947,
      0.11894190037063818,
      0.11512962098927604,
      0.15024547094230398,
      0.26541909331854957,
      0.02987056034423322,
      0.2010640273366474,
      0.11557707809733364,
      0.23124415128318457,
      0.048605462435483714,
      0.1931154267613676,
      0.20058861448982873,
      0.11542735555093947,
      0.19669151613586652,
      0.2683085686646307,
      0.1803986529839305,
      0.08051206375024608,
      0.15814839541774706,
      0.1493730159381614,
      0.06620554787754902,
      0.08600217045689024,
      0.2708938696461571,
      0.2017751513488905,
      0.20295328662628082,
      0.2999639870335349,
      0.18845646100322722,
      0.18288217224971717,
      0.09203144205378684,
      0.2195689597420041,
      0.12689319837376475,
      0.14444216543008134,
      0.016029575101277026,
      0.06292892758869191,
      0.02979949944450659,
      0.24474307514348534,
      0.011301383540581822,
      0.07995905719413723,
      0.27350488899750014,
      0.22323798875495038,
      0.11967185268478313,
      0.2634470394153445,
      0.08450368217928317,
      0.13418007388659775,
      0.22363226539213726,
      0.1488445895079449,
      0.03756962935659872,
      0.16211354388942048,
      0.046125381561563594,
      0.22551080275773652,
      0.06363901012002755,
      0.10752721911199574,
      0.25039326910841114,
      0.1792732956159823,
      0.2937525967802228,
      0.11479632713701719,
      0.24487410137162963,
      0.2285841389627235,
      0.23907023856349802,
      0.20838130885118633,
      0.22402715939006015,
      0.2987229055498755,
      0.297352375408958,
      0.1255636891042845,
      0.0866618433907784,
      0.03219380407187585,
      0.12210352048036822,
      0.289201070634437,
      0.26517136782169426,
      0.19763952894864423,
      0.2786677864129301,
      0.07740034089502668,
      0.0999661724508404,
      0.07278553612681556,
      0.10510529876939667,
      0.2620829742931517,
      0.09539690777459885,
      0.1340862725394676,
      0.1328778346333614,
      0.1550279214832574,
      0.19796564275372586,
      0.20758071326508956,
      0.05200842603116113,
      0.0319352803044077,
      0.19489288378361128,
      0.056187925837924015,
      0.15861978490209092,
      0.23298118102681936,
      0.26370626083801757,
      0.08519130256159363,
      0.280728103562496,
      0.27042790603515504,
      0.2396134440038244,
      0.25143792905784274,
      0.07079905412850367,
      0.008973102114826591,
      0.13814409305072098,
      0.10082922382077672,
      0.11354572849005932,
      0.16258532049576563,
      0.2403329760569691,
      0.21898592380325807,
      0.2245892361531669,
      0.18358733167942473,
      0.2946567079594577,
      0.05716576391508462,
      0.16361965534470194,
      0.20664767829626152,
      0.1107879076670758,
      0.21173836520717015,
      0.07283976423253409,
      0.09329646878016637,
      0.2607275694954655,
      0.1855491952614549,
      0.09367148817323735,
      0.1880671691859689,
      0.2645720927183789,
      0.21149546974377573,
      0.032388903691306765,
      0.23604461043889607,
      0.10669356410903408,
      0.2247859768930592,
      0.15998604402903363,
      0.232813994601264,
      0.0364484059545156,
      0.1983371660571884,
      0.0035064280398240722,
      0.29699027020866814,
      0.2674192446326109,
      0.24477934860523354,
      0.27785478035784306,
      0.22136294232359557,
      0.09308738187337903,
      0.016544702525991748,
      0.2431570955100912,
      0.20865353355699873,
      0.17776339354505824,
      0.2971557492140956,
      0.13261501099466172,
      0.24363372422708335,
      0.22490666348053315,
      0.047555079672644836,
      0.07109044923174747,
      0.10931994758837364,
      0.24940380508817375,
      0.248071192116477,
      0.29009497756732877,
      0.047308539204036694,
      0.2942074801795141,
      0.09226212653440423,
      0.2759230014558752,
      0.2802821687841618,
      0.22244613213263878,
      0.09803091740413213,
      0.19248531549995226,
      0.17706392851648697,
      0.006591030003607878,
      0.1141123871738709,
      0.10752324683528311,
      0.2628429699276235,
      0.1657980018378977,
      0.224570816861344,
      0.21089414647779656,
      0.2279504529455047,
      0.2620760009477264,
      0.02648571376025418,
      0.0646926170541421,
      0.12909148018764738,
      0.14903018578466132,
      0.16735389297650385,
      0.00551474373513956,
      0.12703020012082916,
      0.23921274734199052,
      0.09417921382937834,
      0.03519923306510057,
      0.2507508416276722,
      0.13286707011886725,
      0.1523237162168314,
      0.18425734449988235,
      0.1571018516538022,
      0.06988904477162816,
      0.06790692957056495,
      0.19872283385652037,
      0.2232125319589956,
      0.12311985556238936,
      0.013664795607333868,
      0.24039012033015877,
      0.06024407075516421,
      0.26039361530920346,
      0.03367651300329034,
      0.13295818460130054,
      0.15766481001765772,
      0.022379954706888836,
      0.07548743308698416,
      0.24405263317504722,
      0.022967721811742857,
      0.24642430930457904,
      0.1364005039119976,
      0.28065219325630847,
      0.10497335793981323,
      0.012974639918607,
      0.1058340328320191,
      0.02654687025564716,
      0.18518273049055262,
      0.12625528141973855,
      0.06510815288883266,
      0.2697568968190818,
      0.19288973145481625,
      0.0038478027414981294,
      0.02464714909323865,
      0.06832019821282186,
      0.0276882902614634,
      0.006360711657343854,
      0.20822825779488674,
