{
  "horizon": 720,
  "granularity": 1,
  "priceSchema": [
    0.198,
    0.198,
    0.198,
    0.198,
    0.225,
    0.225,
    0.249,
    0.849,
    0.849,
    0.225,
    0.225,
    0.198
  ],
  "agents": {"h1": {
    "neighbors": [],
    "backgroundLoad": [
      0.17451594677058704,
      0.09500050694269968,
      0.29242724387069785,
      0.27798381203840233,
      0.20724304197759072,
      0.1280904797029937,
      0.17550728367262045,
      0.2940633272542756,
      0.2035429171757058,
      0.09951745347277514,
      0.25107207170821827,
      0.20127928365080258,
      0.08820245604141122,
      0.27244420937983244,
      0.1524438616147893,
      0.15930768995848849,
      0.2018333548067242,
      0.20574899210215933,
      0.1954669493619931,
      0.1755012996324397,
      0.2695661407425867,
      0.20762866223389176,
      0.050109726707748346,
      0.15501485541006824,
      0.2081716297203469,
      0.23657699444670408,
      0.25312407469533804,
      0.26795792933371243,
      0.2594742806400967,
      0.08246662411900223,
      0.09042788382030865,
      0.01331907293821376,
      0.11694507605832381,
      0.1831032031187895,
      0.2399204906936206,
      0.2318425511758367,
      0.25170131845652816,
      0.28440938741415345,
      0.03221998781857155,
      0.043336020762439795,
      0.032731295954806894,
      0.037351376255096304,
      0.12036958139813103,
      0.04095645352867274,
      0.0023628885518076513,
      0.2544001548026958,
      0.007335366550911281,
      0.07884560772332444,
      0.2033023994940043,
      0.040532542254934835,
      0.09852557516350313,
      0.11676784191915629,
      0.14819722690374854,
      0.26914559335855476,
      0.03417155132839794,
      0.07309001137949415,
      0.21295818430913002,
      0.15311245204215498,
      0.18838537934292623,
      0.13229850774741794,
      0.10956963128910187,
      0.28995792452802727,
      0.14248175698983093,
      0.09255945524257182,
      0.13732196791646029,
      0.017717145019529843,
      0.1720124239321282,
      0.2509175477265882,
      0.05338981555473019,
      0.23109408960076322,
      0.17230012639437162,
      0.19212700052409828,
      0.2754717828325302,
      0.12090006749611147,
      0.2370526577274081,
      0.08228098303665667,
      0.09400047643693957,
      0.02950864658546034,
      0.231624300066928,
      0.1895859370778505,
      0.21213081243541315,
      0.2568492309655027,
      0.18708092084772013,
      0.05959193214233792,
      0.10797247595572088,
      0.2990131365976096,
      0.06641262868962512,
      0.23579603411797942,
      0.03582351984311836,
      0.0840124498640417,
      0.22834168327600043,
      0.10519463064430597,
      0.1508875398924548,
      0.012029520380579894,
      0.18219950306558186,
      0.15746811551317022,
      0.2774928222788051,
      0.025188208679193334,
      0.08491092259010381,
      0.04615655868906443,
      0.19676901641421649,
      0.282100639487763,
      0.12433982860547385,
      0.10588600525830012,
      0.1526340040652552,
      0.06842414438098444,
      0.0422213317410283,
      0.08352630775760193,
      0.23944807901115936,
      0.21321163522402045,
      0.14029665329769672,
      0.07067322071078827,
      0.05045213178147449,
      0.2756648698792774,
      0.11489032563702624,
      0.22166376964386866,
      0.2851932342720683,
      0.2203790612859057,
      0.12956114855078732,
      0.12900379364335654,
      0.26445211754853676,
      0.16643562554085284,
      0.05810400217366833,
      0.2851991332422648,
      0.20913312105142554,
      0.1799549163534325,
      0.12330551430574832,
      0.08182191519761164,
      0.2531665774387971,
      0.2809168990645308,
      0.001102413684141501,
      0.29252608351261683,
      0.15308020804741965,
      0.008136730871366071,
      0.22845208308771453,
      0.2974066848609517,
      0.1152192568543331,
      0.29438742496510883,
      0.09003089426228779,
      0.020304247511859295,
      0.07623471158236125,
      0.2027319851777357,
      0.11565150423106958,
      0.10515096337171914,
      0.014746964011447383,
      0.07159005839087854,
      0.22239862956536172,
      0.01725686010064401,
      0.08625752791066259,
      0.07940006722756922,
      0.19992372541018366,
      0.273985445663675,
      0.11572691996709165,
      0.26995936966005335,
      0.11176371356375549,
      0.20662705579566182,
      0.09612462198824587,
      0.19882409764277145,
      0.24729738345611435,
      0.12097836850367968,
      0.008774930362858513,
      0.0270340999925747,
      0.2052088879680729,
      0.07704891546243038,
      0.13851119090798583,
      0.2578239254040343,
      0.2213501899126422,
      0.27592543036495487,
      0.03370088423277865,
      0.2784394156030613,
      0.14812150714216568,
      0.09759527961170407,
      0.29825436137932393,
      0.133674204686084,
      0.2762246547251913,
      0.08556049770498415,
      0.23975092553758684,
      0.004269993205586664,
      0.11536151965445372,
      0.2695423719239676,
      0.24606951190124746,
      0.18549710573097544,
      0.0108700290676774,
      0.19435497622740808,
      0.25006848462083237,
      0.07697415445567596,
      0.2651371025769476,
      0.1978445315539911,
      0.16792979786669263,
      0.23104060523746847,
      0.29333304303513813,
      0.17816050807353692,
      0.22278247396935671,
      0.26469938990414776,
      0.18976956261720762,
      8.131897927656339E-4,
      0.2425519236775876,
      0.24585156394602511,
      0.20625403091066824,
      0.028168600619971937,
      0.17054149076938496,
      0.14040556942054036,
      0.19166555235770177,
      0.2937848398029199,
      0.16416130424536451,
      0.106394084908648,
      0.055104660121232295,
      0.13054997015467942,
      0.2555695098311086,
      0.17346685168490636,
      0.031338238004462504,
      0.23221200355504412,
      0.2357363011794367,
      0.12732002958102237,
      0.24607171741019496,
      0.12757548371014724,
      0.031982964342352094,
      0.08021419191821028,
      0.10732042019820982,
      0.14278517832252555,
      0.1208835698106659,
      0.200126855718909,
      0.12124764754007511,
      0.10068476151069583,
      0.2404875466405888,
      0.04054984827718089,
      0.16834553464170535,
      0.10996046528187,
      0.16272733784942212,
      0.09752047552631664,
      0.0244000668940627,
      0.27310308838643677,
      0.11450174271243437,
      0.23438423734926217,
      0.29238361967043497,
      0.1085161246162761,
      0.1099416075211104,
      0.011299663752223398,
      0.06979161970542605,
      0.27453041825796526,
      0.08771700509915574,
      0.007598345414573959,
      0.08520313960992684,
      0.18381674848376786,
      0.27272280270675703,
      0.1797011603093528,
      0.07125531806790339,
      0.27819931742216364,
      0.03948128269480335,
      0.15259725035900332,
      0.29268293755653274,
      0.13738003791166234,
      0.11151245386519372,
      0.1354265504007829,
      0.1159829111018737,
      0.07417480878455668,
      0.2787844509659009,
      0.15323771112393358,
      0.00798774500266296,
      0.26540860601355853,
      0.20743587507659406,
      0.24052502343046062,
      0.12464373810004609,
      0.15266113940597117,
      0.1120925589890029,
      0.010494903215609907,
      0.07470293535541157,
      0.1899153548321987,
      0.235117508129873,
      0.21822699688004318,
      0.15360251181496834,
      0.2148386195963415,
      0.07325356489550632,
      0.14826343221567123,
      0.15721050308064052,
      0.17719781818558783,
      0.014783510938664101,
      0.1258280886222974,
      0.25524800287070876,
      0.20268528710119402,
      0.2691070029421865,
      0.17053131692375562,
      0.22031617962378305,
      0.295749004293034,
      0.14167584754158194,
      0.22876304508895146,
      0.008026730732854448,
      0.28347633756838453,
