{
  "horizon": 720,
  "granularity": 1,
  "priceSchema": [
    0.198,
    0.198,
    0.198,
    0.198,
    0.225,
    0.225,
    0.249,
    0.849,
    0.849,
    0.225,
    0.225,
    0.198
  ],
  "agents": {"h1": {
    "neighbors": [],
    "backgroundLoad": [
      0.2529537379515332,
      0.09501734602450602,
      0.2937944915269616,
      0.05647886315051659,
      0.13516490348976976,
      0.2640550151672397,
      0.038642427245794995,
      0.22594397259058263,
      0.2208527220043284,
      0.1303996480764384,
      0.2645130014769364,
      0.22052447141179132,
      0.23711987420792632,
      0.11777189899603983,
      0.27803867571692154,
      0.1992026632692532,
      0.08167969767291523,
      0.08262679928086543,
      0.16412881013271882,
      0.19523003159026234,
      0.08302676754370142,
      0.2354692968748623,
      0.22038169858772363,
      0.14355843062416185,
      0.26864583925252894,
      0.26347897115141655,
      0.16555912936134703,
      0.2035166603152618,
      0.2797329118341615,
      0.01742544539234355,
      0.128292768074279,
      0.2579103577390709,
      0.01423959924969359,
      0.17993914020002996,
      0.04930927375103426,
      0.24347153911118175,
      0.08421885120334148,
      0.19023682214257123,
      0.0929443848747684,
      0.1583925127132819,
      0.030252156993092937,
      0.24304735765061658,
      0.199120217944628,
      0.2615933518736289,
      0.17792199321236676,
      0.09172781671309066,
      0.07019552685581323,
      0.2946600714962118,
      0.08231345724534496,
      0.28037062564117843,
      0.1417295395829743,
      0.22711403634494454,
      0.0933530372673202,
      0.06179734105973432,
      0.21415985723261485,
      0.26081556279966595,
      0.125578178221246,
      0.01092879822188324,
      0.2757878084073489,
      0.22281253630675144,
      0.017527696008677707,
      0.1274228631679815,
      0.0156812944419522,
      0.2997137443290445,
      0.0023628385845930852,
      0.10232474235287138,
      0.17125071146725238,
      0.20489093260736016,
      0.09547161883410471,
      0.23623222658539575,
      0.2608617145089684,
      0.17881069524701249,
      0.16650744982640558,
      0.11057071709846222,
      0.24116289306645475,
      0.23741813634253406,
      0.07722927171598672,
      0.2827295476715107,
      0.12250060767932165,
      0.02038340936777735,
      0.2095348004196166,
      0.1776282690648617,
      0.06188517325339747,
      0.037154941196026914,
      0.29017049306727993,
      0.18628323347977074,
      0.2550977144869315,
      0.19954970723064977,
      0.08748099652475823,
      0.22729582479950738,
      0.2657605298286934,
      0.2915315255651606,
      0.09246101724852958,
      0.10657009485135292,
      0.206899690428226,
      0.03747282321261356,
      0.14461548046496595,
      0.0327368595575079,
      0.12041030916395323,
      0.0702758022523983,
      0.05455706494557255,
      0.2967862084781585,
      0.18497991445146103,
      0.021888425808158505,
      0.24013788271401085,
      0.18625686018016158,
      0.15844850420396975,
      0.28159475586324406,
      0.08678511538524648,
      0.08769640199184349,
      0.24300277669738132,
      0.14837924186620124,
      0.18950588179436925,
      0.23293331656079647,
      0.22765458022386376,
      0.017188754111643622,
      0.2924356236069655,
      0.1593142410984888,
      0.2907231631368776,
      0.2636825666729534,
      0.15973780205619242,
      0.2168904948469332,
      0.07886056237235342,
      0.14583011689698175,
      0.08235081857633673,
      0.17367789706506026,
      0.24297546379789722,
      0.09326094804076088,
      0.2873665418940869,
      0.08110506805169806,
      0.04943072345292652,
      0.2947631787411029,
      0.23513347497957746,
      0.05316147254968849,
      0.21212293635408144,
      0.14283864755161882,
      0.2359386199847632,
      0.07351343511679394,
      0.05330657579976387,
      0.16040758514513248,
      0.04232476727986297,
      0.0855851136820673,
      0.2225672739066775,
      0.24945203022648188,
      0.07653094403544684,
      0.22108515174250024,
      0.19958989325173726,
      0.12652897128000645,
      0.02907790314499513,
      0.22668225921286603,
      0.14944626258051702,
      0.12396564247237057,
      0.16014926821048686,
      0.028259870342395497,
      0.26841343155640784,
      0.12350106330830818,
      0.21994251860552672,
      0.04939332079491904,
      0.15556308904120225,
      0.01957410367216945,
      0.25688369291664853,
      0.04881648295606433,
      0.2699530998923607,
      0.14371259824655064,
      0.07790832186822463,
      0.2643956879232661,
      0.12779306852922648,
      0.011109440987699226,
      0.039537217329792484,
      0.10268755091394166,
      0.27570083957818076,
      0.03011307630357709,
      0.007861394448645387,
      0.15700321903019696,
      0.09597757702323083,
      0.018531931929533275,
      0.2297654493529639,
      0.16416498083694311,
      0.041066420820577966,
      0.25128742406210774,
      0.029970201383812355,
      0.14404452512327903,
      0.2889241105222081,
      0.2965400424230245,
      0.010487553510708191,
      0.26547391035601187,
      0.07952774964440647,
      0.16116107178160685,
      0.25215118650498514,
      0.17625231803385458,
      0.2947321067099733,
      0.2254693405700816,
      0.014439809852506823,
      0.17175776684822222,
      0.03930440859325805,
      0.28132537730767637,
      0.17596819096175156,
      0.22664311899953551,
      0.19180377359523387,
      0.18958154138759745,
      0.23031712281758637,
      0.11702921448974984,
      0.22912315017645876,
      0.06845788424988891,
      0.12775174090660046,
      0.06299441867337519,
      0.26165835839170126,
      0.2745033715357022,
      0.20701958081671437,
      0.13845656161815662,
      0.2423515060453661,
      0.20102996851021376,
      0.2777904742164707,
      0.17591180385524505,
      0.22685568857742386,
      0.06734766636206838,
      0.05969225825711905,
      0.17067883294738556,
      0.17466657465829413,
      0.12948782408676573,
      0.23232691703936226,
      0.03514296243792956,
      0.2880949068664274,
      0.16300114247393682,
      0.06782229671908434,
      0.1026167816879433,
      0.02973011419376933,
      0.2935170468765516,
      0.17587887775165192,
      0.23898521356106733,
      0.18981809663859764,
      0.24657196176653512,
      0.16015638522200906,
      0.2025872330975297,
      0.19979015880162035,
      0.006580482950708466,
      0.09041699637660652,
      0.16100679927005615,
      0.13344797154612834,
      0.1326719154637727,
      0.10713354493653267,
      0.2429131184347328,
      0.163698180897997,
      0.1460120802847746,
      0.15210490472757873,
      0.15918829482376023,
      0.09030549545813477,
      0.2651382802150695,
      0.05601335908126127,
      0.04225663175144401,
      0.2498600148942184,
      0.1476930112846382,
      0.025009110139178715,
      0.022017901673357432,
      0.11761007590773673,
      0.09569296160410924,
      0.01995700812659914,
      0.2736325762736881,
      0.08671558457839217,
      0.02066221366704749,
      0.17069991405605991,
      0.2700897969657669,
      0.14198763576673126,
      0.13663552614960073,
      0.01505646596654746,
      0.07395295349212246,
      0.128969277825551,
      0.08739181153544735,
      0.034232800291366945,
      0.29679526168196296,
      0.18749358320914908,
      0.27940611173552565,
      0.0737471125337988,
      0.013903909975506135,
      0.13936322626446282,
      0.11005615594538772,
      0.17086639863504108,
      0.1761638678507645,
      0.01898301616292559,
      0.1772764882675579,
      0.03154391592090576,
      0.048011773947681226,
      0.17664026628582755,
      0.2263146850110827,
      0.10744106847221375,
      0.059140058183167366,
      0.04164904491682686,
      0.0940534418297546,
