{
  "horizon": 720,
  "granularity": 1,
  "priceSchema": [
    0.198,
    0.198,
    0.198,
    0.198,
    0.225,
    0.225,
    0.249,
    0.849,
    0.849,
    0.225,
    0.225,
    0.198
  ],
  "agents": {"h1": {
    "neighbors": [],
    "backgroundLoad": [
      0.02795244297890349,
      0.14368464179390553,
      0.03772671900694906,
      0.2280368815762107,
      0.013446793940292367,
      0.07174284692201466,
      0.11319387102406842,
      0.2989816646431448,
      0.08507621143011894,
      0.06333959993321471,
      0.21012919035954186,
      0.17730777605500095,
      0.02787458256258386,
      0.273307926009738,
      0.18991740558137066,
      0.018656668587206316,
      0.0067897290288334465,
      0.09688605529953931,
      0.09994523106049612,
      0.1508627384394407,
      0.2843957235349042,
      0.11589308384942974,
      0.09248734790072431,
      0.12120223864239449,
      0.02982009009170411,
      0.1644560834337507,
      0.10665004739727764,
      0.12513704989634844,
      0.2531556677830696,
      0.13827257152411535,
      0.15926459959480094,
      0.06416968133687227,
      0.05252111824989899,
      0.163710686015875,
      0.04761594730992872,
      0.28293214175694387,
      0.0609688839378299,
      0.080006055725532,
      0.057247993655017565,
      0.2848412148892169,
      0.16529263410984602,
      0.09854119675836388,
      0.28446044264632064,
      0.16279502392076112,
      0.1335671595864398,
      0.13854402718660105,
      0.17187417734607127,
      0.2619384380186778,
      0.05602042456667804,
      0.06680224823322639,
      0.18312808630487035,
      0.0780420048587989,
      0.018272227966637664,
      0.08297908020341219,
      0.021787411969050253,
      0.21708118843955285,
      0.16382248337868965,
      0.13220468230114174,
      0.08157187034737808,
      0.17183190895775577,
      0.12834272020074436,
      0.16148647832678545,
      0.0628126453897367,
      0.22343450884305585,
      0.07223224442734914,
      0.16015612974934954,
      0.15177294695614102,
      0.10634208841959324,
      0.2571505665558668,
      0.022512619217688223,
      0.24267102141526184,
      0.18566504228368583,
      0.12495393088724822,
      0.19548097326711625,
      0.05885864241501778,
      0.23596398623605103,
      0.10530873627616258,
      0.04891510867436681,
      0.14465560085045812,
      0.1691699929484001,
      0.17286440055736965,
      0.24616069558826764,
      0.2291825546104505,
      0.28061853286815813,
      0.26870154663479656,
      0.14500151010435863,
      0.05490738910176337,
      0.15443230419090143,
      0.11316296597817882,
      0.2527045639679625,
      0.013357237855345728,
      0.2134347169111164,
      0.03739770979462217,
      0.17721765951975124,
      0.08066041995387298,
      0.12266569937893101,
      0.18598466907014977,
      0.2738482805255068,
      0.018378789897558288,
      0.1812198004324375,
      0.1793974715741472,
      0.011766962927909252,
      0.27667039861031534,
      0.15682378229318159,
      0.03346397059290744,
      0.06912316697061484,
      0.08290551507110995,
      0.2982635852724842,
      0.008183700858464248,
      0.2776987351069097,
      0.1514634758221145,
      0.2679787263419076,
      0.18209879288690942,
      0.2529311501986511,
      0.08570791670433354,
      0.20925029018898741,
      0.14353414563354885,
      0.13715288116185184,
      0.14802970958122252,
      0.10308690243056562,
      0.1751767136753403,
      0.05398624525678797,
      0.029511665092979342,
      0.28904780978036587,
      0.0029919145501263065,
      0.18670754754416943,
      0.009437070359203636,
      0.22088001292153622,
      0.18315218287356846,
      0.03533533017845175,
      0.07947005312916547,
      0.19823375986563105,
      0.2962563169790037,
      0.2997550988504002,
      0.13552520274834126,
      0.270260947939412,
      0.11465387200114384,
      0.2331897279116128,
      0.21308536063196562,
      0.1870613856723315,
      0.23626780087007576,
      0.19574860681586193,
      0.11963316621603697,
      0.10727747516880845,
      0.12077674039920404,
      0.24788870839322594,
      0.010077862710845696,
      0.26703375621128383,
      0.20300781656391373,
      0.29186669032407625,
      0.010360122872681187,
      0.20712337904664913,
      0.09347481253703122,
      0.22537334263875286,
      0.25759887114649616,
      0.1596437154762947,
      0.15794395160252694,
      5.221627235990178E-4,
      0.262247792959527,
      0.20637215819148522,
      0.20683299567585353,
      0.04565395730594137,
      0.12147534081401591,
      0.06539728987570693,
      0.08423695667433843,
      0.17850799035791703,
      0.09467869460568532,
      0.07273312916838892,
      0.1215165062600228,
      0.06529784781387811,
      0.04421063198574876,
      0.002191076745285425,
      0.04971420672833549,
      0.17194658285760597,
      0.22150205440736281,
      0.10151449175320129,
      0.15955875234390254,
      0.26477029340806024,
      0.1309075256655939,
      0.28474448828487947,
      0.1168590131751342,
      0.12890357261709232,
      0.08119423890685394,
      0.013483850763212412,
      0.25450045396066534,
      0.09836914139459697,
      0.08379138059755441,
      0.24658845276423375,
      0.2554085675394485,
      0.24732902483687805,
      0.24840719881107173,
      0.263630756266916,
      0.011279723294787913,
      0.051920280554991045,
      0.11876638421247232,
      0.14525049841795662,
      0.23454324170978375,
      0.10634119493152297,
      0.2008099304028826,
      0.27810772841447357,
      0.027602567823550715,
      0.2743265103613369,
      0.23155951821258447,
      0.1318236435279854,
      0.28700899258172796,
      0.024124290211473054,
      0.24325788419762084,
      0.2470994722131065,
      0.05745645375885023,
      0.1354972092216122,
      0.10831420903629083,
      0.1898404640304824,
      0.19340951242274518,
      0.01989093113872583,
      0.2681264690129913,
      0.2572309999497848,
      0.15599329852946137,
      0.08133085285103206,
      0.12886283292278636,
      0.026891674768683836,
      0.00787629306781915,
      0.03246850342292625,
      0.14781022729691282,
      0.09154560263876023,
      0.22533380411488818,
      0.16719886956930008,
      0.1528854690922007,
      0.10787846792355073,
      0.25823571744741436,
      0.18571392636983802,
      0.17565070424427986,
      0.153741680476844,
      0.0743701589584078,
      0.0055246989857950625,
      0.21470262164534815,
      0.06530267046657237,
      0.29631486446481003,
      0.15381912391492142,
      0.187241726187024,
      0.16645649781869762,
      0.160658653224622,
      0.07796382821394506,
      0.15941326871461114,
      0.020196989748769257,
      0.16728775727608775,
      0.22105433196455557,
      0.1263585220320824,
      0.18883314366926915,
      0.012866814660409686,
      0.04454520585876326,
      0.2224593930189999,
      0.1003503874388488,
      0.2529744561666574,
      0.14523187950042887,
      9.655121921436915E-6,
      0.01733567000128191,
      0.05617280448944821,
      0.0924383662179067,
      0.004942785383649384,
      0.09885350518960684,
      0.1368786083678043,
      0.15517096132577207,
      0.28100301921191595,
      0.10553952255022095,
      0.07634821875307632,
      0.26019119999386237,
      0.2278535491818226,
      0.14221781720428403,
      0.14979120151365902,
      0.2872411372963863,
      0.19196308279873595,
      0.0029797034642940813,
      0.13889857027673827,
      0.2850707771733404,
      0.2954414244429809,
      0.09070322360642226,
      0.23866558044957975,
      0.1557040317752369,
      0.12181619803057021,
      0.0814977426316942,
      0.10046129389768332,
      0.10048541355211378,
      0.19149883552085414,
      0.15150046967281314,
      0.10047956513045861,
      0.12246715677856035,
      0.006809823134018056,
      0.06678121455307774,
