{
  "horizon": 720,
  "granularity": 1,
  "priceSchema": [
    0.198,
    0.198,
    0.198,
    0.198,
    0.225,
    0.225,
    0.249,
    0.849,
    0.849,
    0.225,
    0.225,
    0.198
  ],
  "agents": {"h1": {
    "neighbors": [],
    "backgroundLoad": [
      0.06354737685729162,
      0.06349898754292242,
      0.2874037055012596,
      0.17248829550224687,
      0.268605825442551,
      0.05076902510969645,
      0.05345704927427861,
      0.28608831450870964,
      0.07843590951828464,
      0.22828885535997223,
      0.14645556594521314,
      0.13879958407112805,
      0.14890293176199745,
      0.0693125539557934,
      0.12687940223628802,
      0.13285670392407342,
      0.16065854291658024,
      0.020714128479173775,
      0.014869814008034166,
      0.2516738369767509,
      0.15864309093501508,
      0.06311456524512671,
      0.029172139899136237,
      0.19685482684727684,
      0.27167825088443304,
      0.1248845294235795,
      0.09263810186368572,
      0.14684732335807554,
      0.12267425018376557,
      0.2236605480789413,
      0.0556984994429201,
      0.07835587257564293,
      0.13624292766950608,
      0.03624293777225047,
      0.28049310230003816,
      0.28774523258030943,
      0.27132905163397264,
      0.009383670379104847,
      0.2466379863910223,
      0.18237560392127272,
      0.12602829725331263,
      0.29901610806191437,
      0.25497404275291363,
      0.2021389428178554,
      0.16165135185550208,
      0.1850711750105193,
      0.25840976815644395,
      0.26992196122567685,
      0.10061858146408134,
      0.07799921386121673,
      0.19013844831634663,
      0.10228836654522562,
      0.19567666597102562,
      0.2128592737353663,
      0.0992198243508244,
      0.19320180893436836,
      0.05409146824024839,
      0.17113038232828243,
      0.15014977449898562,
      0.2703185099450238,
      0.10615689503269579,
      0.12747213982941688,
      0.02813531453584097,
      0.2585094069772784,
      0.1639067761329824,
      0.20942086765182924,
      0.06356262079157818,
      0.27180400144389544,
      0.004802987651259094,
      0.04420574084194958,
      0.13634630083125868,
      0.06465769757670975,
      0.22832074822425089,
      0.09242832906694638,
      0.07348656830614161,
      0.207850418680282,
      0.1433799746549506,
      0.0898218674740792,
      0.26900337468634267,
      0.09323262230399157,
      0.21731138642315012,
      0.1943707631181752,
      0.15631810378656333,
      0.025364621152238375,
      0.006781077831404481,
      0.1291831269948677,
      0.27178870090688767,
      0.2399813040722583,
      0.024581206386723908,
      0.008921847267905058,
      0.10628889685011828,
      0.13534875292898943,
      0.2488109181207368,
      1.700694730182195E-4,
      0.19275561987404946,
      0.1584568013341007,
      0.15019799998134112,
      0.22049019648414267,
      0.2836135581913044,
      0.29944940123669495,
      0.17079031166326314,
      0.053131077455597316,
      0.18785800988688886,
      0.06234328030974146,
      0.04247700057074605,
      0.16466771846338976,
      0.22228601343770846,
      0.13484175840587798,
      0.19666824649898598,
      0.03143987025742595,
      0.05618592729801997,
      0.11647993712646085,
      0.031884222600220266,
      0.12386074284784968,
      0.2245649535838879,
      0.012394241279559525,
      0.11614642901459994,
      0.1865179713468858,
      0.04616987652387176,
      0.13548315015137735,
      0.1854828190564611,
      0.19752138995516874,
      0.050862540365985996,
      0.1513907652902638,
      0.2234805331818597,
      0.19716571089091187,
      0.04637423577701216,
      0.15481063844923262,
      0.14728456565304263,
      0.14712525780122357,
      0.2845173223308173,
      0.11431798451012447,
      0.1468787032093604,
      0.2380403046046834,
      0.012333383375057294,
      0.06400002518686433,
      0.23371469957774066,
      0.24286603387838313,
      0.291791926902,
      0.019525700790049238,
      0.10458836767694892,
      0.1445743012254594,
      0.22734952835631592,
      0.11973183637956311,
      0.2195465943338396,
      0.07972249296307632,
      0.12956634199229147,
      0.13659191049167846,
      0.16382254806744279,
      0.26239277056579097,
      0.21339128585420178,
      0.18376999211114772,
      0.23470170496957993,
      0.2772743636743151,
      0.24478212878524871,
      0.2160650900096485,
      0.0011227585002483997,
      0.09204613147510513,
      0.19791549286477253,
      0.14022522567081994,
      0.2489090880978647,
      0.2321575046843019,
      0.29440151873174447,
      0.05426057922540556,
      0.28573553225329107,
      0.1824888517598562,
      0.012047642501904298,
      0.26509595234032884,
      0.02722812556772004,
      0.027759110576446398,
      0.1495465179705309,
      0.007366446132679494,
      0.05274451604662724,
      0.22003137230963257,
      0.2540696929687423,
      0.21702681490988776,
      0.03697247121584944,
      0.2669481434900907,
      0.28699490579495274,
      0.2188393663675723,
      0.11836936154446258,
      0.2542448313642096,
      0.0450097308857794,
      0.23261456098587965,
      0.07940801861486385,
      0.2840648509479521,
      0.06094714682480651,
      0.017834960450868662,
      0.26239388836526145,
      0.15054262645704078,
      0.28606234080627896,
      0.08984406350551973,
      0.18109302636121336,
      0.21223031774198928,
      0.21920241777821547,
      0.19008304874792373,
      0.0881183555773833,
      0.11429617280232648,
      0.13583885854465477,
      0.21354666420802748,
      0.17551119990064112,
      0.22017283777553498,
      0.23648840726437342,
      0.2634599949543827,
      0.1397570046504733,
      0.20036372167626737,
      0.12757619721439148,
      0.21094401176747105,
      0.23579794175728047,
      0.1523645384650419,
      0.04564458019181595,
      0.28085630732801303,
      0.2502809009348868,
      0.09292481334428628,
      0.12461266545556253,
      0.24158922445696052,
      0.09203111140892138,
      0.14363799174781106,
      0.0338723198309549,
      0.28772605894914294,
      0.2221998202031158,
      0.22707012912459537,
      0.13652138262144317,
      0.16977485619863084,
      0.14762482840524113,
      0.15226084245142926,
      0.20490566831364035,
      0.21075649404742255,
      0.11987803306785912,
      0.10487416954826052,
      0.1564775266090708,
      0.04781641760738664,
      0.22887864914698935,
      0.0029021861205699826,
      0.2475603211300046,
      0.0738875418658282,
      0.07081506831577034,
      0.03243709371076139,
      0.25977229689171655,
      0.19275642848728455,
      0.08318516813013921,
      0.13618295833529734,
      0.14994150769701034,
      0.05678479950404503,
      0.13893546707602797,
      0.13902682447003273,
      0.18019485723296974,
      0.08400690229512339,
      0.2659533309740479,
      0.20542436350460563,
      0.24728004415066043,
      0.17916134156442984,
      0.11955746493522165,
      0.1688619138816785,
      0.20462816398736608,
      0.24010852454934895,
      0.2565316716198458,
      0.10890399257918186,
      0.04192975132041445,
      0.15334848230198814,
      0.09128483066703605,
      0.10555112265319504,
      0.13295674101802699,
      0.1478216621524345,
      0.05637432866482373,
      0.03133207475305194,
      0.09548129491268388,
      0.18922990172763257,
      0.023351052289290096,
      0.18273194746298713,
      0.09678801124502849,
      0.06932459398599854,
      0.03125986974946,
      0.230452846303084,
      0.12311561592558,
      0.24846308082169444,
      0.187430673217016,
      0.09074057386645108,
      0.033353538303966514,
      0.1906486901780496,
      0.29338622571418954,
      0.28892670209227406,
      0.20703568144098305,
      0.13868829987543582,
      0.24590732586612374,
      0.22473815755142443,
      0.15071698277798082,
      0.26441804452168194,
