{
  "horizon": 720,
  "granularity": 1,
  "priceSchema": [
    0.198,
    0.198,
    0.198,
    0.198,
    0.225,
    0.225,
    0.249,
    0.849,
    0.849,
    0.225,
    0.225,
    0.198
  ],
  "agents": {"h1": {
    "neighbors": [],
    "backgroundLoad": [
      0.14404398076628258,
      0.11505866974472471,
      0.09232154615018218,
      0.037357730166763345,
      0.24073045361342119,
      0.003916104514002494,
      0.10363495491471876,
      0.11994150993043902,
      0.17970536721575528,
      0.025078128947110777,
      0.022169197612480127,
      0.283437880720807,
      0.24102365486724864,
      0.056657929467118506,
      0.1311973847698511,
      0.07376572673309967,
      0.1918399028424431,
      0.02817406664886518,
      0.2567657590101193,
      0.114704512709746,
      0.28637437595532933,
      0.26646714563592483,
      0.21046201707927611,
      0.061767467802795836,
      0.2167397859902118,
      0.1286325185985303,
      0.04233169745302954,
      0.27095984396527906,
      0.14460700460753187,
      0.12251732410786355,
      0.012527651526129146,
      0.13130535173681956,
      0.05848401354409968,
      4.614612421940611E-4,
      0.0287754297542261,
      0.2651743491581214,
      0.2121635707133119,
      0.12069154872280413,
      0.07288835206681708,
      0.21916455824068953,
      0.07984753607633517,
      0.08374954140180195,
      0.1801123001743189,
      0.23867247131433822,
      0.2698548937707629,
      0.019509703748847505,
      0.06268027783926122,
      0.11688707091744927,
      0.007388665106772862,
      0.11632419739891055,
      0.009391918782624586,
      0.2305750581780778,
      0.016550277714302664,
      0.14753247378612594,
      0.028667574676362717,
      0.15294240759955582,
      0.05884413477151285,
      0.023152287259592806,
      0.16818879187589128,
      0.13811287336932918,
      0.03727409641608876,
      0.01801365468294309,
      0.09988300164990228,
      0.20470093623258143,
      0.28527848169996567,
      0.07529738422988298,
      0.09782652235332115,
      0.26674515751072475,
      0.08375571450869984,
      0.17312463525095728,
      0.120935299361815,
      0.18612396346062737,
      0.17434309919802413,
      0.10037101215888751,
      0.18551677352180837,
      0.29875180208991975,
      0.07935877162460425,
      0.13567234578746987,
      0.17141361305087485,
      0.050279777351967016,
      0.029466369911077893,
      0.039033171872823756,
      0.2877278138219414,
      0.2148719352379058,
      0.179881342903834,
      0.27660590479196245,
      0.11582861005862687,
      0.20062238240376232,
      0.04098563313358108,
      0.20226887974271315,
      0.0994854147180148,
      0.07487523245619017,
      0.08257061790479649,
      0.12922026172606937,
      0.2958817830358937,
      0.12265588679402212,
      0.10187979856547127,
      0.27318045886348236,
      0.2599801320396214,
      0.011990038941871705,
      0.17397535677898437,
      0.29871664272089893,
      0.07697362614280097,
      0.25114401045627927,
      0.0534260829864876,
      0.17577476341737902,
      0.058366687554468964,
      0.045832011503472735,
      0.17737988887231812,
      0.19587178401100389,
      0.22749546608492738,
      0.05109394258236098,
      0.1041931948670561,
      0.25313627311801423,
      0.204537460668513,
      0.07722911370351608,
      0.04598967818913404,
      0.15791810818402788,
      0.24640201183938304,
      0.11577064117909448,
      0.19740819004188317,
      0.2613742249421337,
      0.16174330761421665,
      0.045392415778691984,
      0.27739632199252134,
      0.02429858784834957,
      0.2012901153734595,
      0.044648985052929524,
      0.0705768925013746,
      0.24516837238264877,
      0.14390145884844116,
      0.10926841171323241,
      0.26927179251191463,
      0.10907701479091798,
      0.0023287784172490553,
      0.2663215517699684,
      0.0022162292831095277,
      0.02072325444272909,
      0.11194791460311468,
      0.22461499940749197,
      0.12394159295129574,
      0.2262903199929815,
      0.0293070949141752,
      0.2782374816068204,
      0.17925595288664306,
      0.21991266440955046,
      0.03975404053472665,
      0.05127631803984162,
      0.02884475437292301,
      0.08043264015770353,
      0.13044963093760115,
      0.2590945275731454,
      0.17708276660204,
      0.21328772900805323,
      0.23480045350946532,
      0.2616640636794547,
      0.01209089395708599,
      0.10841851925550879,
      0.0373101033471398,
      0.059360515304085454,
      0.17243769777800222,
      0.09918327361016867,
      0.18302810482592619,
      0.14571809412850187,
      0.16452173159311778,
      0.0656745636177705,
      0.0407195215234891,
      0.0394711907558982,
      0.1915442841973596,
      0.22626712955715395,
      0.05173127739761278,
      0.09730637646601444,
      0.030716072003142535,
      0.2826539566855056,
      0.22032563004734024,
      0.08244195909739259,
      0.2511261015121556,
      0.017367425104346756,
      0.10394709692247384,
      0.2847640086597671,
      0.08523267797155715,
      0.055463874999742264,
      0.05441015506167846,
      0.19817198585300905,
      0.14766553663020218,
      0.06438562060932403,
      0.28766552629871267,
      0.2598998115353907,
      0.031014711497329626,
      0.14297026064664656,
      0.00934314709810392,
      0.039699982962447686,
      0.261914169401118,
      0.18256635074810085,
      0.00789235635894696,
      0.1758004529428511,
      0.10682334389183112,
      0.09518100124087216,
      0.1559578882361102,
      0.17593795866161413,
      0.001903523495923387,
      0.1945996829592411,
      0.05167410499809082,
      0.2657587154338252,
      0.0498705478828775,
      0.18328813549599185,
      0.15512831999991014,
      0.22050879383709146,
      0.2434165890052813,
      0.14811062689119303,
      0.2240253242999597,
      0.05363961431569936,
      0.15603405655129146,
      0.14902608719559515,
      0.25156681558857114,
      0.06121455869627712,
      0.2437436525329482,
      0.1549615502229412,
      0.09392699774130756,
      0.2656448051853583,
      0.06875128177721199,
      0.18805237499344676,
      0.06137225249527084,
      0.01195831240709333,
      0.16790323936729687,
      0.2970430697148871,
      0.26889918207734753,
      0.07546139775446709,
      0.23367667289100422,
      0.04881124997243048,
      0.08924726979487312,
      0.10200511827302336,
      0.0288848909936522,
      0.10151805359633549,
      0.1674453075235464,
      0.237129307100937,
      0.17935512387479982,
      0.13552053097997965,
      0.178073791463392,
      0.2850217286416608,
      0.025543138902976225,
      0.03312410253584092,
      0.19290030121217097,
      0.26812286855444156,
      0.04329050070907443,
      0.21222950218306288,
      0.20962504288033226,
      0.19136877749925588,
      0.12045145750416428,
      0.218249409983898,
      0.2240212860473369,
      0.06606538101837174,
      0.21337856326931295,
      0.25923940247817473,
      0.293087122444432,
      0.06381707584412918,
      0.20177629020637117,
      0.27756267391547174,
      0.29349757266238136,
      0.24503668190594896,
      0.171504075400338,
      0.099486621993979,
      0.22184194491435347,
      0.12678394043126068,
      0.158580484747811,
      0.22757978634546167,
      0.19963179705100395,
      0.05874450444352666,
      0.06788496147896672,
      0.11580044235775176,
      0.06534190741891854,
      0.19214941389199622,
      0.2330752620490735,
      0.09035796818920583,
      0.03704948965384958,
      0.26915974328461945,
      0.19741884191742273,
      0.12929743858966514,
      0.02704508951660691,
      0.18494981937800672,
      0.05314369114532836,
      0.2564646045796007,
      0.2514182280586542,
      0.0950781067838616,
      0.10764238405736586,
      0.09494349534074338,
      0.2562890507654578,
      0.23414034382502974,
