{
  "horizon": 720,
  "granularity": 1,
  "priceSchema": [
    0.198,
    0.198,
    0.198,
    0.198,
    0.225,
    0.225,
    0.249,
    0.849,
    0.849,
    0.225,
    0.225,
    0.198
  ],
  "agents": {"h1": {
    "neighbors": [],
    "backgroundLoad": [
      0.1357943671440116,
      0.21411219972872728,
      0.1018192545037654,
      0.07807263195910415,
      0.17202982743092285,
      0.2275732447335676,
      0.16823416297522922,
      0.28606084260559717,
      0.2726782196658574,
      0.17420968626118927,
      0.017942135180434082,
      0.14724579308500307,
      0.2236593053164614,
      0.2946526479579279,
      0.03923165675046153,
      0.014449770695633378,
      0.18729814139729742,
      0.10155429495846661,
      0.14381892465547316,
      0.14041236880396898,
      0.26500896825549636,
      0.10072382146338286,
      0.1529119779292042,
      0.03228414051840228,
      0.19323249156871264,
      0.0956718555050435,
      0.17288993826873614,
      0.26594041301803606,
      0.03270141415008649,
      0.29485905096181875,
      0.2883334077948492,
      0.1878104127094607,
      0.1625298550291416,
      0.055036007040053646,
      0.1658601979439672,
      0.11690864538676213,
      0.2637867521674105,
      0.04223919368624811,
      0.15617910563910906,
      0.04088471931477709,
      0.07625852668034988,
      0.2602605346563307,
      0.21602694577632522,
      0.224275192887642,
      0.2908682693932572,
      0.28067942575700344,
      0.217185057089915,
      0.276323474152108,
      0.05101844631984418,
      0.11866336687547324,
      0.23599395440456583,
      0.24926683602731584,
      0.1662200993105992,
      0.28584403742594866,
      0.13139031451082692,
      0.13162586915863522,
      0.13140074024658377,
      0.13625255382292886,
      0.26634575613311634,
      0.2771387590584317,
      0.1747279500405724,
      0.2547307662283042,
      0.21714098220800457,
      0.0382356893910501,
      0.05609522229673603,
      0.16713687526980578,
      0.23738010688716304,
      0.1719897515214733,
      0.27120210221557955,
      0.15250306193343757,
      0.22180455550543773,
      0.16870435767865735,
      0.157892711095954,
      0.19842444900083314,
      0.047579781923749065,
      0.07515224220510756,
      0.05825783609633056,
      0.07847107993931922,
      0.28610468006812073,
      0.1741421074896726,
      0.1675773134366923,
      0.002416997505747176,
      0.12075553001225003,
      0.09773540137912347,
      0.09653963097566944,
      0.134876411668579,
      0.12513209886787188,
      0.03954091092866321,
      0.003224401169575064,
      0.14267864678524386,
      0.19063670101798086,
      0.04986940828562414,
      0.19204349779765062,
      0.032587091655475464,
      0.051894317626338206,
      0.28418812943987015,
      0.2636426705550911,
      0.2738779266363423,
      0.02027092293471322,
      0.0850823272001058,
      0.14020016114315234,
      0.07014236230080943,
      0.009076674735295874,
      0.18767476430138072,
      0.18713460484029032,
      0.20524744829501682,
      0.08297571981939847,
      0.17130072238491953,
      0.14437352951004703,
      0.06430188308872227,
      0.14639497283721456,
      0.09238378834566129,
      0.17219916052406226,
      0.14843880947629476,
      0.19588525825511413,
      0.017306615518509094,
      0.11997130665370864,
      0.09968195591503871,
      0.07889220285694422,
      0.2404120071468688,
      0.12325403252642009,
      0.20077367970894036,
      0.26854607404851016,
      0.11750957260415343,
      0.17120379763659735,
      0.016409345248231753,
      0.1408397129133815,
      0.14061212564841327,
      0.06044267783640965,
      0.042138666018951595,
      0.25631001469787706,
      0.05194348980322361,
      0.18865815499878852,
      0.021229258866145437,
      0.16271384043674728,
      0.013171024796392128,
      0.17053764898073345,
      0.12215517440368669,
      0.0889946114662186,
      0.15870022923570382,
      0.15598986281289462,
      0.05170988263243237,
      0.027707348320199776,
      0.058275748505205754,
      0.13965671821001477,
      0.24110264354074828,
      0.05084157637079229,
      0.03605634738631861,
      0.2658493610955993,
      0.032085141365682655,
      0.24522849790044063,
      0.1850188614291793,
      0.05121520698947628,
      0.28982560485679854,
      0.05751192801440645,
      0.03558269010405576,
      0.16423789154204596,
      0.1102512778807918,
      0.13051052689229384,
      0.01133140185277135,
      0.26389497669717416,
      0.11679166349958031,
      0.2035170048330531,
      0.18267506201547246,
      0.128360791648965,
      0.165966258891512,
      0.13784993765843406,
      0.13275849713740837,
      0.04722375520628595,
      0.058855518563695294,
      0.2372674559916975,
      0.08867472474947169,
      0.17518009467060458,
      0.07577774406828518,
      0.11097794217979197,
      0.11613099700440006,
      0.09053539831344194,
      0.23171516874425957,
      0.014895255492064262,
      0.2648717676497052,
      0.1422712548593955,
      0.20787038582083606,
      0.20428506650891864,
      0.021503075386556214,
      0.07686357892557885,
      0.16175676017807333,
      0.03596095603856059,
      0.2813860449182128,
      0.1331678269969693,
      0.29535697102663827,
      0.2900506248984731,
      0.08251181003640526,
      0.23837299019147287,
      0.07330444905656598,
      0.03638457349053624,
      0.17257400840799134,
      0.1714823520562518,
      0.2960837101865438,
      0.17097113815741385,
      0.11387702461480412,
      0.2824028534603214,
      0.17285047272940512,
      0.21949417032713353,
      0.01573028497555722,
      0.18959000412469262,
      0.12589300584334331,
      0.28255028939927374,
      0.2606470422436248,
      0.11579571718415463,
      0.17814441887664625,
      0.26790181550766834,
      0.026719915527842152,
      0.15521577377190027,
      0.04545189748498013,
      0.12617640299581487,
      0.10010066083440709,
      0.014242238777225035,
      0.23742319177289514,
      0.020341514939046835,
      0.22151478270958394,
      0.16413844343988201,
      0.2531870264687783,
      0.1649821375351719,
      0.25614941722063306,
      0.26842241236105713,
      0.10330186376964473,
      0.24591563136293026,
      0.28818977783805355,
      0.2676293492344069,
      0.010323476724793256,
      0.23468477404518462,
      0.0635545023981947,
      0.24925231100549167,
      0.0771032866526913,
      0.07050763125633204,
      0.21066724102641896,
      0.022799485615030302,
      0.28118359700103734,
      0.008954452048140426,
      0.24856803227187152,
      0.040492866366227544,
      0.05063539406513564,
      0.17292176017409813,
      0.20581613439104232,
      0.28536914302740546,
      0.10439605876872822,
      0.12022997055177938,
      0.21064903391400766,
      0.19916344805549627,
      0.2083038207785293,
      0.24769402142487895,
      0.26500835480199214,
      0.03421017991342745,
      0.06659338996552465,
      0.15654644668568543,
      0.24814149217582737,
      0.2300193346258099,
      0.22995328762335607,
      0.10591863436297366,
      0.063065133434955,
      0.22206058812371898,
      0.17849538220794992,
      0.07504156824745996,
      0.1552357677797278,
      0.05819675744953129,
      0.15985161970013312,
      0.026869914030202557,
      0.03765470772273819,
      0.2505169774085072,
      0.05600758879158733,
      0.1247131199032892,
      0.23831007333799137,
      0.23991505612380135,
      0.0025807176527453787,
      0.07814132202576685,
      0.29301909132915044,
      0.03070806070167149,
      0.0698397129335394,
      0.06349126043752762,
      0.07951906056805143,
      0.15772510575041507,
      0.19133047107834675,
      0.2654102317437095,
      0.01722086752332744,
      0.26700186943296583,
      0.18591668875696093,
      0.16810665080219883,
      0.0758277966407299,
