{
  "horizon": 720,
  "granularity": 1,
  "priceSchema": [
    0.198,
    0.198,
    0.198,
    0.198,
    0.225,
    0.225,
    0.249,
    0.849,
    0.849,
    0.225,
    0.225,
    0.198
  ],
  "agents": {"h1": {
    "neighbors": [],
    "backgroundLoad": [
      0.24827403028930714,
      0.028284729068716773,
      0.24580537754169876,
      0.2137115299850796,
      0.2349593453307346,
      0.009651706769112112,
      0.057129128983287945,
      0.04249936848659971,
      0.23918889821093978,
      0.19525557115804776,
      0.07459651781427713,
      0.07075087802519182,
      0.007187954714680666,
      0.2764602865955581,
      0.23241219537599953,
      0.22087971659431907,
      0.17806950898247692,
      0.2213699562015701,
      0.11618923056180673,
      0.03040609228769997,
      0.09644841678758646,
      0.23181556801884676,
      0.10497937279607253,
      0.11380693726684572,
      0.0058947474930503676,
      0.02824307234295763,
      0.029540457159069576,
      0.2025688074662302,
      0.2930969247027336,
      0.15335458781606934,
      0.2955919574501201,
      0.10964002279994448,
      0.2834069179592097,
      0.16204311189633205,
      0.1919910001758616,
      0.1904731489572292,
      0.17793866543987816,
      0.2143828274211156,
      0.21581437551403138,
      0.021905360756935943,
      0.1981073726369934,
      0.06765111844402034,
      0.17252102748094353,
      0.16892555688973052,
      0.16450673971266092,
      0.2115346226028038,
      0.06013791900103755,
      0.021232622123343214,
      0.21899768382389861,
      0.20504633580389917,
      0.15978492642296016,
      0.14080038257282299,
      0.10463887341239336,
      0.2487130814525222,
      0.006708121893405183,
      0.010434385308536886,
      0.237037415977353,
      0.0483221060694202,
      0.24963119338068918,
      0.2917070341953029,
      0.2696685999807821,
      0.19779477253737168,
      0.27608366537314827,
      0.2657108256142754,
      0.10950949014000085,
      0.19480054634760854,
      0.0803305505385407,
      0.12063660566787893,
      0.29288348337839726,
      0.12490692104430973,
      0.10369931299649299,
      0.0877559854249003,
      0.2990353683259326,
      0.04567240211694522,
      0.021689885562384523,
      0.09767303800263616,
      0.16581989313733012,
      0.17689233341930857,
      0.11543285466412023,
      0.2962665204663743,
      0.018952961296143177,
      0.2261453771456781,
      0.11116880389340607,
      0.012397319244972171,
      0.04488900184989315,
      0.2327421813594897,
      0.2794788043870421,
      0.28821687400039026,
      0.2884018683216172,
      0.2861683309264202,
      0.1925605182933622,
      0.050587137228198575,
      0.24295887963459284,
      0.09036237413615457,
      0.19377353160328567,
      0.05387212411714134,
      0.18929675495177403,
      0.2939917655233693,
      0.1251582176495226,
      0.11332598190858298,
      0.07887330211300507,
      0.20221497303957583,
      0.17809973106210356,
      0.14554714769670926,
      0.13130653184908161,
      0.13277602583542866,
      0.061682732293461745,
      0.015921257357967254,
      0.27641442003351974,
      0.22153866782788897,
      0.1532805640508371,
      0.14556240907922194,
      0.09685068390708275,
      0.20152496206725748,
      0.1681131197879602,
      0.056847422657222535,
      0.17818030962548517,
      0.09094418558331975,
      0.12466333050820318,
      0.06829198913398889,
      0.2731599066618925,
      0.21961508460227971,
      0.04353855848117253,
      0.20186589836388127,
      0.20332040980030344,
      0.1849144289721709,
      0.08344589681402344,
      0.13155713201403774,
      0.1473899124690836,
      0.01979660893528219,
      0.04764660047807688,
      0.1809127220180558,
      0.026448723810916407,
      0.21777538615939063,
      0.11125001499034613,
      0.18487929703760692,
      0.04374383650303041,
      0.1617057592353485,
      0.043184848924650875,
      0.05630444909674008,
      0.06105147399287046,
      0.03837693267799954,
      0.22667076019605364,
      0.00965076967260079,
      0.08414050250060588,
      0.04727623898275348,
      0.18643366060965463,
      0.046205372605318006,
      0.17163731332117463,
      0.17464409220957525,
      0.2608789748913541,
      0.23140298412225813,
      0.2645164877187663,
      0.02201171812368666,
      0.254723489546748,
      1.5938026977424524E-4,
      0.035411682464880745,
      0.2159860468399135,
      0.2780028879602877,
      0.07393031179094235,
      0.07063663693939774,
      0.17835484635975382,
      0.194130444775554,
      0.2082230775342346,
      0.2409538739081992,
      0.007748192211123783,
      0.011722986142960046,
      0.20084919932995143,
      0.18085065963121064,
      0.29717050194926,
      0.1810845822121531,
      0.2811811764117633,
      0.0303803892991103,
      0.24312973306372757,
      0.10206602070091288,
      0.2890133560800609,
      0.27974681667527035,
      0.28656003972189226,
      0.10700180116185407,
      0.08874402876121025,
      0.08635312000752639,
      0.21530333485484904,
      0.23427840257313584,
      0.18517833926455368,
      0.0692884283529428,
      0.19529777445151,
      0.2987296618139721,
      0.18225198698165843,
      0.24071057571334364,
      0.2700731778460747,
      0.2313016835086271,
      0.1994135124723173,
      0.18861197372898125,
      0.15895563238790827,
      0.19808506435063164,
      0.2580091054324396,
      0.16573412106575863,
      0.022806911340521808,
      0.1802452910453274,
      0.24474903394192468,
      0.07224614202001652,
      0.23465729565091442,
      0.13059496021765185,
      0.06617247402271643,
      0.13573326356083684,
      0.12215512121461511,
      0.016037840732731012,
      0.14201713665528817,
      0.0014278647797294152,
      0.24070129606428586,
      0.15546009934078536,
      0.020454858534178853,
      0.15805632318195983,
      0.2120679966359755,
      0.008366393573147956,
      0.13513052854257898,
      0.24964252963801656,
      0.007521290898422661,
      0.2090217430397622,
      0.029440510520432214,
      0.09687469291360597,
      0.15456897941150324,
      0.21521608618136165,
      0.13838680385778268,
      0.20149356088302753,
      0.29657824465463856,
      0.12209382182443362,
      0.03067984285784303,
      0.12754230859529503,
      0.20590258588358007,
      0.29868452500618387,
      0.04704346787110566,
      0.2619081627978733,
      0.10606083830809535,
      0.1938494458758827,
      0.07440437892953901,
      0.20421764925760008,
      0.09113229120219199,
      0.14157485615969828,
      0.08793047197984279,
      0.20418234878827304,
      0.0034585649827623467,
      0.08077921160092534,
      0.01593379629477465,
      0.11439520036796941,
      0.16570217993279848,
      0.2534340817069511,
      0.12414436955604403,
      0.007033437509564255,
      0.2438275085982643,
      0.21920641615605005,
      0.0991514663451435,
      0.09482874771518703,
      0.1632991776432102,
      0.12186357678474205,
      0.06482182421385439,
      0.014770406830821935,
      0.1110669851677206,
      0.061487565586411136,
      0.22054163215210432,
      0.09926325094767309,
      0.2927487897838751,
      0.05142839057234278,
      0.0034842687057463294,
      0.014158548647607837,
      0.23726836404603763,
      0.28333231220258076,
      0.037662121402797274,
      0.015792815676986326,
      0.20432785195383024,
      0.18892746903916366,
      0.2444851381678601,
      0.1951869690665924,
      0.12509042283381752,
      0.20896430984820852,
      0.11962411656260913,
      0.16520209493286,
      0.19535866952064382,
      0.28820498481506707,
      0.15781576949809545,
      0.015051085866972347,
      0.26071923143948667,
      0.22704169326852383,
      0.1793454278358905,
      0.06826769381656915,
      0.17383128171585838,
      0.22577011374200193,
      0.23184085833153362,
