{
  "horizon": 720,
  "granularity": 1,
  "priceSchema": [
    0.198,
    0.198,
    0.198,
    0.198,
    0.225,
    0.225,
    0.249,
    0.849,
    0.849,
    0.225,
    0.225,
    0.198
  ],
  "agents": {"h1": {
    "neighbors": [],
    "backgroundLoad": [
      0.10447394177126125,
      0.24301565431725536,
      0.11586688735164832,
      0.29984125499087155,
      0.038116099433780845,
      0.08508628131443448,
      0.26024709893861514,
      0.14578549379721395,
      0.19512008452473323,
      0.10550995898734507,
      0.2883432324312549,
      0.12997974100516638,
      0.24730072561520272,
      0.10066890281596337,
      0.23475577970124908,
      0.2672624081932904,
      0.28097240900469656,
      0.16291022942849998,
      0.08691088902612903,
      0.13965183335320103,
      0.022988077260762574,
      0.08933686027197987,
      0.01128403543192158,
      0.09328808280955228,
      0.21836069430043945,
      0.10480739956969179,
      0.03086336072567185,
      0.29038717797013325,
      0.20484963286272864,
      0.010797784119935072,
      0.11384920370560853,
      0.11636720631363669,
      0.028325557808420998,
      0.22954103780252982,
      0.23464335661768126,
      0.06900672245864521,
      0.1282576722372484,
      0.03902840629846529,
      0.16450875091749148,
      0.2948109734643184,
      0.15395750663990376,
      0.06871839421756713,
      0.16205414446804942,
      0.041674803920886856,
      0.12632836525157323,
      0.2348124755667252,
      0.15085027268222023,
      0.11310192067045388,
      0.29368656855567443,
      0.2625730095513784,
      0.29806197399502965,
      0.186972421429862,
      0.2864358177728113,
      0.1421473489787245,
      0.03462922415186521,
      0.07703318036487657,
      0.232909020995115,
      0.11701326250559507,
      0.23885652784071015,
      0.11554094901485969,
      0.20798642843899212,
      0.10677305585065608,
      0.06901025072707932,
      0.02387812112622004,
      0.26203996520941747,
      0.16495595773298793,
      0.24364622217968346,
      0.2988353781373148,
      0.10160066705077178,
      0.2896609982732269,
      0.2706120548803163,
      0.07408914835418107,
      0.20489002322504388,
      0.08645119637528938,
      0.1164356704924046,
      0.23705107533613837,
      0.03166666524576399,
      0.03262595609581955,
      0.23532218364987165,
      0.1729661028785579,
      0.2058328984618501,
      0.09320830348741231,
      0.214314844316104,
      0.17378746597410638,
      0.2165832906140717,
      0.08890607082881352,
      0.25788518492906254,
      0.1347866812996686,
      0.10286392150684327,
      0.29355244705415595,
      0.24715540904915093,
      0.01208317723854313,
      0.033281785518992954,
      0.16734991922695533,
      0.19893997052702686,
      0.18591008080247765,
      0.03524746947359949,
      0.0635698725207828,
      0.22880563340537438,
      0.13352461474802288,
      0.11115551427663846,
      0.1557016101141658,
      0.24008601275457342,
      0.20150400841139132,
      0.21427320541027547,
      0.29821934738278,
      0.1776942431104341,
      0.29074390085711654,
      0.19857834761170245,
      0.23162477776305615,
      0.1140866080069299,
      0.2172920323862768,
      0.023426867598174094,
      0.2792037034769963,
      0.21881288091181944,
      0.18850845564502958,
      0.14298694524805527,
      0.00457009458822235,
      0.2622997174900786,
      0.007801555754786204,
      0.28911633227812455,
      0.2989300898969776,
      0.17504695641786455,
      0.27435340457060853,
      0.26582545319170325,
      0.2171561621482945,
      0.034133946080492736,
      0.08517553441465621,
      0.060064581881619755,
      0.11200479896256349,
      0.04354849333476479,
      0.040760429530181226,
      0.2789717359053591,
      0.08720691368863258,
      0.0236928880563393,
      0.15382562676007897,
      0.24023445640135135,
      0.13799298266262702,
      0.29961606742969005,
      0.2966972719135052,
      0.18009638601581532,
      0.15580533427643664,
      0.25138652030573977,
      0.0317476431847574,
      0.14557560628776728,
      0.09846093587178778,
      0.06828059845475826,
      0.15459034468654803,
      0.2881855853403526,
      0.2513989622257345,
      0.045644411786987436,
      0.1483417644305545,
      0.0135040320024838,
      0.08058280450545931,
      0.12343802170811428,
      0.1014247907479769,
      0.0776086204671285,
      0.20548240382491317,
      0.2756265767231705,
      0.030842739662799587,
      0.10475400989944977,
      0.290150232785354,
      0.20994090416378866,
      0.2505968858191841,
      0.24467188606312718,
      0.026586862901649244,
      0.03232183214692947,
      0.25338249731641493,
      0.06376614347714381,
      0.13205141093597048,
      0.25605078583047114,
      0.20135140571383262,
      0.216889071423257,
      0.24617749616448273,
      0.10308006535168747,
      0.29673673467085787,
      0.2224417800712569,
      0.05897936232824533,
      0.2801099785123483,
      0.12262984595309351,
      0.07667697160805177,
      0.2702470314380188,
      0.07274423866847939,
      0.14358706826536538,
      0.066736808162378,
      0.2858833882248095,
      0.18884897722262742,
      0.20024959061572611,
      0.11424159164988876,
      0.25237667400549824,
      0.29850516114605474,
      0.038122309187226734,
      0.05620537604403408,
      0.11988273917464215,
      0.15097221169792746,
      0.290980224553243,
      0.12120321854903539,
      0.18393189608664934,
      0.15640927512653413,
      0.06269842741177381,
      0.20218534228575136,
      0.2724942431971254,
      0.05013081078813903,
      0.14155891705631465,
      0.1819464228308959,
      0.17858047138733815,
      0.06547685417478669,
      0.23149662079874553,
      0.2162583940938815,
      0.024183596548169383,
      0.1151928177106965,
      0.2856822358715965,
      0.022963106006942544,
      0.24491166322782879,
      0.16360323998545687,
      0.2381075270347846,
      0.23316001388536428,
      0.14429147321887417,
      0.02069741419246852,
      0.24811581820772843,
      0.11062512063192566,
      0.19720834650816374,
      0.13815444187552073,
      0.09907310169809731,
      0.058736457191309877,
      0.09823603708775151,
      0.27915731046706843,
      0.19725850762917474,
      0.28169904678202295,
      0.13998443454674264,
      0.09538321534235163,
      0.03955193363319393,
      0.16633765037706774,
      0.22665077307957263,
      7.979602543804364E-4,
      0.04425158058869861,
      0.04745421937409405,
      0.0772930884090556,
      0.29783024527382695,
      0.02593727694091409,
      0.026606873597404056,
      0.15794524810771046,
      0.15566919365243148,
      0.18665826342361147,
      0.17015489320422295,
      0.20336944399285195,
      0.2568343295132932,
      0.07685105753313745,
      0.2920643090078232,
      0.2821612626999742,
      0.11576117287737046,
      0.09574199632776301,
      0.2768776947299312,
      0.2951714934301628,
      0.1142835786769595,
      0.2342097749578899,
      0.006066130813900383,
      0.053444537999540055,
      0.14986235149712288,
      0.051713752936200605,
      0.13413406908480935,
      0.20221387740249402,
      0.29777016217584773,
      0.038089718982734506,
      0.1338473118320442,
      0.03394932815843784,
      0.09882923461671358,
      0.046966563329360424,
      0.10594686894773336,
      0.2076208897784599,
      0.08159940240080334,
      0.21494264316573491,
      0.242062442612833,
      0.16894405587115513,
      0.22353993657193702,
      0.28408741664709597,
      0.25995517954244923,
      0.05328619291891338,
      0.1453811343864976,
      0.09480638479207669,
      0.01907670407136568,
      0.01083814300123731,
      0.18592529252516823,
      0.010603369101593074,
      0.054363451336418296,
      0.07554878502247059,
      0.056539375138252586,
      0.12899433082335582,
