{
  "horizon": 720,
  "granularity": 1,
  "priceSchema": [
    0.198,
    0.198,
    0.198,
    0.198,
    0.225,
    0.225,
    0.249,
    0.849,
    0.849,
    0.225,
    0.225,
    0.198
  ],
  "agents": {"h1": {
    "neighbors": [],
    "backgroundLoad": [
      0.298735479148756,
      0.2962958896322047,
      0.026929067661542794,
      0.12696840006521654,
      0.1204568894561375,
      0.15775241589277483,
      0.19109193201217567,
      0.07489352006590123,
      0.27846306168929935,
      0.06536742682061136,
      0.1781492131219958,
      0.19878907675082227,
      0.26763031136723064,
      0.0144645113773051,
      0.02892754494630797,
      0.26574034137686275,
      0.13230414776077049,
      0.2900233363069711,
      0.15659146291886325,
      0.07416840868968834,
      0.04940920066129193,
      0.22875008527397944,
      0.1209795348567309,
      0.22807542667870345,
      0.21283762229088743,
      0.015511345747877991,
      0.23567175221454015,
      0.02567904091904315,
      0.2932575089274942,
      0.21366553797892582,
      0.08338266072809365,
      0.036253394926476876,
      0.29422513959792146,
      0.2072905063135255,
      0.14949695258171683,
      0.08988013882583558,
      0.002552565835558973,
      0.02260759259559861,
      0.04266112498187808,
      0.18371618502234763,
      0.09171413081932765,
      0.263355643452256,
      0.280869787302053,
      0.05032757149642758,
      0.2489350695706738,
      0.2295757677518751,
      0.16388857909180218,
      0.13896440037390986,
      0.29863609672277225,
      0.0446964413083551,
      0.20501831985602773,
      0.06121340316340343,
      0.2743892042629298,
      0.16666772643640237,
      0.2796616000374737,
      0.2448413843913617,
      0.13047219694574771,
      0.2768607455487678,
      0.18531749688197993,
      0.2899356840420155,
      0.11674106824443217,
      0.08596842853927135,
      0.12379595202381644,
      0.2997055367623855,
      0.030525074940293804,
      0.0981040502216284,
      0.16260462264804196,
      0.10652442220716711,
      0.14533087739639142,
      0.02473201897175602,
      0.0752916637282997,
      0.08390619607947554,
      0.18152313584246751,
      0.22307423269825827,
      0.2696194342583803,
      0.15068057168021828,
      0.08442965051498247,
      0.2797320134208109,
      0.1991438376005394,
      0.22721778886799082,
      0.18790212940137735,
      0.041595578642006394,
      0.054508739131777624,
      0.23218077888365068,
      0.28704764436205316,
      0.22564070666090225,
      0.21790234950224738,
      0.11349565177150042,
      0.19197650708058683,
      0.22581097755541912,
      0.12453963083450775,
      0.06074956092652299,
      0.1397475235789344,
      0.2755498187548416,
      0.027332703486563237,
      0.05815251317346882,
      0.06353277788071195,
      0.03499393793295493,
      0.060984146599473196,
      0.13636291843041723,
      0.25345879096336954,
      0.12492273335899168,
      0.07223852598728751,
      0.08268188911592281,
      0.13080555634127516,
      0.250345420993412,
      0.1419205047938891,
      0.11525293346313242,
      0.06686835034302131,
      0.19716344492926205,
      0.16894836712498942,
      0.0764545665071354,
      0.19052660200489657,
      0.10642303520354167,
      0.14932160870133557,
      0.1643949177162461,
      0.05834501657264948,
      0.09368559472178196,
      0.16598080500620443,
      0.2823072029536706,
      0.23409968357858574,
      0.08574612819331655,
      0.21386037945158495,
      0.2587760939897489,
      0.12213798591904784,
      0.1856984698723007,
      0.2061617899905923,
      0.02334098786270783,
      0.15528356122104414,
      0.2264542326958015,
      0.27976659784572355,
      0.11254678147980779,
      0.28078303060432774,
      0.14389241537044345,
      0.11851407619589562,
      0.02510540712807415,
      0.18002512588439915,
      0.1851501589747566,
      0.1367443406520251,
      0.12361444011886602,
      0.18361919019537287,
      0.279580461172687,
      0.047697795754073624,
      0.045716573833384046,
      0.05862530758545561,
      0.14575935364408452,
      0.29048633289517045,
      0.29697453986565514,
      0.08394830878698362,
      0.1383786381574269,
      0.18839427055802135,
      0.024016390567793967,
      0.12607242966540053,
      0.2644692571961975,
      0.24182834924475158,
      0.24597480122844903,
      0.11218166809877024,
      0.0034673390809840886,
      0.21626710292628362,
      0.18491357114095044,
      0.1169894535876039,
      0.1570299792116702,
      0.282831454841971,
      0.020173497517957793,
      0.05008878057681748,
      0.031363525499680064,
      0.08359839551547978,
      0.1773018888546977,
      0.2920482745658381,
      0.24203018497549955,
      0.26501857900830317,
      0.28665256747121654,
      0.18237331721812403,
      0.27096633394484226,
      0.0023617115455249805,
      0.19139244550076498,
      0.10017807706597648,
      0.11578999046862791,
      0.1080081516617626,
      0.2801079128973776,
      0.10926348087086447,
      0.18325972874994154,
      0.156163478050683,
      0.20506666990146324,
      0.2916143539170588,
      0.16791868924599515,
      0.1856048631903748,
      0.07237132209985304,
      0.030612118135911224,
      0.01361257661846369,
      0.10205801638261024,
      0.09009278398454086,
      0.1634286378047051,
      0.17988305582011888,
      0.27426421035581927,
      0.25636330091737236,
      0.23123841834878434,
      0.29601188642798054,
      0.19493211888171685,
      0.24061534337364185,
      0.05629226417344536,
      0.16757736811357793,
      0.16007727175880257,
      0.26068519367571596,
      0.062235512491883666,
      0.1118447738108862,
      0.05398617496919872,
      0.1612980839728795,
      0.29600765814303465,
      0.05100359002830548,
      0.18625491180095827,
      0.23499929343148446,
      0.2474901724175013,
      0.14245241243738688,
      0.069874271276702,
      0.16652434456930393,
      0.24032013047251136,
      0.0010025710250125442,
      0.2599137559995407,
      0.1876321388720961,
      0.26128554405511517,
      0.269633658047528,
      0.28848404067642885,
      0.031149017769485043,
      0.05399437080878861,
      0.20496806575772467,
      0.029578987954948874,
      0.0819807358551516,
      0.2939351369320459,
      0.18062826473469037,
      0.23088663386984512,
      0.17284863782834672,
      0.29460825509523036,
      0.22293132302038227,
      0.143653194194359,
      0.21311700575930664,
      0.08539159302084609,
      0.10177859974285025,
      0.04655558852861388,
      0.010191378097278903,
      0.1456184798423242,
      0.2969899582146147,
      0.2954360402842067,
      0.004797545919294488,
      0.12664274029963543,
      0.17145066703023923,
      0.21473080043115855,
      0.05945315040094007,
      0.16844575986332505,
      0.14803922524133162,
      0.23144954498308137,
      0.2588588447027507,
      0.29681983835762155,
      0.25656285506485343,
      0.17430701895189596,
      0.0047483118216373075,
      0.18763072933686029,
      0.034533672712010306,
      0.036286248741008165,
      0.0439982692947508,
      0.2620710029500056,
      0.07537356498928013,
      0.06932883288466547,
      0.14444716735199026,
      0.26771679640754026,
      0.18501536033357094,
      0.2609669960089096,
      0.12672531843401794,
      0.2167689364302414,
      0.20626102596548562,
      0.04795504599287465,
      0.012699150363419775,
      0.03100025118662325,
      0.032522790459235194,
      0.17236471897180408,
      0.06088298585200027,
      0.16798925257411948,
      0.24076726533928028,
      0.10444078205928183,
      0.283945310823799,
      0.10208899006987032,
      0.046891072288318104,
      0.03134081024125363,
      0.2027500935425026,
      0.20843074990683594,
      0.14823063788392327,
      0.07929582294648531,
      0.28558998877059855,
