{
  "horizon": 720,
  "granularity": 1,
  "priceSchema": [
    0.198,
    0.198,
    0.198,
    0.198,
    0.225,
    0.225,
    0.249,
    0.849,
    0.849,
    0.225,
    0.225,
    0.198
  ],
  "agents": {"h1": {
    "neighbors": [],
    "backgroundLoad": [
      0.2708906791587579,
      0.028967114404480743,
      0.20269726204302985,
      0.1336846304013696,
      0.2934362786194684,
      0.03879187825347128,
      0.2456039993663536,
      0.16327500236346926,
      0.20991646338040315,
      0.1152985986030141,
      0.21725403160054693,
      0.11868814733523514,
      0.2570696610748498,
      0.1879246318136156,
      0.12212041060584539,
      0.09757054600202114,
      0.0538885689106565,
      0.08429948065302041,
      0.05038485132773072,
      0.2376786732156715,
      0.25819188803350784,
      0.19509018953944143,
      0.0038215441802021853,
      0.23292211191182507,
      0.28351115398656174,
      0.12519833030135052,
      0.11439015144547295,
      0.2424406877239877,
      0.1616465350248367,
      0.2600482070335095,
      0.19562827600960223,
      0.043594542903717705,
      0.0762020981914735,
      0.2799805043612527,
      0.033509916769766064,
      0.12406690456706704,
      0.18755742603901854,
      0.2322600563497512,
      0.10307733463584329,
      0.29219793320375265,
      0.10595823380197662,
      0.19237852871069291,
      0.0022061424781937397,
      0.1873784429308806,
      0.22157526921193552,
      0.2715548662238487,
      0.20133490110510033,
      0.08188281222351197,
      0.14357029935558055,
      0.11581719265753224,
      0.27661585201291866,
      0.1399922486673485,
      0.01334443063013394,
      0.012713349566182652,
      0.12950689426286188,
      0.11333155694022641,
      0.11135368508209406,
      0.0031715842920569614,
      0.2962958761374615,
      0.12571885003009128,
      0.17679330878693955,
      0.04784691024889629,
      0.0015691760495951557,
      0.22530484412155816,
      0.14203833451923686,
      0.06694943400542232,
      0.20041313901358804,
      0.17935250190194024,
      0.2896838805982814,
      0.04082945183112191,
      0.23490539795384743,
      0.06025391040363915,
      0.004276431789338386,
      0.26433860732143694,
      0.2612969306057386,
      0.24507157909880609,
      0.18460605795415597,
      0.036789569580069445,
      0.2229544171600095,
      0.10073882022310311,
      0.02921548998196738,
      0.18344372576192725,
      0.2082335799724383,
      0.22561915911633143,
      0.056771284056242675,
      0.20968255151972331,
      0.20146537785753554,
      0.2628209436763362,
      0.2023394728975566,
      0.1358065086007456,
      0.04880226463139726,
      0.26111063377905186,
      0.21315829958739366,
      0.2618604570584482,
      0.266573674994382,
      0.08112262440710806,
      0.013088213846202656,
      0.030940117691527012,
      0.22814915110031203,
      0.2761658875642386,
      0.013370379139558507,
      0.08158026034919227,
      0.26705922018040623,
      0.12241753920428344,
      0.16658907503179105,
      0.18305214594131122,
      0.1406142500467463,
      0.2697191718812187,
      0.24273805693455341,
      0.27321884502203836,
      0.23554995363638676,
      0.16183356601607868,
      0.09488917520328764,
      0.05242546006747987,
      0.17282199597932055,
      0.216555806807527,
      0.06572154344089777,
      0.28852969368718206,
      0.23260993974960953,
      0.08849907543514916,
      0.23060775100572886,
      0.0025902379072606395,
      0.2458345354536723,
      0.2313035078546658,
      0.2297493288837946,
      0.17543138393078514,
      0.10932326327242246,
      0.21513219002270173,
      0.1903676347979718,
      0.17331016491655818,
      0.2620089820977472,
      0.007768143951759043,
      0.17802610887520384,
      0.17921583586005577,
      0.287964015351372,
      0.023982689976400618,
      0.28171769627453164,
      0.022304482398849433,
      0.26371030363133696,
      0.2442411169961918,
      0.14646443335421933,
      0.20313816339658408,
      0.11084713010330219,
      0.2162261009677909,
      0.07068983373828071,
      0.14972099115208284,
      0.008341847248537782,
      0.05615340171285544,
      0.29751922953093424,
      9.207396203750439E-4,
      0.1346199841545874,
      0.28632653265050595,
      0.060138033456150604,
      0.08033854302391413,
      0.12182632807824662,
      0.006256262272332502,
      0.11949235294927281,
      0.19819937596552512,
      0.07293529179199983,
      0.1738641478772052,
      0.019185178445385687,
      0.07677488530368452,
      0.0013135178306115324,
      0.08851376602653556,
      0.2558576976917778,
      0.1519121810993989,
      0.10539874430115191,
      0.016352080056113015,
      0.19530103121778403,
      0.24690526854130326,
      0.053559877089170246,
      0.07824717609432927,
      0.291621077208786,
      0.10456804445068622,
      0.11743920963496823,
      0.15558689413444451,
      0.15819197178199293,
      0.02509104487285264,
      0.010696379939421751,
      0.16743056764100525,
      0.2245440559512158,
      0.10897320939449957,
      0.19515442581852238,
      0.16204807582713027,
      0.15948821852335768,
      0.09437605544370037,
      0.038119865797915715,
      0.28545309942144087,
      0.17579229036227773,
      0.029049676764233177,
      0.2859908819390985,
      0.06828212378899144,
      0.03501460872189732,
      0.04871470920847391,
      0.05193352057028707,
      0.18411022366417762,
      0.2820097200261803,
      0.03426867878732872,
      0.12788005116032564,
      0.0815783509239028,
      0.2050384998242834,
      0.049949986929574815,
      0.05541129374378693,
      0.07867764089049607,
      0.04535809408638031,
      0.11703054370491126,
      0.13108998946264275,
      0.050963034591913835,
      0.2194318192288153,
      0.2477388086504932,
      0.20842093510305734,
      0.2581604894097098,
      0.23915412629355942,
      0.0924188701814427,
      0.19013374179670614,
      0.11743817281319009,
      0.25188644331380666,
      0.17733712135866597,
      0.18279028349224288,
      0.06972774483185985,
      0.2687871291073303,
      0.1168987456580126,
      0.09852404012591771,
      0.2642231845774882,
      0.26524737889448896,
      0.1980660575531818,
      0.17289801754838224,
      0.05833596992721635,
      0.16594385173438594,
      0.12895959893855766,
      0.21245778206511048,
      0.08550004250526831,
      0.20286803813013438,
      0.15706687496329705,
      0.17960054405585704,
      0.24377932739313615,
      0.013515723496195297,
      0.10670610275857492,
      0.22831995172634723,
      0.28240547035908076,
      0.15772154789594697,
      0.029266691153659152,
      0.13296810365351916,
      0.0368239933523951,
      0.07178622044962561,
      0.17475466926886504,
      0.2575961146562981,
      0.25251181448390886,
      0.05195917562326163,
      0.28495640354991886,
      0.18607743110770378,
      0.1870508579645911,
      0.13275052343888027,
      0.23475891791581985,
      0.2787467230568589,
      0.2835424413849597,
      0.18695946578014447,
      0.28044413518752087,
      0.1080501907223844,
      0.2851239373739879,
      0.08270191221236244,
      0.15474528734064044,
      0.04505669907061057,
      0.29596871035366107,
      0.018078765441817888,
      0.23312775480887388,
      0.1745606895290211,
      0.17293276949359473,
      0.1422854720652524,
      0.06946721362039233,
      0.028559968881138962,
      0.1450978025025182,
      0.06097833382964243,
      0.18762721302664206,
      0.14090949250785836,
      0.0052953151757221375,
      0.29594661442446685,
      1.0799547139438426E-4,
      0.28517594122403417,
      0.10735276493521274,
      0.1496647450649461,
      0.12982623968331936,
      0.2919218754619135,
      0.2741179720703023,
      0.15180170151533942,
      0.1764620358868315,
      0.12587637060047033,
