{
  "horizon": 720,
  "granularity": 1,
  "priceSchema": [
    0.198,
    0.198,
    0.198,
    0.198,
    0.225,
    0.225,
    0.249,
    0.849,
    0.849,
    0.225,
    0.225,
    0.198
  ],
  "agents": {"h1": {
    "neighbors": [],
    "backgroundLoad": [
      0.21508633030708726,
      0.17101903433407703,
      0.014054692316243678,
      0.23413273683653354,
      0.09682014632296057,
      0.26652161341149766,
      0.20981228141364183,
      0.15835810291496014,
      0.08672007662433158,
      0.21576274626475858,
      0.08087005519378143,
      0.19017898416276857,
      0.20511881259074616,
      0.24632068170686833,
      0.2854130495228248,
      0.08008812779205733,
      0.026939421940391183,
      0.29355843491520545,
      0.012713051905580919,
      0.2034526722357305,
      0.03171813275433152,
      0.15803523183227328,
      0.2862943613066419,
      0.2178943127866528,
      0.12601655580338633,
      0.055693618008263245,
      0.23751010491057523,
      0.24709796425451136,
      0.2345484281344132,
      0.2292306805048959,
      0.1501072777072194,
      0.07782499639437698,
      0.049697118642100045,
      0.15206281835914134,
      0.28144951598203377,
      0.13911195310651395,
      0.06362429165910284,
      0.22824924054318108,
      0.23894325132823882,
      0.08914670597578873,
      0.004872695135322979,
      0.045100771148482266,
      0.13215426529957786,
      0.2525909813910514,
      0.23790094342417134,
      0.1774857934516432,
      0.25160579068907263,
      0.0977028989268144,
      0.028456344899955563,
      0.1411402246949724,
      0.1978975524434916,
      0.23060916044440047,
      0.13422338102035655,
      0.011632811429825196,
      0.07774280402100432,
      0.2922996535531877,
      0.14027885641648433,
      0.026551850111846662,
      0.13261650739623995,
      0.11547901083701867,
      0.05831854004849235,
      0.18465709310436004,
      0.25217913488097454,
      0.07658129932036496,
      0.09606695851751247,
      0.2183296592992062,
      0.16314383214056002,
      0.016135804897126006,
      0.18517315582086738,
      0.02561120716617866,
      0.19245197819020507,
      0.014841579770964041,
      0.24121782695350352,
      0.26500319968155633,
      0.1594416373648155,
      0.24588443862425524,
      0.11228322965266373,
      0.2601608582347246,
      0.07374527088793509,
      0.29422353252777383,
      0.04158016502462575,
      0.05969735601241731,
      0.005243160534232882,
      0.056522346888616945,
      0.23005434292781596,
      0.20253895280208406,
      0.1577992271920359,
      0.2572740710021006,
      0.21093281430216101,
      0.2843061961899926,
      0.28112321869850904,
      0.28608594376833585,
      0.19290115700224783,
      0.20737057276336618,
      0.1368891875777332,
      0.22926836250392546,
      0.27957550934012326,
      0.1908036284840325,
      0.2958326117265357,
      0.11684122320745838,
      0.24886696667994374,
      0.06212374221479373,
      0.07700780464782762,
      0.06305152804328722,
      0.1925469306988887,
      0.23321096611485714,
      0.12213404078157218,
      0.027858595426165055,
      0.2613298938137478,
      0.0790928583476644,
      0.1740008190827115,
      0.12388703916657853,
      0.17968226039369437,
      0.048609812492294444,
      0.2708424291208124,
      0.24291251083140952,
      0.23868584170638255,
      0.2777335785988118,
      0.11070369234078505,
      0.08388272792905063,
      0.20071974994253614,
      0.15649784475429487,
      0.052474820794721364,
      0.017374964487849365,
      0.14297636813049144,
      0.20598736876034762,
      0.030864727157289204,
      0.024659978616981493,
      0.21745706177641264,
      0.04220629539126863,
      0.1564759246104318,
      0.058163321222600955,
      0.2546441231050352,
      0.2219046135697731,
      0.04442473363349681,
      0.10331199102452503,
      0.18756594039742555,
      0.18219360948086155,
      0.20179505928970354,
      0.02828479295665931,
      0.25093492911725396,
      0.08830832528715246,
      0.060998588894089156,
      0.14277095160406464,
      0.17407523063494992,
      0.031596310791184044,
      0.06565573192928355,
      0.08491877403837975,
      0.14041228454777388,
      0.05806867722691983,
      0.0352234779537615,
      0.21463852114904017,
      0.18721664028257456,
      0.006082889425286197,
      0.07010181699096708,
      0.18751226032849252,
      0.2946762932846944,
      0.13061493006302416,
      0.19499872947504363,
      0.023489460769109006,
      0.2015040518629488,
      0.20728528986120273,
      0.26066485247939797,
      0.15029010337815557,
      0.02968852621847627,
      0.19340887033921467,
      0.09175598055196973,
      0.24619585275025815,
      0.11664302733994103,
      0.14913763869059532,
      0.14649979447156497,
      0.11211538135129008,
      0.14946679900654106,
      0.07106008764266422,
      0.03243136159897829,
      0.2252991280260273,
      0.030479281591758677,
      0.11042948126510799,
      0.28367722910516585,
      0.21842842205663762,
      0.027522794102751002,
      0.194365824287644,
      0.11110529272936946,
      0.19509249838029993,
      0.12715003340698064,
      0.05553143554654152,
      0.09372787935541822,
      0.2372203879855762,
      0.11318861481648719,
      0.24536901705988456,
      0.26055289037637946,
      0.024843147385036356,
      0.2542306373415342,
      0.19866986985944973,
      0.19559332200208812,
      0.11854994529502808,
      0.22909901465043053,
      0.19540894729561045,
      0.16743194969772876,
      0.10124483555393504,
      0.172468924175376,
      0.07283533417228874,
      0.16846939426551197,
      0.2503023175836166,
      0.021120717120491826,
      0.07812181110151874,
      0.29946821779962135,
      0.289661348468661,
      0.25827101211061193,
      0.20125531432371058,
      0.18939095163756367,
      0.10791431224530292,
      0.2948044228067949,
      0.21943022796547626,
      0.09090485663605613,
      0.18524318578428622,
      0.19575545458357158,
      0.08385923314416865,
      0.19975708157050165,
      0.13664465824582836,
      0.25996914088524603,
      0.2397981057655235,
      0.19957150525650774,
      0.17653006742343522,
      0.16061465516414278,
      0.1561817868828863,
      0.06966265727558342,
      0.048528743948232055,
      0.04163165820666635,
      0.11316952550418308,
      0.1995020987578447,
      0.18890445296249783,
      0.08695615863283919,
      0.24283050213514473,
      0.0111179629529918,
      0.21777429936997705,
      0.0927190276679984,
      0.018818274796658773,
      0.09255592252172967,
      0.0768091742518576,
      0.03935351051767698,
      0.052891582894141864,
      0.05713589971334156,
      0.05143502722340856,
      0.28418556377234416,
      0.061424329500997674,
      0.21752655579785637,
      0.14741813004914772,
      0.15893225920672993,
      0.005357498933785542,
      0.10675530481199377,
      0.05215680681838459,
      0.09242196166507652,
      0.26500088739699595,
      0.08934497415662454,
      0.01677575775422835,
      0.230830344192014,
      0.03988212360541505,
      0.27079886697101213,
      0.29727910880735303,
      0.2949976792335914,
      0.0045761934426169605,
      0.11457077511161062,
      0.07517353637226573,
      0.24009953370480658,
      0.14518811738445667,
      0.23335917571787265,
      0.02916788813980333,
      0.1205529656959,
      0.07205445181878493,
      0.27341025193273083,
      0.24818656535329728,
      0.15731883533115695,
      0.2783775110646081,
      0.24517416376954335,
      0.21630256910366244,
      0.12176467310644158,
      0.29605595171963617,
      0.24565206206052834,
      0.01884324084253519,
      0.026455309675418058,
      0.15452221198168326,
      0.060403142293404655,
      0.2623293129838983,
      0.1047014907275437,
      0.11941395218323154,
      0.07984733998949144,
