{
  "horizon": 720,
  "granularity": 1,
  "priceSchema": [
    0.198,
    0.198,
    0.198,
    0.198,
    0.225,
    0.225,
    0.249,
    0.849,
    0.849,
    0.225,
    0.225,
    0.198
  ],
  "agents": {"h1": {
    "neighbors": [],
    "backgroundLoad": [
      0.009195083794597247,
      0.16401475433858545,
      0.0517686332826026,
      0.19058422785722617,
      0.08616355565656154,
      0.10618288574217305,
      0.16212164723855071,
      0.20204789600868356,
      0.09629588102068119,
      0.2565233942947889,
      0.014653434222549987,
      0.14267711929024177,
      0.25076955197957673,
      0.07835620529349017,
      0.15911257230456963,
      0.14367683704064527,
      0.11779862027410025,
      0.253883714168447,
      0.011098274121968588,
      0.27005658588777204,
      0.13388894804121623,
      0.11621124538974581,
      0.10389017586708474,
      0.2647076086668846,
      0.22473607110171134,
      0.22068065340846027,
      0.18402045002663284,
      0.1907219745569328,
      0.2674057881480062,
      0.10374261683762825,
      0.029257609151623398,
      0.07584551458943084,
      0.21872574292984842,
      0.26889731188354005,
      0.25419629598561744,
      0.17334223307761457,
      0.17979664391378566,
      0.174545993393002,
      6.503568260555981E-4,
      0.016816697015855118,
      0.1768798144277469,
      0.12059562451267201,
      0.15291555844198673,
      0.15697709444254718,
      0.18638214576973713,
      0.015444154749695882,
      0.0053692378783881224,
      0.08097498341126348,
      0.1855577678557491,
      0.010102607863166302,
      0.2376581395895801,
      0.00783221625762942,
      0.08413459918660565,
      0.28151230570909946,
      0.015025779766838708,
      0.11844264979729009,
      0.1775102408065955,
      0.08094569428644931,
      0.07976095558258696,
      0.02039462096259902,
      0.21006715573647963,
      0.19453768894310045,
      0.015078802386235145,
      0.06030919458852774,
      0.2981290888334511,
      0.15716674366008315,
      0.22567518367712017,
      0.2916434139176917,
      0.027344453998821183,
      0.07136952357584887,
      0.22196794062443717,
      0.07199382997619555,
      0.17815767417248118,
      0.11799861598589813,
      0.1518047223929094,
      0.021603967094895538,
      0.0886161073644229,
      0.17222927257193024,
      0.2137502639235643,
      0.06986065308328505,
      0.0050542721117247886,
      0.26004244977712393,
      0.27735383681427855,
      0.23758856998830974,
      0.14742773783092444,
      0.06241502691113224,
      0.06964083020637583,
      0.20642808415442412,
      0.25671312365825594,
      0.1402785272368011,
      0.021033619111252632,
      0.2897287819160499,
      0.29258485643333887,
      0.12443821096848531,
      0.12563794776377682,
      0.16804664924110738,
      0.06972672419775905,
      0.2553913380359778,
      0.24320883387808942,
      0.29456339821708055,
      0.17459238082429393,
      0.2839230571986057,
      0.17380857334530755,
      0.2849884918177572,
      0.18731032211514004,
      0.02961070936042004,
      0.2677449587936013,
      0.07947051265961254,
      0.28331741307691033,
      0.2213666055960279,
      0.2689711573832205,
      0.12374441275199477,
      0.2607895617448586,
      0.23451114793744737,
      0.19114213944309724,
      0.01778943532945555,
      0.06457301916502653,
      0.025126472588193883,
      0.1809553567539342,
      0.2429978604705428,
      0.048634856045333553,
      0.04990906495519628,
      0.04063452923673019,
      0.1767328393215238,
      0.270868596688851,
      0.22632871047803776,
      0.20017919684982516,
      0.1912282832829744,
      0.10075021646121597,
      0.2772034292110705,
      0.28990676006272437,
      0.22847072193778586,
      0.20126450404872517,
      0.22796290212661424,
      0.2138388498244804,
      0.07274714874751932,
      0.04422855208264304,
      0.0909154141340462,
      0.1889050769413352,
      0.28526413704853104,
      0.2525554336045267,
      0.03117703713363974,
      0.22294696521089208,
      0.02664154467333264,
      0.15674881757192452,
      0.1748131230594203,
      0.17150145933444919,
      0.06456883094142014,
      0.14857065698194158,
      0.13145312712797916,
      0.09303462366906796,
      0.18076396346655707,
      0.0994543466683472,
      0.08463495588049122,
      0.18661903064146443,
      0.16693714710171106,
      0.041092307804788876,
      0.29111997111105836,
      0.26895157890175225,
      0.0447007465397775,
      0.25823777256579616,
      0.28097224578069147,
      0.02801449878190778,
      0.2348032987783164,
      0.2247186445266836,
      0.01294584140862195,
      0.018156274576714735,
      0.024919409795279988,
      0.068058674969724,
      0.1637543550111114,
      0.085616620019669,
      0.09988226409254417,
      0.10782346172486278,
      0.12975765804239656,
      0.19810658806732787,
      0.05319567403188228,
      0.11366336587872727,
      0.12611529600471275,
      0.01822468023632515,
      0.021069962747131955,
      0.06698145770332553,
      0.1671996829879853,
      0.12259327724743198,
      0.2640985211086286,
      0.17975364296147656,
      0.1505521363219274,
      0.1337082001366472,
      0.0731479446840854,
      0.16587287871530082,
      0.13830725569703026,
      0.09113425226401718,
      0.1798108504725576,
      0.12153260090207468,
      0.2780659797597601,
      0.1340489875302166,
      0.07478402978223622,
      0.27969978179537514,
      0.10892310352647497,
      0.28727246617475605,
      0.1375841519777619,
      0.11612871669677877,
      0.07713190282781525,
      0.017073262130465304,
      0.16160696291604276,
      0.06003098377947003,
      0.14960854096187565,
      0.24379916245148028,
      0.22632286304667026,
      0.18934678059393947,
      0.07742681904305924,
      0.00982571710596629,
      0.008878052088299448,
      0.1302178646912731,
      0.10998090591259738,
      0.01572669441932445,
      0.07119953738255347,
      0.1322952839710149,
      0.1668810072885769,
      0.050011190759838016,
      0.14853323548743522,
      0.12415749790824743,
      0.014303181940307129,
      0.28802510732057657,
      0.24060336966019086,
      0.03488875961159966,
      0.21116130637650693,
      0.024924971978413635,
      0.21080856617373828,
      0.14369021636575258,
      0.03462582488874,
      0.2657755684449711,
      0.005901717256584782,
      0.005801654296166414,
      0.06618731005337396,
      0.130153369395276,
      0.16657714145273286,
      0.26896700296462145,
      0.20314644023307113,
      0.19628629041588333,
      0.297478211393548,
      0.19353738933684927,
      0.08787140281159883,
      0.023271281135311437,
      0.06502491493771181,
      0.10373290157703303,
      0.22056515232284463,
      0.11196913574678209,
      0.13775580416950664,
      0.27341122009200003,
      0.1446713186622515,
      0.09554230291189794,
      0.26767487266241513,
      0.24183128331642922,
      0.10957916352803629,
      0.1402961942833003,
      0.04316407555007836,
      0.19848166067312972,
      0.02199087270912877,
      0.07142012356105044,
      0.11208015365871703,
      8.451016010703305E-4,
      0.27355212273521773,
      0.19609473069593727,
      0.15375033399374374,
      0.19463919226912005,
      0.28523705787679693,
      0.12988212227610482,
      0.009932040201303071,
      0.2354380786998594,
      0.10013470143480903,
      0.1515287438254612,
      0.10385108882727923,
      0.06298976584982004,
      0.18116149086473382,
      0.14022028003557394,
      0.28702271442050037,
      0.028785442682974637,
      0.021632571641026808,
      0.2779567503433698,
      0.08867847087907907,
      0.07183682457429656,
      0.054219507881591765,
      0.21834262749863062,
      0.01997692298498238,
      0.13036114460883633,
      0.04334363967462997,
      0.17116320178270447,
