{
  "horizon": 720,
  "granularity": 1,
  "priceSchema": [
    0.198,
    0.198,
    0.198,
    0.198,
    0.225,
    0.225,
    0.249,
    0.849,
    0.849,
    0.225,
    0.225,
    0.198
  ],
  "agents": {"h1": {
    "neighbors": [],
    "backgroundLoad": [
      0.011664924259828046,
      0.15285199195490104,
      0.0022025428894538956,
      0.1195971478674086,
      0.14469259071816618,
      0.19043248598032628,
      0.0579655196160463,
      0.19525218904451622,
      0.00477515671882679,
      0.05298331280550301,
      0.018986968753999967,
      0.2614769969072872,
      0.07697976187765224,
      0.09918793235866435,
      0.054441220027936076,
      0.19740378527681166,
      0.2752374399890013,
      0.2918924883377545,
      0.07667768099732969,
      0.13545814815483334,
      0.16033849904982408,
      0.01804328830493006,
      0.2541317338078559,
      0.2352156385808016,
      0.16772383220059142,
      0.2080056888025618,
      0.08398052796385394,
      0.006457933131957039,
      0.20928943355848487,
      0.279996975188901,
      0.10993215232222486,
      0.169011664889231,
      0.09545394884739063,
      0.16438562209113294,
      0.23776592347042874,
      0.01792999222634577,
      0.10187957277198627,
      0.018369198164925635,
      0.252927671093833,
      0.14962045825691309,
      0.13225564734215103,
      0.06293328123627402,
      0.14997001535537338,
      0.06852591720021582,
      0.027073934392197452,
      0.1039912427430051,
      0.04382288391799218,
      0.0017976336262432889,
      0.04933976393467184,
      0.2455725955136197,
      0.08459511188489335,
      0.018366347538109205,
      0.2197794444910735,
      0.24835087590422011,
      0.19009112509111614,
      0.14008563923573814,
      0.16448508444031773,
      0.031157322219498594,
      0.26291563695754494,
      0.27501910915070565,
      0.04671845403335425,
      0.18672911459085104,
      0.2079612698561133,
      0.1566606512005008,
      0.1867461543428446,
      0.19466352216212293,
      0.24409627933351946,
      0.2442505970378335,
      0.2546173371215212,
      0.23885464353151817,
      0.25039023790552467,
      0.2870356291771469,
      0.27965044415088375,
      0.22553265580617451,
      0.12768660647461655,
      0.05100976001810076,
      0.11010953283102949,
      0.14672232914584335,
      0.017667995940247205,
      0.012067850118537582,
      0.1886887372778656,
      0.2937390007751317,
      0.2583005054550636,
      0.17648068123805874,
      0.25478463344349195,
      0.10944829814948659,
      0.007147652363900891,
      0.04570403212616122,
      0.270752864271802,
      0.20187392295192225,
      0.014057919458598555,
      0.262813209235171,
      0.11457741015769732,
      0.23646924167028346,
      0.17037839916256511,
      0.07718812749946047,
      0.28385198528688776,
      0.07860796647008751,
      0.024790179456829597,
      0.16353627568530932,
      0.004760212615050841,
      0.003751698675571624,
      0.05205828245218895,
      0.006027510239806022,
      0.14150720915354933,
      0.10794189602777239,
      0.05274757998322821,
      0.1466415266640704,
      0.11656758940645057,
      0.07308587315874894,
      0.26742129766264744,
      0.22871567913589078,
      0.14592314245898463,
      0.04070799513197828,
      0.10723165443157338,
      0.2367704591236795,
      0.024620982946079784,
      0.21200821628019542,
      0.10192317442981294,
      0.2595190762372493,
      0.07222567434330766,
      0.0024028646394399942,
      0.05775270233322729,
      0.17447007407012063,
      0.10446579216254748,
      0.06330841512894453,
      0.014479312714908231,
      0.26714186705511217,
      0.1435293730633622,
      0.033016731370627425,
      0.18841305368935393,
      0.04150859278300223,
      0.18287899647111752,
      0.0860359484941967,
      0.23292767231732753,
      0.19781078374301655,
      0.2787733607762482,
      0.22153981740627463,
      0.18859727017086228,
      0.08219524136417418,
      0.2181414699158539,
      0.13594003023240966,
      0.10873971273092112,
      0.04627385318375643,
      0.08903219659107212,
      0.1491525280102136,
      0.2990283188048986,
      0.05673974491025382,
      0.25472434575895153,
      0.17221606532259226,
      0.033376994577321795,
      0.004703562146689333,
      0.08349899113333671,
      0.24623598008410397,
      0.012425025554355896,
      0.11984493224356366,
      0.20967912441174444,
      0.19323812768074786,
      0.18895151148203362,
      0.11964605904877315,
      0.19080381460512674,
      0.24501611051681343,
      0.2509935653891598,
      0.20634854984247109,
      0.0971210555687934,
      0.22293020312494471,
      0.03582294192495553,
      0.24114980274311104,
      0.08155586473186625,
      0.13278858965335907,
      0.08328396528981165,
      0.06541589419952355,
      0.203242117974666,
      0.2753759512231379,
      0.20294875604440324,
      0.10841151063751527,
      0.06209948048932078,
      0.04293176582241722,
      0.23814105426727392,
      0.15427215414701814,
      0.12215777637060554,
      0.17288185046818533,
      0.24206444372197766,
      0.16234581471274215,
      0.03298651215988744,
      0.29687259401940486,
      0.2655922630079955,
      0.13112058570739213,
      0.2462197857375321,
      0.25858134680544637,
      0.09241699746726068,
      0.2602445604834817,
      0.15533024030303977,
      0.10023387858412643,
      0.2928121501979516,
      0.11016518649954606,
      0.2930862043027947,
      0.25798896558217616,
      0.2979143385145147,
      0.2439658823478422,
      0.1613732938086993,
      0.09194745355723657,
      0.1983792462368773,
      0.17112187469527435,
      0.048553758344381755,
      0.04603566129897707,
      0.19760629884259256,
      0.028585931097505145,
      0.12422901347151623,
      0.11883206783940803,
      0.16355543665805009,
      0.17857013414618128,
      0.028720716952236013,
      0.1517529604735213,
      0.2398784167662079,
      0.206005507055167,
      0.2875129349880295,
      0.2939339837415278,
      0.07772280807666826,
      0.0855497054116377,
      0.16496452951879106,
      0.03127699407055596,
      0.08029869871690633,
      0.26178691394215975,
      0.26984591881370196,
      0.17072860850175428,
      0.20817640219440153,
      0.23468415791737193,
      0.12729472529613745,
      0.2704313151190106,
      0.21099316826811484,
      0.07125845044647035,
      0.137965147151223,
      0.2491745621648343,
      0.006424879985039189,
      0.09160916088916501,
      0.2516250441201651,
      0.08713468938235569,
      0.19184495020036443,
      0.13804125194336742,
      0.040523038303330025,
      0.25277144169497895,
      0.25162662220134685,
      0.20098585406654912,
      0.08646938239984375,
      0.071359983208017,
      0.21096407411543336,
      0.29963441180470507,
      0.006562531148847161,
      0.18609016898039443,
      0.12179770167744107,
      0.17863797284465896,
      0.08301201625343613,
      0.17811884490656774,
      0.2935769787916654,
      0.11096059351073283,
      0.039728650784655206,
      0.0710666065910547,
      0.06750146277069896,
      0.045590084981123546,
      0.19987444854465855,
      0.12754557232715927,
      0.17983085053330067,
      0.2947530665860339,
      0.2745615826479091,
      0.25726619337716605,
      0.16502379263398495,
      0.1503292404307703,
      0.2551226497660504,
      0.1715621119848816,
      0.18595501148372015,
      0.10175956339769134,
      0.06303938518974721,
      0.06556911959573165,
      0.030662325059484796,
      0.27181516499837965,
      0.28899667000102125,
      0.007288040207588942,
      0.12111544159090686,
      0.15888345833714285,
      0.2834221576632993,
      0.16068257637762562,
      0.1311616976844889,
      0.0181290259398846,
      0.03551358262040689,
      0.2662054963724061,
      0.12973710805108477,
      0.15436511010705986,
