{
  "horizon": 720,
  "granularity": 1,
  "priceSchema": [
    0.198,
    0.198,
    0.198,
    0.198,
    0.225,
    0.225,
    0.249,
    0.849,
    0.849,
    0.225,
    0.225,
    0.198
  ],
  "agents": {"h1": {
    "neighbors": [],
    "backgroundLoad": [
      0.28000528714463513,
      0.20196881557055965,
      0.1715868736534754,
      0.14388735459598864,
      0.13634793498714345,
      0.2270882359602085,
      0.28332187202940035,
      0.015913113475050887,
      0.11597527147928023,
      0.26232014142028814,
      0.2450676698930068,
      0.20214321181048295,
      0.29087190482562536,
      0.21284498180739617,
      0.08089817386997292,
      0.19278008466724364,
      0.04746462702488071,
      0.2292888330558168,
      0.26872060565193445,
      0.1985581534008822,
      0.2792478721901483,
      0.11290952663296881,
      0.08890969632822561,
      0.046977639726341267,
      0.050110895339812465,
      0.02023618634628068,
      0.1261435653924125,
      0.016792524887504122,
      0.11302342218790719,
      0.05261282981800982,
      0.05882111815706892,
      0.1854126569895195,
      0.07301565377192672,
      0.11232073346033189,
      0.24294380082646913,
      0.18275695379915358,
      0.22396103156055303,
      0.11970466105260805,
      0.22835990822919883,
      0.13172180100785302,
      0.20974888438825393,
      0.24368875880272162,
      0.06696546508562143,
      0.2541928216464198,
      0.29778498902720535,
      0.052210464057065586,
      0.24299118974177014,
      0.2827768381425343,
      0.20739576052327502,
      0.17258254140982676,
      0.21720433611607368,
      0.21634718452904825,
      0.1149084444410263,
      0.2648841503100783,
      0.19336839765159003,
      0.14043626283707386,
      0.0695434444030261,
      0.06006157897478167,
      0.21982967379863627,
      0.06964040466368375,
      0.022447448816735115,
      0.0038745430804566715,
      0.25553733902893266,
      0.2896202411983919,
      0.055051477540346734,
      0.2685250457659604,
      0.14318656694754,
      0.14874138415958685,
      0.0903374185781417,
      0.28228636152199515,
      0.04011767832301825,
      0.1947906412203703,
      0.20742464492264467,
      0.29921062306657853,
      0.2346053633282252,
      0.09314317733291567,
      0.18094229401277107,
      0.22738192419413175,
      0.2175319724886404,
      0.2244311813328154,
      0.060204717767938974,
      0.1746424313970767,
      0.11383391151769823,
      0.16294770655610066,
      0.09252964296401742,
      0.16425050598564445,
      0.06041105926693497,
      0.2302153581730135,
      0.007564769461655751,
      0.2433527271021883,
      0.2921937642437074,
      0.04468669457134109,
      0.03054814811021741,
      0.0912636887464966,
      0.0796872297054769,
      0.04711725509352436,
      0.1602083793172233,
      0.10138831981359255,
      0.07709128844539131,
      0.06529988253179664,
      0.20346288231184437,
      0.08718561273314851,
      0.14191504407225117,
      0.24251709768677385,
      0.21081492634820867,
      0.007642336653214876,
      0.039941659672294995,
      0.05250137763099076,
      0.16640482921956554,
      0.14085641221091388,
      0.07723667848828948,
      0.08394180939086494,
      0.01612631281802368,
      0.25029616790367176,
      0.2101160489010753,
      0.2964233811532841,
      0.24973071806082503,
      0.008496871645639736,
      0.2379518153896892,
      0.042039689634841525,
      0.07047954022282023,
      0.2808304605199532,
      0.01796911860226359,
      0.24919414912038815,
      0.04814037707350305,
      0.1036165894358982,
      0.08008297648375767,
      0.16327778177475774,
      0.09408007066911729,
      0.2862328960346441,
      0.2813575007825364,
      0.212113186942595,
      0.22645468234128235,
      0.007368017369521162,
      0.008087401277532458,
      0.0938700702045036,
      0.05584741903442988,
      0.1866908365041076,
      0.23675437419357986,
      0.1481598229629644,
      0.19427495345354545,
      0.12874218950839242,
      0.13191224622048472,
      0.28188904603927173,
      0.1508857487641673,
      0.045593783293308106,
      0.11262277173809129,
      0.022589104272395053,
      0.18517432783700433,
      0.12405590323209101,
      0.2337421258970902,
      0.044892803673019864,
      0.10265817045080551,
      0.012459502982200376,
      0.2303782846897084,
      0.25699311236088246,
      0.08584348357269038,
      0.2684656976692355,
      0.2201427582993166,
      0.04518743769007761,
      0.020413188455215468,
      0.28994880283953184,
      0.25642531718094413,
      0.15222361602451906,
      0.028613302566683506,
      0.12257998966303546,
      0.030765135795595377,
      0.13686823768127934,
      0.09183751705773052,
      0.29093148463228335,
      0.2155443299152074,
      0.23143932100328593,
      0.2473342636421817,
      0.19317692760206692,
      0.22369590515789975,
      0.18963332560216362,
      0.02792212345335484,
      0.21456193813614458,
      0.014279138812130276,
      0.19274428833215856,
      0.017738297659179867,
      0.10794635457534223,
      0.09191402054672235,
      0.2858634988289597,
      0.11241924717819225,
      0.10789054115128922,
      0.03986295630235596,
      0.029676761134767648,
      0.061591508403906224,
      0.2288794774993563,
      0.1529081558532981,
      0.047019480724352504,
      0.11990812105740484,
      0.0980883935475045,
      0.006847069988419885,
      0.04109717853640724,
      0.17151947982019283,
      0.21443225345696199,
      0.2844956389296474,
      0.13070097565589084,
      0.19232736071080728,
      0.2382297810754243,
      0.19071176573833318,
      0.15372835297931234,
      0.17508677707833414,
      0.262187786780296,
      0.23151004653346435,
      0.06976939365658373,
      0.1985857039164475,
      0.008306602705826904,
      0.23410209791594777,
      0.2764432681916624,
      0.21593654025930772,
      0.2850070487766206,
      0.005973300227921385,
      0.23314683828071786,
      0.1863478223130373,
      0.1535077481086083,
      0.1836650849029526,
      0.18433539173121627,
      0.12573398867429628,
      0.2911565613500872,
      0.27442707646974246,
      0.2523644763960793,
      0.07210070897464098,
      0.0265158379414113,
      0.06740412383879062,
      0.18247146961167018,
      0.29612843692621355,
      0.1826289665444887,
      0.15915779283131826,
      0.21557740191458416,
      0.02874246135610846,
      0.18777333218191558,
      0.16951043550087783,
      0.07336872539085858,
      0.14059930460043688,
      0.2580688511958249,
      0.2874276365917132,
      0.2596471804421468,
      0.03848818421825829,
      0.015659300897419647,
      0.09462103614336767,
      0.15717390883597923,
      0.18579350393137053,
      0.09675200037573413,
      0.27544601855101614,
      0.16090002986309412,
      0.1622278331156662,
      0.017596570665028566,
      0.2691195659458237,
      0.027768503767461806,
      0.1577166293777081,
      0.15521423235439816,
      0.023007845428354167,
      0.10029304747112296,
      0.08446516069526398,
      0.14160197546229644,
      0.27267044658009687,
      0.03484023642324624,
      0.1757666743628694,
      0.17694133102182993,
      0.0658966263579666,
      0.18020203969130563,
      0.03815992547981427,
      0.2890500931265538,
      0.10072346145872511,
      0.28753673324735274,
      0.2594250519186942,
      0.2465586152105883,
      0.07170490369661943,
      0.10391228212129729,
      0.24566879061023938,
      0.162199390765058,
      0.17844721689217344,
      0.167907673605308,
      0.0965369691462715,
      0.0423200786316402,
      0.18762699271789757,
      0.2905953748968317,
      0.1670082454739085,
      0.13276755036833118,
      0.1043492406501382,
      0.045899269912403194,
      0.04691073525339107,
      0.23933202380049012,
      0.2115786124701823,
      0.28135572436935485,
