{
  "horizon": 720,
  "granularity": 1,
  "priceSchema": [
    0.198,
    0.198,
    0.198,
    0.198,
    0.225,
    0.225,
    0.249,
    0.849,
    0.849,
    0.225,
    0.225,
    0.198
  ],
  "agents": {"h1": {
    "neighbors": [],
    "backgroundLoad": [
      0.1308846976281857,
      0.26630760262418995,
      0.19155360104868635,
      0.2734314497428968,
      0.0867879151110742,
      0.10477605585013071,
      0.23544241427574852,
      0.267719343148154,
      0.15074034061138794,
      0.2643195787722543,
      0.00347245429711992,
      0.14551967817881747,
      0.017934354974540313,
      0.12294555772607513,
      0.26582291168192473,
      0.06626818942324197,
      0.23200576063825762,
      0.10303925144869266,
      0.2963816166535409,
      0.07559356021044651,
      0.27681743082528143,
      0.07709150667752634,
      0.05138097246313895,
      0.1913052071760253,
      0.2502531455615994,
      0.12113862801359919,
      0.10203445431931554,
      0.027693517128613964,
      0.07651057812097656,
      0.17515033460920337,
      0.25234669250220165,
      0.2902593011380773,
      0.0017435296928044795,
      0.2106624744746532,
      0.040771118454431376,
      0.2870866574416491,
      0.19811191647222903,
      0.05350513703714133,
      0.19453258890748404,
      0.06060008615304262,
      0.05778389418253183,
      0.056116600368825605,
      0.04389434019755721,
      0.033115601152397874,
      0.12785383015714005,
      0.1000822148945197,
      0.14615913205932168,
      0.25661491082353854,
      0.27748313125130036,
      0.015677391040779975,
      0.07685739357471623,
      0.1527690517150045,
      0.014927486748054296,
      0.03847054741542744,
      0.2431284854294457,
      0.21736713815754963,
      0.12430131555908283,
      0.03563747317174404,
      0.15766867157706085,
      8.346248984413274E-5,
      0.019344394345737558,
      0.2491230714107286,
      0.08687493938691916,
      0.17158311255868242,
      0.22741256119732056,
      0.017358670317578182,
      0.28844739953849996,
      0.11886115918161605,
      0.031034282574012993,
      0.23493196398761526,
      0.14356296620313874,
      0.039633120446940936,
      0.1991661399356482,
      0.07985558028796011,
      0.05844504221429592,
      0.110093563664958,
      0.2070810359548293,
      0.20356263058432755,
      0.042202801777671585,
      0.11324815285257946,
      0.24773097699704616,
      0.2801523186699143,
      0.27044604420922275,
      0.027102972463972308,
      0.27804260892786503,
      0.2650145752799419,
      0.01917594268450561,
      0.2635823318450006,
      0.1880698694840282,
      0.20615099071575935,
      0.1374504086426401,
      0.1618648141564996,
      0.14326243368740452,
      0.1981765986407515,
      0.2955971885910879,
      0.18405858511170028,
      0.0294061380107392,
      0.25087936910480135,
      0.0593712186976656,
      0.14748931476748997,
      0.294428698933947,
      0.19234847941664354,
      0.08139311815768621,
      0.028769016779475798,
      0.09818180626167497,
      0.20307710039275492,
      0.14619567482402873,
      0.22791528345576773,
      0.10490490500954859,
      0.2614956268921346,
      0.21548350611618175,
      0.29475649686775396,
      0.2917861524214235,
      0.1703082792765834,
      0.18448131946779056,
      0.07351489117164367,
      0.2062943135683835,
      0.14649274006029203,
      0.26677722348931154,
      0.28911659692158387,
      0.07907880111020994,
      0.03098289788766648,
      4.492607917218949E-4,
      0.295628222203176,
      0.15345037910617404,
      0.14106143187884937,
      0.08903687474285038,
      0.1267838749761665,
      0.16009104596242865,
      0.19365619815116603,
      0.25758463161695355,
      0.01588186567671087,
      2.69198287428074E-4,
      0.09762694653545263,
      0.030001322227249383,
      0.20608163493835285,
      0.017255632459596226,
      0.00983754474840055,
      0.18100129767357614,
      0.19485875590419577,
      0.08254525086825806,
      0.03472934539828454,
      0.2117753394490121,
      0.19404110125256688,
      0.046697356555465086,
      0.15284233086951796,
      0.04877903230409165,
      0.0508384352532387,
      0.2730637935806808,
      0.02168351432415436,
      0.040322303645703085,
      0.02889782623852033,
      0.14583010033511956,
      0.2948239366705893,
      0.20754774749569457,
      0.026892860527961335,
      0.23245245249448226,
      0.19833668227345821,
      0.2958593234954082,
      0.030557226201772123,
      0.27019960200000054,
      0.17220510328309616,
      0.10668373504959275,
      0.10221970256004982,
      0.09035145737079671,
      0.0620489295364397,
      0.29266358307916945,
      0.29440724932575923,
      0.012760587427547399,
      0.0770298399228127,
      0.039568536990903465,
      0.13709054520522,
      0.22579156316613525,
      0.057161964270852336,
      0.07725428090944642,
      0.16497266569447452,
      0.049083634875719435,
      0.18955644037282762,
      0.012810717070030175,
      0.08830779643464144,
      0.2199243643167919,
      0.2977899688077182,
      0.18622710115212698,
      0.1351948086269692,
      0.19988924851679366,
      0.10935880898909368,
      0.16569667830720727,
      0.10948670671842788,
      0.17338927459102282,
      0.012021745694796792,
      0.021603325092429782,
      0.2144754855560648,
      0.16708854317631533,
      0.26021574404906705,
      0.29161636430697346,
      0.15602474255172016,
      0.21180982790042172,
      0.2937116231160849,
      0.05659801852790586,
      0.04725857211128232,
      0.027086349462458824,
      0.026190161903335885,
      0.2584048090581568,
      0.22824547550823954,
      0.008517738728093237,
      0.1584974900971626,
      0.2870297515006751,
      0.16897700975710384,
      0.10673683969325513,
      0.17585898307256065,
      0.25084525697861776,
      0.028933806652402104,
      0.1016546897429926,
      0.13190296269546117,
      0.14689832781519765,
      0.24374376099325631,
      0.15785429239689003,
      0.2914924394458815,
      0.21549614741310566,
      0.02261686837733622,
      0.22625957814018793,
      0.15323763785923514,
      0.1177589858758712,
      0.028749942410205197,
      0.2931195801639029,
      0.1084829171809202,
      0.15594741322213304,
      0.21952643314331047,
      0.2733641383888221,
      0.049539422495619025,
      0.003386895919086619,
      0.06537909178203762,
      0.20048670601316773,
      0.241444010305437,
      0.12220458603694323,
      0.08549676870877901,
      0.2584065673489228,
      0.10617392652426978,
      0.23289899921262394,
      0.2018328403209018,
      0.1575951326255084,
      0.2586676435626499,
      0.26963131467987483,
      0.20884099260690384,
      0.1614393735599082,
      0.10443836536852644,
      0.19686617578231572,
      0.1889701091517755,
      0.04040385871062524,
      0.05606055029226468,
      0.1174932816529791,
      0.23195043824124795,
      0.18230680298125676,
      0.1824524634532988,
      0.2947211268436383,
      0.07713425266207519,
      0.06987197574574511,
      0.17856909887392086,
      0.13836116488230799,
      0.15415817141020216,
      0.23914749952074968,
      0.028020237431301498,
      0.20994697268969667,
      0.2852854273056847,
      0.19888744780649822,
      0.22347481966549113,
      0.1625126871980494,
      0.195759824015821,
      0.0829477229643882,
      0.2560832801218446,
      0.15801322701326231,
      0.16128528247182097,
      0.06571742168852669,
      0.287074858841757,
      0.16316595938940562,
      0.15267724035382937,
      0.17874609085067553,
      0.227228041543175,
      0.2766771969751033,
      0.01464872962795869,
      0.08901935687649207,
      0.0317984491366304,
      0.2303710185231451,
      0.0072068095382644025,
      0.057107983405248385,
      0.27074419738470124,
      0.11196794651914696,
      0.2577303187027155,
