{
  "horizon": 720,
  "granularity": 1,
  "priceSchema": [
    0.198,
    0.198,
    0.198,
    0.198,
    0.225,
    0.225,
    0.249,
    0.849,
    0.849,
    0.225,
    0.225,
    0.198
  ],
  "agents": {"h1": {
    "neighbors": [],
    "backgroundLoad": [
      0.07183773498133479,
      0.11589320070666653,
      0.19268346816546067,
      0.2620624746601559,
      0.2777372352372695,
      0.11735988785347495,
      0.02916980120360141,
      0.20181720189525362,
      0.017303761892643387,
      0.23616232214703814,
      0.1910667776872337,
      0.204137958929566,
      0.2208742320924819,
      0.0038192076176650656,
      0.205876829743086,
      0.23539080768006937,
      0.03145979189067096,
      0.26647919060665193,
      0.21074251094863905,
      0.030537117768780805,
      0.15791869722945204,
      0.10816415218156888,
      0.13023472547998033,
      0.216800050228073,
      0.29187744395579013,
      0.10773300904759435,
      0.11615281204166794,
      0.055616129714770035,
      0.0955492525240494,
      0.1491088620079289,
      0.10588333341505501,
      0.18329258288782702,
      0.23696957198705426,
      0.011153550288766977,
      0.00873865198375957,
      0.10576931840715222,
      0.005596558575725397,
      0.2969875662832579,
      0.18861158918350754,
      0.2517174290462573,
      0.21140417813304083,
      0.1993009280496524,
      0.2751389445644506,
      0.09595321563289312,
      0.2089001331844538,
      0.12264016798201174,
      0.1671420936188761,
      0.22838038013069256,
      0.1765975566034911,
      0.272714663068326,
      0.15135687093325637,
      0.1197989143309803,
      0.29946786704746253,
      0.10195772733975876,
      0.2794727462758464,
      0.29966363126539425,
      0.18501901756191816,
      0.18637523169119322,
      0.2143394584205621,
      0.16172752561672465,
      0.22908151087827383,
      0.25068253419497344,
      0.20662238919744147,
      0.023289648568289998,
      0.25659855127509684,
      0.020805852215598563,
      0.2659903993090172,
      0.04419742537437197,
      0.26503974094733457,
      0.16158174334865366,
      0.25577594555788397,
      0.18011655857044667,
      0.22046796107594357,
      0.11453697587599362,
      0.16935446768837634,
      0.12989214622188242,
      0.020382097648183873,
      0.2248651496341236,
      0.12020220809706228,
      0.25670873014355594,
      0.26756864286265475,
      0.05602878764468265,
      0.20615279769983957,
      0.03460119889869404,
      0.04534484898537783,
      0.2557537596781587,
      0.2891961011161592,
      0.2795277729330538,
      0.2204846942321111,
      0.1673764804423589,
      0.13202304297028938,
      0.20466800655078884,
      0.13119239168240443,
      0.2706637594992325,
      0.2681442922356533,
      0.2631862808664586,
      0.11142343636164882,
      0.1290341614630836,
      0.02288152281228172,
      0.07448510800263103,
      0.02699570224727116,
      0.07278576694908948,
      0.11795624623445779,
      0.032192293643439396,
      0.044974805723022,
      0.03194712605330658,
      0.25451507270055995,
      0.13428155392953448,
      0.08931425749128741,
      0.13535940144264821,
      0.12864538214926877,
      0.011386834981826266,
      0.2898424123332473,
      0.15796608426380165,
      0.00995430860400045,
      0.03993328537591262,
      0.2765427283823963,
      0.2988115897879854,
      0.1727688192145327,
      0.209690175961235,
      0.009663282364909076,
      0.09440697202026188,
      1.625449661442402E-4,
      0.17199660334850247,
      0.06048161929962102,
      0.08692378016455789,
      0.006879778048389684,
      0.034166490838809904,
      0.159076098573295,
      0.2688277510368228,
      0.24366798856360206,
      0.2427560560217317,
      0.2316466059191839,
      0.22179055197218367,
      0.09130589542434474,
      0.19739402904960418,
      0.11045099889659916,
      0.2560108588771685,
      0.18040037538369338,
      0.26997498535717196,
      0.20930226807997845,
      0.07857228087191138,
      0.27893459788459884,
      0.13671550200001292,
      0.18319610537058692,
      0.0034834685582472045,
      0.18347807166953198,
      0.2842288921261469,
      0.110983462288873,
      0.198597463145638,
      0.03798730031309348,
      0.14228393823984117,
      0.049155489261739904,
      0.11993477479196363,
      0.24284826479772378,
      0.17683832552670617,
      0.11202002794794115,
      0.14839271838879145,
      0.07861520534914938,
      0.18740769506968646,
      0.0890173042318151,
      0.1383756411005537,
      0.11125134275439415,
      0.18890948728887286,
      0.05731254373966635,
      0.026329577626795185,
      0.18550891502703934,
      0.21293902181686744,
      0.24220124282101932,
      0.18282631933118948,
      0.0728772107680782,
      0.027301852455372054,
      0.1984262267055775,
      0.02428942551041312,
      0.07963631494882571,
      0.23775203664914318,
      0.05927249399463697,
      0.15871636746747994,
      0.035108390298079904,
      0.26378853853338813,
      0.008076383283087485,
      0.21235872779645434,
      0.1544163310410931,
      0.03227961505943878,
      0.1760719146588161,
      0.02806815479515915,
      0.18510687634417566,
      0.05975986807474532,
      0.25764125211445343,
      0.2875452627105436,
      0.2543785677481264,
      0.14901793121046927,
      0.04203532284960258,
      0.08681150248151756,
      0.06142175949900625,
      0.09504128559920008,
      0.25881831623997786,
      0.036478536443936636,
      0.03775060775577738,
      0.037983815341738156,
      0.15204484032479854,
      0.17193117829552043,
      0.13665579777508988,
      0.022074854755127438,
      0.25035580551467573,
      0.1295366535068101,
      0.1493663192110599,
      0.2944145394136038,
      0.1171502986182564,
      0.25528557517953776,
      0.18200027851583592,
      0.26338073618799457,
      0.0031061732319268673,
      0.18240784088332884,
      0.04017335181871812,
      0.22564788531433833,
      0.1292931298476288,
      0.1739462560045316,
      0.08418132078616143,
      0.10716640716757975,
      0.29184178852126536,
      0.15392149019056175,
      0.04715979637172769,
      0.062141436940035176,
      0.17799034624354718,
      0.05483908371415425,
      0.0962333740863905,
      0.07120840679581873,
      0.02045577802269155,
      0.2562388377984057,
      0.10798917339582076,
      0.28782358413954895,
      0.14575751595531877,
      0.16238661809154034,
      0.2563035084130291,
      0.11713813380187571,
      0.09173324486762088,
      0.21495275923879612,
      0.08929733889601532,
      0.0352284685052862,
      0.2456640065327103,
      0.29203269063058207,
      0.2633943280475088,
      0.04063366508571618,
      0.10067481261340362,
      0.0875073453464902,
      0.2521536681017495,
      0.0706315882497877,
      0.021015572238755064,
      0.022240074067815963,
      0.03295884405606766,
      0.0771257066568533,
      0.21988620685996246,
      0.2859730386292391,
      0.1590880323469498,
      0.032229822103088245,
      0.0307218347083843,
      0.05731308616860615,
      0.25009983967085725,
      0.12680315375210788,
      0.14632550285234705,
      0.2719267757313255,
      0.28924761322574216,
      0.012582095880092858,
      0.20315458149332496,
      0.02478163164232655,
      0.0025045463237051255,
      0.02684241257294596,
      6.067291176962919E-4,
      0.14433423256220793,
      0.1630795478385719,
      0.23567661371841925,
      0.02221761927205883,
      0.1774080030215674,
      0.035390756576062665,
      0.022043068208655647,
      0.2273531846346372,
      0.2811712834759409,
      0.2363628104782414,
      0.1410651034121369,
      0.03288329731279921,
      0.27499187290253563,
      0.009556688164049032,
      0.0053718986474021735,
      0.2461774816961755,
      0.2509943789338351,
      0.14088391544570797,
      0.26135570587327117,
