{
  "horizon": 720,
  "granularity": 1,
  "priceSchema": [
    0.198,
    0.198,
    0.198,
    0.198,
    0.225,
    0.225,
    0.249,
    0.849,
    0.849,
    0.225,
    0.225,
    0.198
  ],
  "agents": {"h1": {
    "neighbors": [],
    "backgroundLoad": [
      0.11836459209000133,
      0.17768988061034183,
      0.04068938331953056,
      0.0647285171348446,
      0.21137215123779232,
      0.0608606186021893,
      0.009825676522286608,
      0.08919220377167149,
      0.06382737570167844,
      0.17059261426160088,
      0.1554161054377094,
      0.07469396934656033,
      0.24318743611939342,
      0.2772455592802172,
      0.2991127144206145,
      0.19252695193001587,
      0.05183149979739926,
      0.10920524756210627,
      0.103102734919504,
      0.1778931532122989,
      0.03998778360164381,
      0.23177558589206232,
      0.11466022343424936,
      0.1397300129725863,
      0.2975372542743647,
      0.1088518702348741,
      0.07412971693604076,
      0.28638037555916807,
      0.16969799847570963,
      0.27190138091754446,
      0.16466944739714104,
      0.2761965696880405,
      0.09196774063797156,
      0.06859541769356041,
      0.13813781287669458,
      0.23562753086814817,
      0.12542118957183332,
      0.17349511939201728,
      0.20949135586163922,
      0.15516975907502695,
      0.08670775994356257,
      0.06755284837234304,
      0.047717705896258296,
      0.1410001405460989,
      0.00651544807808182,
      0.041525354790520816,
      0.10518918853555377,
      0.003393322310308622,
      0.19154187856222774,
      0.14683778994130744,
      0.1426252457411334,
      0.2537553289031782,
      0.19740715730887431,
      0.14145124624585795,
      0.2027565292663597,
      0.21708700729083785,
      0.194634850391588,
      0.11302778914798364,
      0.07879253536202967,
      0.20733510336842872,
      0.27306900865500416,
      0.22358901941694537,
      0.052261013395211615,
      0.13521873012387312,
      0.29885684451797556,
      0.07420488572870293,
      0.14513835532068473,
      0.03363323471875241,
      0.23358573998493498,
      0.12106714397963861,
      0.07953375207311404,
      0.06683253013888386,
      0.11276836902976237,
      0.25154909681036064,
      0.07153217404594435,
      0.01833362429017935,
      0.00802347879511619,
      0.2589646817201371,
      0.017229285161891393,
      0.01902039673346165,
      0.24740130757003181,
      0.11513132256492825,
      0.08735036138100856,
      0.12905457027603132,
      0.006283257579101442,
      0.018551806126281257,
      0.1534858302014019,
      0.14782815791535192,
      0.14464467719396795,
      0.008080005630171772,
      0.023369783487226646,
      0.21370182990193046,
      0.10099093087539897,
      0.05690490750533633,
      0.01230030530628433,
      0.04352943001038456,
      0.2928632535330027,
      0.16444638572845546,
      0.10775232829053635,
      0.11658433336085167,
      0.11684597206784327,
      0.1362502451416726,
      0.25043373455893386,
      0.1794545975412742,
      0.1116582821776921,
      0.23738903631521208,
      0.17088471994911564,
      0.2887507086088462,
      0.1749436298019868,
      0.016794455808255646,
      0.028042851993606222,
      0.11529680557430699,
      0.013634006364378748,
      0.1831327882621748,
      0.03914994163480584,
      0.27231101162666405,
      0.21124543991168301,
      0.021367093120606882,
      0.04481614371156848,
      0.20048597204821014,
      0.046622697944463,
      0.06990078947386698,
      0.22549121644288841,
      0.19077601538245859,
      0.013888208201770212,
      0.148730918408065,
      0.08240342634902433,
      0.23245889175083606,
      0.28500699339787333,
      0.07844051438996831,
      0.2614017655889206,
      0.2355135983222439,
      0.2914778024895252,
      0.2690124299173904,
      0.18272367933037809,
      0.11100432498193509,
      0.12339801163300204,
      0.15729962900343905,
      0.11451380665051485,
      0.26965269200145353,
      0.07954949593428107,
      0.11694826227299682,
      0.012541546844419604,
      0.0020577655554331665,
      0.13018988565789702,
      0.06980302928070133,
      0.17998280741667771,
      0.020716722766384765,
      0.0614951752297885,
      0.09097158126758734,
      0.2830677065573924,
      0.21758261125961714,
      0.2738890942867467,
      0.20199700923820127,
      0.12697975813898396,
      0.06217816798046487,
      0.012511096334506899,
      0.140627913966318,
      0.294540540263879,
      0.005759975075317181,
      0.2032535598461865,
      0.19392149582791426,
      0.245847853134048,
      0.18923091235349068,
      0.05063871917777527,
      0.08854122207667299,
      0.24308525761689068,
      0.298918547900109,
      0.12461840397706075,
      0.016927744240168772,
      0.09869919315303748,
      0.08951376074209254,
      0.24511022627414059,
      0.23835807458026473,
      0.04478494882380135,
      0.15109194239156568,
      0.24692974030604758,
      0.056970933946309775,
      0.20428193940385067,
      0.12208175135012726,
      0.060533682130328365,
      0.10449808049121456,
      0.15838179647933573,
      0.0573278585235269,
      0.2432010435704005,
      0.20393313029184948,
      0.23470340021210778,
      0.0422968433013814,
      0.24679671679774756,
      0.2606974780051521,
      0.1250773409585699,
      0.2520972801872289,
      0.09940434523691602,
      0.18727362770253717,
      0.2507019114655165,
      0.2942235028756241,
      0.21342483387326283,
      0.1546576979213257,
      0.06412110786833457,
      0.008433452601169966,
      0.20351842953503047,
      0.1353289707889619,
      0.18500289175317178,
      0.09986957162562118,
      0.05524713479340036,
      0.13506242257107315,
      0.15290165294074362,
      0.26661912160815293,
      0.2572284095624695,
      0.07763968714931754,
      0.07710382262303045,
      0.13803977551136268,
      0.11164410423780417,
      0.29254275302121935,
      0.04246414618541768,
      0.15656758113404026,
      0.02715847065013559,
      0.23935649585509805,
      0.07411378024136743,
      0.11983529865186969,
      0.16916752152412176,
      0.06712979909904705,
      0.14253994737713582,
      0.01628533999603806,
      0.09801047371362155,
      0.080907267174231,
      0.19958132290145061,
      0.04659015528221881,
      0.23862014734440284,
      0.0065259010718923816,
      0.27343487252760157,
      0.20758791705501697,
      0.1420735851750771,
      0.022996747459516253,
      0.2938685222657928,
      0.12488981182783085,
      0.2320563424227595,
      0.29888030339657257,
      0.16210681786745454,
      0.2036137766851068,
      0.05940914693933614,
      0.17912711978119022,
      0.15175859490422033,
      0.12285892995524891,
      0.1727915241958941,
      0.2782283600830396,
      0.28476586391135567,
      0.07481064148673845,
      0.24627410112626896,
      0.011304753448692516,
      0.07437350964545146,
      0.10350915279359425,
      0.2754427798941531,
      0.24552414093772165,
      0.084467518853322,
      0.005357486430351687,
      0.1793748360279868,
      0.06549905603454405,
      0.166497773591511,
      0.24093923671851286,
      0.15571751403861575,
      0.003289697238701006,
      0.25550418046977647,
      0.2100494656637879,
      0.09540900490642004,
      0.0750158790376427,
      0.15374684622963916,
      0.09877344608826212,
      0.057593004315399376,
      0.10547148361583082,
      0.11943111886360563,
      0.08595733021404385,
      0.2913122969731295,
      0.1307117134027677,
      0.2619419176193224,
      0.1530654411232653,
      0.05012270462393615,
      0.2698049355905622,
      0.008189346054706448,
      0.184088364356996,
      0.014763072673673605,
      0.22076595187692735,
      0.07607560855443803,
      0.29124592935890753,
      0.28481423451573035,
      0.1882397733239773,
      0.14374918287564536,
      0.274642965573961,
