{
  "horizon": 720,
  "granularity": 1,
  "priceSchema": [
    0.198,
    0.198,
    0.198,
    0.198,
    0.225,
    0.225,
    0.249,
    0.849,
    0.849,
    0.225,
    0.225,
    0.198
  ],
  "agents": {"h1": {
    "neighbors": [],
    "backgroundLoad": [
      0.1168534201157062,
      0.09378844665632857,
      0.25743463664168914,
      0.09617822513438885,
      0.04461051011058542,
      0.14661409944546425,
      0.16530244373486794,
      0.24971952409713927,
      0.08373008782903325,
      0.14520858917741045,
      0.2320721342637562,
      0.16355853228133033,
      0.27283661223967337,
      0.1929848486666261,
      0.256730786676562,
      0.27011625503751735,
      0.15623671399130296,
      0.15315419351218293,
      0.03763452409203958,
      0.2008597555153709,
      0.19369309565872603,
      0.152927017423674,
      0.1382906364501738,
      0.208614892679022,
      0.0625863358401342,
      0.023864582503121432,
      0.02184778727116213,
      0.03804488780592281,
      0.11060964055988477,
      0.2960233949568821,
      0.2558068192394537,
      0.29852666358731356,
      0.06591983167867445,
      0.19715234011056632,
      0.19137065311565374,
      0.024259810807376624,
      0.1126625574105122,
      0.061148389379274665,
      0.12795154687739932,
      0.21998540679050968,
      0.1332221478665902,
      0.022654088874836418,
      0.14159041284293847,
      0.016236001874168036,
      0.16312954683800113,
      0.005783641672911821,
      0.04108190281180469,
      0.21586032248763995,
      0.010173875722315961,
      0.16307366710666168,
      0.07845930049873746,
      0.26017135107571504,
      0.2628972381500119,
      0.2649709644899856,
      0.2969790141015892,
      0.21484341058119724,
      0.2844138926657462,
      0.1343958910821687,
      0.23824155515364057,
      0.09307151027312872,
      0.16379676531118229,
      0.025825336382837006,
      0.15840071935193437,
      0.05132198576484117,
      0.13418276912619279,
      0.057595194448248954,
      0.036816987354075646,
      0.21143376490289315,
      0.029166448902358144,
      0.21299183908007074,
      0.04534570600060508,
      0.04106154801490367,
      0.2719517267642218,
      0.247849039713855,
      0.2730000984201969,
      0.20185594684358238,
      0.20018256159128478,
      0.1798761874175696,
      0.037975146040864084,
      0.006280615068242679,
      0.04641594024678941,
      0.1180032250681816,
      0.16418888118993188,
      0.1442412796298803,
      0.16441220919961735,
      0.25470462039854547,
      0.055901111247018805,
      0.046315251333312525,
      0.21643139855863663,
      0.029309611037761515,
      0.19929612922235485,
      0.2049937176541569,
      0.09740017639824754,
      0.2676808734863654,
      0.23957436309451327,
      0.02697431504243689,
      0.07836145202148838,
      0.04210215365928107,
      0.10436716933558772,
      0.037473110880265594,
      0.15185868927632365,
      0.23517495400233665,
      0.27091261399777944,
      0.08702750340995215,
      0.07620108346884867,
      0.05055287999283637,
      0.05013111915780547,
      0.03352930022145446,
      0.08917908193449901,
      0.15661860281139478,
      0.1149429260326485,
      0.16088725982979554,
      0.18331499119795078,
      0.10253515970992948,
      0.1556181424915685,
      0.23016386127365604,
      0.12568796579898575,
      0.10164271454443183,
      0.11563541135133132,
      0.13256128375250242,
      0.10730196412658674,
      0.11524942168595743,
      0.06628843973106634,
      0.18206517189063723,
      0.2354203722781927,
      0.14471805364113435,
      0.1402517694222959,
      0.2730239591981755,
      0.001724404237969801,
      0.16829846116014888,
      0.17156880305447517,
      0.23903260205529744,
      0.2402163557104762,
      0.148568369923099,
      0.1531370541549622,
      0.17026461722821057,
      0.06184120234823759,
      0.006379902450697494,
      0.27726065155732593,
      0.1770196205068006,
      0.24861026842577488,
      0.22129145625026447,
      0.12278687894099792,
      0.12310003913816236,
      0.005216426640872662,
      0.13984320931425112,
      0.21203208444045504,
      0.11221622683057393,
      0.017491196353849357,
      0.271272466594331,
      0.23720199615992907,
      0.1832684445300318,
      0.24204379958445085,
      0.01665654428974418,
      0.02940119744128815,
      0.015441808686021284,
      0.21818764885264313,
      0.28993475339156094,
      0.08986365813344312,
      0.015319370757503968,
      0.18848600634047014,
      0.011632740824609156,
      0.2865747810506654,
      0.035965945785507776,
      0.2308747103835851,
      0.09026520846836232,
      0.1346909467456486,
      0.1493062231840769,
      0.29054771795898127,
      0.02602598652526514,
      0.2208930837292453,
      0.2516672212317177,
      0.10196402716793874,
      0.06652365969261838,
      0.0806358480739753,
      0.0012343802021637096,
      0.0660326443044429,
      0.04878568366805612,
      0.11088902151629242,
      0.11253275031915617,
      0.05663770905662575,
      0.08985750596919015,
      0.10257298201665156,
      0.10271836801943975,
      0.11257029413344212,
      0.18020199715831245,
      0.26283101444814594,
      0.24086671366066897,
      0.2297170480417075,
      0.034507296134971784,
      0.24792161980854202,
      0.09678529151412507,
      0.18152160809539955,
      0.18354740189157054,
      0.10873828616539198,
      0.17161858354540094,
      0.19843512189542345,
      0.02920356940996308,
      0.08774561646935282,
      0.2046678969842188,
      0.009657694677435357,
      0.004303713890315375,
      0.2510580935533865,
      0.20832458878763824,
      0.26901838133997474,
      0.2535330900606507,
      0.2093256233869683,
      0.13584359540449784,
      0.035271479859218045,
      0.06991648551103548,
      0.023767432735188575,
      0.04064194479061484,
      0.028373162685147613,
      0.13952760460719588,
      0.13944445024236934,
      0.29435020311697047,
      0.29067529278768833,
      0.01202993370334291,
      0.1010402911975916,
      0.1723502544932224,
      0.09618934261052527,
      0.28931709058668026,
      0.02535488801490471,
      0.22883354467113334,
      0.03005258529164155,
      0.27652871062557793,
      0.07584278102576587,
      0.10583858737437032,
      0.028713409429656597,
      0.005664024746494456,
      0.10765353804341947,
      0.020031660027277496,
      0.1325099565151799,
      0.02915402393074633,
      0.24463098966481991,
      0.14467688599864295,
      0.13473954373211408,
      0.28920181984088905,
      0.08788398858354862,
      0.29875233319257916,
      0.2963622827589786,
      0.196145667767673,
      0.09709950855616677,
      0.1672372400714582,
      0.06061415037269367,
      0.018870278455568854,
      0.11787347293219542,
      0.27998916497812454,
      0.1306551563658806,
      0.0476370572877178,
      0.25720448749439445,
      0.1211221925055745,
      0.19742712202742893,
      0.23102554505065404,
      0.020199507488217017,
      0.26446033389943013,
      0.26924143052559407,
      0.26134266096982656,
      0.24154783526893636,
      0.06400651100263569,
      0.1087231164872605,
      0.2897548850727229,
      0.17298437643981218,
      0.13132887311798455,
      0.01650464063901308,
      0.02003683003527168,
      0.12944817183814725,
      0.29193588538659715,
      0.11433521548230136,
      0.055982185610871815,
      0.2601354725088331,
      0.18107165849598544,
      0.06472473831091256,
      0.009950173117550264,
      0.27807700985311784,
      0.23210297810059005,
      0.29301693750913743,
      0.21973261825320314,
      0.055160183357877264,
      0.18111340417369326,
      0.11755292197427401,
      0.28420892750682186,
      0.016811070959302222,
      0.12013234869674681,
      0.11568097813085529,
      0.1851423519637851,
      0.2713132710457736,
