{
  "horizon": 720,
  "granularity": 1,
  "priceSchema": [
    0.198,
    0.198,
    0.198,
    0.198,
    0.225,
    0.225,
    0.249,
    0.849,
    0.849,
    0.225,
    0.225,
    0.198
  ],
  "agents": {"h1": {
    "neighbors": [],
    "backgroundLoad": [
      0.1624555979089368,
      0.14993571935732805,
      0.279527076312316,
      0.1487247479020262,
      0.2591930701465135,
      0.23393531669024076,
      0.16909150608709592,
      0.21188048473208265,
      0.09901701059017813,
      0.0764136580824383,
      0.058435480830296066,
      0.038767782918666435,
      0.28305238890164663,
      0.12373685423262433,
      0.10782800922564321,
      0.06575394426725092,
      0.0653100317300845,
      0.08217804752867852,
      0.21935293397918568,
      0.09714256901985367,
      0.16576642580859535,
      0.07521217049544784,
      0.06061364935178515,
      0.18457819634358122,
      0.06537195679537676,
      0.12313194067548627,
      0.2906815747697391,
      0.2640441518311414,
      0.08847432036340161,
      0.012000642409275486,
      0.12031991730323416,
      0.16527130814783667,
      0.292430380912092,
      0.187578213778455,
      0.07730015653212034,
      0.11394519674851245,
      0.19051087147467605,
      0.12454541205491895,
      0.038969703614946435,
      0.1300440888923224,
      0.08215624943241491,
      0.03839352334376148,
      0.027466900218788726,
      0.02670218196243419,
      0.015843108177012188,
      0.10203013414847635,
      0.277265110177726,
      0.16075248277955326,
      0.027453163047591322,
      0.16829742539258022,
      0.061857452683485026,
      0.22011223697982993,
      0.15838952682698695,
      0.08892473429112333,
      0.0633211634796188,
      0.03562187555478795,
      0.2756451809403796,
      0.20146568270180837,
      0.28323411059483655,
      0.20945204937297326,
      0.2653812247533598,
      0.22873112414533936,
      0.14720918557289114,
      0.0999395761067631,
      0.12609120190296016,
      0.28976160673958196,
      0.006697564002715139,
      0.21547555601702884,
      0.003049400909737632,
      0.24288570095711282,
      0.23590329372714208,
      0.19411529062834768,
      0.02379988733046674,
      0.03487635908256474,
      0.14067266539936693,
      0.012740158774169407,
      0.18256271754272999,
      0.09303366987129406,
      0.021962813015220406,
      0.14110656069329242,
      0.14153034223946923,
      0.024156510507056604,
      0.18779504404058833,
      0.25463723211472317,
      0.003258302806265989,
      0.09610471638872121,
      0.2607596561089124,
      0.21329028616589543,
      0.04128333075117791,
      0.25362571783956983,
      0.17116396215691299,
      0.12527192764442147,
      0.12246712954491734,
      0.19469324218067138,
      0.21091398624712043,
      0.28346996630843807,
      0.21725337744957915,
      0.0657343038462974,
      0.04841686062446813,
      0.07778661288480666,
      0.05236349525459538,
      0.21720536755770076,
      0.18644696675491476,
      0.2978161688526786,
      0.11137181973970757,
      0.2776676279450194,
      0.2260553653882038,
      0.23125240715921624,
      0.17596841567700236,
      0.2124508179509493,
      0.05104518819926674,
      0.13031360978035075,
      0.08505925926169579,
      0.07927131904400375,
      0.2837042770251967,
      0.10851656430832941,
      0.014778634525712597,
      0.14095451210954663,
      0.2470786656902148,
      0.08566019513402885,
      0.03979989529576896,
      0.2884367991018062,
      0.1669863187459037,
      0.25694559768591113,
      0.08661732703042227,
      0.15652428434996293,
      0.12725693190410642,
      0.29504386091906637,
      0.09610685344065766,
      0.13223798429453018,
      0.17074033940499492,
      0.27455296736438145,
      0.1170952748633935,
      0.08116363334333442,
      0.14538831091187843,
      0.2872842565482821,
      0.1861147728835398,
      0.04858404698352348,
      0.17636422345871047,
      0.10403666895540077,
      0.24404700434075685,
      0.020972986121614034,
      0.13765933925637489,
      0.15416217735681567,
      0.19330746538073948,
      0.06752816713627446,
      0.1919931847520985,
      0.2901378134281107,
      0.2183535318717643,
      0.2400497821471994,
      0.03570856341407828,
      0.05566899628986003,
      0.2610015467205784,
      0.22152826368680045,
      0.05826490494069152,
      0.001503857038936074,
      0.16714021962734968,
      0.03398547441118229,
      0.005786641156542094,
      0.2189740376461842,
      0.29926390400614794,
      0.059807329351995626,
      0.2932168765603641,
      0.0027941029988824417,
      0.19735849507323658,
      0.18491692967107484,
      0.29320896775875865,
      0.2843050944222514,
      0.2711261858366145,
      0.29529776550449977,
      0.07984731352432414,
      0.2779810049018832,
      0.09210954030041364,
      0.21735947052525464,
      0.24415401552279137,
      0.2372264554233995,
      0.22581868922743792,
      0.08390636622737808,
      0.20427454910320897,
      0.013807365466633382,
      0.04406038589475183,
      0.10731277485169059,
      0.05169721377888884,
      0.07420746852015676,
      0.1478419067418368,
      0.23115360355267733,
      0.1637773315939733,
      0.19783150490380494,
      0.19006278550602831,
      0.24018515566491175,
      0.2882858191631579,
      0.08655412744407981,
      0.24029899051724837,
      0.24145142717433185,
      0.1613817895782855,
      0.01663032617352742,
      0.22686286252506474,
      0.14300386418883873,
      0.2283883867729132,
      0.05156703606798776,
      0.24887745657983812,
      0.09987148444013477,
      0.1610497937800761,
      0.045667677001525485,
      0.014222514214174718,
      0.01583236666631318,
      0.1876903946737404,
      0.12522663689584163,
      0.26699437633332673,
      0.04698551954170028,
      0.12927140691033018,
      0.21446362245839323,
      0.28666987426399226,
      0.1177344732391609,
      0.048319981061886765,
      0.19212345364154146,
      0.013174900804180956,
      0.1847280467310248,
      0.09983866993035558,
      0.19536785532571796,
      0.1605162033363009,
      0.18248460340710734,
      0.05274608427850034,
      0.13014949620223484,
      0.017569786555993026,
      0.09771995618163555,
      0.013451206287009798,
      0.03230667672248892,
      0.041014496586262515,
      0.11908928462556381,
      0.2736317152506926,
      0.012498184496023634,
      0.03608618156420113,
      0.25934262535540503,
      0.22338137256931026,
      0.21552294105260472,
      0.2195109511746893,
      0.28267911543854163,
      0.2189256760478888,
      0.23762977927346415,
      0.06664310423672612,
      0.2323562873312681,
      0.19845002113301488,
      0.07653179730366193,
      0.14104910304560825,
      0.09029033625769976,
      0.010981561935252192,
      0.29548090935700044,
      0.25169931231251524,
      0.18312967035864477,
      0.28260762902851455,
      0.0126361366156584,
      0.18692732160708955,
      0.08997767388547198,
      0.11791102158802574,
      0.2072419253932183,
      0.11617235227791084,
      0.04841940248129958,
      0.2371789848614954,
      0.24205314825360985,
      0.15112747933927154,
      0.11793594523824077,
      0.2275559645783975,
      0.0926991904826786,
      0.14585264654770208,
      0.17176308149704905,
      0.1665362898689897,
      0.11659736507360101,
      0.24358720726203298,
      0.22634842716203518,
      0.2527311618704228,
      0.20115138523855394,
      0.2184713803756051,
      0.010409301536601833,
      0.13129634336580306,
      0.10769948627439101,
      0.0272768362061795,
      0.019030210591687323,
      0.2937943724077071,
      0.13890086543453337,
      0.17890323252195342,
      0.11146239033598312,
      0.1714872139391695,
      0.10939700165486903,
      0.17167997384923714,
      0.2090461494054949,
      0.13850247528358614,
      0.04481700527660819,
