{
  "horizon": 720,
  "granularity": 1,
  "priceSchema": [
    0.198,
    0.198,
    0.198,
    0.198,
    0.225,
    0.225,
    0.249,
    0.849,
    0.849,
    0.225,
    0.225,
    0.198
  ],
  "agents": {"h1": {
    "neighbors": [],
    "backgroundLoad": [
      0.17534310535002443,
      0.14504049558242707,
      0.08940405186514198,
      0.1126884444367078,
      0.14669609878708387,
      0.015118446540644847,
      0.015480190988783815,
      0.01271270215403929,
      0.1410802328438855,
      6.942601011919014E-4,
      0.23698190366185867,
      0.010690643573467907,
      0.18248696005660314,
      0.14658181499854242,
      0.013869448716998023,
      0.05916508494116718,
      0.008479322598700679,
      0.276873718681665,
      0.08912406388559554,
      0.28652760893876306,
      0.2520263536888977,
      0.21735624873396878,
      0.12950596308435078,
      0.2507293600510285,
      0.2252977325705112,
      0.029360157084788306,
      0.18118405443036126,
      0.1504972604386005,
      0.1762309303581891,
      0.012940656795613436,
      0.21812409089927257,
      0.01860916495351972,
      0.21895802520527718,
      0.10129754559077164,
      0.07517908063231243,
      0.032666927988995016,
      0.09979257543040833,
      0.022051577157811687,
      0.1180527627321834,
      0.10452886455694939,
      0.03320638299715277,
      0.007967922803726902,
      0.02638605360151922,
      0.25103122161440994,
      0.08476006496214862,
      0.03847123100746266,
      0.18179871125246277,
      0.11595562680663414,
      0.15147962601195403,
      0.10552627445304154,
      0.15452720756287894,
      0.22115525934945854,
      0.1311300909108539,
      0.005012771462246512,
      0.06360287133392738,
      0.013662395148771878,
      0.048754305221544655,
      0.10671438128443715,
      0.1517980287581952,
      0.02412633906072611,
      0.07377629907386751,
      0.29705457237831406,
      0.05931063094720661,
      0.22098149387756066,
      0.2568528405778586,
      0.15761779187671746,
      0.10946504275044688,
      0.10373366313239728,
      0.1164369305787758,
      0.08033673534691883,
      0.12282026070316358,
      0.049986149388562516,
      0.06100895897089109,
      0.27451607341241774,
      0.18873108408131378,
      0.14899998212016216,
      0.2825138819203742,
      0.21485695291564824,
      0.029353056436914625,
      0.18774618679844537,
      0.21513994428539138,
      0.13601018588539318,
      0.1462829317074896,
      0.22961060882505147,
      0.10987378511030531,
      0.21012995103586155,
      0.2389012582963395,
      0.14189845921506541,
      0.20057206949562206,
      0.0036248836329129674,
      0.25186436900669884,
      0.02178871583583979,
      0.12490529810941015,
      0.15004339292758198,
      0.026305098538253358,
      0.019173518554495183,
      0.2903246278279909,
      0.02578983724037358,
      0.05219346147399655,
      0.16969143892094068,
      0.18174012889426336,
      0.002242289518265461,
      0.12965694580024187,
      0.19373619741456358,
      0.21884927947376762,
      0.19871346126957976,
      0.2521351736434057,
      0.05539209341693013,
      0.25474845274983376,
      0.02902072330013079,
      0.060707807228451004,
      0.16238325291883252,
      0.13971749831470148,
      0.18868541466760616,
      0.2535457037417409,
      0.17075876704270257,
      0.010532634658937523,
      0.1648959486189058,
      0.22652382138703725,
      0.1930413149787273,
      0.033775484123775845,
      0.05638045582304779,
      0.017949646223588623,
      0.02059594243447106,
      0.2435017756585005,
      0.24784424661029694,
      0.244975403959617,
      0.2566185877241171,
      0.07999982788834102,
      0.2714003348669669,
      0.22520488844801662,
      0.2609501388526264,
      0.06395114301909678,
      0.06649222268155532,
      0.15538873893826743,
      0.2145812136856296,
      0.08428946972011038,
      0.09959227568541523,
      0.11039194710386543,
      0.1661875145961553,
      0.013059813711300161,
      0.29318308602787563,
      0.027916343900164443,
      0.0011753551824379982,
      0.18337630907099137,
      0.04965576405489588,
      0.1209552364394228,
      0.12460063616257185,
      0.041990565547929355,
      0.25829294540583514,
      0.1956178416452598,
      0.03706631624118643,
      0.0037548671699036305,
      0.13799989079432579,
      0.14372922068850602,
      0.26463896802264686,
      0.28491601667560484,
      0.0956473098274839,
      0.19211627205929788,
      0.15481695781195462,
      0.26217554261316894,
      0.2621425546886012,
      0.28636497871009003,
      0.1208924576206337,
      0.06928205135750067,
      0.01236173255455889,
      0.13159652620708764,
      0.14010343425561536,
      0.003791324616564351,
      0.28987901502061275,
      0.07679006407670608,
      0.0845465205916286,
      0.12823835252647559,
      0.03625181907052918,
      0.07486289122710457,
      0.0691095615789649,
      0.17962376282073783,
      0.11672176142899372,
      0.129468161897262,
      0.08484459999497625,
      0.15383431067942555,
      0.04860335501846562,
      0.06424644737044698,
      0.20176337203044475,
      0.22337078476900055,
      0.1600094140523844,
      0.05290706042499629,
      0.20287005063637886,
      0.07679051235960761,
      0.0758160269656717,
      0.26653709350042754,
      0.0212864689802022,
      0.25641650259496,
      0.236567338310395,
      0.25121175193984335,
      0.0896283574113723,
      0.16234815607810932,
      0.2689294582799722,
      0.035003883735397624,
      0.13679746643808413,
      0.156721737559116,
      0.15243778403071379,
      0.05596020309084354,
      0.011591865205356022,
      0.10407445684387988,
      0.25346299175263143,
      0.298272783162101,
      0.061236310713810735,
      0.18696425489344473,
      0.07376508569452535,
      0.027769844004504683,
      0.29647444215764684,
      0.25234685091478487,
      0.013757376921049268,
      0.16839652549093015,
      0.06514722366257836,
      0.13095428625609767,
      0.2450400821505639,
      0.18536903297899443,
      0.23070066245006293,
      0.23061474271824317,
      0.062497469681368586,
      0.09526514699414815,
      0.2186461653657829,
      0.16800643943368074,
      0.1382410453439913,
      0.02798810730358012,
      0.19030023160744924,
      0.194612784920924,
      0.08004091532895491,
      0.20994663666293903,
      0.036345063963586284,
      0.15328307818104273,
      0.11817697539303125,
      0.0595044549269258,
      0.19548669425940038,
      0.03949724740175464,
      0.2694166492165978,
      0.06393469182962426,
      0.2004935116893535,
      0.16426487726788488,
      0.10394130616676402,
      0.05034894973368074,
      0.10595702478047044,
      0.10456476289389162,
      0.2501239327205109,
      0.004620384206377936,
      0.2617058382255589,
      0.10975945041747068,
      0.06779719875084639,
      0.001204678438179696,
      0.009595832765776413,
      0.2427147890623237,
      0.1336781045160685,
      0.22043466838343856,
      0.26800686601061147,
      0.06919928835195445,
      0.2879899550106527,
      0.1453228029545214,
      0.16753214451741513,
      0.049542498740685635,
      0.24487536634823287,
      0.20150522389584624,
      0.26685579240184854,
      0.1231839750303409,
      0.2322148527132111,
      0.19092012347262544,
      0.2772189465731372,
      0.0938039792515058,
      0.13000902152092472,
      0.2023632212982757,
      0.10074796741202696,
      0.12774283042663365,
      0.2364530229786021,
      0.06527186806846681,
      0.29758856085118085,
      0.21892287218484036,
      0.06244247360917904,
      0.0745481621040747,
      0.053719309555908076,
      0.15016823732022494,
      0.03533858083618384,
      0.07123196553651916,
      0.038115010258503175,
      0.13139923197644232,
      0.1967931777325878,
      0.11827560615163552,
