{
  "horizon": 720,
  "granularity": 1,
  "priceSchema": [
    0.198,
    0.198,
    0.198,
    0.198,
    0.225,
    0.225,
    0.249,
    0.849,
    0.849,
    0.225,
    0.225,
    0.198
  ],
  "agents": {"h1": {
    "neighbors": [],
    "backgroundLoad": [
      0.297034675813337,
      0.03267762345056585,
      0.18273243714366486,
      0.16699509904521817,
      0.2334807268872949,
      7.030311484785389E-4,
      0.11079749233201495,
      0.25825820912171793,
      0.2727548038403607,
      0.29467313819505336,
      0.08419865693478391,
      0.03652685626070599,
      0.09836608498686757,
      0.04732088908558134,
      0.11022222714056153,
      0.2072406799645543,
      0.12561602133197472,
      0.06970871518863458,
      0.21301502909056683,
      0.2376819717166204,
      0.2920963229760754,
      0.03865416142153344,
      0.2336573331230123,
      0.21473259192897273,
      0.1893564292027144,
      0.22865718006545707,
      0.033009526082953856,
      0.028362714132543418,
      0.27530174990499723,
      0.1652947021133979,
      0.265323871994302,
      0.25018163848111385,
      0.06572712696756293,
      0.00690958240546925,
      0.2540691185252133,
      0.2795958279033377,
      0.09706687838869145,
      0.15892701015399277,
      0.006031254388929396,
      0.14318980929398673,
      0.13389769019275702,
      0.0721108264530106,
      0.25239687420441176,
      0.29178527050718756,
      0.08549488661206953,
      0.0618226692822265,
      0.28597481508468875,
      0.17543759088933966,
      0.2199267120400925,
      0.2217669504339302,
      0.09132854727797439,
      0.10699217184653911,
      0.06845545152011258,
      0.09542320915634354,
      0.28748134659826347,
      0.0995578915342869,
      0.04620140381129625,
      0.2214604259330152,
      0.2776721102062715,
      0.2570359837558674,
      0.24742248796702943,
      0.010057844488236212,
      0.26482934287406634,
      0.07667338321134302,
      0.20963079395940049,
      0.09865974645533976,
      0.21438261407431455,
      0.15089209988694793,
      0.055222837735710524,
      0.13813723121568763,
      0.04843749512747263,
      0.1471987471081515,
      0.08872002308602564,
      0.12432585941579533,
      0.26508191860879,
      0.13222367024141918,
      0.23538425715413097,
      0.20553851217304397,
      0.0030349366095689277,
      0.10132199198215859,
      0.060575369169383116,
      0.2764883906329895,
      0.07417252453918116,
      0.22400971726958047,
      0.17956678274707008,
      0.01712443928437928,
      0.21613193808212366,
      0.14201622253193288,
      0.23999759069187174,
      0.18610026438572116,
      0.1997622497978542,
      0.21863521059740537,
      0.005852694273949166,
      0.20413302294793603,
      0.11680373671079908,
      0.14442138468576984,
      0.17344802211691057,
      0.004023624908692636,
      0.26204493333554163,
      0.2203884486990035,
      0.284046079631556,
      0.16924834140588246,
      0.0820426984124289,
      0.03918175849356091,
      0.15995002388268753,
      0.024309221354913813,
      0.14486178525216226,
      0.11921475725746401,
      0.2764834002795272,
      0.08448169030793241,
      0.10172681554539934,
      0.24956562529049225,
      0.2435078253820399,
      0.26870156798542844,
      0.07175670247421756,
      0.01800160576685603,
      0.03899007434955658,
      0.25352308356029607,
      0.17261603146304028,
      0.05401472597883622,
      0.16044482046883754,
      0.06893651700057009,
      0.22078620530233997,
      0.198990542894817,
      0.2520994250016872,
      0.2526866716420958,
      0.09192672024011551,
      0.17872294701652072,
      0.1552256938463115,
      0.03626652337361452,
      0.09372808488127536,
      0.02275338767825964,
      0.15877212049924405,
      0.10545424182562473,
      0.2868664495933537,
      0.18228453602817726,
      0.2702434608929815,
      0.046443688304106875,
      0.2180118385809262,
      0.28769248720996726,
      0.008011932354189743,
      0.1780451506485945,
      0.003403430974057919,
      0.2536713318838808,
      0.13971560993327956,
      0.2381208963777939,
      0.22996952358495615,
      0.2545578338137306,
      0.1512866903431206,
      0.28613426039409134,
      0.2077823156049942,
      0.17642217398847168,
      0.17239261968881234,
      0.06260715365255388,
      0.22781328607116375,
      0.20270525028215883,
      0.1347515118398516,
      0.048990374633834585,
      0.09675711015976855,
      0.18786232714882406,
      0.07866212885870831,
      0.0946277519908404,
      0.23869388480472858,
      0.14041453860528486,
      0.05181413027435975,
      0.035738541152483705,
      0.210437100704892,
      0.20938464101805548,
      0.28713258885719084,
      0.22223397032878645,
      0.18347787700001458,
      0.15609489040167673,
      0.11644228872781463,
      0.2585986018369162,
      0.16798789262699168,
      0.030806472300144702,
      0.10747120255393434,
      0.020726376239343536,
      0.0184244423129837,
      0.24315259160241412,
      0.08303825272702343,
      0.24331688331255238,
      0.1304097485007957,
      0.054350843632144985,
      0.031124390808782064,
      0.2000244519870719,
      0.14438954427174677,
      0.21976460430040679,
      0.02296330553459761,
      0.09351687450925587,
      0.2807178724864791,
      0.15384808322343943,
      0.15187478457956718,
      0.16015973613454051,
      0.06947389439495752,
      0.10410941913146848,
      0.24145947678886506,
      0.2625369669285448,
      0.05145569179134637,
      0.006879098884300716,
      0.21894666326038395,
      0.10814984547320232,
      0.11422101913156257,
      0.26201930766154835,
      0.08993793501908755,
      0.05095759010697791,
      0.1336517711389937,
      0.13762838106828792,
      0.2776940118073772,
      0.0014643605134139535,
      0.19588344422415688,
      0.09669172536243063,
      0.26260128921147463,
      0.26876680296354344,
      0.2762065640258068,
      0.22453166234926433,
      0.10880487832297078,
      0.01248734657397189,
      0.28977194329601036,
      0.23510012756427867,
      0.20314412900846265,
      0.03866479114197097,
      0.18270010222962343,
      0.20778241475908424,
      0.1819216057773387,
      0.021686555570639744,
      0.08488854064925024,
      0.07058908570779594,
      0.2648393367761087,
      0.1793090672007123,
      0.028585992938559988,
      0.2998398005515105,
      0.19081799939630303,
      0.13175283354183578,
      0.1919279953431465,
      0.08945843065184214,
      0.09652662271878797,
      0.17157361799490276,
      0.011264180642246746,
      0.17286305311971562,
      0.1914706398492525,
      0.15699307129540802,
      0.24463467271492398,
      0.28103639169440164,
      0.1743327433227663,
      0.27899427922854964,
      0.01139980146863566,
      0.14045141416751666,
      0.0298731936633699,
      0.2289720610518798,
      0.21872255752895262,
      0.2214784012452009,
      0.05165611860588619,
      0.13250190075098675,
      0.16439384423304362,
      0.2612674719368842,
      0.14311409432886316,
      0.20308103458912338,
      0.2865587287026265,
      0.08577491033495749,
      0.11008083704451363,
      0.12515120917546535,
      0.14252337586753563,
      0.17591263075340347,
      0.25139718480498746,
      0.08913238546779467,
      0.09252582194761001,
      0.15820777725568386,
      0.08102209230522545,
      0.17190194004072853,
      0.1593546376562083,
      0.09133281108526116,
      0.191816679761951,
      0.05149016577126757,
      0.07053870526587278,
      0.029644086024582447,
      0.12613695262974198,
      0.28154814399057376,
      0.27845156613213096,
      0.22433900558633205,
      0.06522921924092205,
      0.008209540638297185,
      0.03504623894681704,
      0.07550934534764471,
      0.09719673488035332,
      0.17971531323592163,
      0.08804212310146693,
      0.08707479741238532,
