{
  "horizon": 720,
  "granularity": 1,
  "priceSchema": [
    0.198,
    0.198,
    0.198,
    0.198,
    0.225,
    0.225,
    0.249,
    0.849,
    0.849,
    0.225,
    0.225,
    0.198
  ],
  "agents": {"h1": {
    "neighbors": [],
    "backgroundLoad": [
      0.03925187548632625,
      0.020026919439020883,
      0.039953164728505186,
      0.21644672465979423,
      0.21086252035228134,
      0.16969023431948252,
      0.09686956688338808,
      0.1870543993951769,
      0.026494462351128456,
      0.12095607236239568,
      0.11784504963485704,
      0.19024828610300096,
      0.15558689783674487,
      0.16191704680220614,
      0.1707175461764349,
      0.018319822564947262,
      0.17429350018313977,
      0.1102567880947117,
      0.24569064376716077,
      0.004852205953139554,
      0.139900259668344,
      0.20193377990634603,
      0.0037967351057019982,
      0.04052920304186238,
      0.07137055088998516,
      0.25396592925965267,
      0.011035844509076053,
      0.15193831073644398,
      0.276907315251506,
      0.10771723404130991,
      0.18028035779751314,
      0.29353221995917556,
      0.028912850415449453,
      0.15444234139471252,
      0.2216515305104979,
      0.005948575613525208,
      0.16318532872297808,
      0.048408176325708485,
      0.1888766527037527,
      0.1097290642679027,
      0.19568479311627118,
      0.2029168370922075,
      0.24419904902730805,
      0.14801503399833682,
      0.23886943764827653,
      0.06243839750119266,
      0.04689035820837566,
      0.2062230875804153,
      0.2620479641112934,
      0.07161831819155509,
      0.05942827640635387,
      0.2590300338010312,
      0.24386399596209007,
      0.05915460531164428,
      0.03304006675915273,
      0.24646902496109988,
      0.009478894560040651,
      0.21232601424162903,
      0.008529256315434096,
      0.03397711253018767,
      0.2548346580173488,
      0.0803888213129176,
      0.18521442083500653,
      0.20934827770551515,
      0.06796856832192355,
      0.003921602325707152,
      0.2435816205645021,
      0.11499690816445993,
      0.28842976833548617,
      0.299626923897272,
      0.019551744171556328,
      0.22521380436790067,
      0.18199535048164175,
      0.14794973469523576,
      0.16165109845949643,
      0.044504006695510266,
      0.13605144398969235,
      0.0628005196097906,
      0.19937103823087493,
      0.07577650294094584,
      0.06649933508678445,
      0.2547422438818414,
      0.2600287846440353,
      0.1835568057483683,
      0.2245712740528217,
      0.005190862343605718,
      0.278405218603485,
      0.10522029169702983,
      0.18933280591823923,
      0.06668808443723064,
      0.24700689685347996,
      0.20705489754285603,
      0.1736851795968298,
      0.18397216121761015,
      0.21141879468613914,
      0.2078553444427251,
      0.04169933494112856,
      0.1450423241450181,
      0.10081471278260688,
      0.13286146467131824,
      0.12793166261501707,
      0.2896879648145585,
      0.18549434184740612,
      0.21072867060976763,
      0.045948911742263544,
      0.013350391790851523,
      0.0015282061722253436,
      0.20752388796906016,
      0.03246736246009291,
      0.27233239709092255,
      0.25553594356487586,
      0.2616191575126076,
      0.17837812861842275,
      0.2544779205613295,
      0.29365986868006194,
      0.1688059144115921,
      0.058615212382108435,
      0.20488729775834275,
      0.18938180833959448,
      0.08921865020834654,
      0.2012707194129825,
      0.0704031240497799,
      0.18369358236552408,
      0.24602953201045233,
      0.27982127939706525,
      0.2201996732112487,
      0.036713047534715805,
      0.04986576482518618,
      0.2919001308907152,
      0.011728532605518215,
      0.26657059480413364,
      0.2295765090031419,
      0.03875397989612019,
      0.29839168333217636,
      0.024719253922807247,
      0.24599533586959865,
      0.19711417546398458,
      0.23433211075874952,
      0.2699473154194612,
      0.20950641015469085,
      0.0038731495919161474,
      0.04199574110392327,
      0.2694235216417411,
      0.10415336919559257,
      0.15722668039812845,
      0.25881491548318386,
      0.2546320632394676,
      0.12236780171590708,
      0.12802311517860768,
      0.11337962043839728,
      0.08449560796187962,
      0.28833940230562566,
      0.29461703906425457,
      0.07161919084980592,
      0.14155898232816586,
      0.2697903963128683,
      0.21567601816103224,
      0.27829556642576736,
      0.06650608007247066,
      0.168987639679083,
      0.2823223563860118,
      0.0656567058576581,
      0.25754395309976164,
      0.024064593714094893,
      0.048655409031406145,
      0.10419106860106249,
      0.14630159432602133,
      0.022588162522331257,
      0.06503213543012239,
      0.29779222247790343,
      0.01848748184028981,
      0.02745153789520056,
      0.187972176584458,
      0.10199535645881326,
      0.015980421903194684,
      0.2941379498364521,
      0.17332098829746515,
      0.029923789616900384,
      0.22608837701437845,
      0.13163954274378792,
      0.20112605749545343,
      0.2183003900163117,
      0.1705261663658542,
      0.028398044339100613,
      0.2299621702359291,
      0.03338931897732623,
      0.21233658462647628,
      0.218912085795928,
      0.03519760219323428,
      0.17339827499383884,
      0.1753108812593284,
      0.19262128085066926,
      0.1427166728540162,
      0.11432293766855664,
      0.007745383674387673,
      0.09143982026744937,
      0.06808880518290007,
      0.2023053734476581,
      0.0770783781443771,
      0.1996601310930248,
      0.06957006112347551,
      0.09801406814186747,
      0.22107251374084247,
      0.007237699466659975,
      0.10107945308632624,
      0.039866733829439394,
      0.0488399360231106,
      0.29724900500835844,
      0.05659780321368367,
      0.1881876429642989,
      0.06292364311018908,
      0.15088475099996915,
      0.1300824092333999,
      0.29723762886408456,
      0.06866487544986423,
      0.09381840653878389,
      0.23881641540668033,
      0.03514233990030108,
      0.21380534689528644,
      0.012768478551762797,
      0.12934788458782212,
      0.21487603260994695,
      0.003097820640038462,
      0.04152998506042355,
      0.11082032724479318,
      0.19859678865719724,
      0.29421386138478767,
      0.2542676477735228,
      0.23718860359654298,
      0.08553916776237869,
      0.08510705183199642,
      0.2281055593845739,
      0.07308538977156737,
      0.09721886337985468,
      0.0988742496009021,
      0.08625998240767173,
      0.24445681247137158,
      0.256412413449829,
      0.05529077136385533,
      0.24293829955486118,
      0.2733045540116118,
      0.15907408287726438,
      0.010739428691741914,
      0.16100932236035181,
      0.26635954669660583,
      0.006793290998948809,
      0.02554856198494082,
      0.2762448540352361,
      0.06729231362731591,
      0.29431124096211586,
      0.22240643010163788,
      0.23391573639192853,
      0.03507940479854008,
      0.05379082886228068,
      0.03686023157398875,
      0.2148107321647333,
      0.03919760929353838,
      0.10013204647483412,
      0.08632979876981957,
      0.15026021792238003,
      0.13023363394066212,
      0.12479134640896246,
      0.20769448462821735,
      0.12245212997869528,
      0.12628767414802322,
      0.23904944901921224,
      0.1277982171701398,
      0.08852372161847984,
      0.1193150106002055,
      0.08490203805018338,
      0.004226432955524539,
      0.16237867319370888,
      0.23951996594362834,
      0.033175708817377234,
      0.06666310385598874,
      0.21855373638682438,
      0.10113673870947351,
      0.038336283201716455,
      0.022312571220733435,
      0.04958607210543753,
      0.27565493548006503,
      0.014797149293152323,
      0.1472154293603991,
      0.15399227960304349,
      0.0818596428876696,
      0.16186138210810072,
      0.2724828994831453,
