{
  "horizon": 720,
  "granularity": 1,
  "priceSchema": [
    0.198,
    0.198,
    0.198,
    0.198,
    0.225,
    0.225,
    0.249,
    0.849,
    0.849,
    0.225,
    0.225,
    0.198
  ],
  "agents": {"h1": {
    "neighbors": [],
    "backgroundLoad": [
      0.079765137869602,
      0.19268513909519286,
      0.2036586689562979,
      0.00571297067130585,
      0.023356003558931648,
      0.01789195054462688,
      0.15884745755593974,
      0.13262318860136496,
      0.01888226853145367,
      0.29667002903044615,
      0.2808256597611837,
      0.210546256867532,
      0.13774230602859663,
      0.010800978977700914,
      0.19297041188639755,
      0.1713070325441039,
      0.16934989905280928,
      0.16257459878616162,
      0.026814826686466817,
      0.18752515454413712,
      0.09251120141852846,
      0.2508083610850112,
      0.08163577788275214,
      0.25474302167252855,
      0.195027900725648,
      0.2704826473019493,
      0.19039823186135638,
      0.019872451358725084,
      0.05872756065472465,
      0.18174294043305445,
      0.19133495353097638,
      0.16412604502745137,
      0.08632436417052594,
      0.28198623354591285,
      0.27887350445981174,
      0.19306170414176663,
      0.049387226779377943,
      0.2668866806516142,
      0.15509307732168615,
      0.07553983348746568,
      0.2392606033674733,
      0.21755114008539064,
      0.24722590692425547,
      0.1236975912483691,
      0.0238754574701876,
      0.2577575171100026,
      0.25128842367223164,
      0.2103850518146093,
      0.1575996228600781,
      0.27765992748300483,
      0.29552055354433093,
      0.1766366333883018,
      0.061889460418089626,
      0.2165597967004096,
      0.15331580169961811,
      0.22717569633759097,
      0.23068201693742196,
      0.2088288936017857,
      0.052709340696526975,
      0.15644814859131606,
      0.06707275784482798,
      0.13462259897562467,
      0.21556032663724115,
      0.15810563275815928,
      0.10311911485812587,
      0.2767960430609997,
      0.10760973780215104,
      0.2927802526147232,
      0.06519700533344401,
      0.2949404946387544,
      0.0502595023991473,
      0.2911322737342728,
      0.13205414281134967,
      0.12910368218758214,
      0.0921421409881343,
      0.2686526972582694,
      0.02563234728645911,
      0.19512364473961866,
      0.2180994914811052,
      0.29341548855543503,
      0.08153339151610287,
      0.21938393664461028,
      0.26074019621817074,
      0.26071759772431036,
      0.11689098503054124,
      0.01049217995312549,
      0.22396796784807058,
      0.04024694070948711,
      0.017273812244297304,
      0.24230478936017147,
      0.0929876078754096,
      0.07965508012568467,
      0.09080383624250199,
      0.07234694497980233,
      0.29509690364701513,
      0.19046511296152807,
      0.09282043504904736,
      0.25766600062242206,
      0.259653209148734,
      0.07268885984924638,
      0.15401924002929226,
      0.2936677714087385,
      0.22772534957534063,
      0.263014450888243,
      0.11758881748886206,
      0.12107354397328246,
      0.0850256716603418,
      0.2686375200819314,
      0.013659410829981188,
      0.2113867642593512,
      0.18352750311028787,
      0.1748111220987186,
      0.17500841478091336,
      0.221752453653254,
      0.28632066725928906,
      0.012212131233938184,
      0.08622251680327711,
      0.012291753699755626,
      0.10844747360236086,
      0.051909898663737665,
      0.13189799740526711,
      0.20561767660293231,
      0.13449282281386343,
      0.15828368343185462,
      0.23669851317113744,
      0.1390175532640068,
      0.2868408301728124,
      0.11869805558220177,
      0.23884332763543625,
      0.1807661128971436,
      0.13151631722231688,
      0.03408175441740906,
      0.03129902708141062,
      0.23238259308814674,
      0.2952888589160358,
      0.060015972149112626,
      0.17882706624649458,
      0.22165613806497886,
      0.02819549300388927,
      0.04191912881057188,
      0.20442433026722662,
      0.007136211118921365,
      0.12665980519449108,
      0.027087377176885686,
      0.12436090842746947,
      0.2662184691532547,
      0.019360334797276002,
      0.11633420468746021,
      0.2658593688950083,
      0.2565499009196962,
      0.15904727624522044,
      0.06093916902173891,
      0.2516902444468204,
      0.2601755740667368,
      0.2528444069846787,
      0.2680244559802908,
      0.11889078072639303,
      0.1423586654449286,
      0.05666377412662534,
      0.15053120119392116,
      0.2156710445052845,
      0.21366355910897786,
      0.17639479623572046,
      0.28402723684748427,
      0.23779184971128253,
      0.025945961615115108,
      0.2759265427331681,
      0.15537833869406797,
      0.17061013531900499,
      0.26417807568631113,
      0.09307756270807142,
      0.0033624416330894414,
      0.06227232336512762,
      0.07565696323318905,
      0.16297388096317167,
      0.28137983714160175,
      0.028152587971278075,
      0.28112199488808376,
      0.2981065859478158,
      0.2934131219821991,
      0.046164109905886964,
      0.2469023465817816,
      0.0626474064362948,
      0.28515684326609725,
      0.17539525523907323,
      0.2551859026865774,
      0.17459678406092802,
      0.037070884696733586,
      0.0021417248823059508,
      0.08512236961622865,
      0.18562248973023984,
      0.11852844302056835,
      0.051084817042489294,
      0.04143952100300313,
      0.13712070658598127,
      0.05274218071837693,
      0.17154482793044593,
      0.07804742388946201,
      0.2858543698459895,
      0.08891032543014406,
      0.1458183777162452,
      0.052968967633526216,
      0.20060518964729687,
      0.04327817865366361,
      0.23121316325162866,
      0.18714447219397476,
      0.09708996676213663,
      0.029792677162244208,
      0.27545971723319973,
      0.24064948435461886,
      0.03522517353944503,
      0.01683738886319087,
      0.17898551128929663,
      0.22328954196541964,
      0.15923759924597905,
      0.29175209822177584,
      0.18404753922735523,
      0.05204600054492074,
      0.28998869355043455,
      0.07609704754561393,
      0.23998001598407087,
      0.04154219951524,
      0.08496078949406095,
      0.2927895099040561,
      0.23322574049678077,
      0.26197383870974217,
      0.14415388545767044,
      0.19290296486135866,
      0.12004837391857709,
      1.899471576830569E-5,
      0.25758784157498354,
      0.20711080103962454,
      0.24836582283943734,
      0.25032411080904854,
      0.11059694273521065,
      0.1779414024711321,
      0.1876227866105071,
      0.0958557630784322,
      0.009005128148508445,
      0.26139968670587355,
      0.25389627418073524,
      0.04026851780332886,
      0.040424839145078495,
      0.07728974107908188,
      0.16128432543425172,
      0.1318191824788776,
      0.20881369667284663,
      0.01949334600742082,
      0.2912301716568445,
      0.12656316723069172,
      0.12529127017278494,
      0.28864180049619426,
      0.07465978819266476,
      0.1953135162118882,
      0.2865733844407733,
      0.19501320856042761,
      0.2720860398259013,
      0.04670763465172294,
      0.16688030522470534,
      0.11368402230568658,
      0.17944320478148126,
      0.10589919797971843,
      0.12356496392103467,
      0.15909236282323622,
      0.11490678301259477,
      0.154764814152712,
      0.1374263118717389,
      0.1312258811686968,
      0.21445090343455275,
      0.09118629402555473,
      0.18458890305985146,
      0.2359903595431037,
      0.18274837362773858,
      0.11426858364734588,
      0.00197194759580005,
      0.09199789229726388,
      0.2507580535570461,
      0.05362381233346773,
      0.2818443241348474,
      0.03724223758998633,
      0.020725238853579263,
      0.027147323903601594,
      0.16376513553496305,
      0.29222333857182814,
      0.23312033389894155,
      0.007242225674477553,
      0.08429457804190614,
      0.22482535674401072,
