{
  "horizon": 720,
  "granularity": 1,
  "priceSchema": [
    0.198,
    0.198,
    0.198,
    0.198,
    0.225,
    0.225,
    0.249,
    0.849,
    0.849,
    0.225,
    0.225,
    0.198
  ],
  "agents": {"h1": {
    "neighbors": [],
    "backgroundLoad": [
      0.04843789526917284,
      0.23450105071184751,
      0.1944874805716154,
      0.23563778014416284,
      0.07088778983883563,
      0.2853697599448992,
      0.1611613753433037,
      0.016082531842798675,
      0.17919877778721502,
      0.17512792900234112,
      0.01507263495369051,
      0.12004199760820355,
      0.07197662452905038,
      0.05444648299315974,
      0.24451487422799453,
      0.23438132680650425,
      0.27518498199562813,
      0.2138525055695355,
      0.09871339018015772,
      0.21689422589278357,
      0.2831435469706621,
      0.24237647851959923,
      0.26793153073663556,
      0.155233357575669,
      0.15407258524001857,
      0.1980562670898165,
      0.15932442932454524,
      0.2004997566349426,
      0.10980704612705446,
      0.08238147661403693,
      0.06998951753389156,
      0.2645842617731618,
      0.1559518949370361,
      0.1975487749743955,
      0.13186667908705685,
      0.009616041773466533,
      0.29002001556153717,
      0.11534333452374518,
      0.11175613604803343,
      0.23024561646087835,
      0.04711660391143394,
      0.28849661065080096,
      0.18705382876217203,
      0.10302797491798606,
      0.09270430466347852,
      0.08417368971628296,
      0.2679597543637189,
      0.29538631731477266,
      0.05954662644235287,
      0.25349643561503915,
      0.09563490235276585,
      0.24482500149134345,
      0.015703607474153402,
      0.21606952207610228,
      0.0014843349636224023,
      0.12558766400171004,
      0.26964435980656765,
      0.186899426279744,
      0.2488786396572738,
      0.17638218986122975,
      0.1745440919820841,
      0.01337135260975859,
      3.016144525989084E-4,
      0.05194152971786169,
      8.135840760370327E-4,
      0.1306628994792972,
      0.24741429438357093,
      0.02614638460689975,
      0.01712795184166711,
      0.27870011877298856,
      0.07698422662244521,
      0.059854627046121385,
      0.138708486981509,
      0.12596685387027765,
      0.2956975426254792,
      0.2455174302979003,
      0.19571568517487825,
      0.25671025474016707,
      0.06782521431557371,
      0.12603850076385886,
      0.16277572618949718,
      0.02248634340542739,
      0.1392533524808857,
      0.0021998279082200978,
      0.0380502874454296,
      0.17823787242672623,
      0.20866860632921294,
      0.2869868241442048,
      0.27063956456339033,
      0.03857692303859817,
      0.05267357144079882,
      0.17744828491253792,
      0.18812293483248727,
      0.031623618945574895,
      0.07127967674571886,
      0.1484779227558452,
      0.007926238217299885,
      0.2406182861343325,
      0.19371763303019746,
      0.1665994488844866,
      0.1944094320872993,
      0.024814639896784386,
      0.027803557324241578,
      0.23617878077912816,
      0.2169927821871959,
      0.031729795319334016,
      0.202966189314619,
      0.22992018465869457,
      0.25179164749367794,
      0.18308930329838044,
      0.266634828892554,
      0.28492544590921776,
      0.07714776481755843,
      0.27701784942179836,
      0.2528194965289902,
      0.10146208148633228,
      0.03685210591899999,
      0.11923366574062932,
      0.2432796512517125,
      0.15630286753288042,
      0.10385428174470894,
      0.1796652212881153,
      0.009245164738224941,
      0.08441630215934798,
      0.12354904732898414,
      0.20521628832169522,
      0.17113356615584893,
      0.045214194062288646,
      0.2178079290518435,
      0.1864637327286183,
      0.024182908017099592,
      0.1995458246784405,
      0.06586655517027776,
      0.11638464872625724,
      0.21157768529455456,
      0.1405102606227378,
      0.23403507576909047,
      0.16128015569645965,
      0.22696168240049755,
      0.2722401589314056,
      0.034093819241661306,
      0.1884477746161284,
      0.2723231089537957,
      0.13917777630143424,
      0.27244887169260185,
      0.17391900078828362,
      0.05180113977506951,
      0.23698985486792423,
      0.22746870172382058,
      0.2638487476066151,
      0.11536013661927064,
      7.931789156359059E-4,
      0.19712830704235987,
      0.2544544416003177,
      0.08182684446907215,
      0.10275794504197779,
      0.03050690878060015,
      0.046869144533435776,
      0.12207249765748997,
      0.09565226258193496,
      0.2588713149265298,
      0.08571202661107477,
      0.2740862401315566,
      0.25913622905821015,
      0.09641204306714843,
      0.1818903325067168,
      0.23892832883305673,
      0.027105659551170756,
      0.11966317634565621,
      0.03202146106305671,
      0.027334343950923354,
      0.22956317789045044,
      0.252614643044778,
      0.2826536534623508,
      0.07144911937977684,
      0.08659773428385442,
      0.030534930127864988,
      0.010872599811283823,
      0.2872536128707227,
      0.1227565125752259,
      0.05649841950222505,
      0.17464216387855216,
      0.1886244505522146,
      0.102341745115076,
      0.23492332419035292,
      0.09580372674266087,
      0.1651581897399921,
      0.03305949791850804,
      0.2799555121476543,
      0.031901103448686775,
      0.15141400225680318,
      0.1001899773075113,
      0.298008699699387,
      0.061439640873136414,
      0.2186041996404387,
      0.287087116563717,
      0.15585072887849472,
      0.020643619993604635,
      0.12883088024045458,
      0.05060114105375604,
      0.20984712053177373,
      0.26359115381627957,
      0.03292026459397833,
      0.12267929785183816,
      0.07277419645118266,
      0.05781766191469196,
      0.21892113339277747,
      0.2869157450113015,
      0.07403209882431562,
      0.2118886499336541,
      0.11310661098842176,
      0.1724362514175941,
      0.04659381851964088,
      0.07848121447197173,
      0.14679386539147965,
      0.04638246581587967,
      0.039168530049854974,
      0.10578232586211585,
      0.005454429831838947,
      0.2101011023172111,
      0.23484864030334254,
      0.035951528093670936,
      0.1912218468825556,
      0.25248961099767736,
      0.10565058858543515,
      0.19000297984559675,
      0.1281669693307275,
      0.09480115499474423,
      0.04739856495202303,
      0.19794302655806484,
      0.28616344598468996,
      0.07059309785931026,
      0.20450021982958552,
      0.11643964182957114,
      0.2023366803554663,
      0.1079082979936695,
      0.012840497460168642,
      0.21766195521373924,
      0.2549995416825763,
      0.2397910494985896,
      0.04235006248228085,
      0.03170570505313941,
      0.2571229239366953,
      0.06873287589610907,
      0.2257087466660765,
      0.033985665113535665,
      0.044754803738443524,
      0.04826277727673297,
      0.15936343644866133,
      0.12178827607882532,
      0.03651104625396927,
      0.2941112926877503,
      0.025808506302894583,
      0.052156800210585115,
      0.2807205431737878,
      0.16692561849981247,
      0.008371670389897511,
      0.22312767903884848,
      0.04941687235496676,
      0.13961504357719304,
      0.04838921501557127,
      0.0064659547315487394,
      0.09463941288719463,
      0.18955212144802105,
      0.20482586369574898,
      0.17900290832615967,
      0.2643715221274216,
      0.2644606358743016,
      0.26844336369192084,
      0.25613526538563336,
      0.0747471689443603,
      0.15703458827845704,
      0.24465933736147083,
      0.16885999752455502,
      0.20422276014314636,
      0.12507056952270232,
      0.2394512465976193,
      0.2483937666223241,
      0.2300143826465816,
      0.00408856653728269,
      0.21324987162759793,
      0.013360981968840767,
      0.2156549310167211,
      0.11201743003028337,
      0.226223367025879,
      0.22211263440217946,
      0.1421444005212032,
      0.041365429252255746,
