{
  "horizon": 720,
  "granularity": 1,
  "priceSchema": [
    0.198,
    0.198,
    0.198,
    0.198,
    0.225,
    0.225,
    0.249,
    0.849,
    0.849,
    0.225,
    0.225,
    0.198
  ],
  "agents": {"h1": {
    "neighbors": [],
    "backgroundLoad": [
      0.08357252531386235,
      0.19997851670108435,
      0.17978630097496326,
      0.2561063469000068,
      0.18883202817284686,
      0.1457267843474255,
      0.06861320242499559,
      0.2855627592789837,
      0.0819212943765937,
      0.28962240115467125,
      0.042660478298091296,
      0.1164170357915858,
      0.15417975180608043,
      0.21016250466030859,
      0.25412605595075893,
      0.28291822597151556,
      0.12672543854372392,
      0.24300114587207997,
      0.2991224296351702,
      0.224246778199986,
      0.1361108718243529,
      0.09974642693865321,
      0.14456666058594794,
      0.2538343284923706,
      0.11372096501682684,
      0.2357804584360805,
      0.16553856214634646,
      0.20038047131498368,
      0.24046361264013968,
      0.18191591675621271,
      0.08828087541356261,
      0.17928438326160212,
      0.23674423734863076,
      0.07281971843309341,
      0.12819885561616814,
      0.13898917583408996,
      0.06757256430689597,
      0.2634908902033766,
      0.037350111619258254,
      0.2607464604417387,
      0.2784346825942208,
      0.03075689072619825,
      0.1506097531725563,
      0.21913122549731925,
      0.14240249752347056,
      0.27618172213740516,
      0.04060771952928899,
      0.24252400139020275,
      0.2135780033540723,
      0.1409891487460781,
      0.03382599131618241,
      0.29266614321168666,
      0.2948363968500426,
      0.2612729235832696,
      0.1959145588510667,
      0.026820089488970442,
      0.033516657471473275,
      0.09870696399349166,
      0.2595570236383705,
      0.26215862942087276,
      0.14510319805003183,
      0.12107734498522028,
      0.06395854513025125,
      0.03808259764810885,
      0.14874699205188316,
      0.2715419935774563,
      0.060519698589560716,
      0.2034427459815085,
      0.18403677428244225,
      0.0462341785800236,
      0.14264310954167683,
      0.25492128557035587,
      0.23673912666465588,
      0.10359008843211688,
      0.1325065819620746,
      0.24266907305168586,
      0.18041399821120743,
      0.07788016867705151,
      0.2076893596603124,
      0.06629032152761928,
      0.13592031592670228,
      0.2077045291113531,
      0.11174445715764778,
      0.22139574032560502,
      0.03805355465028815,
      0.09826137209056203,
      0.08877225713355254,
      0.02900752408036109,
      0.23248901820332793,
      0.05075015033794713,
      0.2501997714832164,
      0.1431006070612657,
      0.21004198421793183,
      0.11004079813581141,
      0.26885834192248625,
      0.18651787658687405,
      0.15878718546851972,
      0.13181548148294892,
      0.1899802250828714,
      0.18076417926233068,
      0.20465713676943859,
      0.2865419495681554,
      0.10414005299103411,
      0.2558921224323226,
      0.21865977401282152,
      0.03823783967515174,
      0.06572469257385997,
      0.20418046641868706,
      0.0021247074120623877,
      0.0600232188453986,
      0.07727863332109637,
      0.11351399787800803,
      0.16618678331717426,
      0.03564652578870139,
      0.222760183581794,
      0.032330455079996955,
      0.21225907464341745,
      0.1349403063281258,
      0.18056734737848612,
      0.12561968416498365,
      0.025108117169438404,
      0.2686152501938931,
      0.19093342644898084,
      0.20543573200035717,
      0.2738301201438594,
      0.0889489843739154,
      0.15673538153545538,
      0.19397686326991734,
      0.17664218563316728,
      0.0706702491898079,
      0.24457209145360673,
      0.07706210946529302,
      0.20176106675960306,
      0.2713171871267416,
      0.046593962630554916,
      0.13645354246225533,
      0.2156535971601604,
      0.07519259708274594,
      0.21532393668982552,
      0.19153429676863065,
      0.04825713627599708,
      0.2171733517267242,
      0.0796605154860493,
      0.29910091744213524,
      0.22575422755749908,
      0.21790743840844518,
      0.031857491801161694,
      0.2493224199477605,
      0.2207079371129371,
      0.15247002712951985,
      0.13675925150584387,
      0.02311370927415771,
      0.08248360946859455,
      0.14300998570798992,
      0.22022234124614495,
      0.0019026031143543952,
      0.11291714658001262,
      0.24041395358379508,
      0.16796882375582736,
      0.24619635001294302,
      0.2571330534751893,
      0.2701494124695709,
      0.28864078262874104,
      0.2505349784019076,
      0.11451588134024779,
      0.07113281266507247,
      0.07795231777771543,
      0.15194805605014042,
      0.2264727386667867,
      0.1739119005783097,
      0.015903374464521756,
      0.1423346435964242,
      0.14220576022888404,
      0.2846426825652572,
      0.09377750167102726,
      0.14458331095027188,
      0.29092269220786515,
      0.031325175429672704,
      0.190564830033185,
      0.08153888102287515,
      0.19455041917840557,
      0.1483070496801433,
      0.1398486478374057,
      0.2319111257655422,
      0.12790893959317148,
      0.219535114698901,
      0.16391711746052864,
      0.10380982760710902,
      0.19212204501426375,
      0.22912612095821622,
      0.002316085977902449,
      0.1668455129583026,
      0.06241274506397345,
      0.2855599809986233,
      0.04761797263302352,
      0.009259191838133618,
      0.06240127174785881,
      0.2047233559165931,
      0.24193333805706854,
      0.18094485194627083,
      0.10558796212809443,
      0.12502797341638763,
      0.12017693507527683,
      0.0997261060587929,
      0.20681363191084282,
      0.13292553763976944,
      0.279822493856228,
      0.11344541495567914,
      0.1430027089752012,
      0.21628451231639986,
      0.21463763033870192,
      0.15298973354191714,
      0.2127716640865488,
      0.15191643308341288,
      0.14389354572170696,
      0.008954503857856877,
      0.12631436396903326,
      0.13817108805627865,
      0.18061393415038238,
      0.08110719211049146,
      0.1573884672953786,
      0.1366515640198599,
      0.037425477155778396,
      0.17397260008801374,
      0.12176582076551246,
      0.13032954706561548,
      0.13587920401031756,
      0.1569595353963486,
      0.23271995935990458,
      0.11156572225010415,
      0.11712750851047946,
      0.009756353683814667,
      0.05823692371674305,
      0.20517182693872596,
      0.17790946872521335,
      0.23095104872747685,
      0.10492495323887313,
      0.2391105613198029,
      0.15630199085558796,
      0.19499270484248574,
      0.09407621953498946,
      0.06641808856282727,
      5.943382211591741E-5,
      0.09969846833715805,
      0.12944771201429325,
      0.28965716534643277,
      0.09680290204135115,
      0.10740606120263532,
      0.15180782210593932,
      0.25976834755799894,
      0.22077775714696304,
      0.07257240829165866,
      0.10729980387911647,
      0.17100214176522416,
      0.05406640596642093,
      0.16372147194233685,
      0.19407020200653222,
      0.1412157038655487,
      0.2886067964978495,
      0.2113504861883055,
      0.02739874398359573,
      0.08901046261926601,
      0.01668396707559715,
      0.29807527335774575,
      0.13587453220464174,
      0.25413976913006386,
      0.11727949976524858,
      0.03746233033841414,
      0.0019294703049196893,
      0.03640213832556997,
      0.041886891622833655,
      0.06665037021064799,
      0.08331994008841143,
      0.28339391399400893,
      0.28170623644188114,
      0.14331057557778187,
      0.022285643506855978,
      0.14584141956735533,
      1.816516170113358E-4,
      0.24280314562129154,
      0.2308210294770111,
      0.10117601332795033,
      0.005981450414760603,
      0.20531542519030366,
      0.06290066230090142,
      0.2425639999224763,
      0.22025863295586426,
      0.06443744936647734,
