{
  "horizon": 720,
  "granularity": 1,
  "priceSchema": [
    0.198,
    0.198,
    0.198,
    0.198,
    0.225,
    0.225,
    0.249,
    0.849,
    0.849,
    0.225,
    0.225,
    0.198
  ],
  "agents": {"h1": {
    "neighbors": [],
    "backgroundLoad": [
      0.2669554510384625,
      0.2594353533767728,
      0.042973377953447654,
      0.12373873922773776,
      0.015583987468807792,
      0.037507409624267116,
      0.06122944402587438,
      0.27503414489274414,
      0.03160024495890361,
      0.10894568838875603,
      0.25722628492547944,
      0.2886018949259032,
      0.01802454718561426,
      0.24449311658493755,
      0.2493332624898844,
      0.26676128757203355,
      0.0665324460677358,
      0.07719274325429855,
      0.009377525649285378,
      0.2544422926484936,
      0.2488284680531664,
      0.1763847169413828,
      0.08249455544584978,
      0.07443308948989051,
      0.08394820909682152,
      0.23914536339331113,
      0.07725976954780316,
      0.2613425471158578,
      0.22126050824846735,
      0.2779205608301541,
      0.27366944941053534,
      0.26102529982170714,
      0.15455427287621104,
      0.04324933010594307,
      0.17333990617306602,
      0.29163499504889695,
      0.2778856688992628,
      0.07969756690464412,
      0.2645054650239745,
      0.2547065042906973,
      0.09653461735443689,
      0.19844309654343206,
      0.047948606466931644,
      0.10180911180964444,
      0.05324338312866271,
      0.176574493745975,
      0.0010801234197170939,
      0.15705756966350556,
      0.12273637260092796,
      0.13331506971319987,
      0.046162538130504284,
      0.22432873993963756,
      0.28789801812374566,
      0.16890597746948335,
      0.22878302960580693,
      0.06199376417990281,
      0.019307566081831262,
      0.18918775412242464,
      0.2043270495940948,
      0.098418073134399,
      0.22517371027546113,
      0.09534624079815811,
      0.16672529618002918,
      0.007009658005584407,
      0.00981576087418784,
      0.18273330835513116,
      0.1027890994986747,
      0.2216734753115916,
      0.161576861168595,
      0.05681109329964705,
      0.1351800123301923,
      0.25574827056860966,
      0.01587728217294554,
      0.2619259094370349,
      0.023725029424709585,
      0.14695415692084934,
      0.06037271470473755,
      0.038871408592879554,
      0.0498839106188585,
      0.02805088548794248,
      0.004642741176229659,
      0.11394924614767757,
      0.002674422944056809,
      0.2260048478021057,
      0.13780793969862856,
      0.04073529276467954,
      0.11387549127656617,
      0.24095856451219377,
      0.0664841933255117,
      0.15810711792768703,
      0.16981775574319652,
      0.27762823326041675,
      0.04618144810199869,
      0.12646718568824108,
      0.1611389339515172,
      0.06838937424260196,
      0.21770799355357853,
      0.1427205121701737,
      0.16486637507953308,
      0.21022304396144462,
      0.17425314840605338,
      0.17685667021084225,
      0.2871664360859384,
      0.14527216240237792,
      0.26364355868407446,
      0.2875755582774635,
      0.2077645832613906,
      0.05186802097998925,
      0.14120755296999918,
      0.13779329539009552,
      0.019619574594870282,
      0.012962381044099957,
      0.03847176178782519,
      0.08043269129848993,
      0.2134747782843715,
      0.08152411386399623,
      0.25123868509683756,
      0.055176437161229205,
      0.13898818733949925,
      3.920759278914776E-5,
      0.12072335321256074,
      0.15189280054242763,
      0.24649187164973646,
      0.21211237938132835,
      0.2789045540462635,
      0.1766876562129387,
      0.025128497543645267,
      0.06391574075876232,
      0.2494142024106784,
      0.22815928553403791,
      0.21911457725006075,
      0.16096225967906885,
      0.1382505431007285,
      0.21679504069833352,
      0.07275994139138485,
      0.06014987563627502,
      0.020791870012026203,
      0.20866980980009747,
      0.09440895070866953,
      0.11982290307659484,
      0.1464772695817831,
      0.2762352407377649,
      0.2333641746943629,
      0.029687001255414014,
      0.02103677556101553,
      0.04714395191765469,
      0.056749098307741615,
      0.1739660701405676,
      0.13280947464709392,
      0.026855252716016853,
      0.02127723750649201,
      0.2635521637813365,
      0.1304504535926789,
      0.2227622098821023,
      0.05988822882321406,
      0.05298761668852498,
      0.22931794248945248,
      0.26696801301714834,
      0.2066622866268236,
      0.18596768439197484,
      3.58868192666506E-5,
      0.29135291419039316,
      0.24001529929848342,
      0.23345630492595912,
      0.18002887130663445,
      0.23423849404084618,
      0.11317992464550031,
      0.15451655012725085,
      0.04612375365752366,
      0.03532475047402349,
      0.25675430676790284,
      0.004529273383959298,
      0.2044112161240885,
      0.00820403766348755,
      0.2116033593797163,
      0.18621599368281253,
      0.24434702351731816,
      0.06340496708632572,
      0.21902580251813716,
      0.2969141864830395,
      0.19662848378272577,
      0.2851606257966769,
      0.20736094203608968,
      0.08609202856868038,
      0.07706260997019954,
      0.06166346614046052,
      0.05001498819526453,
      0.013460905606288908,
      0.09620927825846866,
      0.014586621387855735,
      0.20878851646370813,
      0.07502551921980379,
      0.204998025020668,
      0.05635620490216446,
      0.1156668001254994,
      0.18581185952600707,
      0.1937797248164562,
      0.23532093997848308,
      0.11963920939377189,
      0.24007287427356505,
      0.1104603895754291,
      0.25867376172713585,
      0.003426898623205676,
      0.020237555897894232,
      0.20106617417552,
      0.16733584905303736,
      0.2946355481770357,
      0.11180719139251116,
      0.2426317160191302,
      0.022347492224079512,
      0.2032867969360889,
      0.10640712577883363,
      0.07739949541378323,
      0.2478758934216865,
      0.17369917825723857,
      0.12423926118759125,
      0.03986316592990584,
      0.24667569273175094,
      0.1089337409894713,
      0.11752415003164052,
      0.2568459646931955,
      0.2850453306978425,
      0.044732163587899075,
      0.11290150155311086,
      0.23702070893665328,
      0.28271020200551833,
      0.16154057849945017,
      0.18205346311295798,
      0.022020444750949674,
      0.0165857724247461,
      0.16296619335333168,
      0.07200652135617626,
      0.2718893074055201,
      0.1622625319104736,
      0.21561767784703634,
      0.19141215595177127,
      0.15195772601943727,
      0.12571147774677502,
      0.29730085618102214,
      0.22784148920460567,
      0.2608588802461998,
      0.16499038056572232,
      0.012138224569595868,
      0.2750395128973683,
      0.08363485778104976,
      0.2546807244230367,
      0.20319007655186774,
      0.13632141983062226,
      0.09642541147419521,
      0.11963744907930907,
      0.12686011383187457,
      0.1534236658365344,
      0.17251393852573052,
      0.06710291936342867,
      0.27083977978472357,
      0.22465608372113496,
      0.23974116297404852,
      0.23728358630318808,
      0.02915087212923212,
      0.19748658087093954,
      0.2208875934543667,
      0.2528334273943271,
      0.021564868005946935,
      0.18817773762062964,
      0.2781840767391521,
      0.060949702680487404,
      0.16557313891633707,
      0.07449169197677118,
      0.0788231494774962,
      0.12562659418879588,
      0.24429372424187723,
      0.1158511203242586,
      0.2505494171028718,
      0.10383280942009135,
      0.22100307054278365,
      0.0016194829597903414,
      0.21217268473368947,
      0.0239835173205972,
      0.010775336613469843,
      0.014120656829578304,
      0.06076965517090192,
      0.09645562410055224,
      0.23589024802340042,
      0.19089803118502838,
      0.1943068158884902,
      0.05004680287057831,
      0.1155171810222132,
      0.27388453172877353,
