{
  "horizon": 720,
  "granularity": 1,
  "priceSchema": [
    0.198,
    0.198,
    0.198,
    0.198,
    0.225,
    0.225,
    0.249,
    0.849,
    0.849,
    0.225,
    0.225,
    0.198
  ],
  "agents": {"h1": {
    "neighbors": [],
    "backgroundLoad": [
      0.06676781491087999,
      0.14673864132659462,
      0.07267765588625454,
      0.2306552582521175,
      0.24314797141709993,
      0.11401292665827328,
      0.16215892402419974,
      0.28857937847058907,
      0.2635218602926568,
      0.04254104441105092,
      0.1683276474250853,
      0.13254377907027234,
      0.1529134918582322,
      0.023282595518498494,
      0.21068441205697533,
      0.007610957740257728,
      0.0624024852433146,
      0.21277376555727803,
      0.09980684462002459,
      0.23314066133472383,
      0.11475912478656039,
      0.09470060633658979,
      0.10639355926183623,
      0.013722477016919999,
      0.013830638354823076,
      0.08712014383849624,
      0.2085006427739911,
      0.1113706029390642,
      0.07967376281348322,
      0.2746590539993057,
      0.05226827449899263,
      0.07408830685826835,
      0.09727745364782049,
      0.04184442916699849,
      0.17345067580440748,
      0.11970402754073828,
      0.2347472207112454,
      0.20660156039010577,
      0.21763953169990444,
      0.2143731820839087,
      0.20939412265859927,
      0.21184172495533016,
      0.271317631456163,
      0.15683808437168073,
      0.011784614821711769,
      0.26534025085295754,
      0.22025459128999672,
      0.1483885073012093,
      0.13117439065117617,
      0.20385054854958484,
      0.03873851422669115,
      0.09713291075193471,
      0.16243324385751773,
      0.1031203301147479,
      0.17400142446884984,
      0.24155512152441055,
      0.010446493520431643,
      0.17209154620454672,
      0.07963938335239697,
      0.25145457665825266,
      0.015152326694799722,
      0.17937306983699464,
      0.214131222325656,
      0.1082193597088447,
      0.2646871545819483,
      0.21289247550638218,
      0.1854879214379664,
      0.1395238866730905,
      0.17863056207010639,
      0.25624742930987043,
      0.03270648841394972,
      0.11656803838978232,
      0.18915929405165827,
      0.06434392325248273,
      0.07332465088648499,
      0.24664684725511354,
      0.2640059852763021,
      0.004971001914478868,
      0.24393233238511552,
      0.1087517292891717,
      0.03878555013962721,
      0.2899194286636405,
      0.16629728091145088,
      0.19387378113640605,
      0.15925605843505422,
      0.08459540208317769,
      0.26230824528790914,
      0.16622954505538692,
      0.16386337194704725,
      0.05310216245358205,
      0.22151825149144314,
      0.20961970894021165,
      0.13559990713772435,
      0.17871177627615284,
      0.03967663349222767,
      0.2742897849870749,
      0.04240909747931271,
      0.0270646711775273,
      0.2108300210637801,
      0.1528082764695644,
      0.2746762111761949,
      0.2897608315901876,
      0.14174655118837956,
      0.15037982169211067,
      0.29262340062939673,
      0.22937683453611282,
      0.2781204540188355,
      0.18799585310078065,
      0.09138759790061908,
      0.15663986969657445,
      0.2702640860766679,
      0.11424476925345227,
      0.08676078826675661,
      0.22977762511675356,
      0.14782822694203268,
      0.09310452150864486,
      0.006603539410834858,
      0.29659010909602307,
      0.1744926282457479,
      0.24891904359992983,
      0.032608883603272076,
      0.1307408314654742,
      0.2651660234597799,
      0.16308033932240137,
      0.1940941692799645,
      0.2551008089085022,
      0.229537385149914,
      0.26217382675008216,
      0.09153063049861429,
      0.23908601774598703,
      0.24638694404499112,
      0.23397978323874172,
      0.10282601181105507,
      0.16824054969627492,
      0.25854626694556476,
      0.2954624352691771,
      0.16925241626864151,
      0.1548532369118772,
      0.2686014162770776,
      0.022449286933868152,
      0.005266118313430612,
      0.2357811502834684,
      0.1689166123989063,
      0.16431086383262852,
      0.27517502614550443,
      0.2532774796467012,
      0.14866695020600554,
      0.12085208871079163,
      0.19617711968170054,
      0.03866179991234884,
      0.2046234315566727,
      0.25056429005576303,
      0.00843045107528183,
      0.04769703089605807,
      0.11677423426085513,
      0.012573179209207109,
      0.030815317241579276,
      0.199592902158544,
      0.091388735238994,
      0.2690144815337873,
      0.0249863141115385,
      0.12098638169490028,
      0.013646111637467572,
      0.23184393071356557,
      0.18816952366884188,
      0.2655260202523383,
      0.22412425895767485,
      0.16788654519465618,
      0.180091460934751,
      0.26528310041711295,
      0.19807100071474604,
      0.15840981362005666,
      0.12924731024859606,
      0.19073050585624077,
      0.01248680273552315,
      0.22311142102770717,
      0.08200687989932397,
      0.047936697001289774,
      0.1522918282262202,
      0.1100684068464725,
      0.14887617710653647,
      0.07998181742315262,
      0.17589692782510188,
      0.1411595307693027,
      0.20211251983104533,
      0.20007826790303282,
      0.02911070485295739,
      0.2772141933834892,
      0.05439883213089162,
      0.008177242561594722,
      0.2987444293122401,
      0.016197590548880324,
      0.05663985182062735,
      0.12656560360566282,
      0.20891646532498445,
      0.08111172953853947,
      0.04832013444476336,
      0.14154557452588742,
      0.10326601956898165,
      0.17173561996030529,
      0.26519228157442587,
      0.006411215430048833,
      0.20293704339831264,
      0.12571890360365529,
      0.27449822168978,
      0.0341250578237823,
      0.04454805098126462,
      0.28853591647227383,
      0.13583465191657276,
      0.08107332379059441,
      0.24878404088949138,
      0.17055612943637913,
      0.05326816636312419,
      0.22412519428659808,
      0.07610067736919005,
      0.020618314427462647,
      0.24005367636376965,
      0.13652103776477656,
      0.04154926692420535,
      0.13776741975379647,
      0.13176348027991916,
      0.27781437289046945,
      0.27169299535419544,
      0.04116957860117776,
      0.12896174400417013,
      0.23972192715409774,
      0.2967658684131836,
      0.014471498125716553,
      0.10699664406732402,
      0.2365032725417088,
      0.15298787356296747,
      0.24032717685513694,
      0.013729053113818057,
      0.1572003898230041,
      0.17285230621862127,
      0.20203405395059895,
      0.11681134178993172,
      0.29639233193541403,
      0.05377282840455274,
      0.21206638856859303,
      0.2787958947667722,
      0.2925166641479414,
      0.10363685547116905,
      0.12056155520419383,
      0.1465146851398982,
      0.2720101357555997,
      0.04539478058653936,
      0.05361517085620714,
      0.20990385297688616,
      0.05937876766722346,
      0.1113017182284671,
      0.2295206297953413,
      4.897603195333722E-4,
      0.2571578043891255,
      0.1867000881399141,
      0.1870103461163685,
      0.18365153219032573,
      0.05037215858331747,
      0.06057617547859525,
      0.2665902785543729,
      0.19783057683269908,
      0.2545473104800143,
      0.1758304917616989,
      0.1363240599374217,
      0.0834598164500285,
      0.00908911535055723,
      0.026009513810836635,
      0.2568364299728953,
      0.062354037797444695,
      0.18585174732225396,
      0.2512947591688545,
      0.11208544742631704,
      0.06940885793804824,
      0.26674656103736216,
      0.19116455590529238,
      0.27477639524816505,
      0.15526055633047164,
      0.02831102624247138,
      0.07787275256733255,
      0.05704929585710795,
      0.06615017664586267,
      0.2782044847146196,
      0.12191593505065745,
      0.17287182763524875,
      0.16145496612066665,
      0.14463632800083479,
      0.18698923089713743,
      0.04214844014641329,
