{
  "horizon": 720,
  "granularity": 1,
  "priceSchema": [
    0.198,
    0.198,
    0.198,
    0.198,
    0.225,
    0.225,
    0.249,
    0.849,
    0.849,
    0.225,
    0.225,
    0.198
  ],
  "agents": {"h1": {
    "neighbors": [],
    "backgroundLoad": [
      0.09259140767990297,
      0.2001180317479168,
      0.19204724648425542,
      0.028012780059814002,
      0.07963115481565256,
      0.1192680112788395,
      0.1629227671464174,
      0.026565178023368684,
      0.047933308788649154,
      0.007354387715487731,
      0.14276604549028396,
      0.24732618088818342,
      0.2849363111688853,
      0.011298915197311877,
      0.06783175755496886,
      0.07138692180302138,
      0.061503518795707035,
      0.23989443936381427,
      0.1675455881941387,
      0.1541002809337584,
      0.13840657679098678,
      0.02937745921321383,
      0.2863531888782792,
      0.2600434647793096,
      0.08296925196802166,
      0.10097148681946229,
      0.11996425216112534,
      0.27561217478291217,
      0.1440846921624009,
      0.18322814746944247,
      0.07916311282822339,
      0.11057651715381173,
      0.03017590862135523,
      0.2829434200445252,
      0.06355798219607135,
      0.06056271297134673,
      0.2667705749275596,
      0.08049171740982138,
      0.1371604303854185,
      0.05085152231710966,
      0.010577446587740869,
      0.2823066527247143,
      0.17274877275951073,
      0.22209565681770926,
      0.22782776686805156,
      0.2758459136323256,
      0.19088704482776264,
      0.10097292848986564,
      0.22221149555770595,
      0.0854921191112708,
      0.2777027622729581,
      0.12795647707910804,
      0.005708465764201931,
      0.22092503178137168,
      0.19156142902257764,
      0.12779199637029032,
      0.1576334944620246,
      0.26454676205405636,
      0.11490586730911335,
      0.06212145862753101,
      0.18491013223271835,
      0.10320429773497919,
      0.17247022028913447,
      0.19919831156626142,
      0.13770111692449058,
      0.13798516383871703,
      0.17525871616763633,
      0.06616774960559109,
      0.12153072070690035,
      0.15249564428538562,
      0.15320245698914667,
      0.1935354893375462,
      0.04001688807822725,
      0.15147975238136882,
      0.2897640926103089,
      0.13817223046340812,
      0.21983753951092924,
      0.14311007373246515,
      0.25925364563658837,
      0.11466075490321376,
      0.2415708973585528,
      0.02321101579953769,
      0.23531562251545796,
      0.14828666744042546,
      0.07400373436488906,
      0.08046579163679121,
      0.09580674692997958,
      0.005347539254664879,
      0.0873225092356108,
      0.1958472596143286,
      0.026361464875250894,
      0.009511959961241555,
      0.16061959529726702,
      0.15919734037739552,
      0.11419645621468821,
      0.23456076355113895,
      0.11552163782548273,
      0.08923038737304141,
      0.14631832974755873,
      0.03355937847923118,
      0.11768853561576359,
      0.22169791738296715,
      0.25590782410962537,
      0.08618034876260935,
      0.17338860720919166,
      0.15209971772248584,
      0.08578858666903029,
      0.010292296294228464,
      0.19741432509512288,
      0.2138741797658214,
      0.25960049461516693,
      0.2717902900974696,
      0.2275497091449793,
      0.1714456330783581,
      0.2160199759994529,
      0.1805609218191225,
      0.13636619509092618,
      0.050658396178133135,
      0.2907618491042901,
      0.2208807066090535,
      0.038462643367377945,
      0.12772908491577492,
      0.2694457577220166,
      0.07049309766802078,
      0.2074499872909868,
      0.10760478680210346,
      0.06985847019258665,
      0.2876364609818984,
      0.20236317300384773,
      0.06712809287235869,
      0.24136243608413893,
      0.25873318442837695,
      0.26811023757681474,
      0.2785253499021303,
      0.09536748663084632,
      0.05221327710749302,
      0.18198236088730288,
      0.18383102601640147,
      0.06420362423893598,
      0.19923676991238992,
      0.13851486740820204,
      0.026716643801239014,
      0.22408077191415382,
      0.11906236535795367,
      0.2959929378396344,
      0.2822872620039273,
      0.14954444696428223,
      0.27774081118243,
      0.05215524867183078,
      0.027565791918124038,
      0.04162547828882892,
      0.11296369131114808,
      0.20351435429707362,
      0.2357331576631747,
      0.06840576066664666,
      0.12281372093556586,
      0.04678735346383859,
      0.22994281447994097,
      0.15102151473055836,
      0.02353664231157927,
      0.2217323893825318,
      0.036711821908269236,
      0.09608232508564639,
      0.2437755580523136,
      0.28301849915411936,
      0.2178708413326871,
      0.20678306881822464,
      0.1643931517774524,
      0.09003712038812356,
      0.20256856392379355,
      0.1432199980234431,
      0.04325660110384457,
      0.042223592323074155,
      0.08862808602753441,
      0.0606060931689241,
      0.11499611008562398,
      0.2639915846907701,
      0.22253834282725962,
      0.2627370783918177,
      0.13834597248262384,
      0.15479013427401878,
      0.1930912544034818,
      0.12202186155892382,
      0.039872075073511024,
      0.21685614977188433,
      0.054114872347567476,
      0.14867883475471774,
      0.14432507283786938,
      0.291910913556022,
      0.11220292211661471,
      0.2017655692001814,
      0.10559569009512594,
      0.10495125054086575,
      0.05936453572532904,
      0.24384107969292482,
      0.24300409965323452,
      0.08524316254713198,
      0.0373079515158272,
      0.07152600708267644,
      0.23682797686991486,
      0.009790305441497681,
      0.16106396240591608,
      0.05495336866309451,
      0.033938433590395466,
      0.17139166294087105,
      0.1374042491234552,
      0.26673958855150126,
      0.27430487110815444,
      0.18841587835511864,
      0.13044181191994272,
      0.27109963002734827,
      0.11758030814630704,
      0.26136065657474233,
      0.2601678235143282,
      0.06736321634796684,
      0.053363411281147945,
      0.020712844654753003,
      0.2802506380793193,
      0.21933193059206105,
      0.05489628219496016,
      0.07169752511562016,
      0.1589742543075614,
      0.04806842158281185,
      0.2025578524623893,
      0.07256177967405976,
      0.28738214684578567,
      0.03952532648141328,
      0.1021525195768047,
      0.07883650406554711,
      0.09066818878874336,
      0.002766917201704455,
      0.2288431268464898,
      0.13497326327986944,
      0.04067894308456654,
      0.24213418207589077,
      0.0610717453301183,
      0.11466031267838611,
      0.13932074746013243,
      0.23252698075759742,
      0.05978020065035404,
      0.1853506991812647,
      0.0733249076374642,
      0.13021675651794706,
      0.19247782200758248,
      0.29488081264286164,
      0.10422222394816796,
      0.19693136627815708,
      0.19641654207692047,
      0.09668723529695647,
      0.13875023703169315,
      0.2229915155964566,
      0.28605344095547847,
      0.05107391084613464,
      0.1958885343363709,
      0.2302873988360366,
      0.18313982460517617,
      0.22986426314011144,
      0.2795184238242839,
      0.27948392819185547,
      0.11773247933967829,
      0.11722987550703437,
      0.17866724907543416,
      0.13727401650103918,
      0.09166805729866123,
      0.1888671280791953,
      0.10092231977358669,
      0.238206891743379,
      0.2767660956516327,
      0.1190131533030625,
      0.0869240443316778,
      0.03143929653038657,
      0.2695819116348271,
      0.2413193924892671,
      0.11070125717591726,
      0.24303886805665778,
      0.04704621638661205,
      0.004030529353952528,
      0.28370764129464615,
      0.29405087034999783,
      0.24564887588964174,
      0.14002136435754062,
      0.08402407420831086,
      0.292915205529947,
      0.16055350874955968,
      0.12970965734202086,
      0.23935625736376598,
      0.14266679174265892,
      0.14350831222742605,
