{
  "horizon": 720,
  "granularity": 1,
  "priceSchema": [
    0.198,
    0.198,
    0.198,
    0.198,
    0.225,
    0.225,
    0.249,
    0.849,
    0.849,
    0.225,
    0.225,
    0.198
  ],
  "agents": {"h1": {
    "neighbors": [],
    "backgroundLoad": [
      0.17151035865802175,
      0.2801674241366189,
      0.009010412509794697,
      0.04032361920757146,
      0.035093954608998834,
      0.1421665522034874,
      0.21172423413830366,
      0.24330062394122415,
      0.04631449488603011,
      0.21388184880586295,
      0.25939401872369466,
      0.28347147290476055,
      0.12159274191090146,
      0.09243505246665017,
      0.059590032313262827,
      0.10679144562267233,
      0.06599108186188657,
      0.05295792943715518,
      0.1985531090994499,
      0.04620840114859037,
      0.12737278996325355,
      0.29888386291197927,
      0.1982170025914136,
      0.07236601652806285,
      0.19905953081420774,
      0.1359982094863935,
      0.2586847252074645,
      0.24701380391843128,
      0.2536375700467128,
      0.1615226890606452,
      0.006893221506875735,
      0.1749198121085128,
      0.029296594854834965,
      0.24675927198946504,
      0.13556482707371037,
      0.125594047430348,
      0.1030492537345572,
      0.18817902364143735,
      0.08199224357945231,
      0.04776420972884562,
      0.08628970889165669,
      0.2011512437905653,
      0.15394608624600029,
      0.06554429696465157,
      0.1904413020117007,
      0.08355575060797783,
      0.12692292741727776,
      0.23662268430321978,
      0.22392322953952096,
      0.06097697489523922,
      0.044188591417186604,
      0.20243275857420615,
      0.1630729932795576,
      0.1666396402780794,
      0.23565700082412086,
      0.12135124402139055,
      0.2873032681050859,
      0.22399113048755365,
      0.04576782177357692,
      0.029817071893000213,
      0.25672569502673886,
      0.06884840850583313,
      0.08794957025566881,
      0.2624099823385773,
      0.08048469442199706,
      0.25509237790015693,
      0.06702863894501436,
      0.23676747469036974,
      0.028495089221521695,
      0.010660035308365822,
      0.14196009109592378,
      0.14021466588416567,
      0.016143275018589975,
      0.22233132120060242,
      0.2692360923019592,
      0.04097538045324126,
      0.2974388656995747,
      0.2895213170368105,
      0.06376058782730956,
      0.09703642768263011,
      0.18326682896951463,
      0.060985579599112945,
      0.13688028951438883,
      0.10516719073462884,
      0.18348536318879413,
      0.22174329171199847,
      0.017683301807238972,
      0.06749825918240494,
      0.051564350039618234,
      0.004268233527395504,
      0.2607735400240318,
      0.022166930974969346,
      0.14011153420061057,
      0.17368850694548976,
      0.24692616161915654,
      0.17855830681281112,
      0.25608722171164394,
      0.20596084116766458,
      0.28924708107801894,
      0.1206785840000457,
      0.15350372048520605,
      0.1048843298664285,
      0.006848006015683983,
      0.05255944106801384,
      0.0762788421247663,
      0.05621974100701458,
      0.2614770447569212,
      0.10083603335983951,
      0.06517422914886352,
      0.22601949382038203,
      0.03545159639545898,
      0.1373457366767953,
      0.1467394195968321,
      0.17519243887108474,
      0.09360217187329273,
      0.29053237934426773,
      0.2661340992088347,
      0.23008178183560613,
      0.1807369797954111,
      0.08206223046850748,
      0.1987817382610421,
      0.014055408108019928,
      0.18500893718796885,
      0.11925469646265685,
      0.2705560334550303,
      0.19303817996041292,
      0.29840491312528905,
      0.08031954714362674,
      0.07548404231972329,
      0.2556245835394762,
      0.2816413605507296,
      0.2689473879538104,
      0.11381878797784747,
      0.053131004056006646,
      0.23462438881179434,
      0.25551640964471983,
      0.06427578505705252,
      0.28403247732136905,
      0.0944684345330551,
      0.09190706860589165,
      0.025191427098927122,
      0.2551916193701797,
      0.0667672609138329,
      0.1281333759423433,
      0.24786176573048394,
      0.20256183050281037,
      0.21882605686092413,
      0.019754062118030734,
      0.2296087527556109,
      0.17887662046871675,
      0.16367042896620468,
      0.04115874358068824,
      0.17940230234207571,
      0.10536254648889927,
      0.049042226679364316,
      0.14943113859119872,
      0.23892806189176602,
      0.04300373267649875,
      0.23449774484838828,
      0.25229477972001657,
      0.2295238849763781,
      0.28907493183776706,
      0.27638713442796065,
      0.21114851632873147,
      0.23341493955578163,
      0.018515705382449375,
      0.21899565428876924,
      0.23254431646222,
      0.03746192942625021,
      0.053610659133156345,
      0.2410768847846364,
      0.035715329144554143,
      0.1747592271637473,
      0.24588269315271516,
      0.22886556404265304,
      0.1379933328671428,
      0.14109456923423788,
      0.10253035024411873,
      0.1091926005413258,
      0.19836262365267335,
      0.045695634195985525,
      0.28002397584203015,
      0.07681743298938129,
      0.09561943580631606,
      0.2284916858881441,
      0.1489932836141355,
      0.28519605324319963,
      0.08668901353990323,
      0.02789213887856462,
      0.032342268727253064,
      0.15301411859076147,
      0.14826744470828626,
      0.06264736693717625,
      0.2683514210144307,
      0.040731618468501825,
      0.02917138806472471,
      0.2610585502780669,
      0.2121544106021506,
      0.14916054908107196,
      0.10135547183819141,
      0.25005462739541634,
      0.17941220776227065,
      0.056381895512088304,
      0.1034626231298396,
      0.16682597013124764,
      0.19896963242764545,
      0.001996182992711071,
      0.013521867260872466,
      0.14824109098794247,
      0.15584947967627794,
      0.25421846342381277,
      0.14709243134171435,
      0.10193816669052856,
      0.1069282838704932,
      0.19304969765243346,
      0.09477570864907497,
      0.24804917856011846,
      0.0842078562551326,
      0.0465181545961582,
      0.2199537390045691,
      0.11993921026444276,
      0.05983037138305128,
      0.17567958369921033,
      0.06219843928563623,
      0.22641775226873934,
      0.011674993221111995,
      0.0767051473077198,
      0.27150972699113474,
      0.13856225840701528,
      0.03940590511009506,
      0.22192946381039144,
      0.1633203535075551,
      0.2665942830363999,
      0.0038487323053937204,
      0.26599680373401835,
      0.16814477661381222,
      0.16515794804395065,
      0.22845162001744487,
      0.1672030624695551,
      0.2309720541221933,
      0.07740633693571237,
      0.08359457599015852,
      0.14209781892978293,
      0.09838986053964462,
      0.06729246243641286,
      0.19744157909304536,
      0.28481306738925705,
      0.07396070457417532,
      0.0024272078182364654,
      0.14599567331072041,
      0.08737435666095496,
      0.029082077174234777,
      0.03388660420697389,
      0.15157551829761146,
      0.033222098583510835,
      0.009723151396824559,
      0.06462209529551144,
      0.2394181724665058,
      0.2741577000880057,
      0.032845911526379924,
      0.11928268104865326,
      0.0888089243619088,
      0.13838347045542668,
      0.22547976281689308,
      0.003583643261132019,
      0.05766513601987347,
      0.04045739119107106,
      0.1085351230634798,
      0.0511391946446349,
      0.26209873652536647,
      0.13153097918594345,
      0.0719447792949007,
      0.2612842780075385,
      0.1277314584942938,
      0.17198678261846476,
      0.2462690281059507,
      0.23067183035360891,
      0.2480602911515295,
      0.29252848697471806,
      0.14569214429229085,
      0.15864611348663096,
      0.04452187506927897,
      0.16717257380945244,
      0.11092095013267121,
      0.09769454895073972,
      0.09179644448311297,
      0.05658705516377955,
