{
  "horizon": 720,
  "granularity": 1,
  "priceSchema": [
    0.198,
    0.198,
    0.198,
    0.198,
    0.225,
    0.225,
    0.249,
    0.849,
    0.849,
    0.225,
    0.225,
    0.198
  ],
  "agents": {"h1": {
    "neighbors": [],
    "backgroundLoad": [
      0.256777533317449,
      0.04259287657717609,
      0.2839996807452402,
      0.2864143838961068,
      0.2059122288216931,
      0.2052654352678336,
      0.13333263958141836,
      0.2767438626388057,
      0.14361135661890093,
      0.17778583490447952,
      0.19516309504369495,
      0.2301352552686005,
      0.2672914358265359,
      0.2812728235788628,
      0.06366312088973286,
      0.14295272168024512,
      0.2163630583813321,
      0.01913534129376767,
      0.13638255703814087,
      0.08006300427940319,
      0.05481433618580941,
      0.0950347323362127,
      0.1914372619004419,
      0.29775983683994284,
      0.20530887288413163,
      0.20870884591050348,
      0.21699821985552611,
      0.18630369923735748,
      0.1314760702921323,
      0.03708397339750593,
      0.12633387230698973,
      0.029791882123343924,
      0.08473856223168705,
      0.18716324026708242,
      0.1859814051585804,
      0.2181132995906139,
      0.2780603038500948,
      0.07682823942965102,
      0.27363351962992216,
      0.04587717066046591,
      0.13805934722840477,
      0.2096419758643794,
      0.03412183028989672,
      0.1228893097593735,
      0.28051453862020276,
      0.019198270903398217,
      0.009709624268573658,
      0.28581852331791846,
      0.11929560257124189,
      0.024501792905053686,
      0.1643871207085533,
      0.07478717066261867,
      0.18348236595239398,
      0.25390876955146907,
      0.01989116126179976,
      0.00788772259673276,
      0.03669995465206551,
      0.06931699274386757,
      0.27935845848565827,
      0.1980083460545375,
      0.21495862146625871,
      0.10912153172010029,
      0.10891555726712207,
      0.15951098044403292,
      0.23062752821174692,
      0.18070163071678794,
      0.11099404867565817,
      0.1732336139251736,
      0.19211361461244766,
      0.1596275609079819,
      0.08062114732506999,
      0.27020291874790875,
      0.15787452421419448,
      0.18664151974369617,
      0.1899204768842202,
      0.03363370480448136,
      0.05396212812432211,
      0.20080431713622163,
      0.010539926721852855,
      0.2215328947562152,
      0.11166661132027833,
      0.003614101803732139,
      0.06405191857410872,
      0.12513067654108143,
      0.23562084966422042,
      0.2096779413004066,
      0.04967129755285745,
      0.07231565280339726,
      0.11198591543671033,
      0.1996456748256866,
      0.23457214842500201,
      0.1834489181791318,
      0.21907279427661844,
      0.06854675784564196,
      0.17975188656747645,
      0.12086612152590792,
      0.15249797267259757,
      0.23405832540146526,
      0.1820026408958701,
      0.08308560442444103,
      0.19493635019773,
      0.00859602409402147,
      0.0435958354839689,
      0.14089330974801026,
      0.205051265086278,
      0.055150742289072296,
      0.08048614500559466,
      0.2993821310892802,
      0.016176355423978873,
      0.24936011402328476,
      0.10312231357148335,
      0.23672834804233633,
      0.16888968012090147,
      0.2629520372439533,
      0.04972981389111814,
      0.028523936137029804,
      0.1754211103546359,
      0.24213442906672725,
      0.16632107664930634,
      0.14005056228030988,
      0.08416748158761451,
      0.2839706408775232,
      0.11526832834218122,
      0.297300913864745,
      0.1440221781613656,
      0.14816968128800348,
      0.1214532817449875,
      0.1774089444644424,
      0.2436627047591029,
      0.12327982130325058,
      0.22358463548169627,
      0.05443747282457234,
      0.1480904968132865,
      0.2085315847950789,
      0.23218058709935366,
      0.08891713529428802,
      0.24474521537061578,
      0.10841274748102005,
      0.2504779417412226,
      0.2550661381107038,
      0.13166596812203588,
      0.017146861623695775,
      0.22304864798274285,
      0.03966096590140272,
      0.012319800118939139,
      0.2796921782699933,
      0.006152891078054645,
      0.21996305575800845,
      0.20363064817250412,
      0.13536235273012112,
      0.1749978875383495,
      0.23197293742858885,
      0.28388232947962533,
      0.08891023884016874,
      0.12130158279802794,
      0.09207268959294101,
      0.004212797048086847,
      0.029359389866474128,
      0.0969810375808562,
      0.1757361162494666,
      0.16966753003254442,
      0.2503666352824057,
      0.28893949018081666,
      0.08920643676433597,
      0.18280684910034176,
      0.18021700612016242,
      0.032597651576574384,
      0.24333590023063872,
      0.024167436997763556,
      0.02289128580012265,
      0.21442240115117256,
      0.0869594409032209,
      0.18299111973916887,
      0.04933492242447266,
      0.042081767273546296,
      0.086076732786573,
      0.151494406474375,
      0.2519794034593702,
      0.2043023821353518,
      0.14799091751001395,
      0.02426147798620778,
      0.1013945574463971,
      0.0441658135715413,
      0.11543995573597755,
      0.23319782923777627,
      0.04579330436726786,
      0.10314641855995317,
      0.20623985777912804,
      0.20522938428097245,
      0.11098207845266181,
      0.29775993502601555,
      0.11160300395868966,
      0.06854095722932009,
      0.18800016234977696,
      0.2729599249663012,
      0.1490037630551727,
      0.24672792023727733,
      0.23990447145026456,
      0.03482935838862996,
      0.2770569409691423,
      0.14278928449223063,
      0.24336411170948474,
      0.2676699720924565,
      0.0938897151493262,
      0.007530928959920557,
      0.18408867036438456,
      0.13941604324000553,
      0.15644581044305855,
      0.12316809088411397,
      0.035039172390839764,
      0.05642270083898131,
      0.09020790590647994,
      0.05817454661256202,
      0.04783038622271041,
      0.103971477249042,
      0.006386412092675686,
      0.12689449272282793,
      0.16780328571492356,
      0.2099932546479978,
      0.058306773849887944,
      0.252850809426598,
      0.27233638289465517,
      0.17951954179074855,
      0.27733884460202,
      0.23430394024792012,
      0.10419019652457683,
      0.2667210962796969,
      0.12823611361014728,
      0.21078014596423217,
      0.2938502675656599,
      0.280736100162078,
      0.02483657469594843,
      0.10401442022966925,
      0.19260813929714796,
      0.27623871889042473,
      0.05908500139599804,
      0.2337744729683492,
      0.15436026654806337,
      0.2699904521612916,
      0.18845874565945955,
      0.14541400280127745,
      0.11281254901104563,
      0.13591362005347,
      0.04842897956013765,
      0.023416383138828656,
      0.06061453476826418,
      0.061124706286421235,
      0.06981976200554296,
      0.24082613519997834,
      0.2818710474879459,
      0.2877313698461418,
      0.15543796355789416,
      0.018255060038845517,
      0.009730802884372114,
      0.10498907347976183,
      0.09943900585145944,
      0.06232691188315179,
      0.09121988674375812,
      0.13132460835067444,
      0.026693890503344142,
      0.14942576747992947,
      0.21423557760150658,
      0.2621334456942028,
      0.2163213103670512,
      0.2658141237664194,
      0.14539676362711218,
      0.29747611630070336,
      0.09475522752657624,
      0.07225593232364855,
      0.032163495727375924,
      0.20896939737514778,
      0.07896873314147387,
      0.0321656121320934,
      0.06670182255194908,
      0.2239566779377208,
      0.12391575935435203,
      0.031557651564714684,
      0.22298192377498166,
      0.29650461411834944,
      0.2105209781936093,
      0.2619082832176793,
      0.15699260533172454,
      0.20729714200038188,
      0.15501583389808915,
      0.2376631518397162,
      0.16360833057725796,
      0.18602140862160468,
      0.1554456741861906,
      0.23330708969181324,
