{
  "horizon": 720,
  "granularity": 1,
  "priceSchema": [
    0.198,
    0.198,
    0.198,
    0.198,
    0.225,
    0.225,
    0.249,
    0.849,
    0.849,
    0.225,
    0.225,
    0.198
  ],
  "agents": {"h1": {
    "neighbors": [],
    "backgroundLoad": [
      0.22390090854787592,
      0.19795083509053177,
      0.1639224897141823,
      0.0740768873318829,
      0.04586135575245341,
      0.2949916907081701,
      0.2590880973207271,
      0.09356620751153712,
      0.12990520939398506,
      0.13611901370837295,
      0.008860596019865519,
      0.11644763195005163,
      0.1720121371289435,
      0.02335288128415672,
      0.18033311785802877,
      0.08700045684249927,
      0.25385436275127454,
      0.15348262640486912,
      0.01709110949153563,
      0.02304790127166697,
      0.25843762463070635,
      0.1843091963574971,
      0.12799860239158253,
      0.13796813835656685,
      0.2557390082523318,
      0.1951994469194148,
      0.048743882106737434,
      0.2848850951468024,
      0.13133722501128148,
      0.1644831189621626,
      0.12317192354165557,
      0.12002249526108116,
      0.2610068105905259,
      0.10993815293969045,
      0.04208248600284611,
      0.10780872157027793,
      0.06445770242820027,
      0.10068973837943342,
      0.01942297076211583,
      0.2303090481012559,
      0.02663083726752501,
      0.07125630902367906,
      0.18970121477970173,
      0.03824805248261446,
      0.11248822451266847,
      0.07527718667901813,
      0.1258490864949301,
      0.27758985886060444,
      0.22518471653918198,
      0.10453279990968385,
      0.20871517427209285,
      0.03000605883364066,
      0.16028197415202536,
      0.22824388252197395,
      0.19888088500152476,
      0.05309776122597271,
      0.05608804993524351,
      0.07109927198911666,
      0.19818885435342978,
      0.005110892972385106,
      0.20760658612822713,
      0.10953533166797641,
      0.2992267263407013,
      0.018673152126846313,
      0.03009022413259277,
      0.07149118419302698,
      0.20061311296982054,
      0.2772477784004765,
      0.16774571727143975,
      0.07804495177329807,
      0.03590443641036765,
      0.22055947992585892,
      0.2694428591064272,
      0.18364171496853787,
      0.010228575690138852,
      0.05684729746849778,
      0.17911214432175268,
      0.09401579857217258,
      0.010227782747791469,
      0.21006071329366463,
      0.12813635351904254,
      0.16141084995574823,
      0.05268310707066052,
      0.2922538122665959,
      0.1031254663586449,
      0.037847767221336266,
      0.16115365886331823,
      0.08051979195091104,
      0.1800011298218483,
      0.26145965869967436,
      0.050881688647239465,
      0.2079683115986921,
      0.2102657321536666,
      0.1369473617429177,
      0.21071767404685368,
      0.12540422820437333,
      0.05261887685856574,
      0.2149517560551751,
      0.16550600203373464,
      0.053390401631608415,
      0.030354848216204287,
      0.16764936488170964,
      0.12451376270173813,
      0.17475485931722748,
      0.04303265223525125,
      0.036002822660487974,
      0.22938673710961596,
      0.031552959866431536,
      0.22171670448097025,
      0.06498969181614307,
      0.2720517920215138,
      0.15498284471676768,
      0.08878583775028742,
      0.26343114087346853,
      0.005110060929666649,
      0.03817808004524687,
      0.06657228355961477,
      0.2331139420383052,
      0.26233290112086965,
      0.25703098937568675,
      0.278954229124165,
      0.20106932298474964,
      0.1324384303434488,
      0.0376287605329711,
      0.18584140504543953,
      0.012871005660602675,
      0.18837537263481405,
      0.1868637823331805,
      0.11138076129762493,
      0.038318715587199924,
      0.20411045243093467,
      0.16911364669658893,
      0.226375585413873,
      0.21892489244895388,
      0.2668677718603061,
      0.21384699700998008,
      0.1737599430801206,
      0.032736328502614744,
      0.14453872499190573,
      0.19167917549289623,
      0.22383381656466717,
      0.06480352966607877,
      0.03250133602939743,
      0.17467692933291493,
      0.2081612712900091,
      0.1300439018156805,
      0.12097635761968217,
      0.0051574718899667134,
      0.25525807012501955,
      0.2669694982003215,
      0.20793232463736322,
      0.0879194217496543,
      0.13627254322295598,
      0.11200459851763253,
      0.015225907204745514,
      0.10282466856754918,
      0.046114215840733164,
      0.029868909189525093,
      0.03542912728413592,
      0.08959570160016618,
      0.17898382153629322,
      0.2879016503718023,
      0.06649219460041876,
      0.12372083565858162,
      0.05318281800807499,
      0.29249869927870636,
      0.28664669848219837,
      0.09473781141418045,
      0.12303057374550454,
      0.022024593287298055,
      0.0953440177693201,
      0.0701404592787078,
      0.04408581201757376,
      0.20647789735954022,
      0.059448609669594706,
      0.10315605238808441,
      0.2503055009415425,
      0.1971339875015013,
      0.21757895738857153,
      0.20681262329673603,
      0.010216867144276831,
      0.18081795960382815,
      0.060797656812945175,
      0.2846432115640483,
      0.24699294087074852,
      0.036533805254858887,
      0.017897725032581312,
      0.13960273355862038,
      0.17531003577034596,
      0.27094214974676695,
      0.1577700267979246,
      0.14223746190122757,
      0.2351286529888289,
      0.11369898244130076,
      0.01844085944567686,
      0.2893729191133769,
      0.10509510234266396,
      0.06455580592361529,
      0.2186139041283719,
      0.07736769182924208,
      0.17310158833802336,
      0.11237003309225778,
      0.17148532835452077,
      0.1863296966960336,
      0.12280612332333195,
      0.021461426340359756,
      0.0501862607615346,
      0.1330279644510364,
      0.09164441710611144,
      0.07499163869988928,
      0.20887988844641586,
      0.21850348113857324,
      0.16208850719455145,
      0.04708559772156695,
      0.2292561000673376,
      0.13683416493930847,
      0.23111331121757797,
      0.11953188708402916,
      0.13629016066430064,
      0.05237611142743228,
      0.26069334725847426,
      0.19633120410587995,
      0.1060949619721521,
      0.08058235464626222,
      0.26035401805798486,
      0.04910847845698657,
      0.028418190745879843,
      0.01971283243036771,
      0.15389641060387738,
      0.08472938179696936,
      0.18813443491405293,
      0.04975780079481642,
      0.229479129819718,
      0.0592764711996594,
      0.0408962555399082,
      0.11554880610976981,
      0.204750359370913,
      0.13938982821582702,
      0.1744933230619214,
      0.28648611904301025,
      0.26390965831015256,
      0.06735183146561681,
      0.032080303315348,
      0.2963079645649076,
      0.18385784584368403,
      0.03285037801279748,
      0.2627046452566985,
      0.08072459637511038,
      0.19242744216744473,
      0.05343638919988054,
      0.2021324225104404,
      0.03128727548465725,
      0.006312107022910685,
      0.06001711092498969,
      0.09280139442540594,
      0.012991001979515925,
      0.26056207800902526,
      0.05057918641238561,
      0.20325554488825462,
      0.0013275961817086678,
      0.009421080944136061,
      0.286417710460985,
      0.1694457160621694,
      0.06470905310984505,
      0.01799391243107976,
      0.29461096241016693,
      0.02032853693984713,
      0.06587502256542056,
      0.21374400121540768,
      0.2747856109973037,
      0.13207428222191267,
      0.05213703234663044,
      0.2713734996047772,
      0.04427540501217818,
      0.049228057240037836,
      0.2588030523525438,
      0.014091162768157839,
      0.2837389716606859,
      0.18683907149198992,
      0.1889193886746856,
      0.14057991017484536,
      0.07639836255704718,
      0.1834214613677066,
      0.1358278695921585,
      0.21298795027833514,
      0.22686544132100184,
      0.10826822971271344,
      0.023822434317054907,
