{
  "horizon": 720,
  "granularity": 1,
  "priceSchema": [
    0.198,
    0.198,
    0.198,
    0.198,
    0.225,
    0.225,
    0.249,
    0.849,
    0.849,
    0.225,
    0.225,
    0.198
  ],
  "agents": {"h1": {
    "neighbors": [],
    "backgroundLoad": [
      0.23969251246234877,
      0.21410809287937146,
      0.010787153103223656,
      0.11882285053131142,
      0.12010603512549717,
      0.23811344601803347,
      0.14048960322263052,
      0.05260326966907159,
      0.02109815046354858,
      0.2503707185446978,
      0.005914361998618556,
      0.14933422138320715,
      0.04814904861722386,
      0.18002223494013775,
      0.15136003600779455,
      0.24065932069534673,
      0.21266878619688193,
      0.08850938167392038,
      0.20940908246897896,
      0.29211354802115924,
      0.18424090135493862,
      0.04924080344178128,
      0.1044660832529904,
      0.19073444479298673,
      0.1205407902003705,
      0.15203797440109543,
      0.10827084131927564,
      0.10617449387540473,
      0.18415101083828103,
      0.15457830338564965,
      0.03903144539661942,
      0.07471788692833116,
      0.2608877766040943,
      0.10816307519897204,
      0.16007270321470338,
      0.14170429237014573,
      0.09042535523522803,
      0.033176135169613215,
      0.04747990416282374,
      0.10987367312811515,
      0.07745891002484899,
      0.11743537169201242,
      0.1426880258671222,
      0.021282923149391064,
      0.03194022996691372,
      0.07809374896478447,
      0.14156336619036383,
      0.060073642817194337,
      0.21702103526592428,
      0.09042973421354918,
      0.19287735556549063,
      0.1439780264205222,
      0.2607374065003399,
      0.0762402815193138,
      0.1754205045943055,
      0.21066020864337062,
      0.20576477007848484,
      0.08266552477593703,
      0.2579647061018592,
      0.08309902486558025,
      4.922498890199689E-5,
      0.1173477415833638,
      0.18913621004040543,
      0.07477496823700965,
      0.12474879585890758,
      0.11139056422243263,
      0.212939943318359,
      0.20787324591886225,
      0.2561497887941945,
      0.1029993959333705,
      0.12511379012422666,
      0.24312562456631012,
      7.909248747914987E-4,
      0.16953232580480568,
      0.04001090030504377,
      0.005519706562487903,
      0.14074995459453662,
      0.21398719549084644,
      0.06007725659674085,
      0.20785293680597336,
      0.10671169044689727,
      0.15743241974844288,
      0.03509888645803486,
      0.23231976455767167,
      0.07001163226915672,
      0.2991420636099783,
      0.24760316207849908,
      0.2964369690647516,
      0.18921923827024748,
      0.22559624770902512,
      0.18606492631519586,
      0.17650726910863657,
      0.048031850315015175,
      0.0963111643012483,
      0.15243129937821792,
      0.06261100922792436,
      0.027041711386155843,
      0.08730541250967043,
      0.28412374341742513,
      0.08606049350903339,
      0.23828661552764716,
      0.2973689898089081,
      0.08732370044484589,
      0.19001668866314927,
      0.20863720157788743,
      0.29068631634207664,
      0.25039958817161356,
      0.0033252444350313826,
      0.21776529463960664,
      0.27808066937754544,
      0.20615201868114708,
      0.27925728995246774,
      0.07275836838766714,
      0.12703015969109863,
      0.20086610013523942,
      0.14541884303810323,
      0.29092289353719586,
      0.20156658465003174,
      0.11078070750081302,
      0.2262663575176682,
      0.07167082950647184,
      0.22349425938573128,
      0.09375236488331318,
      0.02049922827422742,
      0.050535130947355456,
      0.026888533643291846,
      0.15840785411034822,
      0.052413053815568475,
      0.00967976361396452,
      0.20857448258569516,
      0.14395953142118098,
      0.2570340178204722,
      0.1730940072620499,
      0.027544951900584414,
      0.1715159683221649,
      0.17059025686711823,
      0.015567361380334753,
      0.24551841366206978,
      0.012993561563625656,
      0.252159696571365,
      0.19973301559188425,
      0.2305818140409246,
      0.011499523468776885,
      0.04733254647302399,
      0.030317731153004044,
      0.16614342636736398,
      0.16255502759115945,
      0.05075528265403798,
      0.250170309168142,
      0.20294608592347854,
      0.23000074719071245,
      0.09010658083792857,
      0.2241212711766249,
      0.02157355405588781,
      0.23018354704509167,
      0.0345217834962606,
      0.1730501851723999,
      0.046485905718608354,
      0.21103806363219116,
      0.29198658924608417,
      0.271701661632618,
      0.061848930163081656,
      0.15141183987672105,
      0.1199648809757653,
      0.05217696904798025,
      0.1772424152092788,
      0.028460384888240806,
      0.20841468153136233,
      0.25524710241489196,
      0.2602899872461932,
      0.2809532650378589,
      0.17374979599813592,
      0.04561940420821533,
      0.2692304519977438,
      0.052412329872293446,
      0.11551997642679147,
      0.24627262828475333,
      0.26375343909027055,
      0.0978852526126935,
      0.004157355302854459,
      0.28949789903923956,
      0.09248536601434633,
      0.19739321089469736,
      0.289495435152274,
      0.038649258019891254,
      0.052545164486336095,
      0.04687456341947167,
      0.15830671733064117,
      0.012485147025753129,
      0.11830899171902934,
      0.21675439525886595,
      0.09753122476979213,
      0.14203030238482178,
      0.19700122730656983,
      0.09826469860031692,
      0.16187359069310567,
      0.02472261043564039,
      0.11365090710630348,
      0.18023048800035477,
      0.1919751601258819,
      0.20227922434987908,
      0.27870000255065785,
      0.2826578854580833,
      0.16292955564325515,
      0.01431654656324942,
      0.08387845824451164,
      0.1593699757495667,
      0.055931083949067706,
      0.009970908587355354,
      0.2576041501281114,
      0.2901731606511358,
      0.13554086251974704,
      0.08565418638102343,
      0.03875009426485099,
      0.17948017526650473,
      0.1118591698816568,
      0.26870218774545435,
      0.26050052874224605,
      0.29925586430916307,
      0.2106442053717172,
      0.24899258240912397,
      0.06268832749016516,
      0.013891972576498978,
      0.096556422447817,
      0.11733666488103926,
      0.029841475615745103,
      0.0820052298860466,
      0.057826931617511665,
      0.17080165771148145,
      0.0889901615937975,
      0.2909538321751876,
      0.27890695545727884,
      0.19497883793889928,
      0.2922542285025387,
      0.03351168525345496,
      0.23749787717940807,
      0.1364832760276532,
      0.26616381611612394,
      0.19291274214364346,
      0.1358255735424596,
      0.09389081044788351,
      0.18595076127552548,
      0.03447041361790696,
      0.18362839934918024,
      0.16561724556140958,
      0.28678636423456644,
      0.1586983620096475,
      0.2077894321445408,
      0.1476087406983181,
      0.03840464709420072,
      0.18196964731034668,
      0.220742297479617,
      0.19273657483197812,
      0.15539218911171426,
      0.2640977374441783,
      0.1437630230884935,
      0.07286131347084752,
      0.2520278624406297,
      0.11801137693526133,
      0.23220048654350864,
      0.0442733319531153,
      0.0019288753129435342,
      0.013271198823027686,
      0.09740902279725144,
      0.13129086597073683,
      0.03448262633704141,
      0.2412068533797325,
      0.2620609767937988,
      0.14066497143970003,
      0.1361229062744454,
      0.0139215115741652,
      0.18631926615774405,
      0.08624965940232372,
      0.17564173041521977,
      0.2994454757900048,
      0.10556059080459637,
      0.17937394080628824,
      0.12687307922870109,
      0.12061847988969117,
      0.258062013762831,
      0.24736953521533028,
      0.08893434832062116,
      0.24323181930822857,
      0.08617280508336655,
      0.2948359900240578,
      0.027427226032007833,
      0.18701516173427796,
