{
  "horizon": 720,
  "granularity": 1,
  "priceSchema": [
    0.198,
    0.198,
    0.198,
    0.198,
    0.225,
    0.225,
    0.249,
    0.849,
    0.849,
    0.225,
    0.225,
    0.198
  ],
  "agents": {"h1": {
    "neighbors": [],
    "backgroundLoad": [
      0.2835955027724505,
      0.03334582731633666,
      0.022182492404947483,
      0.18909742701826515,
      0.29814160280200885,
      0.11413350306902631,
      0.03205386538736092,
      0.2664405730410368,
      0.03232178069397291,
      0.021683244773943677,
      0.23554376927564802,
      0.15590602729304787,
      0.1588459285018321,
      0.06961675513368681,
      0.15033821752080798,
      0.2915479768939157,
      0.19940339341425195,
      0.10176931849768803,
      0.041798414351576864,
      0.09528295155990918,
      0.21399619833200026,
      0.12173987884784367,
      0.026579767907202855,
      0.08675778488346993,
      0.0703939659598802,
      0.08043077366736946,
      0.27970529557814033,
      0.2963076152416927,
      0.09259643495867091,
      0.25875383005222136,
      0.07831814453827436,
      0.10422789964475922,
      0.29652618739522835,
      0.2506320055776372,
      0.23665524669628987,
      0.021943014605828315,
      0.1144402695924726,
      0.1407761780164349,
      0.10350203453208202,
      0.019371031119562364,
      0.22042763064459395,
      0.07732623884429705,
      0.08786606894808559,
      0.26117051280663406,
      0.2473250578287476,
      0.18865647720274462,
      0.18459285789280752,
      0.24746869588195616,
      0.0865737117617674,
      0.19188773454668304,
      0.24935856582112859,
      0.09446814762427667,
      0.09022132345244016,
      0.07569702776056055,
      0.19549145014012986,
      0.21366193659005497,
      0.21549724770325432,
      0.21896409528902852,
      0.22189485289153535,
      0.05083061149455059,
      0.10697349635656221,
      0.08710736563349543,
      0.04629155714719785,
      0.09278197105452969,
      0.18767502910888198,
      0.06900802602840661,
      0.055355455405034046,
      0.09835773023531565,
      0.16221782113682723,
      0.10766964208553466,
      0.22985356004190066,
      0.033283412481059794,
      0.021621159438273273,
      0.1973933503789074,
      0.20493474622968075,
      0.24276305594285347,
      0.2448916425073228,
      0.24709474772916445,
      0.2865127915271052,
      0.17900688450376553,
      0.021954619231563565,
      0.18309504617787353,
      0.1596922294789217,
      0.2904063220461554,
      0.028794757449412678,
      0.16120890149867062,
      0.1131154843829178,
      0.13611905462889198,
      0.06895118218714834,
      0.13677912966591335,
      0.04204540898436634,
      0.23722736067198597,
      0.2882134408188515,
      0.2700478199324817,
      0.01173786656715865,
      0.06587526751726677,
      0.26913447385000744,
      0.007421602727157372,
      0.04933800778270989,
      0.017729130885929766,
      0.12773422023391587,
      0.14214806522547963,
      0.09223912715919776,
      0.26658204445403916,
      0.15948698380020113,
      0.1800595770147589,
      0.007253493640654873,
      0.20093779766426723,
      0.19396670638355917,
      0.029740639251169185,
      0.03733339228941752,
      0.0703492533533941,
      0.1455551981790121,
      0.17873147076120485,
      0.2673063369992875,
      0.21147407715967342,
      0.2573277213627501,
      0.030717812096039708,
      0.22935354980270492,
      0.28204389370472294,
      0.19450923842464374,
      0.050006855145102024,
      0.2698804204279662,
      0.15013124318816032,
      0.22781856758118813,
      0.024713309527452498,
      0.1665963113935605,
      0.009851099340258374,
      0.1729040541866976,
      0.09549405774545434,
      0.20913609129127486,
      0.07624861131897143,
      0.08175523069327127,
      0.11867346837458131,
      0.18794294592978542,
      0.17865557242255573,
      0.0034605011482518153,
      0.07183739518668193,
      0.1271519428404021,
      0.059489432408044905,
      0.2687131066913842,
      0.13167461787138007,
      0.15359284262896386,
      0.11940922482746913,
      0.21972792658988108,
      0.04093859750330048,
      0.17976008583573297,
      0.2082414222546844,
      0.07544660356711798,
      0.16422623552707985,
      0.004819444988809629,
      0.22760404265675094,
      0.1844833400998987,
      0.09771984847267934,
      0.08929925523684314,
      0.09125852419144015,
      0.2560388125382202,
      0.23846676214740253,
      0.24475412700616256,
      0.027344159464912487,
      0.24010576004092396,
      0.2030484028559654,
      0.19318133160168963,
      0.22602526033400117,
      0.03922381564822682,
      0.06210322540374717,
      0.2071486200238253,
      0.025202265951938373,
      0.19001668628392032,
      0.07222440369986763,
      0.09024421289934056,
      0.007255599868513662,
      0.05901109782090558,
      0.0214451249866878,
      0.07680209765153703,
      0.14617503051077863,
      0.1623134764799643,
      0.251821105356309,
      0.22131055034245392,
      0.07103889698921016,
      0.0336158896678343,
      0.05837426431685872,
      0.14777055865925456,
      0.29851519805594484,
      0.1873727944178967,
      0.17445833646175515,
      0.027218237802345936,
      0.20470611554311402,
      0.014297696550059002,
      0.03028061425103916,
      0.121051813688416,
      0.16316199107896417,
      0.15798495643051097,
      0.11391341620631287,
      0.06281837931223867,
      0.18570879215100577,
      0.26391604832442905,
      0.04840250286550724,
      0.20343441957602884,
      0.07253693466438996,
      0.18101847758458212,
      0.21044701652320802,
      0.29911331929214274,
      0.0031155802422379473,
      0.009997846957781486,
      0.045129004815463544,
      0.1572524804234279,
      0.2691330397313262,
      0.17858927794208265,
      0.239735345734558,
      0.2998311782230193,
      0.2908615539005485,
      0.22640567333262832,
      0.13134952735338182,
      0.2534162735258672,
      0.08513743309640127,
      0.13952627907677484,
      0.03267930120014245,
      0.2541423605822155,
      0.15866189193115524,
      0.06513784703529327,
      0.17604540412262018,
      0.01815370659635891,
      0.05424876686371217,
      0.256286830475413,
      0.014012658784064236,
      0.19205202733495857,
      0.2272964695670189,
      0.16613536419468372,
      0.09354468703485336,
      0.11340037732490452,
      0.08019268435236172,
      0.10431140430863264,
      0.0013782682086245779,
      0.21979081764254255,
      0.21665066763027088,
      0.012651215504275403,
      0.241434544466234,
      0.10324749024293524,
      0.15661062412466495,
      0.2138664626884924,
      0.25770338484639504,
      0.22330415756064612,
      0.10014083365517712,
      0.09283511128127665,
      0.19027359887012132,
      0.0942415797722764,
      0.05175230875914849,
      0.18638996606965128,
      0.03400787994186154,
      0.015657318409029564,
      0.2481764042090166,
      0.030665535091638618,
      0.14684477137090887,
      0.248482350630301,
      0.02350427251968382,
      0.02667311408927211,
      0.05957277968984117,
      0.004918407748005537,
      0.29662008624386293,
      0.060004647785174114,
      0.2645858286358254,
      0.17250796944694105,
      0.23922838670898555,
      0.03934084909299108,
      0.06950212362936073,
      0.03589726000444989,
      0.21938588909690473,
      0.027411343686521126,
      0.21642784787626146,
      0.23674612964986202,
      0.19365297401837955,
      0.19160052936727648,
      0.12752260298185034,
      0.26383439863572544,
      0.1509073952384713,
      0.22529393381345617,
      0.06094583901377434,
      0.0874639686702895,
      0.04335393655275479,
      0.008390846172377774,
      0.2623422706627988,
      0.14345516756926935,
      0.23476991023989924,
      0.14473251307073884,
      0.00855543422875491,
      0.29027627345685975,
