{
  "horizon": 720,
  "granularity": 1,
  "priceSchema": [
    0.198,
    0.198,
    0.198,
    0.198,
    0.225,
    0.225,
    0.249,
    0.849,
    0.849,
    0.225,
    0.225,
    0.198
  ],
  "agents": {"h1": {
    "neighbors": [],
    "backgroundLoad": [
      0.023734566673608348,
      0.19736183487723147,
      0.26617311400775234,
      0.1589154340751389,
      0.27193960462902295,
      0.24751958601273288,
      0.10202190259962307,
      0.04133701874900174,
      0.13262058569722895,
      0.1883720788025775,
      0.11037936619418949,
      0.012885239332751064,
      0.06577499029486948,
      0.1060998067268848,
      0.16274614458425127,
      0.29687184013157547,
      0.1356541922675197,
      0.09969575440686765,
      0.07017637489545471,
      0.2725732062550963,
      0.11193583586463347,
      0.2601057035179652,
      0.19137203252871152,
      0.28195181040375383,
      0.11835423340006708,
      0.06000351038252741,
      0.05294156272500846,
      0.13941545154527357,
      0.07864713049553312,
      0.17973503310106156,
      0.19371236825477006,
      0.2532798774335887,
      0.11520873251115168,
      0.05758165743433116,
      0.17710512715612245,
      0.1844540856925175,
      0.04196610920784235,
      0.05264273574329193,
      0.036029641473843396,
      0.22855512073129217,
      0.291130021780759,
      0.01658349230387669,
      0.24446875041176502,
      0.08555680412317149,
      0.25925699090047954,
      0.09531814519379096,
      0.24072942865626745,
      0.1286814566590153,
      0.04449629983447475,
      0.0903339590445097,
      0.08728884836465456,
      0.010975644265604023,
      0.17803686051174283,
      0.1442538363239241,
      0.28724205399548025,
      0.14781616981522847,
      0.22609338969335652,
      0.2951635671329739,
      0.08966420966601216,
      0.29767126798005056,
      0.0643529572946503,
      0.12960681519164116,
      0.008772401891556014,
      0.013868464079968345,
      0.2295024307784535,
      0.11639973363508481,
      0.2239283587255242,
      0.1498629989449524,
      0.1491678396292834,
      0.19819114965423246,
      0.23728988436747597,
      0.09468165610964961,
      0.11518224805835424,
      0.13469446660315432,
      0.022720560126099132,
      0.17352778257734594,
      0.08455365531684218,
      0.2973260365448816,
      0.08628763537997304,
      0.19993666454253672,
      0.2840399685090303,
      0.17090877792530285,
      0.06670134053210593,
      0.030400723621370473,
      0.053430699677327616,
      0.09540598382393753,
      0.2801175641266042,
      0.21078391494594698,
      0.15516337162991362,
      0.17723344422112355,
      0.020274408340651317,
      0.2509828254905386,
      0.11172435390858777,
      0.13934819523572708,
      0.2930772091653005,
      0.14326028263213472,
      0.07876548481456834,
      0.11429459354622595,
      0.285384014975316,
      0.07140206672478944,
      0.0842131159968948,
      0.27361140330736766,
      0.24230252581216355,
      0.21339514308850357,
      0.04853864140098966,
      0.1730036828400365,
      0.11776625616423454,
      0.10942683653508102,
      0.21488036082620757,
      0.09706669445443586,
      0.005849905958745771,
      0.23546904045588254,
      0.19957311359037064,
      0.004469277769293933,
      0.18708829838776578,
      0.16207591232688276,
      0.07993089934730895,
      0.15141225210786158,
      0.11335038055265578,
      7.038506212771245E-4,
      0.03774613460766789,
      0.26433016676959165,
      0.22515392535063405,
      0.2310601838987237,
      0.07716829816029004,
      0.058614228621435345,
      0.13648841981898793,
      0.22507295012433975,
      0.10983046583046739,
      0.21144367971016903,
      0.195672254755318,
      0.06539618338110822,
      0.26631063804126665,
      0.2762216166369971,
      0.016588512897661466,
      0.2944240170396243,
      0.2189865621645229,
      0.29484186230334847,
      0.18711702093482216,
      0.1749918729006637,
      0.2939475390233985,
      0.009989009782713798,
      0.24060518961008814,
      0.04812870811514836,
      0.1713753754438809,
      0.16065224909605408,
      0.07952929754543235,
      0.036551717036655294,
      0.05899047443174725,
      0.15886091358907536,
      0.009350698453506334,
      0.09808637748109574,
      0.05138386400891084,
      0.28547304688743863,
      0.08570825662943128,
      0.035800688116213994,
      0.23861685738776084,
      0.16258545704531874,
      0.07231386378321224,
      0.0078004672931569425,
      0.15240116928715328,
      0.2860778914902956,
      0.1538399197793429,
      0.053827168791002654,
      0.029603998474432423,
      0.2280435944069667,
      0.0636012985210531,
      0.18946102058475406,
      0.12065574171966728,
      0.14931595539938308,
      0.10984221166322032,
      0.17342279202131616,
      0.13802262054770972,
      0.11575715633112049,
      0.05183581915695202,
      0.037881576397721585,
      0.23900945315680594,
      0.06635446591728546,
      0.1764365544159144,
      0.02580872071714041,
      0.08961893865193435,
      0.017056917323666987,
      0.12292082283293466,
      0.28966223774535166,
      0.09014838619535805,
      0.25056207312576184,
      0.11163159988097156,
      0.24712524577680778,
      0.015371734216039977,
      0.2030196107118422,
      0.2859345899888761,
      0.28515881048338904,
      0.2104982332722562,
      0.09384730704424446,
      0.1493830280949141,
      0.2440116652821469,
      0.2871140219714238,
      0.0044198367946699625,
      0.29243076587808925,
      0.0748151054746836,
      0.004602896282238233,
      0.2060083023456822,
      0.23326524579683455,
      0.14599730120666574,
      0.11082999010703853,
      0.16850365799623393,
      0.1020585390290027,
      0.01225115769293643,
      0.03138940141794711,
      0.011307805971204276,
      0.2679085731600013,
      0.23062372842774334,
      0.024217020619434138,
      0.287590159442562,
      0.2817153565665087,
      0.07706333223723981,
      0.03947192123639039,
      0.16136462759133846,
      0.09796084146933957,
      0.09641313667185389,
      0.04286905572941072,
      0.08925475574225936,
      0.0428298721318619,
      0.052973281828970174,
      0.2303967585486658,
      0.015020317033519213,
      0.14272449392175054,
      0.01883603798352199,
      0.07210155789270772,
      0.29887830706030766,
      0.014345683518599672,
      0.28081545055195817,
      0.08420346809572558,
      0.2561185321225213,
      0.22296092701894274,
      0.12080387793869464,
      0.13900705877058614,
      0.04216907857705554,
      0.011572475088914314,
      0.2663988317195368,
      0.24594505176027717,
      0.08924789572110106,
      0.20665827817751903,
      0.2814930744216671,
      0.22067043341953524,
      0.03639228285597238,
      0.14831065307204838,
      0.29581721053030946,
      0.014188981509059983,
      0.24615022470064266,
      0.09163224824303604,
      0.08795700013764592,
      0.25632346655574734,
      0.19177673717099245,
      0.07187821817983503,
      0.2791316076071842,
      0.05090788741674589,
      0.0219447026640337,
      0.1105694227089747,
      0.15389627509713596,
      0.04965439470291187,
      0.11037193864975182,
      0.21213456994457525,
      0.0499757706850477,
      0.19899676036848568,
      0.27164683262526096,
      0.22895693074031986,
      0.12024058556118201,
      0.07352779180281216,
      0.27521088693429635,
      0.2629795759241514,
      0.2610994120709619,
      0.16039584507858495,
      0.060282933550851854,
      0.15613592422802933,
      0.03449389233715502,
      0.28948262810960007,
      0.26682929838767827,
      0.048944096726253834,
      0.02895846268326303,
      0.00799493561219443,
      0.24067444775330896,
      0.07781776344315706,
      0.10178408276048194,
      0.240280695396944,
      0.18783013731154938,
      0.09746588096201995,
