{
  "horizon": 720,
  "granularity": 1,
  "priceSchema": [
    0.198,
    0.198,
    0.198,
    0.198,
    0.225,
    0.225,
    0.249,
    0.849,
    0.849,
    0.225,
    0.225,
    0.198
  ],
  "agents": {"h1": {
    "neighbors": [],
    "backgroundLoad": [
      0.19160395168465955,
      0.04704016575261361,
      0.11647762265497182,
      0.28233334421311085,
      0.09304619917193103,
      0.04403865240703599,
      0.2751520896155703,
      0.062359750762601,
      0.2888456902562673,
      0.15850809372421457,
      0.0725553694277042,
      0.032632283929838656,
      0.2852436126554631,
      0.11236273051844627,
      0.2527840939240803,
      0.18681803516548776,
      0.1731971332307395,
      0.0753337345628486,
      0.09264011348219439,
      0.06536491494129051,
      0.13725055767107444,
      0.002149069959286487,
      0.15090243641532242,
      0.01426312258750233,
      0.24967416576253926,
      0.16517476925843508,
      0.18985568002167777,
      0.012841628978996277,
      0.2532698529525789,
      0.014045023164306324,
      0.2106982248068113,
      0.2174148722791278,
      0.2723644988766542,
      0.08362793416059856,
      0.19157937570255382,
      0.09183955819908406,
      0.15459725803242377,
      0.14460491398882264,
      0.04420219297109994,
      0.10151733898330785,
      0.20089308705209624,
      0.24345969691368674,
      0.29115526303897216,
      0.0412179370186529,
      0.04361956388462574,
      0.2035310730130708,
      0.24387204775442736,
      0.065394385086596,
      0.24932798798661723,
      0.12494429469934061,
      0.003691250448077943,
      0.15940726327891863,
      0.2789287627583365,
      0.1339233402930119,
      0.09490028218552932,
      0.0841711061427271,
      0.04519630463734801,
      0.08572300477166346,
      0.2287358691520521,
      0.27158899889119187,
      0.16651609752543728,
      0.25231974718305633,
      0.2587812819596501,
      0.21249100517353744,
      0.1802052241147171,
      0.2075960343604536,
      0.18243908637557463,
      0.17560910359562756,
      0.059147795935949404,
      0.05263011162647163,
      0.19365266124694586,
      0.26113068277296453,
      0.1913355923304795,
      0.11579798028803379,
      0.22614725241386469,
      0.288469489653335,
      0.05201712900722461,
      0.26939054808483454,
      0.22341016343017522,
      0.16223696628714146,
      0.13160991218557222,
      0.05910597890452132,
      0.13806598650583224,
      0.2635773990212089,
      0.16699659893914118,
      0.2713688796773746,
      0.2899231117855071,
      0.048650218230921534,
      0.2840587233996107,
      0.2971339621488289,
      0.2931378412162097,
      0.08585545738753428,
      0.1661861472666574,
      0.2730030520926463,
      0.050218260714104825,
      0.2947244175388789,
      0.1134704643367523,
      0.022568411119841637,
      0.02681515443135881,
      0.09478173767299304,
      0.28916651191278403,
      0.2238749284682382,
      0.0852865989151294,
      0.2746929434984493,
      0.2864996580582848,
      0.06729610792777158,
      0.21301941148629353,
      0.09957546950019254,
      0.17836960394632395,
      0.11107929939622209,
      0.2002664464777496,
      0.14074462828973264,
      0.15633531494004105,
      0.17164316368718197,
      0.039153526309734794,
      0.26735118096010807,
      0.06167646243924017,
      0.2822955977825527,
      0.1589929990323274,
      0.21085696633880371,
      0.1154811803993609,
      0.01381261903000205,
      0.29241507205758466,
      0.1174576225321487,
      0.27831224123500603,
      0.002904225905918745,
      0.26741151508148064,
      0.10485672558539265,
      0.16395957145257395,
      0.04294809304571818,
      0.1565797533323382,
      0.24621160376106913,
      0.08458899095889887,
      0.11938147196006914,
      0.02788086308484945,
      0.028720379019802542,
      0.11900017431486398,
      0.04263660555682989,
      0.23420305426952698,
      0.2738791813667407,
      0.09462932764951484,
      0.1551123156480906,
      0.020630616006370405,
      0.19886945684180626,
      0.22835508748263209,
      0.2999990665335399,
      0.07998135942409527,
      0.06139796063370183,
      0.25247323882526457,
      0.020589327463131767,
      0.20228949914956373,
      0.2459695101143808,
      0.06453116593013476,
      0.18718766918355303,
      0.12062361420757378,
      0.24087535334363164,
      0.11796770093348335,
      0.299367743182802,
      0.09526340935975285,
      0.1661508610856019,
      0.2649121340802812,
      0.165829117950016,
      0.02899938420640975,
      0.2965300045559618,
      0.0872791282148114,
      0.06572616806006569,
      0.14691078942762018,
      0.1584331012983413,
      0.14711530745489426,
      0.17287389448028076,
      0.13667696165010113,
      0.02403625319966869,
      0.0649917319685204,
      0.10919352882252571,
      0.15025101869132398,
      0.1791785259416744,
      0.1595061873915134,
      0.17820510523132038,
      0.031176445277963802,
      0.17795294791323898,
      0.09898926230618409,
      0.11522949781454,
      0.0789760751486849,
      0.11711810984926915,
      0.12767532315050914,
      0.2733273219677968,
      0.16402488215847097,
      0.0594676122536941,
      0.06981653907107911,
      0.2458295830735999,
      0.05209051305251839,
      0.03256229387191732,
      0.08705281215054203,
      0.031331601591973825,
      0.2105328524633349,
      0.25215920041105044,
      0.2249881253786418,
      0.12181126368748442,
      0.025437741207963816,
      0.11965448605173783,
      0.21822901654825508,
      0.233487832865839,
      0.012243154213832874,
      0.016033283872032865,
      0.23231621577005113,
      0.13326861550903726,
      0.0878099996817449,
      0.15863593297995102,
      0.25487315213465106,
      0.035861905055043365,
      0.14903352561313013,
      0.03489018528717882,
      0.2953013384201121,
      3.212105862188341E-4,
      0.29014731337835603,
      0.09011797392028682,
      0.10094289591687954,
      0.2433041179113425,
      0.014354412188320386,
      0.013597415704053928,
      0.2068179590671321,
      0.015720770085108946,
      0.0830212989626666,
      0.22460652239438633,
      0.14530461573073628,
      0.10173963550966533,
      0.14652553310941396,
      0.15860978257709782,
      0.20015978062489465,
      0.2638891488828276,
      0.24327628239183627,
      0.2098581364255254,
      0.18094172223452837,
      0.2145179505120157,
      0.08779897772078414,
      0.0589083365501175,
      0.1947560159663154,
      0.26667133269613685,
      0.12721410828178673,
      0.07881518329438501,
      0.003711314305117863,
      0.11815926671610973,
      0.17433307426562872,
      0.09243986963744628,
      0.005724278058838816,
      0.16373848240005157,
      0.1681720324606966,
      0.2856156771850751,
      0.2617684645365988,
      0.258445370921681,
      0.19670033538419077,
      0.2552916481933546,
      0.1784973784938997,
      0.27279026625652214,
      0.11017930550216565,
      0.18816666342198443,
      0.0031502848795372795,
      0.08321082860477831,
      0.10927208650664498,
      0.24183508031712742,
      0.16507475261651078,
      0.2395486672113266,
      0.21941942559113953,
      0.24990995353902345,
      0.0457027922987727,
      0.17420903531006127,
      0.2858166127039672,
      0.2416429703757282,
      0.09486434201537632,
      0.0473521697506071,
      0.27568525494654184,
      0.23727026691202274,
      0.01910434187423581,
      0.0768880998387671,
      0.17450572671733186,
      0.09283607403376269,
      0.02685414860795927,
      0.2153312769206932,
      0.12314625554716313,
      0.23493306504765674,
      0.21161463420342427,
      0.2733608439299827,
      0.0660049500426436,
      0.22021613855537436,
      0.2063952978116826,
      0.24294207065464482,
      0.2711781821783206,
      0.05936867995379791,
      0.13912872392535947,
