{
  "horizon": 720,
  "granularity": 1,
  "priceSchema": [
    0.198,
    0.198,
    0.198,
    0.198,
    0.225,
    0.225,
    0.249,
    0.849,
    0.849,
    0.225,
    0.225,
    0.198
  ],
  "agents": {"h1": {
    "neighbors": [],
    "backgroundLoad": [
      0.13062427735332846,
      0.20413286258683044,
      0.16734683895096752,
      0.2766035653799574,
      0.2662605421954959,
      0.05274773993808633,
      0.10901251848959566,
      0.2331974627907392,
      0.24830677225968728,
      0.0755146895075289,
      0.07854054049943078,
      0.18536710252737637,
      0.06455579563850702,
      0.018274804093833828,
      0.06528765562584939,
      0.05642192313823584,
      0.03288722369827379,
      0.018587436048714434,
      0.22045893268961728,
      0.1507828936386843,
      0.09896466222245633,
      0.05811554416701454,
      0.04674450022675156,
      0.09091589643548283,
      0.09702336146685431,
      0.13130933470999875,
      0.003548989908999034,
      0.03704965309772244,
      0.2611247166385707,
      0.2297479009216979,
      0.2262430259739866,
      0.018549152541568758,
      0.24230515030750294,
      0.09739389531959254,
      0.27059216798725794,
      0.0910534937057008,
      0.02766200559481008,
      0.17066143412194779,
      0.13601614862172784,
      0.1769138429237568,
      0.22755111815892873,
      0.046796842718557885,
      0.14257085485824242,
      0.26010518912233316,
      0.15189069527863824,
      0.2650930420668366,
      0.16782380760884788,
      0.07386083430349728,
      0.2203863324520691,
      0.21054577147251372,
      0.05550747955172849,
      0.2852748027458551,
      0.03397845538194346,
      0.017454280448023007,
      0.05597047732056324,
      0.1755913639286804,
      0.166258735746769,
      0.29456136399483324,
      0.1356779748628381,
      0.15717989418726236,
      0.29213319262207804,
      0.23678465740357718,
      0.1847885325021458,
      0.13603979919670459,
      0.14901034207591093,
      0.2733774311889726,
      0.23442676588864858,
      0.15729600020970633,
      0.17652341913612857,
      0.03664323693004603,
      0.03320208538433828,
      0.23634114315705532,
      0.2882467131505316,
      0.14731235056929778,
      0.21161325707741602,
      0.0059991981346039225,
      0.24264892474093533,
      0.21728840201522556,
      0.029868894524611875,
      0.14174849562264205,
      0.2744862648701367,
      0.09090120783687809,
      0.07469259956907603,
      0.014614620580578974,
      0.018103553770857393,
      0.21798946125552335,
      0.24868404437414596,
      0.1369472906505515,
      0.11386872586322845,
      0.2659096727539043,
      0.13166948038830995,
      0.12244033077441563,
      0.25297063877644255,
      0.2323724427359183,
      0.1771043037940597,
      0.2527073797863204,
      0.036131256088432984,
      0.14111490054653464,
      0.24031428815967878,
      0.04358532771273201,
      0.03399446764726326,
      0.267538700877303,
      0.17843459699905376,
      0.21922234597732657,
      0.07851030572019924,
      0.194860235857322,
      0.0526652324915996,
      0.03816095797612069,
      0.26976597917793954,
      0.23057488746578136,
      0.126070708505295,
      0.25553426550724295,
      0.22357418087396855,
      0.29952913379701535,
      0.179847743103394,
      0.2458917652207948,
      0.08318059789423175,
      0.03929660498267427,
      0.20104643597124802,
      0.0347629005509032,
      0.06222690922415871,
      0.28795018861805693,
      2.908105497841262E-4,
      0.1768566328974677,
      0.006137436507112092,
      0.07840952917102272,
      0.11732151142744067,
      0.1851418263586888,
      0.29414498120154836,
      0.0020640313765473593,
      0.0766402372004994,
      0.2306475191939623,
      0.24282055184497087,
      0.011137725238615281,
      0.03485552934644417,
      0.029156615219292,
      0.09576868838279635,
      0.08044999440089907,
      0.22846527872520503,
      0.07021786851454712,
      0.14102489085219563,
      0.11170539220155819,
      0.012724245178972981,
      0.13554317522064838,
      0.23562668054607072,
      0.10443040627905026,
      0.04003131900852103,
      0.11832370693294006,
      0.04451541778605015,
      0.06767571920380265,
      0.1485990585040011,
      0.17190389302906167,
      0.0637237606543036,
      0.1695652540549084,
      0.21257351417175355,
      0.23286169196514697,
      0.21946658783948686,
      0.13639305545266286,
      0.12246732230431762,
      0.10747522711653264,
      0.13151653559413864,
      0.057585195104741145,
      0.20354033431279217,
      0.1344847130781262,
      0.2574179180401838,
      0.1999116158040674,
      0.005350145231022651,
      0.04630807895220805,
      0.2717398491356877,
      0.20569806922825723,
      0.23272476753747148,
      0.29278700997841545,
      0.09901680927577455,
      0.2584398768792324,
      0.24490922813530713,
      0.2770345179014873,
      0.15254353903639564,
      0.18494492789776412,
      0.23343477947701421,
      0.29755500070118945,
      0.2082116090293374,
      0.2701652225479773,
      0.16557254743142566,
      0.15509653673774296,
      0.13122597027291713,
      0.16653866524283242,
      0.17790305516587482,
      0.03267053272869429,
      0.08107690452069155,
      0.03841292685456954,
      0.046239718120781134,
      0.03297271407682445,
      0.03201284123283847,
      0.11539121575171019,
      0.26751338140375386,
      0.06600396158695114,
      0.18569807036669855,
      0.07638770491242022,
      0.05722111710534675,
      0.11940329537392637,
      0.061101994970679585,
      0.25207236632372965,
      0.2462788179882132,
      0.1754596855235852,
      0.08707285947729265,
      0.17733134612392137,
      0.24257880844555244,
      0.05831405816392384,
      0.1081007661883229,
      0.01089842763335741,
      0.04756401370341089,
      0.21486061530637324,
      0.07764475026248491,
      0.2423026658291782,
      0.02876212842075787,
      0.10989294499359677,
      0.03155106697572766,
      0.2356789231369507,
      0.20629181170697355,
      0.1814532866910257,
      0.23439127362402126,
      0.03193028828799249,
      0.20239295650147077,
      0.002789210615466753,
      0.006097537501662053,
      0.2372047420531916,
      0.1806582984080637,
      0.05188291398448579,
      0.23891878470730626,
      0.13610030261116493,
      0.10531043569022186,
      0.13240323132464063,
      0.21670402529795765,
      0.020762019804434782,
      0.13762902549450842,
      0.29884981519862197,
      0.26435570097143646,
      0.28578125624654666,
      0.058060938665771805,
      0.05340092473550242,
      0.048237483040004525,
      0.22751849128305246,
      0.19268657163475647,
      0.19841854824173405,
      0.07302236591995963,
      0.19778246077455355,
      0.002153594298744832,
      0.17950610916145995,
      0.052290898558641725,
      0.23417651192634842,
      0.0497620669898403,
      0.07080505458853512,
      0.11699092657750498,
      0.19392450103667097,
      0.10139454391608949,
      0.2462805916143293,
      0.17453979085393642,
      0.12116930078904724,
      0.11655810338839667,
      0.1966815539724726,
      0.11123959839688431,
      0.17189111760246695,
      0.14713650599702294,
      0.0658556165385435,
      0.27682713186016833,
      0.08175961100524144,
      0.04004074223545821,
      0.03791773624048874,
      0.24968004852639816,
      0.023758191877599477,
      0.05628110234684616,
      0.29966500550820574,
      0.1178874340858681,
      0.29499100896022534,
      0.1598896923937499,
      0.29827335456930043,
      0.09025402577106582,
      0.2912529666680483,
      0.2591011110559415,
      0.16396232431424793,
      0.08845658989576632,
      0.05559428817951848,
      0.0966345759730389,
      0.23499027892719496,
      0.15819457832559577,
      0.005473262960321001,
      0.23778847615439178,
      0.11753601016025834,
