{
  "horizon": 720,
  "granularity": 1,
  "priceSchema": [
    0.198,
    0.198,
    0.198,
    0.198,
    0.225,
    0.225,
    0.249,
    0.849,
    0.849,
    0.225,
    0.225,
    0.198
  ],
  "agents": {"h1": {
    "neighbors": [],
    "backgroundLoad": [
      0.19517195744337473,
      0.1763586394883683,
      0.2164352069428373,
      0.17442019085355084,
      0.19571080321979453,
      0.27304114981270616,
      0.22540980903194993,
      0.2232623101832622,
      0.06273539303097342,
      0.12943171191284794,
      0.06675681532187162,
      0.07569647395032371,
      0.06256988309514853,
      0.11634687267646923,
      0.13923559670100805,
      0.05671344464613604,
      0.1276420460834014,
      0.11435880229031589,
      0.1678947187639727,
      0.1498912451603712,
      0.29735878397154836,
      0.11365094631043934,
      0.22981216750963035,
      0.0780806714681149,
      0.007577462385494304,
      0.10346512670497338,
      0.20296082692427275,
      0.17410989864406223,
      0.2891107137401564,
      0.1503560468788679,
      0.09601299507324233,
      0.005034367259430439,
      0.03126405031683514,
      0.2755735321664041,
      0.149724468526456,
      0.25816747981791344,
      0.034413908592419426,
      0.03997980064885563,
      0.24892686480815474,
      0.11099283125531939,
      0.10705062817741041,
      0.27794615297249364,
      0.048352916796861045,
      0.10183929383100955,
      0.21016887416027044,
      0.27337578414089403,
      0.11957500203832759,
      0.09158107454120212,
      0.15270390575311585,
      0.2342591239919058,
      0.2999514605411136,
      0.1158018631379362,
      0.013346973998598277,
      0.1276816881008094,
      0.22789872471583753,
      0.15540111375346236,
      0.11967128034837665,
      0.010214694239031596,
      0.1553164596740988,
      0.2653590070552724,
      0.21373642265475826,
      0.07536091681480327,
      0.0920308400757712,
      0.2170273466381564,
      0.26800032046347183,
      0.026192974069208785,
      0.2432686536515908,
      0.20970470000981178,
      0.016501986999971574,
      0.18839695722307337,
      0.143548062279238,
      0.19603609818299292,
      0.04486881758111498,
      0.18116982433424086,
      0.09223073398762828,
      0.29717238378699884,
      0.1478076409959426,
      0.04520731704235696,
      0.20799209772720068,
      0.057348288491641204,
      0.2018520437370662,
      0.16779961425154005,
      0.18089477519124608,
      0.2626443867817837,
      0.18664196970281535,
      0.23708973955847154,
      0.013662266898500442,
      0.21702188323778102,
      0.23153109054651133,
      0.0023776323022314584,
      0.034299743460239986,
      0.053515191950874626,
      0.11267050209191022,
      0.28422470917775255,
      0.12297203275646373,
      0.11484460696359865,
      0.08915963336881046,
      0.2746037407055519,
      0.26083505598855455,
      0.16689531003680227,
      0.20672650237123277,
      0.005625672058529407,
      0.016267474317091156,
      0.005747297298711795,
      0.13640488613029006,
      0.2218733602272386,
      0.14857445440646028,
      0.06108121488376369,
      0.052269971507450684,
      0.005084817499781469,
      0.0019228403652149172,
      0.23216525452066497,
      0.15245085676449688,
      0.0966008916090676,
      0.16543146518723806,
      0.13824756047800985,
      0.25426072974574776,
      0.2931739240759989,
      0.1278124630578424,
      0.2475312347069683,
      0.17930008996313518,
      0.12935271339447324,
      0.07569391461548386,
      0.24290723563765765,
      0.2194706681576179,
      0.08315424906291578,
      0.04297772321261767,
      0.032685861668501744,
      0.17820932972226844,
      0.21840825554602475,
      0.10370128098994398,
      0.10129922266917396,
      0.1854809951613309,
      0.05173898593801245,
      0.22647873811352795,
      0.08915131582432437,
      0.2808770505945817,
      0.07020344437789246,
      0.02861386480734447,
      0.21002891860338632,
      0.1953909428944728,
      0.07095995074518445,
      0.18143148020426061,
      0.25548422523004716,
      0.2888901362786832,
      0.2910590940292533,
      0.06898425138102882,
      0.08676777605066617,
      0.06872382777685174,
      0.008473123330989507,
      0.22566192748734232,
      0.018262560231955494,
      0.26142362944119624,
      0.27954613266884504,
      0.0804558240536623,
      0.10247907411378937,
      0.08523247943069599,
      0.2429395533110041,
      0.07724880470947686,
      0.15097928680863182,
      0.29805670169792453,
      0.20027327747264234,
      0.04066785678737604,
      0.10573609936963531,
      0.04330843862003234,
      0.26819985141285757,
      0.04755202912583958,
      0.20683964523263534,
      0.06964107663272597,
      0.2101375290120968,
      0.13376934340050284,
      0.19907525534246123,
      0.028625615784735613,
      0.09989499240558415,
      0.08062160784863165,
      0.22701563323241883,
      0.018141450217441766,
      0.2451132464449683,
      0.1354585096905064,
      0.1107019384193821,
      0.22623046953018253,
      0.12331264037831946,
      0.20462032017504128,
      0.20556819738490129,
      0.060349968037956565,
      0.19501052455158566,
      0.07720826500737578,
      0.12964982556098703,
      0.24532581013682433,
      0.13077943723642702,
      0.0913329367526746,
      0.20569092009614445,
      0.12132359080438262,
      0.15963327620753243,
      0.2583885072658411,
      0.04242362231617377,
      0.2992055400203307,
      0.07535220732278544,
      0.09872647030233203,
      0.07585699348550651,
      0.19294991434994183,
      0.13062154679068416,
      0.21744983226692294,
      0.027251041869085835,
      0.14813512044402333,
      0.2576359230755005,
      0.14813992447532112,
      0.28634598130188404,
      0.03661454929130403,
      0.13979861813474742,
      0.0473066321849221,
      0.11975306299339192,
      0.07997008130944212,
      0.03238099140479732,
      0.05894686472948169,
      0.25404273411566886,
      0.18332257900018206,
      0.13193105357883422,
      0.017830979998866958,
      0.0406974222336146,
      0.1796376376895531,
      0.22715404427633204,
      0.044747655051191805,
      0.2434538110246556,
      0.23487161086475145,
      0.2271004776447796,
      0.17784258287354743,
      0.24825571054349657,
      0.2583069244345251,
      0.12704979008946324,
      0.23152300307029455,
      0.14270884490725058,
      0.10994964794187502,
      0.2673438367720187,
      0.1660407891175541,
      0.21237377816613623,
      0.0559308131252527,
      0.019651947594001105,
      0.15581443654323768,
      0.22781949848379046,
      0.21500583263878742,
      0.12705724777766328,
      0.160200073282996,
      0.1624302043578977,
      0.03216914711261474,
      0.06213484127080769,
      0.2062489768044002,
      0.22133370062920624,
      0.22593637653390272,
      0.008360622204607681,
      0.1810596658574791,
      0.05549734137907514,
      0.14426063124107816,
      0.22354329209034143,
      0.09530003609228149,
      0.15133598883246602,
      0.18370165960308577,
      0.09996405261561767,
      0.02676894109675273,
      0.009160303949114068,
      0.04378118687472071,
      0.10573109574177277,
      0.08538878550838341,
      0.14009109251675195,
      0.04962703479149606,
      0.0061895760527613695,
      0.06591392947822544,
      0.03438429952164026,
      0.08796676434798298,
      0.244289222507256,
      0.10558391184206903,
      0.2948095619139608,
      0.06455243507225658,
      0.15361374826344282,
      0.2357616099148496,
      0.1761245997600923,
      0.07355724344552385,
      0.28059939194009653,
      0.20212365808455915,
      0.0847983764737228,
      0.21008539866172984,
      0.10075342024884067,
      0.12304096534931495,
      0.058044562626341875,
      0.2641103105293933,
      0.02965866402059106,
      0.1810899269321172,
