{
  "horizon": 720,
  "granularity": 1,
  "priceSchema": [
    0.198,
    0.198,
    0.198,
    0.198,
    0.225,
    0.225,
    0.249,
    0.849,
    0.849,
    0.225,
    0.225,
    0.198
  ],
  "agents": {"h1": {
    "neighbors": [],
    "backgroundLoad": [
      0.009681945418950465,
      0.03350551181813468,
      0.032756365328110056,
      0.1076002496337501,
      0.14049410806947218,
      0.25278248027550776,
      0.04968950227947546,
      0.02528360263360888,
      0.18047505909374942,
      0.19048538532691744,
      0.16873018781692214,
      0.2747245137087165,
      0.1087163522686621,
      0.10678203789608941,
      0.2850805532901807,
      0.1857476604954431,
      0.13978594447084228,
      0.03583638589271667,
      0.0953686955280808,
      0.16478040963692808,
      0.18752619213492625,
      0.06912077157575706,
      0.2351457114654548,
      0.15910957387755262,
      0.2656073032328131,
      0.043994708703501396,
      0.16189449125941416,
      0.21138095183382852,
      0.16325434937489294,
      0.15092889553428165,
      0.17115157364422015,
      0.10689454462319459,
      0.20077053984920953,
      0.11269370289555719,
      0.2565210602758465,
      0.27286090919802247,
      0.08042394376567659,
      0.007507269758588886,
      0.15227449695142914,
      0.010054276720897148,
      0.027430602078094325,
      0.03155485252919982,
      0.028032132721383673,
      0.14053628616045144,
      0.2696722220171936,
      0.2268061335963802,
      0.2231733640371323,
      0.2989835572060212,
      0.175197345392079,
      0.08143818211497107,
      0.26580488590826046,
      0.08534329396809671,
      0.09275991094454134,
      0.14558279220484974,
      0.23168096657653864,
      0.030066767093857426,
      0.22473661072878504,
      0.04539021756138504,
      0.07216729491484933,
      0.026793550602046554,
      0.2556715480806609,
      0.20117177799454228,
      0.2723746553786442,
      0.21926870460040643,
      0.07960239080391027,
      0.17195467500620107,
      0.1526041788317542,
      0.26470696905067853,
      0.2924694403307596,
      0.04029607716256587,
      0.06821944849672043,
      0.051094325206394474,
      0.1965543472888804,
      0.2859581080048669,
      0.021048807074289664,
      0.22208052463474234,
      0.08124079190972794,
      0.12367480485468858,
      0.24058835076969043,
      0.24422653784036055,
      0.06016825165410058,
      0.10955038852357253,
      0.19788346416887978,
      0.10090910880261066,
      0.11124425441528298,
      0.07342654159484621,
      0.2849633443650539,
      0.02436866451997751,
      0.2956590333169836,
      0.12270774584902103,
      0.00874779848169811,
      0.21640011112449808,
      0.07662610304144576,
      0.01881244541079938,
      0.1726831305294987,
      0.1855336851229219,
      0.018771659846191623,
      0.11853904539480394,
      0.0473607870450233,
      0.0940303706828739,
      0.17807516980896113,
      0.2328883601989337,
      0.25644089243929813,
      0.10129933384317057,
      0.25652252624115707,
      0.015905282313759216,
      0.040496276798086026,
      0.05592054694246552,
      0.2560214394985452,
      0.22502815385537714,
      0.24498588704311208,
      0.27166101297574136,
      0.009781313958628456,
      0.11398783692053616,
      0.10820061075831933,
      0.1594463213799183,
      0.28318448089071,
      0.13081427628770467,
      0.17589235339657505,
      0.058686359857153675,
      0.1714993574860909,
      0.2404180538994321,
      0.1455429271812013,
      0.21614068244053128,
      0.017762740761163198,
      0.240599611125692,
      0.18462199513293687,
      0.09328824870281571,
      0.09792585055442077,
      0.28222334445952507,
      0.2099932328349702,
      0.14224496673453357,
      0.020511864108299725,
      0.12100320058677361,
      0.21574589688986273,
      0.052859680618806214,
      0.2355336597366678,
      0.21916014831031894,
      0.2624186716672521,
      0.15174478460537827,
      0.2686773125875385,
      0.17870600385793733,
      0.06196110839170399,
      0.10435939092108036,
      0.17407995853599512,
      0.28335022825692024,
      0.11621157238484364,
      0.24681707263233088,
      0.05861959605763388,
      0.06449082638032543,
      0.11639407090384422,
      0.02121525224381776,
      0.10622848705646899,
      0.15383792017175732,
      0.030938060531616993,
      0.2419074603062192,
      0.04924171524466664,
      0.05208782214572897,
      0.1506522413640274,
      0.27508443687479917,
      0.287769998241605,
      0.15082252656888842,
      0.1735269781025755,
      0.135766347557458,
      0.13009862392641128,
      0.057249139248626846,
      0.2307630220524945,
      0.27854198547455566,
      0.11251023016244487,
      0.021215172345876065,
      0.23837736150794558,
      0.04503236687187027,
      0.2545201375716987,
      0.08004881086159103,
      0.11676550450270434,
      0.10736723491869381,
      0.04783580552067612,
      0.03272165680901531,
      0.2319932847737619,
      0.003754945555065425,
      0.12174115390935421,
      0.19080574979986686,
      0.20144514531089988,
      0.10669674481273457,
      0.09902086447265045,
      0.26865399618543034,
      0.18746322501009724,
      0.013930035515513427,
      0.12847276166537303,
      0.25063023456131633,
      0.26681824196219983,
      0.05718724629717576,
      0.003728366408344241,
      0.004484232780233521,
      0.13925924380290433,
      0.06465787464841488,
      0.09059342716990465,
      0.07047511807155962,
      0.1414875460152172,
      0.09390078143151677,
      0.2420222709481955,
      0.04934170061999995,
      0.1429829810713592,
      0.2396809854780268,
      0.16121099267434422,
      0.26730403212350445,
      0.12825174684507645,
      0.038273476064350144,
      0.16988694898012738,
      0.13559570965372283,
      0.185874649250024,
      0.06065769146165623,
      0.13002095186667278,
      0.12612159086499178,
      0.004257564581479445,
      0.11912126019640899,
      0.25923948988454576,
      0.2912733928225449,
      0.10836911720829598,
      0.03534163343140444,
      0.16918122028279095,
      0.22841499053219064,
      0.08744830592990994,
      0.16684068054718554,
      0.25518435128334604,
      0.09688155049749116,
      0.2068015646954278,
      0.17035908266628394,
      0.1151327913153867,
      0.2509452739387047,
      0.040914990778658865,
      0.2738733358292767,
      0.011282204955302166,
      0.2671087731599992,
      0.29239873431032337,
      0.07156963115970218,
      0.20098790451345114,
      0.20242979103923134,
      0.29516058139746865,
      0.18632515714531156,
      0.28844374122143374,
      0.11576815923339057,
      0.2507061254721037,
      0.06093508707269574,
      0.07381222951920648,
      0.062397726410458654,
      0.006183799186854832,
      0.18948423554028854,
      0.22475007203182262,
      0.1966862896815395,
      0.2044022196683673,
      0.2263479666536779,
      0.2626113302786124,
      0.18969612125663918,
      0.03649262588180214,
      0.13990924415029607,
      0.006462332413805882,
      0.18515245909233244,
      0.19770107310198198,
      0.017388936266197474,
      0.05554992242304698,
      0.047633956701573596,
      0.2633677303217031,
      0.15343455456806346,
      0.18093533871960282,
      0.024046257553527826,
      0.07974378086407463,
      0.276500770725613,
      0.24829199438920777,
      0.2515723363805256,
      0.22646283220363725,
      0.10779945636016557,
      0.16919731084532877,
      0.02043523805543248,
      0.08317407447179245,
      0.28370041480197866,
      0.2772507483339735,
      0.05529221204791318,
      0.24465830538393904,
      0.027629143150500135,
      0.12697012880393768,
      0.14220714374796734,
      0.16052382196989318,
      0.260075978962875,
      0.25490332805964827,
      0.24882576287575184,
      0.026590997120174063,
      0.2006509144001002,
