{
  "horizon": 720,
  "granularity": 1,
  "priceSchema": [
    0.198,
    0.198,
    0.198,
    0.198,
    0.225,
    0.225,
    0.249,
    0.849,
    0.849,
    0.225,
    0.225,
    0.198
  ],
  "agents": {"h1": {
    "neighbors": [],
    "backgroundLoad": [
      0.2363022742367969,
      0.034712266571300984,
      0.2025217390776274,
      0.13527335423438366,
      0.23759184588370463,
      0.05742847032965341,
      0.17743985084247785,
      0.28907613223777145,
      0.15049370790083721,
      0.019861954000826486,
      0.19352902824472965,
      0.20574989090138374,
      0.1327885657476694,
      0.10509268758955995,
      0.2604153284909098,
      0.08484812654023412,
      0.021862600424464817,
      0.20605239257687133,
      0.21943128063350298,
      0.02198360072666501,
      0.1607867611868419,
      0.2392116749881527,
      0.03297174898477967,
      0.19982982066777868,
      0.20853218018025207,
      0.091341367441254,
      0.2740113932343294,
      0.049562458201687774,
      0.28399733695041696,
      0.1254638844290247,
      0.11975676080414116,
      0.16077689370777976,
      0.27435099144250513,
      0.1273260364736626,
      0.07503757357613217,
      0.0039399696447647735,
      0.1831299052035694,
      0.2829934474647746,
      0.15397247892607943,
      0.19638625146959063,
      0.18863527069453143,
      0.11503579514724856,
      0.07815269259274556,
      0.1688073528861627,
      0.22157335595518185,
      0.20231788841989742,
      0.010225983740135058,
      0.16846645045850248,
      0.20578927888209883,
      0.1066972980902522,
      0.09332458515984982,
      0.286644344583023,
      0.14884120534059206,
      0.12505196488780826,
      0.17369880047304675,
      0.038979437965896944,
      0.1919387780281964,
      0.10973477162224056,
      0.28468425833781236,
      0.26641349005839854,
      0.28178455859977086,
      0.18093765178989882,
      0.052257742084635295,
      0.2815574207003512,
      0.2523378882235791,
      0.1452205241115627,
      0.026502074538810084,
      0.15391771454297906,
      0.13210216159344432,
      0.2323594710673245,
      0.010729482247897293,
      0.257565374659062,
      0.23839309644953427,
      0.20412747228475944,
      0.15105488385093854,
      0.22541140360130485,
      0.16699916503302312,
      0.04708991559120169,
      0.15437808650161391,
      0.26589667534993217,
      0.0606927245294387,
      0.11771811362525778,
      0.0452130680508868,
      0.17428225806248288,
      0.04649595181286876,
      0.11874989849031445,
      0.24879548122357922,
      0.028457500328208606,
      0.056718167785860904,
      0.1908646375912161,
      0.0956878596330219,
      0.05250309454239904,
      0.21726611692735706,
      0.29416904550935735,
      0.03795834629781083,
      0.05830752865844441,
      0.1436985910008465,
      0.24745934498294755,
      0.0076262078833620565,
      0.03768401227801671,
      0.10982953051590119,
      0.02250157554167038,
      0.038876280778866776,
      0.016931598000670057,
      0.07952734792510877,
      0.04211705993224574,
      0.061166048849221465,
      0.04241754009927005,
      0.0913591454339114,
      0.04709907061537808,
      0.20004512069042524,
      0.2106889622732919,
      0.29192558617403047,
      0.20889836202353004,
      0.2760646069789651,
      0.10543021260365962,
      0.2605053440282045,
      0.04538229973873374,
      0.020790340645659156,
      0.29160716501259587,
      0.1020801766142143,
      0.13978665692978337,
      0.17163868375959823,
      0.1629724956934778,
      0.15802013171355678,
      0.28695983712081397,
      0.11394293063232375,
      0.013130428738125255,
      0.14120125509097295,
      0.10565278730212406,
      0.28442941645436026,
      0.12032388597475291,
      0.20508984694800794,
      0.003951761184481151,
      0.2883239286840445,
      0.04072728724965082,
      0.13144414501913212,
      0.04761056970946269,
      0.08647937219684607,
      0.16613613861852436,
      0.20868273150683883,
      0.11990418293112498,
      0.10867678028419449,
      0.11753161059981772,
      4.258741811740685E-4,
      0.12999125581949172,
      0.019085474763201216,
      0.19161505388830882,
      0.030007088310043215,
      0.2448515937052831,
      0.25665529689339217,
      0.1990461844975934,
      0.08933529612900497,
      0.24939791820602264,
      0.2262225628961816,
      0.11567025344040933,
      0.09694508895963987,
      0.04370390891076955,
      0.1513516367816192,
      0.19331574404112475,
      0.1778621390174786,
      0.15546623057032682,
      0.09839609240832752,
      0.1675446303353139,
      0.13518550169500973,
      0.2940370464680462,
      0.1524684081517003,
      0.1263709181260529,
      0.20698917301184863,
      0.17051500900142696,
      0.1779772417074342,
      0.18163716363296925,
      0.25920805250571843,
      0.005955538086842826,
      0.2170499522343449,
      0.24734305919919464,
      0.23536731547578948,
      0.06306459276693564,
      0.08418561544596291,
      0.1295399466843445,
      0.16731904714602056,
      0.0506656033993879,
      0.03299217247876648,
      0.28161402911062317,
      0.04324692895582547,
      0.022420763714546366,
      0.02552921315956571,
      0.1917274765936835,
      0.2130498116402696,
      0.1132166112211285,
      0.01783138016575798,
      0.21681905923110367,
      0.060650820515597975,
      0.03176040560769733,
      0.20187461496604983,
      0.15393559268015458,
      0.09096520190691709,
      0.21817267085099226,
      0.0910239642598335,
      0.04348881465430214,
      0.1269210123140431,
      0.2776863693977743,
      0.13376544960309653,
      0.09547003054622226,
      0.29133690954831054,
      0.2724564058783394,
      0.24552591019863598,
      0.0935862856004626,
      0.23111165055149918,
      0.24940571468243936,
      0.17807595551082653,
      0.023662971616114237,
      0.015616924457107717,
      0.20819984667749583,
      0.022105150569731846,
      0.27531184003292275,
      0.1965502345099628,
      0.08263238664770799,
      0.2781240532080241,
      0.06321963800556214,
      0.29694511413051355,
      0.15051683419532755,
      0.16968555635548102,
      0.19728752870707095,
      0.0442838256502169,
      0.1418265188995454,
      0.026492121955737434,
      0.07051246838862615,
      0.04095562925062409,
      0.10750713495247609,
      0.06013607878254107,
      0.27748757576052996,
      0.024724704950549004,
      0.2341103568091181,
      0.14011593446631482,
      0.23092978950567733,
      0.13852109585634462,
      0.1556500811084812,
      0.02669279902284143,
      0.08829319105968805,
      0.27354534724543544,
      0.013209286858932145,
      0.0446604259639764,
      0.06439469169003327,
      0.18136310360974353,
      0.1668118324920548,
      0.22472603278045322,
      0.24943862055583207,
      0.16425975417537844,
      0.24041397250978164,
      0.2898550790670306,
      0.22584814215096022,
      0.18225763617303445,
      0.26311899019841534,
      0.021413809371671578,
      0.24651602309198514,
      0.16775619874167602,
      0.04275630967481735,
      0.062233492925823815,
      0.24886316856821217,
      0.17843821160374618,
      0.04423379672974113,
      0.030648243701949962,
      0.29945086112764446,
      0.10401157532059498,
      0.10279898736590645,
      0.10089953257636125,
      0.12062565765348233,
      0.20681799454401223,
      0.21181265205037142,
      0.2547987056049601,
      0.0981941373290112,
      0.21999865443524966,
      0.0574939839482794,
      0.20027256197110896,
      0.07191420655915498,
      0.20435552446042943,
      0.17923443825453103,
      0.11771639642644337,
      0.11929190899659595,
      0.17050128695917416,
      0.14293583323796794,
      0.2147603229422429,
      0.20795187898511688,
      0.22401949479703884,
      0.05534338400536546,
      0.11027414599347901,
