{
  "horizon": 720,
  "granularity": 1,
  "priceSchema": [
    0.198,
    0.198,
    0.198,
    0.198,
    0.225,
    0.225,
    0.249,
    0.849,
    0.849,
    0.225,
    0.225,
    0.198
  ],
  "agents": {"h1": {
    "neighbors": [],
    "backgroundLoad": [
      0.003946105685563373,
      0.0603628850284673,
      0.1596279037705959,
      0.19566810157874756,
      0.21795053578462023,
      0.11169006863719062,
      0.08076799690166919,
      0.25793597947490865,
      0.07920141359620565,
      0.03761843863860118,
      0.040695354179737055,
      0.05199699940334429,
      0.06293025879704049,
      0.09531103491015133,
      0.04808174240620559,
      0.17408493040769643,
      0.02057523335170189,
      0.2637714387960345,
      0.29185198107646765,
      0.00916242789663223,
      0.18726976079848806,
      0.08717418274795978,
      0.12716026533115607,
      0.23491489095350726,
      0.2536314767328139,
      0.09197395852822716,
      0.24586063675443623,
      0.02813309149579869,
      0.15125443043797202,
      0.2575312713164651,
      0.11025999855585873,
      0.1929926767613365,
      0.06575266613225822,
      0.1455282238487131,
      0.008380887979440888,
      0.050288322860447356,
      0.10426204029269463,
      0.2301928545901506,
      0.2834272819532232,
      0.15900077912988392,
      0.12336973077836594,
      0.20401806086502552,
      0.13933459340389676,
      0.1570960792897169,
      0.041620839098643246,
      0.0050711994452055315,
      0.288254279989616,
      0.13535858293668726,
      0.1299751746551682,
      0.008807214404617802,
      0.0013886768996569266,
      0.03155323143493666,
      0.029129531382875083,
      0.07662802783841695,
      0.12293311307959662,
      0.2859099895872156,
      0.24467623440804268,
      0.014481981012823851,
      0.16933952994015053,
      0.02733020388094638,
      0.20049010208080906,
      0.25951056274853695,
      0.02546308464569057,
      0.1871622185924012,
      0.22129083935816218,
      0.12552133012953054,
      0.29105803668927016,
      0.022143755380997065,
      0.16486896670236637,
      0.19403924787495172,
      0.29655587805289835,
      0.15564324036052568,
      0.2589907495904769,
      0.06737008576388723,
      0.2614860197832659,
      0.16350055141863643,
      0.06621460833023758,
      0.19858910637321414,
      0.1802342669490791,
      0.13889245191656874,
      0.060739799765283695,
      0.2605847165050374,
      0.19845002803607248,
      0.007212706202378094,
      0.1778568108671197,
      0.22349567347628158,
      0.030346609152697476,
      0.1610049517596733,
      0.14640532922333063,
      0.2078183545146776,
      0.291814831310722,
      0.2451674974272771,
      0.05731711702900385,
      0.27651393567496296,
      0.0510554207531855,
      0.23633785768722226,
      0.2997345301631153,
      0.1876453946056222,
      0.02422290614819945,
      0.15412083930710233,
      0.13329660443564678,
      0.002871750825908437,
      0.11937825391890283,
      0.24166579628759194,
      0.06393333385885483,
      0.16201208863548203,
      0.02140855290351393,
      0.01572944340907315,
      0.1820452006848168,
      0.1547398889211909,
      0.054590274507710077,
      0.10833960704795485,
      0.1670473798501087,
      0.2798318528922092,
      0.29444608753740825,
      0.1290945954547277,
      0.1324677727729091,
      0.28156722665125783,
      0.22670284793198103,
      0.17235067072155602,
      0.07186513912336608,
      0.02065193617105584,
      0.14249040115552453,
      0.006612268874412885,
      0.15225686269218025,
      0.21618904037940964,
      0.20674678288883105,
      0.1284573373860929,
      0.12921700922222684,
      0.10034598701633424,
      0.06603079094155284,
      0.04946788993570569,
      0.10884789915675903,
      0.030736797922589352,
      0.16117961400958186,
      0.21643617686103517,
      0.07246162511365815,
      0.21265125173887867,
      0.10477278340098395,
      0.23366031828303194,
      0.2791778549525196,
      0.16303891579403834,
      0.09240223149764941,
      0.26590912565446306,
      0.09804514033132831,
      0.07570055279732184,
      0.08734216339137701,
      0.25968539799693685,
      0.2935844672154107,
      0.12568059093595116,
      0.07802482188508678,
      0.0337541336405068,
      0.22524368635181533,
      0.06090782523571316,
      0.1802225166499772,
      0.2087980167076224,
      0.07127494795685398,
      0.25594898778165015,
      0.01744709329169063,
      0.18580161128080716,
      2.726280765646405E-4,
      0.09039240803523788,
      0.05381606738393154,
      0.05416371848642993,
      0.22210856014908764,
      0.24633226788071405,
      0.054664143807331644,
      0.24920432125690736,
      0.15440816473393076,
      0.032541628783075725,
      0.11884191016416787,
      0.08103882250025708,
      0.005664870480091477,
      0.28603852898137827,
      0.19872233337934184,
      0.10561903778560978,
      0.07534057719073833,
      0.23647472527995797,
      0.059002574271264346,
      0.013301029076437165,
      0.18870825108813857,
      0.157080812264667,
      0.2840187985778806,
      0.2761471492603278,
      0.15372289423919222,
      0.2915158797412614,
      0.01947372712218597,
      0.2178108833619578,
      0.10882029929683872,
      0.005529236768732703,
      0.12387540009856035,
      0.06667601930975735,
      0.2073779848175296,
      0.04828177252930534,
      0.09380066451070741,
      0.012671584276369363,
      0.08174054017173989,
      0.06406128027283216,
      0.13180359361564079,
      0.23027365626179908,
      0.08531034963266158,
      0.23831951196865428,
      0.03932213259342702,
      0.13300647307319605,
      0.2443982384911883,
      0.1931508049182251,
      0.255094404419549,
      0.20778637232457586,
      0.13889151492054366,
      0.15541474967862137,
      0.23004526265782427,
      0.08426711562958393,
      0.19893502086745782,
      0.1491313286089492,
      0.1636981635594462,
      0.08997549273197523,
      0.020495886204046854,
      0.2622089384188921,
      0.030038060572276936,
      0.12502336745996007,
      0.11710182653462198,
      0.22226419261426905,
      0.14657280375939213,
      0.1426359213719943,
      0.11363735284765727,
      0.01102610795743265,
      0.2562119306962005,
      0.20623750819050518,
      0.2460917369638207,
      0.2832968522976469,
      0.15177522620098244,
      0.21626937113482442,
      0.01978643756792062,
      0.03161688765252347,
      0.028490314195720734,
      0.1506225981145314,
      0.19827567796489703,
      0.1139876813115376,
      0.08355630038291204,
      0.11480341545895986,
      0.2015187974179201,
      0.05751513664232921,
      0.2339826037683348,
      0.19030306793976645,
      0.16447103085950712,
      0.24335516104757143,
      0.2966684972380726,
      0.028570901018266013,
      0.1929284780738295,
      0.22776019907707623,
      0.021108445356235617,
      0.2078871154909908,
      0.1359658701063625,
      0.12945931635061758,
      0.01874624195572596,
      0.10385864534940975,
      0.01832747174305328,
      0.17234202784047536,
      0.27420123942196717,
      0.21220895419422853,
      0.04195266586124483,
      0.2567314575365758,
      0.2049519835414905,
      0.26683325616184556,
      0.04069673543302127,
      0.10271319728579047,
      0.028408975622492814,
      0.04588714633773345,
      0.20454203741977536,
      0.12529091869398465,
      0.0744390159189315,
      0.021692242331181343,
      0.19348982387837754,
      0.2858412050015868,
      0.27017429307484764,
      0.27574345166162306,
      0.05635765943604467,
      0.034110427690385116,
      0.2680413704442919,
      0.21182516864583892,
      0.2682806074848181,
      0.16854677624518824,
      0.1756279836344773,
      7.855819455971913E-4,
      0.10011261273495788,
      0.1413881515625906,
      0.0012993161767611227,
