{
  "horizon": 720,
  "granularity": 1,
  "priceSchema": [
    0.198,
    0.198,
    0.198,
    0.198,
    0.225,
    0.225,
    0.249,
    0.849,
    0.849,
    0.225,
    0.225,
    0.198
  ],
  "agents": {"h1": {
    "neighbors": [],
    "backgroundLoad": [
      0.18696883668717626,
      0.12650696055750768,
      0.15381871667999814,
      0.22151892508853557,
      0.12141810370535996,
      0.21914147481806803,
      0.14849972855487015,
      0.24942278587030894,
      0.17551607634653096,
      0.1473858859208812,
      0.2921379053882926,
      0.2595286776593834,
      0.14649400262038215,
      0.27042204333068315,
      0.1385113070390149,
      0.07231114716362239,
      0.1822196857319672,
      0.25068855680200797,
      0.2938846481883586,
      0.2486403736604094,
      0.2452114692183817,
      0.023941397927406526,
      0.08753708006562985,
      0.0341525318874872,
      0.17694640535513162,
      0.16284092297352773,
      0.030480541508763337,
      0.03877402407429041,
      0.023695337632512303,
      0.2753179719116225,
      0.15546719031509645,
      0.023260309695754777,
      0.25366200279823936,
      0.11027792527350078,
      0.23212010342574937,
      0.08978640172698825,
      0.19052546011528143,
      0.23204549002001096,
      0.2642593147322102,
      0.2816030847747982,
      0.14594930457215166,
      0.07746979352863902,
      0.24359736603627907,
      0.19887529273132043,
      0.0625847911914792,
      0.22798178793849302,
      0.1547086977742168,
      0.06732744905792316,
      0.23940963576751045,
      0.16582745737019786,
      0.1735298277244132,
      0.18302591137600854,
      0.17726409362399187,
      0.28867013701196625,
      0.047592207005422604,
      0.10285627537947765,
      0.062131911491265956,
      0.0981654880991654,
      0.17358331691416096,
      0.1550760371312002,
      0.12484815223083433,
      0.10568247747371642,
      0.08279364942780716,
      0.2671093843040423,
      0.08746152007796412,
      0.13800364693778686,
      0.11447468785163145,
      0.067767652875056,
      0.004479498463164378,
      0.08617454724575774,
      0.09426666030476841,
      0.008132552921069913,
      0.26515034183352926,
      0.2609072247805526,
      0.28402663785177107,
      0.02124869463538189,
      0.0650156456359445,
      0.19880406591729796,
      0.14042114207537668,
      0.23105446651836106,
      0.004694729754347393,
      0.03833215484210676,
      0.02470375311345616,
      0.09221307940845616,
      0.2559739733588168,
      0.04677599378737657,
      0.1318347505967135,
      0.11184374780682578,
      0.1227101544711252,
      0.28426214672192657,
      0.15254738383241928,
      0.2498405074190441,
      0.2136296430611559,
      0.13861895673397226,
      0.2499657607104109,
      0.03612253448689777,
      0.15246341266128996,
      0.2728960352455151,
      0.16777446956112724,
      0.15735608695334002,
      0.16585950294138951,
      0.028625244771240788,
      0.21976863126473226,
      0.24409113835719182,
      0.14815116975721698,
      0.292840695747947,
      0.05419520242560783,
      0.13003127358338584,
      0.14576924674020436,
      0.04625959923761682,
      0.02119201438042706,
      0.27036828780050265,
      0.04347705896272539,
      0.01938243348856572,
      0.14710751936432956,
      0.21461991601622804,
      0.09253040263789229,
      0.03970795204621617,
      0.12164035203793819,
      0.26698088085780375,
      0.13507561624372472,
      0.08758462995805526,
      0.040751439358430286,
      0.2623286319496847,
      0.008045382748001139,
      0.0678277902290958,
      0.24615203943324843,
      0.008911551098667357,
      0.1796559873804869,
      0.26717529051099315,
      0.2666366040045595,
      0.08515887116714795,
      0.27902096663124526,
      0.1833229067721963,
      0.18200413798959506,
      0.2797786437775974,
      0.2542642926971589,
      0.2192652492489902,
      0.20357995351024127,
      0.01107743260480687,
      0.16343134326621409,
      0.14575761497665077,
      0.1430131340364505,
      0.04567787347481449,
      0.044329142342140346,
      0.24244377091616592,
      0.029092831836022036,
      0.08640677503593344,
      0.023735526505381976,
      0.23791980039535615,
      0.21658929682777178,
      0.11586155693032252,
      0.03750113138132969,
      0.2562778912388776,
      0.137685197391166,
      0.24280022895135867,
      0.12961939786861615,
      0.25027983255886915,
      0.14260156228221074,
      0.03444809716618032,
      0.14830244490597538,
      0.02542227541738048,
      0.1852940595075212,
      0.049723682685159275,
      0.01707400860051491,
      0.23416923346696697,
      0.12950821837321327,
      0.2624173145366145,
      0.0044550862308012085,
      0.05930799757830291,
      0.16764843911024166,
      0.056289937206731706,
      0.21885174563208756,
      0.110453437967596,
      0.19995019394355285,
      0.05417673168761553,
      0.005668760517330773,
      0.24715844062656697,
      0.11380928716696112,
      0.0016199663063381942,
      0.20398516429566452,
      0.08048101085895744,
      0.17632833751769866,
      0.17878840052749245,
      0.08829591107434397,
      0.19099829081149997,
      0.17150439867771253,
      0.12533820478935895,
      0.1705428653213956,
      0.03191995622171399,
      0.2560146713140524,
      0.2979437802436317,
      0.1902491888464398,
      0.1306745213473654,
      0.07005593392972496,
      0.1491262127780429,
      0.06659374813669694,
      0.007228189097426207,
      0.17887611096560566,
      0.034699272278736926,
      0.251099941573798,
      0.154221395012562,
      0.10635596957489647,
      0.11458245800358963,
      0.1424882618852322,
      0.24538830363859773,
      0.05191406353069524,
      0.052491990889518655,
      0.28787741808529077,
      0.200527258237334,
      0.2519310213373027,
      0.0018769798325069308,
      0.19996002280863684,
      0.2903499703473017,
      0.0727360868703015,
      0.055599411763622195,
      0.0341841840203257,
      0.06909215992836605,
      0.2987177139048816,
      0.29186881460994857,
      0.02832802644616592,
      0.0897552077243093,
      0.18247424799093803,
      0.12892489081248393,
      0.08839213769989862,
      0.10487233661038578,
      0.2314101263385969,
      0.01426041525477859,
      0.24059810990966324,
      0.12676908330426634,
      0.12001740367647509,
      0.24402934228776402,
      0.1056848540452768,
      0.015455424895960877,
      0.04697069557433622,
      0.0906923766550827,
      0.15224471535241832,
      0.29538546864757165,
      0.025766194689598777,
      0.2426377466440313,
      0.15820855421481497,
      0.147088917961212,
      0.18688982199327464,
      0.1421108476141541,
      0.2887233082758724,
      0.23518702914634226,
      0.09203432702989614,
      0.15353922937630685,
      0.25559682360833974,
      0.04129751413138336,
      0.13295348648352245,
      0.276890489168374,
      0.08208159386877552,
      0.2447027811031003,
      0.07643531029655645,
      0.17660725368750593,
      0.08364382614498032,
      0.17565523430674332,
      0.2426565559893662,
      0.034591163997743944,
      0.07231942407595147,
      0.006700156847144268,
      0.17141671828731564,
      0.1951911168456363,
      0.18020052846123477,
      0.1404891675382451,
      0.0328250867196141,
      0.026760346774307952,
      0.14642899435469645,
      0.023203616653306645,
      0.2808815137449444,
      0.18632007760904676,
      0.025214743074169876,
      0.2951139380657457,
      0.22045211318255822,
      0.21229892967738848,
      0.2047183415034433,
      0.0908524577697959,
      0.1567324467319197,
      0.13970195355386286,
      0.031847325180011085,
      0.18060158959247447,
      0.12973293999178484,
      0.20581836904028983,
      0.2778397153257965,
      0.09753441196591706,
      0.22079491256389036,
      0.008346055539617758,
