{
  "horizon": 720,
  "granularity": 1,
  "priceSchema": [
    0.198,
    0.198,
    0.198,
    0.198,
    0.225,
    0.225,
    0.249,
    0.849,
    0.849,
    0.225,
    0.225,
    0.198
  ],
  "agents": {"h1": {
    "neighbors": [],
    "backgroundLoad": [
      0.06431031669727981,
      0.2929388159452866,
      0.17768343199636918,
      0.1378929304488054,
      0.16903895542009387,
      0.06779472321950607,
      0.09642197991187748,
      0.11648973433100532,
      0.24205746488452834,
      0.04648870769085445,
      0.23667500157834612,
      0.16966279714564955,
      0.2559844549409976,
      0.12906040505517183,
      0.17736615168210088,
      0.06183742063172804,
      0.09449991137522616,
      0.13717314610277104,
      0.10752042973675853,
      0.11302192290472975,
      0.08241609341305024,
      0.14053808162095255,
      0.06982289642953989,
      0.2882732484412441,
      0.027837449550476057,
      0.2202353568143535,
      0.04978034011038057,
      0.21634627939362835,
      0.20643183795303843,
      0.07805694293658379,
      0.12522530087941938,
      0.06810999295381459,
      0.02845103754118393,
      0.059394880823138804,
      0.08594217699330568,
      0.025120454533113977,
      0.07636036371589888,
      0.14364740440976548,
      0.2459018520110029,
      0.17293477152667072,
      0.228319903470271,
      0.14594268952994408,
      0.2940281252378347,
      0.047195135439602964,
      0.2787766421958271,
      0.04967496017063615,
      0.00794216578213429,
      0.2227317336425284,
      0.11583655897032859,
      0.05410454781859168,
      0.15550161278989588,
      0.17807334603290959,
      0.1245005542785419,
      0.04766659286475134,
      0.12372074822530531,
      0.2811215205633692,
      0.26846374759535624,
      0.2875882414371918,
      0.005732635898899952,
      0.06411681837531381,
      0.06831455141033002,
      0.18865416381127054,
      0.06439728814706892,
      0.2638241626621382,
      0.20186392814805837,
      0.18094176210842888,
      0.21835662034707487,
      0.12252204360021224,
      9.730390382243325E-4,
      0.18691027875978777,
      0.058337399463825,
      0.16200004504249388,
      0.17830235810904163,
      0.24184133492619378,
      0.27698084820255015,
      0.04722961746562432,
      0.13721000974394712,
      0.175360243572876,
      0.1492495439527613,
      0.1685282592904347,
      0.16535646423007053,
      0.27537791706392684,
      0.12760313361926492,
      0.23719401648341815,
      0.1216952465429965,
      0.2518086695798775,
      0.08556526165733706,
      0.22069865160814947,
      0.15418886260729214,
      0.19777578851673167,
      0.25208070704088126,
      0.07516156055882811,
      0.06948566301989852,
      0.07153727952608344,
      0.2763885437702957,
      0.29542857726037414,
      0.14548516435993467,
      0.16145523797007058,
      0.25307421214733605,
      0.2609681282531936,
      0.247346776722819,
      0.15215539421769342,
      0.26410738220319374,
      0.26496195475263223,
      0.12842165207149428,
      0.1041719416669946,
      0.13707026306751585,
      0.20117509278292986,
      0.021212465316661676,
      0.04512533719679291,
      0.2455446560648244,
      0.28832549011812053,
      0.10878876728884125,
      0.27683728764861487,
      0.05311299347394337,
      0.14810615758641912,
      0.04874620908011152,
      0.026749180654287406,
      0.08896323515860656,
      0.1854239029362478,
      0.18542834944780784,
      0.26153359178244495,
      0.1821538696860116,
      0.12235471453924157,
      0.2713517289970937,
      0.0016779293586935973,
      0.24091036019292983,
      0.27195492793070797,
      0.2629519779558564,
      0.059449847780485815,
      0.2917153385826515,
      0.18721307686798325,
      0.09401189538263645,
      0.22426167990435483,
      0.1779333431048236,
      0.1069882191129678,
      0.2245563702520736,
      0.299451342584392,
      0.024951322450828095,
      0.15755974461683422,
      0.02522654584268814,
      0.15076534961856167,
      0.2505784961249805,
      0.019634366262644542,
      0.2974447984621339,
      0.1839151897433965,
      0.024177181955574157,
      0.2883773983395613,
      0.12523365999427438,
      0.29946209187049666,
      0.2629211876186419,
      0.012000848038489609,
      0.22452939610732492,
      0.13043819176984167,
      0.2699018364005632,
      0.2831910720282157,
      0.2297946554862257,
      0.0820965174279293,
      0.012715209632141244,
      0.20893897565672123,
      0.2776811772047326,
      0.10231510519360155,
      0.2189694825087723,
      0.10580594949456554,
      0.23960365271777728,
      0.19586910735622298,
      0.23717494026856073,
      0.13241608654179424,
      0.19639610634011417,
      0.15719051656905844,
      0.2670010484311085,
      0.09753593594822643,
      0.29371341814403035,
      0.10988702763542928,
      0.17753717498567503,
      0.1254326051720876,
      0.13721104410583046,
      0.21615513429179994,
      0.16490242683029271,
      0.19796818973503238,
      0.06861249580078634,
      0.2887757228323166,
      0.13284965031508525,
      0.21636713102923588,
      0.1703705257753075,
      0.2879393886359039,
      0.26412357425299166,
      0.046393480919016516,
      0.2830710406602322,
      0.1621408562265999,
      0.07314976368722026,
      0.11957922908877355,
      0.14362944165294475,
      0.10056978292127496,
      0.1643828381243836,
      0.013785376037832852,
      0.2798548188658865,
      0.17154657649041913,
      0.10710166914797649,
      0.08367690071160891,
      0.05091827296714006,
      0.10952392387642304,
      0.20821346943504243,
      0.2654749780836695,
      0.006149420001355543,
      0.036806774354086635,
      0.07088188224733048,
      0.2736801185464738,
      0.05230308062544224,
      0.01709741008503682,
      0.2114140823042874,
      0.1140089825415851,
      0.23618885082286245,
      0.17323232998068913,
      0.26619864087141865,
      0.22541142507505457,
      0.05878821168858447,
      0.05536336468441255,
      0.29911365161328946,
      0.05262377453372674,
      0.25758283045377367,
      0.1562915185280654,
      0.07523919092466924,
      0.24104907281462357,
      0.24793654649881575,
      0.20617374320504733,
      0.03974327642108553,
      0.17086550646517604,
      0.2672027310622784,
      0.2931912490377153,
      0.09169347595667308,
      0.10596373843054745,
      0.15450513449118677,
      0.16132092854481786,
      0.2799309857981599,
      0.07933968991203348,
      0.2947356825781111,
      0.2508803549802391,
      0.0038728071251107332,
      0.14841007009940338,
      0.12799606887574927,
      0.1877448101701977,
      0.0498289056860348,
      0.28888123347021183,
      0.08552929958847152,
      0.260684336731767,
      0.04508384288062944,
      0.06933256091209504,
      0.25750267734588983,
      0.19114840399165928,
      0.07084747150260276,
      0.10578484213008493,
      0.14795784876856807,
      0.11758898415522896,
      0.14779990980682126,
      0.20688555048252402,
      0.2059956496310844,
      0.0998488952675524,
      0.006475283081801086,
      0.05396165831139029,
      0.0046484778712113425,
      0.050351200243292406,
      0.10942290173385423,
      0.2660801400567131,
      0.2921371019215117,
      0.23016188081390257,
      0.2151164142126467,
      0.20835379690494604,
      0.003047992205412808,
      0.18362349382023171,
      0.1773829920563095,
      0.2938907098125553,
      0.19511920486731182,
      0.22063816833041963,
      0.09980794135556524,
      0.13892683841788897,
      0.16429627472350897,
      0.187058766915598,
      0.0977855911381644,
      0.1927615961833457,
      0.0638715499622225,
      0.2580939804486086,
      0.08276726114276786,
      0.22127060641392346,
      0.17076965433172597,
      0.261556430105288,
      0.14889860516681122,
      0.010459150478873335,
