{
  "horizon": 720,
  "granularity": 1,
  "priceSchema": [
    0.198,
    0.198,
    0.198,
    0.198,
    0.225,
    0.225,
    0.249,
    0.849,
    0.849,
    0.225,
    0.225,
    0.198
  ],
  "agents": {"h1": {
    "neighbors": [],
    "backgroundLoad": [
      0.03497736391592142,
      0.15352111751495837,
      0.19265636055635219,
      0.27634623895222815,
      0.12266196723499438,
      0.013926951754433004,
      0.2680707018883074,
      0.18546671578164656,
      0.07111502438153162,
      0.0629114433913168,
      0.11343684339286254,
      0.06118794030713609,
      0.08676504713355843,
      0.19077691826409474,
      0.03351953924065176,
      0.07226320147784672,
      0.02064074701645735,
      0.25898305761574575,
      0.04237505674152118,
      0.12560521337370795,
      0.022193407017373577,
      0.08205105924509883,
      0.2414499996836813,
      0.24607131547943145,
      0.13216391844233857,
      0.21193915984812467,
      0.29733457470092556,
      0.29570132499397667,
      0.06344626625880774,
      0.16120175856355487,
      0.13030734479160164,
      0.009979727227245116,
      0.12376370806113479,
      0.2810353677446705,
      0.19957771685908696,
      0.004809315753392896,
      0.27290665221766575,
      0.06964970641077572,
      0.15133634083537426,
      0.04409292434723674,
      0.14174367038868585,
      0.1493839508479323,
      0.09220208830505265,
      0.19356128350411908,
      0.01667264415663041,
      0.27709778609967,
      0.13539318339227163,
      0.22716616806320183,
      0.18661451325928538,
      0.0033028805585066934,
      0.012838188649790926,
      0.13460314809288745,
      0.24878952615954422,
      0.011094997919382898,
      0.23797656868662592,
      0.2403421419713466,
      0.29080956687000575,
      0.11506695578796462,
      0.014475269921357337,
      0.18313020203071848,
      0.11866090701311383,
      0.2059601225988844,
      0.23345927610451997,
      0.2768978645065136,
      0.1242293240748382,
      0.23924749383684446,
      0.19316604005348403,
      0.24551582817287848,
      0.06443726563009809,
      0.1132607783314618,
      0.12028227499294683,
      0.10028351844493168,
      0.2919846711598704,
      0.2623342029925922,
      0.1950427400100229,
      0.11728272081825353,
      0.17486373811385916,
      0.0954688942605531,
      0.09816531213941239,
      0.08302596975226684,
      0.1347309828169187,
      0.29603800394000535,
      0.18670843215788602,
      0.2915154979638324,
      0.05436832758114267,
      0.17342835452297095,
      0.2490172937617391,
      0.07042311375433018,
      0.07414050565541397,
      0.23819594847695186,
      0.09058174780033387,
      0.11755912569704118,
      0.29658207388908336,
      0.2253491324569715,
      0.10989252227574982,
      0.07687663224170606,
      0.20536897809264326,
      0.1490622964475866,
      0.14091584029123613,
      0.08757011836645155,
      0.24879162917222292,
      0.25996571403049945,
      0.02405684424475636,
      0.22958677125963728,
      0.17337310480067392,
      0.26857202523032103,
      0.11057745727977773,
      0.11703245820891035,
      0.006655373551875565,
      0.21834189356305003,
      0.08706171214597437,
      0.02817690315859874,
      0.04980365318904305,
      0.07730407024469217,
      0.013362022468074275,
      0.1793113804441553,
      0.04607269979830457,
      0.10587607462193144,
      0.04252407214879598,
      0.11469919659587909,
      0.056393405513627176,
      0.27459149133786936,
      0.2003504523928165,
      0.08724824151964601,
      0.1876596213170296,
      0.23566362981317232,
      0.27409813768929603,
      0.11276451814468341,
      0.2535737369813488,
      0.13995984488887203,
      0.2790036939205004,
      0.26040466374479376,
      0.21098934118857365,
      0.21815744040894205,
      0.1444472448135909,
      0.17668313358228127,
      0.026669178373511248,
      0.18816444854575032,
      0.09019759661127186,
      0.20759092617943067,
      0.020874877325015327,
      0.19417746694341104,
      0.10866637452729334,
      0.11700108335066321,
      0.08879082015488658,
      0.17231538296669086,
      0.21168113549208686,
      0.10396091232912628,
      0.2994660403836968,
      0.19362318177082358,
      0.22456240691843718,
      0.08625955163486344,
      0.21972167180530827,
      0.19822714519202903,
      0.014143667689880879,
      0.24915085290586764,
      0.019658462812708142,
      0.20032390142434453,
      0.28140923305775706,
      0.17312454642382116,
      0.1884679823656056,
      0.284139132866813,
      0.29359966541474913,
      0.26626205013159165,
      0.13526468706295308,
      0.06562951299665275,
      0.13360528296026572,
      0.10829030117991627,
      0.20852917203993243,
      0.2334133363804723,
      0.27062509687204667,
      0.15320736209378924,
      0.23130044212402878,
      0.061114824661193654,
      0.160686214513486,
      0.10517593648782526,
      0.24591671560134185,
      0.026525078052383466,
      0.2884714861705881,
      0.018269364660065256,
      0.03160917430002425,
      0.012067542261295283,
      0.12160111361395627,
      0.10336927883380505,
      0.047763324951757856,
      0.12112374963142417,
      0.1528154628249741,
      0.058137221752568746,
      0.0024872802471855968,
      0.056340771425016284,
      0.13550532891084902,
      0.033366177686307896,
      0.24983502874992014,
      0.15568526247324618,
      0.14473098933167597,
      0.005059845729890655,
      0.09007593428572605,
      0.28765135477557546,
      0.17464299617928417,
      0.01485310897819515,
      0.21672160925732104,
      0.13832038487253281,
      0.2758950383419638,
      0.1129288358590948,
      0.08568655460472674,
      0.18198441679724375,
      0.19491930044735853,
      0.19944066374622163,
      0.16053845712753742,
      0.10204344119372116,
      0.28471293498033423,
      0.06754315804865736,
      0.04295936437020237,
      0.07047441195493005,
      0.1776869996876526,
      0.15706020402807838,
      0.23096549820056447,
      0.29101257674373887,
      0.279211016007739,
      0.03845432583393109,
      0.05891536106154124,
      0.016084383121419608,
      0.10112167967979617,
      0.19276788986297602,
      0.09796717036783266,
      0.2022125151054073,
      0.029273988802512294,
      0.10532908825362852,
      0.004842696065108665,
      0.049689494783187,
      0.11644002109282542,
      0.11190781577014268,
      0.10930826741734563,
      0.19715948579902579,
      0.1135703667462224,
      0.07795885232187906,
      0.22677048173995396,
      0.29885615820016886,
      0.10017175706243055,
      0.1335464069775825,
      0.27610026706807395,
      0.23627699504426458,
      0.2805150291868177,
      0.13432183298052525,
      0.006167196031180089,
      0.10844837033741346,
      0.07225284781886446,
      0.28722317059426905,
      0.13035528358076653,
      0.20496935599645794,
      0.07145596985492955,
      0.2891046781965077,
      0.006140231886945735,
      0.05273877419494666,
      0.2919219101681857,
      0.2618215066491309,
      0.15180846724590358,
      0.17965291390201868,
      0.2497423906657995,
      0.28566021444223766,
      0.21438429699699585,
      0.28738570547126313,
      0.0556276176843282,
      0.04488658280569796,
      0.079291210663465,
      0.07966658389824631,
      0.17759435657352915,
      0.033148957685379295,
      0.1818200056950862,
      0.07330430147573579,
      0.2730012555480725,
      0.13064949726466427,
      0.021094496365461568,
      0.16414220724762973,
      0.03781808810125541,
      0.13684790093233998,
      0.27120947416687974,
      0.016518424298154942,
      0.1916446361103141,
      0.17636749799803772,
      0.2281021434127514,
      0.14902630947360712,
      0.1905248631042626,
      0.1747422205721064,
      0.030708789132711377,
      0.023281241521485817,
      0.059067989690584716,
