{
  "horizon": 720,
  "granularity": 1,
  "priceSchema": [
    0.198,
    0.198,
    0.198,
    0.198,
    0.225,
    0.225,
    0.249,
    0.849,
    0.849,
    0.225,
    0.225,
    0.198
  ],
  "agents": {"h1": {
    "neighbors": [],
    "backgroundLoad": [
      0.06793451928945154,
      0.24707533670088028,
      0.0014593393755072625,
      0.1417307340255003,
      0.2742642418115786,
      0.1737616972745204,
      0.050300430079932186,
      0.15995726318284023,
      0.19116794186824462,
      0.2899260521123551,
      0.2303676472722572,
      0.002826576193054964,
      0.22549859931306296,
      0.11862794176923659,
      0.14827330279106385,
      0.14066726495560786,
      0.21742105678867577,
      0.10910718467665388,
      0.04108634567846483,
      0.23178945733326378,
      0.20317890119686635,
      0.2986985727302805,
      0.15626366550056325,
      0.18791434636467638,
      0.07416475590732731,
      0.17845174024323085,
      0.24268163586995106,
      0.03989597174022319,
      0.08574705033141795,
      0.1865486807226416,
      0.15748648859559447,
      0.2101808385600017,
      0.28125315476760104,
      0.20446709083768988,
      0.003693350028277309,
      9.969068687305405E-4,
      0.07272393379689387,
      0.131458811000754,
      0.2854918613953702,
      0.07692322933982187,
      0.27719240380213583,
      0.03448356183793526,
      0.14826357519303143,
      0.08536072874536647,
      0.16292956255810134,
      0.03097829252687413,
      0.14094146911764024,
      0.2780915868594658,
      0.21458953338375378,
      0.1325052146221373,
      0.212145518275231,
      0.09842599220242394,
      0.1931122746724924,
      0.27879749830001066,
      0.22451496410547292,
      0.08945033783551713,
      0.15777052476747128,
      0.27948351089349993,
      0.0850905604132752,
      0.1695503611287745,
      0.027168937238476853,
      0.1837055680534559,
      0.03161584495813597,
      0.13259939105099056,
      0.028760001122518974,
      0.24407933577912624,
      0.18526919112349244,
      0.24019668001957084,
      0.2139001656133623,
      0.208343334420907,
      0.2828673646533252,
      0.04619719993145821,
      0.011459506240712314,
      0.10557605418684078,
      0.03151462086408909,
      0.18177372057689076,
      0.18855985249164092,
      0.16614398734950134,
      0.19932452010576818,
      0.1795943653933423,
      0.22062282136267686,
      0.055345278522815976,
      0.2748558439358727,
      0.18575247428247652,
      0.21539699426818756,
      0.24539095469592148,
      0.1409906819709645,
      0.22974731065948717,
      0.15174362253978968,
      0.16094423657201998,
      0.213087998582338,
      0.004902993747619732,
      0.10179034078329625,
      0.09645702823178205,
      0.21829844984512994,
      0.0925069694306496,
      0.2588550712345995,
      0.26553726069673095,
      0.008199627909840012,
      0.08800954222263148,
      0.2652626341894775,
      0.2402436083411087,
      0.08958384876797822,
      0.1685382975769567,
      0.0850380046886255,
      0.25984507747175284,
      0.2770045516930965,
      0.24480986104626726,
      0.10865341817616887,
      0.02222426922801113,
      0.1424662554404422,
      0.02331788504064388,
      0.09926188611721473,
      0.016012953783553985,
      0.030781881121294607,
      0.11623655785008186,
      0.07530551991311732,
      0.2219273185430983,
      0.10263292106689385,
      0.23600763869021824,
      0.24510871929967984,
      0.07769485254209114,
      0.29493959586712754,
      0.2985834981558535,
      0.24530380422895826,
      0.28319221992726396,
      0.12627136417500126,
      0.20478232609233457,
      0.1333458515612503,
      0.1358197165622834,
      0.18016822357210283,
      0.16922642994777073,
      0.13297671440486247,
      0.14820660526703797,
      0.15160811660321422,
      0.11594670825250833,
      0.021288620909580325,
      0.25694798172809397,
      0.2539942331378129,
      0.25804609586450483,
      0.06816431110227418,
      0.010273597098620602,
      0.1295010677626793,
      0.2975104156746698,
      0.1310118915860339,
      0.2803066982556326,
      0.0016777155088422368,
      0.2215039037525073,
      0.1619030887298189,
      0.21878910333186966,
      0.2078471225446595,
      0.25105087374591023,
      0.13318090516182576,
      0.25884587582519897,
      0.04465308338862204,
      0.18646847468851716,
      0.1861186681386596,
      0.25005939116110043,
      0.023159786649629643,
      0.24580450515627644,
      0.26009811296987123,
      0.22580529288879042,
      0.21741121660593146,
      0.18862350138504033,
      0.17511209760602778,
      0.10293217031588955,
      0.017355128477977877,
      0.12399387934791413,
      0.11043970303630765,
      0.06044286230971095,
      0.07020988397486952,
      0.23194991166897494,
      0.26591171848137507,
      0.027840652139970123,
      0.05899018098103176,
      0.1000900928539812,
      0.25664993926160073,
      0.04664016740009478,
      0.10127498782259695,
      0.06231190528076332,
      0.09561240206851006,
      0.2949951397157036,
      0.17329747312791602,
      0.026594227229641564,
      0.17265574830113303,
      0.22031889873185137,
      0.004095655889766747,
      0.21542371625656026,
      0.2589594820031827,
      0.2568478102383141,
      0.0717107615838223,
      0.14225923291237796,
      0.26880635454822155,
      0.2973139885479214,
      0.2600544044995984,
      0.13016068363428215,
      0.24329951071051145,
      0.17879917874865003,
      0.24880423397488688,
      0.16995749976333804,
      0.27968274277792676,
      0.12425646463392284,
      0.1358559873806223,
      0.29445012311097685,
      0.29718216434073397,
      0.01119772591755298,
      0.10087497347961995,
      0.2893613023251409,
      0.22959895726410276,
      0.025367731671491044,
      0.04383842785595179,
      0.21224271206506548,
      0.0921395023124979,
      0.23635580607218035,
      0.2445083205531391,
      0.04341368744857383,
      0.1465836333245498,
      0.2917738056681486,
      0.2620191822102534,
      0.05452768714827405,
      0.17393544942402944,
      0.19190242278167216,
      0.008816251054366698,
      0.19850096244192109,
      0.10169251816887015,
      0.12676792050195607,
      0.17186490117130115,
      0.1289084946238127,
      0.018434610867143562,
      0.28465587908761897,
      0.29835925388718,
      0.07385155161948545,
      0.17907379005310176,
      0.23589330295182,
      0.08570460349927433,
      0.24132761418597692,
      0.22919610724880263,
      0.27900319845002997,
      0.261689757103408,
      0.2603501994445466,
      0.2981789825900217,
      0.2923740420805032,
      0.03213485952118048,
      0.29782300661111505,
      0.054602381968398506,
      0.24645385996925806,
      0.2980258654778853,
      0.14078775108150515,
      0.02310172177015004,
      0.25112825902744423,
      0.25392417897256786,
      0.16115975510175815,
      0.14463682434560618,
      0.09912066384078591,
      0.12787386216164306,
      0.28995563945945996,
      0.22251559639777796,
      0.090760073395508,
      0.07463734316330999,
      0.05122667212920312,
      0.07342946968006824,
      0.08732637071975934,
      0.2734622679617788,
      0.11659531218001525,
      0.22841498347927597,
      0.24582202858329463,
      0.1156851302023697,
      0.054176051188023155,
      0.13911037004730617,
      0.06723649924680686,
      0.18327939127127957,
      0.15258312995183548,
      0.21712737574764604,
      0.1811819392242757,
      0.2954369669695925,
      0.17881685668937236,
      0.07022263474125942,
      0.060141723616841954,
      0.0916684408202565,
      0.002934567214960204,
      0.009947311262055546,
      0.14281566039978755,
      0.056878532119139534,
      0.19553956153655147,
      0.018390358097705693,
      0.2201712006280762,
      0.10808608518724179,
      0.26185566176579017,
