{
  "horizon": 720,
  "granularity": 1,
  "priceSchema": [
    0.198,
    0.198,
    0.198,
    0.198,
    0.225,
    0.225,
    0.249,
    0.849,
    0.849,
    0.225,
    0.225,
    0.198
  ],
  "agents": {"h1": {
    "neighbors": [],
    "backgroundLoad": [
      0.02303016440460216,
      0.09000169803181114,
      0.005337958925594422,
      0.03836973708996646,
      0.21569635229052275,
      0.16587792131148527,
      0.1291180094963229,
      0.18309897546946322,
      0.1283909472265673,
      0.22018771281455715,
      0.16187387553128033,
      0.10418142777865512,
      0.0968301658867295,
      0.2597751552508981,
      0.2946879971266071,
      0.030865466297765664,
      0.25325082179941216,
      0.15045931284781863,
      0.16218596810890593,
      0.1866679087080674,
      0.09182070055335174,
      0.07344875367068202,
      0.09797256893599426,
      0.19559522292306528,
      0.16751064434369842,
      0.19354015146618628,
      0.12250498891191774,
      0.18463643277690892,
      0.22562780124832968,
      0.036089085801767735,
      0.04155482190581302,
      0.08085860758800874,
      0.25844377589375905,
      0.17661257034873334,
      0.1352987195982117,
      0.19710481744143812,
      0.17811932250828746,
      0.29150352827913234,
      0.29678159891702083,
      0.12275864920041961,
      0.010887883673828124,
      0.016941581264607118,
      0.22719748745769536,
      3.4650768312517456E-4,
      0.0297394326266324,
      0.21121444567252431,
      9.553086414842648E-4,
      0.15000316321087123,
      0.11160255613221426,
      0.07164289400493619,
      0.08554953350304663,
      0.1785742501991266,
      0.25561937446989336,
      0.08394979204129809,
      0.09296302684562023,
      0.0783550753155847,
      0.12339583343675074,
      0.23400669112485406,
      0.1401555364591137,
      0.0045954672851589275,
      0.21619876336087593,
      0.21554133611361362,
      0.10457674358549073,
      0.017814152212264987,
      0.19068641105275003,
      0.09838535406337125,
      0.18678649210783757,
      0.2990631847171,
      0.11427194626066013,
      0.2864544869011125,
      0.19569985702076598,
      0.015590633440570777,
      0.14648608053342238,
      0.03310440149331604,
      0.27193864031097276,
      0.2312575253429187,
      0.20655295800645826,
      0.07052141402496222,
      0.2614250043768743,
      0.13117366179971918,
      0.03088486162462227,
      0.2945651043413995,
      0.16941450018182938,
      0.04864317838046502,
      0.05174193210970616,
      0.05243783789633718,
      0.23067712644381153,
      0.10412594512880857,
      0.13467199268827842,
      0.03674778376915334,
      0.02767237179232026,
      0.1528543015902334,
      0.27116324220869836,
      0.06147458805032335,
      0.19550934009215706,
      0.035678506774223774,
      0.025047160219878316,
      0.221083784619654,
      0.16829780370322986,
      0.2558238518827712,
      0.19162789459500812,
      0.2605780973308512,
      0.12784766690672814,
      0.2891185023661061,
      0.09396639860134808,
      0.12427249291118542,
      0.24867579583404675,
      0.054901715373411396,
      0.24563871358558947,
      0.25282845618451527,
      0.23630885665731505,
      0.10856304438328936,
      0.1877098054180727,
      0.26625199881972006,
      0.057836443369905954,
      0.08922274470906712,
      0.29773658365487427,
      0.2823270352198638,
      0.20465336097043904,
      0.059100595535832995,
      0.03350316092214973,
      0.09405314241282561,
      0.054320591773705316,
      0.2917022475881199,
      0.17289406233822843,
      0.055114568204497436,
      0.03324322273773634,
      0.01826386134068355,
      0.15309205261811684,
      0.042224539465829214,
      0.06408386940096118,
      0.2428681625774946,
      0.04168088795796033,
      0.1649040293386735,
      0.1303252005204977,
      0.10913932529305599,
      0.04689684373211198,
      0.24734373591184122,
      0.24797268547285245,
      0.15948141035427346,
      0.014685323236697856,
      0.09702998330927147,
      0.25988256948750377,
      0.2002946433390798,
      0.08965459890363876,
      0.07569076585161531,
      0.19827670306282905,
      0.029011283927767206,
      0.23680809619985,
      0.2572608101401367,
      0.1824356208023737,
      0.010699801064208347,
      0.04502240857025338,
      0.15573496520377872,
      0.25992181823780014,
      0.18932093713432221,
      0.0986920558749851,
      0.21551263786616232,
      0.12427783944926947,
      0.0681064489144115,
      0.28950432025275613,
      0.11450409012722838,
      0.10631183759567521,
      0.28308024767573486,
      0.05334917057549327,
      0.1901816073686872,
      0.14536604182473656,
      0.03907891051591134,
      0.185942318118304,
      0.2952645240925667,
      0.010268352104833544,
      0.04388889105691923,
      0.25976369824060436,
      0.07889893978203931,
      0.23024056384063965,
      0.21769342731098218,
      0.09259454350372258,
      0.26253791430384166,
      0.15143853638768423,
      0.11360892630856771,
      0.14702059543412513,
      0.279455122690855,
      0.23320219752719396,
      0.031594813742093886,
      0.03159521905857889,
      0.029491148783430662,
      0.03776423536350565,
      0.22615354193441556,
      0.1093740074706175,
      0.05930910860713767,
      0.0950848388433463,
      0.1896068935357136,
      0.12677012217049075,
      0.17069167394932486,
      0.2560943935037279,
      0.03261469763267722,
      0.07701573878001514,
      0.218780905087086,
      0.0645415205974926,
      0.017997357007567272,
      0.06135980856181303,
      0.010181801927838617,
      0.16002732281237533,
      0.18712658995261228,
      0.20771288684667813,
      0.2597262240679584,
      0.21565682916210988,
      0.19752096095662133,
      0.2314271347302989,
      0.08789236934616634,
      0.02039940138404045,
      0.20721350636280292,
      0.05011625263807105,
      0.03280642721533956,
      0.22088675609746686,
      0.1363751058749468,
      0.15818512533102821,
      0.13216783489377834,
      0.05769746993571176,
      0.09886553303981499,
      0.2698304513779876,
      0.15067339438234814,
      0.018753772752248276,
      0.1354775875021983,
      0.0689181597085864,
      0.069646892366649,
      0.20244792302665357,
      0.08827159494110688,
      0.08672835364107465,
      0.24796363282872816,
      0.08040663978553227,
      0.15086224472748347,
      0.16144575689973142,
      0.20546268347753313,
      0.1441916980679138,
      0.16346509934051046,
      0.03481315517574304,
      0.09306132218594221,
      0.07729795493900866,
      0.17492140540165882,
      0.273686486214198,
      0.1504241451827021,
      0.2648220823530965,
      0.11497117303710118,
      0.009018553212584301,
      0.27038337677847024,
      0.28164859017236055,
      0.23739979894360863,
      0.05868292854213229,
      0.029484851883892337,
      0.01160098068431774,
      0.050891975406355615,
      0.2547619848474777,
      0.25250278813470406,
      0.18863562886615778,
      0.28477364092663066,
      0.25907759567108085,
      0.12610124934703618,
      0.19577023367006358,
      0.22045027940579226,
      0.28595797413220686,
      0.20251770622977608,
      0.24294733386080014,
      0.034918799454924564,
      0.035163794205555564,
      0.1203934788810788,
      0.025450262615638097,
      0.24933722230790484,
      0.15293836203913197,
      0.0215636134437582,
      7.464536516241238E-4,
      0.18756256696346843,
      0.24398358510772283,
      0.031162772347092825,
      0.282656252304659,
      0.21866727725327154,
      0.13641737565625608,
      0.10650405124082044,
      0.189870862047422,
      0.05834128862032951,
      0.24320393690840314,
      0.016864523228614235,
      0.21379177151930628,
      0.0595420489042071,
      0.20800238958018252,
      0.24868196658381894,
      0.16134339150469315,
