{
  "horizon": 720,
  "granularity": 1,
  "priceSchema": [
    0.198,
    0.198,
    0.198,
    0.198,
    0.225,
    0.225,
    0.249,
    0.849,
    0.849,
    0.225,
    0.225,
    0.198
  ],
  "agents": {"h1": {
    "neighbors": [],
    "backgroundLoad": [
      0.28830311727305424,
      0.07678058821995934,
      0.19106286272921058,
      0.26142177080561413,
      0.17089948011998296,
      0.09173271975490731,
      0.2488595957941386,
      0.29495283943207024,
      0.13405336075758253,
      0.019596116175228682,
      0.2749872145845483,
      0.25717502105636264,
      0.18872392305072502,
      0.2935257769829389,
      0.18103951150582803,
      0.1648342986705215,
      0.22822850590395682,
      0.2314941765410855,
      0.042760682705614596,
      0.1679888352260175,
      0.038340074695871196,
      0.055641201924038826,
      0.14559104924648666,
      0.03452396416480228,
      0.23205226666536044,
      0.09077348301984246,
      0.05642534620644429,
      0.1250274993706205,
      0.06457389439014907,
      0.09026765912291754,
      0.025087568934489,
      0.01970253955470349,
      0.18364388875455126,
      0.21882125499750413,
      0.1351814367961496,
      0.1614540285521379,
      0.02962760573035935,
      0.1142509247202218,
      0.18239257623474422,
      0.05203506131184693,
      0.11994036736460657,
      0.2152723886140781,
      0.015404528476163692,
      0.04479955104868031,
      0.06765304689966328,
      0.2690055705831305,
      0.07217621211626137,
      0.22357548656474793,
      0.04022825582831115,
      0.12602945591528641,
      0.21996257526445154,
      0.2738296889777778,
      0.04896349628571038,
      0.07558352707932307,
      0.1069825726979268,
      0.23379137149387152,
      0.10239570894813184,
      0.016951110334227526,
      0.08588442612136672,
      0.04522336933840393,
      0.12566206455957804,
      0.1931895273137593,
      0.2907327500903359,
      0.12888749334429653,
      0.25873490439735175,
      0.1447280693853212,
      0.0957497467048747,
      0.10434736178569672,
      0.29117789247738,
      0.13772562747761025,
      0.1680422559768443,
      0.21469645364319603,
      0.24040589882337163,
      0.15699612580256397,
      0.12976407272404003,
      0.2968409492946848,
      0.06048249335635558,
      0.1958187286036444,
      0.2079705351090287,
      0.1568103288491303,
      0.23940754830958977,
      0.06508772578352512,
      0.17058071542579337,
      0.1658462519532351,
      0.2769672938098798,
      0.07357630808899088,
      0.1055326319411322,
      0.17733611428751853,
      0.17386676758036954,
      0.008916492559504408,
      0.024781396809490173,
      0.23613818642715226,
      0.207181011364509,
      0.17772067805732406,
      0.23156766004073637,
      0.16933664980069518,
      0.29654945792796567,
      0.08264342599187435,
      0.2895347131860379,
      0.046568052097784404,
      0.26986106429953577,
      0.1812163240701916,
      0.11625546751010837,
      0.20488454703917486,
      0.09158382284685102,
      0.12356971343409703,
      0.2689980294467349,
      0.10941761888018432,
      0.014701919397008444,
      0.1449002493666708,
      0.04548093510808505,
      0.10543599421319928,
      0.018162928782841814,
      0.11580888712569129,
      0.2708572293587019,
      0.02890995812727196,
      0.2959285167164569,
      0.19251523669987505,
      0.19168170855663477,
      0.021415651304016656,
      0.19251547394384663,
      0.05320492733403472,
      0.029032849473902167,
      0.018418639305902772,
      0.07547884224848779,
      0.2773458496157632,
      0.2599955770188143,
      0.15191570202516955,
      0.06276849313006222,
      0.0177950209914672,
      0.14229521382853602,
      0.07528733066747485,
      0.14302236903132257,
      0.0981242367345098,
      0.22315026566317936,
      0.1167648136941895,
      0.08820537174101445,
      0.12484312239188201,
      0.2510348229679673,
      0.15085408421497132,
      0.2570156566327064,
      0.25023548393036243,
      0.2970549125679127,
      0.1840462839855941,
      0.1727644039935759,
      0.14281636718323448,
      0.18655522991764362,
      0.013896827817034297,
      0.2801491037383094,
      0.2278697075782372,
      0.186744859834602,
      0.22985258340095482,
      0.018647201850048468,
      0.20250242744348074,
      0.24726678664689303,
      0.26354870757799503,
      0.058033213378997694,
      0.17779287194513319,
      0.14354610595445239,
      0.2848921743381961,
      0.14872370625197665,
      0.11799292859297875,
      0.24104458804123455,
      0.0649561184845135,
      0.15171728802928064,
      0.15913144805119614,
      0.22903931783017592,
      0.0063536055335905225,
      0.27872883867918014,
      0.1683913033367707,
      0.2456583884845613,
      0.19138267096852613,
      0.18004569267542317,
      0.2663359869624288,
      0.2911188676676215,
      0.024044012744499067,
      0.03958291536721121,
      0.15401019055984408,
      0.04014033457097856,
      0.09020441691644494,
      0.21688850831096013,
      0.28112161403442304,
      0.14209581135646757,
      0.21443542161919124,
      0.21343266151813062,
      0.17400105468071306,
      0.23758656868813893,
      0.17654215244711244,
      0.2709283528027912,
      0.2153953150993534,
      0.18340478897726223,
      0.05464373647671021,
      0.2973096448462808,
      0.2943016636027315,
      0.15959204657973777,
      0.10646741170647991,
      0.04637954946898902,
      0.07802541155826513,
      0.01611054983808655,
      0.20416865817529178,
      0.17119677513137097,
      0.14945536321673147,
      0.14665676370279881,
      0.24015534586026027,
      0.11662165119392492,
      0.07453663613598265,
      0.25016938520202453,
      0.050510364463011034,
      0.2642330002105295,
      0.028276648048093943,
      0.21569517663151416,
      0.026761139202264937,
      0.2282162774832973,
      0.19368042135043081,
      0.012342420302601442,
      0.2888667646534584,
      0.19384685108601132,
      0.1447545362688686,
      0.06893955329452542,
      0.11383000741737259,
      0.25073830604465064,
      0.15299946422788976,
      0.23359045160630829,
      0.04506629238656779,
      0.14830645082696312,
      0.18878948323172395,
      0.1774200170570096,
      0.24498871310385673,
      0.15708901454786248,
      0.06097236647344395,
      0.022152022000983373,
      0.16951899568617335,
      0.17075315169429614,
      0.271237024950779,
      0.24055045291661228,
      0.26862936796178577,
      0.06597285847721339,
      0.08130827523257585,
      0.18598836643801184,
      0.022319084981252502,
      0.23878284854417917,
      0.04947885048717878,
      0.26331083466725164,
      0.1605910765480287,
      0.2102127154612802,
      0.005609385612723394,
      0.29788527390341796,
      0.102191489696194,
      0.03105056368733069,
      0.16999368374239723,
      0.04279319003151919,
      0.2449122787155146,
      0.09857763312811454,
      0.28233157358930727,
      0.2173565509218294,
      0.07973241394984552,
      0.2820855332147134,
      0.2748837483963633,
      0.260773141291623,
      0.18892592448933668,
      0.2529902244551081,
      0.27515253608509826,
      0.17948610236420304,
      0.15181041533641515,
      0.08801032201564335,
      0.0014445525333478427,
      0.29427111266846556,
      0.12039291333016637,
      0.12405525812116869,
      0.2500513893503747,
      0.08859794591741957,
      0.04027998238534199,
      0.26625831710395864,
      0.07792069136013811,
      0.18407974675828281,
      0.0600806491269977,
      0.21202623492086983,
      0.07054384535861052,
      0.22339649203241552,
      0.07132557603651406,
      0.25798345703720393,
      0.23579615362395426,
      0.1298011004163271,
      0.1185397428189579,
      0.20099876872673292,
      0.020315382922216196,
      0.06214147721477961,
      0.28107166012470064,
