{
  "horizon": 720,
  "granularity": 1,
  "priceSchema": [
    0.198,
    0.198,
    0.198,
    0.198,
    0.225,
    0.225,
    0.249,
    0.849,
    0.849,
    0.225,
    0.225,
    0.198
  ],
  "agents": {"h1": {
    "neighbors": [],
    "backgroundLoad": [
      0.10798607346369322,
      0.043652586602609886,
      0.10823154173743182,
      0.029335518285009243,
      0.2522993861002876,
      0.11542815353512008,
      0.260084033391428,
      0.2865066597331636,
      0.0923999181893252,
      0.035085536410084585,
      0.22721403863477704,
      0.1439489877213861,
      0.25543597205297935,
      0.268137458105,
      0.20245734798924905,
      0.10594231364060655,
      0.04937020899862166,
      0.27066709474499334,
      0.1777510530465993,
      0.050447754304700755,
      0.1901290267024812,
      0.2680969458080742,
      0.2828693974371261,
      0.009475764767918749,
      0.1437379001327976,
      0.25404284721059606,
      0.05630419212974366,
      0.29879168491132213,
      0.15296358339735372,
      0.07885474961995234,
      0.2923013826246234,
      0.11432771280998458,
      0.2767236223201315,
      0.15616053424542417,
      0.13956735009401403,
      0.11146340177443916,
      0.27924558389038406,
      0.12500447021965122,
      0.11177118058828107,
      0.2519050330115504,
      0.18329826221273635,
      0.24129557567929102,
      0.053812081045163725,
      0.2087014969912034,
      0.1937668183686531,
      0.2532455612711364,
      0.002422671627137951,
      0.09986601828913894,
      0.23256800655940812,
      0.022189650928730098,
      0.11594776250115374,
      0.04102508629557626,
      0.28383053966366295,
      0.12738810232281952,
      0.2678165762997792,
      0.07804311358056483,
      0.04832379153005712,
      0.038840084508851166,
      0.19621527534159655,
      0.02995718188268166,
      0.023602328252672253,
      0.041806323751383066,
      0.23144875734109796,
      0.18720019264263227,
      0.07852861291200744,
      0.022401568259398773,
      0.09222614896775323,
      0.039652455170047694,
      0.046430383505824645,
      0.06510142214150971,
      0.13808879927525233,
      0.12165084775854146,
      0.21553743471375117,
      0.022137966513976558,
      0.1537936595957551,
      0.19443861627275444,
      0.027257135993955104,
      0.02967425869494552,
      0.22209685581742042,
      0.09411689625617274,
      0.23726061356988556,
      0.21319315694352725,
      0.20076060278837704,
      0.27686773825499683,
      0.2136020908386739,
      0.009942496285189294,
      0.09743697238383692,
      0.08959029019899259,
      0.18575053085616708,
      0.04991434863331624,
      0.08374857163299576,
      0.10199011340109321,
      0.16634673296341657,
      0.21310093333147914,
      0.011967188013900976,
      0.17766741019707935,
      0.2725246199438502,
      0.19397181138866307,
      0.06933585263533379,
      0.00772024221594072,
      0.0225275995626368,
      0.20560699496468152,
      0.08014371395839005,
      0.09336705172633893,
      0.10516685228630974,
      0.03601600803719258,
      0.034635921410473565,
      0.27230957795359234,
      0.1258263287030712,
      0.13367450826483598,
      0.25674027553254114,
      0.24868477645164508,
      0.2645860141258414,
      0.09974582187354003,
      0.14769752000652067,
      0.1737033287374253,
      0.023712637280920434,
      0.2214961045222215,
      0.23985046175682068,
      0.13222171645116573,
      0.12042114986148741,
      0.24400456469367893,
      0.1493998304555309,
      0.014904403999248838,
      0.01902028658010958,
      0.20449692305488715,
      0.20644256131548763,
      0.004690239773429761,
      0.09798556409652438,
      0.024804473208898992,
      0.19606023682079313,
      0.12100159289753454,
      0.19527457169842244,
      0.24909241805112764,
      0.2568478989096898,
      0.28793002144327073,
      0.04626175831228444,
      0.18962445706633838,
      0.04750779288116523,
      0.2254965875874445,
      0.09260442833865892,
      0.1750193994900265,
      0.059504092883621094,
      0.12221449948416352,
      0.0051308229439783306,
      0.11392351452245733,
      0.28738350212176306,
      0.20670746662251108,
      0.025785021090412075,
      0.27519076779417556,
      0.2675039954622421,
      0.25476142323896483,
      0.11986035025038101,
      0.03831331482577744,
      0.22437362653781628,
      0.2856764911171902,
      0.019155645659991692,
      0.09309204709292997,
      0.24237127033725572,
      0.1418390971113377,
      0.09869917354941891,
      0.24794316072760902,
      0.05504036501923067,
      0.2610226547222344,
      0.1676132664537155,
      0.03429948797515906,
      0.1367019773374197,
      0.10975366798226142,
      0.050641119493993754,
      0.07218990393225488,
      0.17634718480856643,
      0.20055216172881865,
      0.04506354946665183,
      0.17709247789677238,
      0.020515556601858276,
      0.15638194426645902,
      0.23616352430051718,
      0.07718817003175901,
      0.1400867381961841,
      0.2399286819607366,
      0.27103029166895554,
      0.22929339501005674,
      0.21495706904938475,
      0.1380699412861848,
      0.27960745099590595,
      0.28507320922050805,
      0.17544480715454938,
      0.011253920786263482,
      0.24534205648866264,
      0.057899101827885796,
      0.014473699902367153,
      0.23571940480872278,
      0.060775949401060035,
      0.10265827101289467,
      0.1852997344458994,
      0.18212442036829743,
      0.07139577753502356,
      0.0051376861694837125,
      0.0723960112208609,
      0.01932534163709938,
      0.24293912373953136,
      0.0569366698293707,
      0.027955429265727548,
      0.10849067333626938,
      0.10369547086060231,
      0.26102690469974427,
      0.14219313351469748,
      0.2597755308386797,
      0.26579453449201895,
      0.2502688570924391,
      0.22924272758494685,
      0.09633738361764424,
      0.12979925161871364,
      0.24697400540945905,
      0.14147220464261537,
      0.1076441490998389,
      0.08262367462255633,
      0.14982050115236398,
      0.11141776834424685,
      0.1398213905996791,
      0.18642401308483056,
      0.2665842003338613,
      0.07931082979525703,
      0.10718848751295575,
      0.15320249592661447,
      0.027206219179774702,
      0.28360670186333303,
      0.18074686231913645,
      0.04106845091651682,
      0.12056324782392311,
      0.2737662296910918,
      0.09276415511570581,
      0.03642579954992279,
      0.2718238260649044,
      0.1933657626048128,
      0.03519311044690316,
      0.17023558072587358,
      0.009601406444717563,
      0.22337716078633157,
      0.11304367808517757,
      0.2692891513207275,
      0.0013094321095395655,
      0.12244696374890439,
      0.19734801930026388,
      0.14468394351572708,
      0.055249393675775645,
      0.21476217455469926,
      0.011132691465285982,
      0.2998489960896116,
      0.23941576302652587,
      0.23740286877618094,
      0.27310769069846086,
      0.06671820883600539,
      0.11930678030872711,
      0.03199814529557203,
      0.10646627120577258,
      0.26029961914114136,
      0.1940936265938761,
      0.2761802915479604,
      0.15204289313940486,
      0.25829671344292476,
      0.026227629849001576,
      0.2681105712173382,
      0.025094980217359408,
      0.19181582493432106,
      0.00200452287875017,
      0.1304259446761755,
      0.1255417716102399,
      0.002102502113415294,
      0.2309751319637831,
      0.0538613094331619,
      0.08938487674116348,
      0.16042429981992296,
      0.156842097907005,
      0.1500242934574286,
      0.15606410805408114,
      0.022833622841678104,
      0.11092568391740741,
      0.23608062888356446,
      0.16069633353685137,
      0.2294189484050984,
      0.16333688108348834,
      0.010281985820585803,
      0.22628992369543885,
      0.17263068655087302,
      0.06992813662246605,
      0.17666857739134503,
