{
  "horizon": 720,
  "granularity": 1,
  "priceSchema": [
    0.198,
    0.198,
    0.198,
    0.198,
    0.225,
    0.225,
    0.249,
    0.849,
    0.849,
    0.225,
    0.225,
    0.198
  ],
  "agents": {"h1": {
    "neighbors": [],
    "backgroundLoad": [
      0.18714380338678596,
      0.2343058768400657,
      2.1939943847696375E-4,
      0.2980312661641678,
      0.11125061727687645,
      0.1650203914433709,
      0.11444200298549191,
      0.2869777777104697,
      0.24236310526831395,
      0.2654608130573526,
      0.10820410499811024,
      0.23899866104667217,
      0.21379131417530667,
      0.2635456265972596,
      0.2088146563311202,
      0.034326685497742294,
      0.11027827689853004,
      0.010961932793077145,
      0.27484156648850366,
      0.0923754432253221,
      0.2604490479442158,
      0.044245880339510275,
      0.1001593368158904,
      0.16689371139314102,
      0.11425037580588575,
      0.1687063441252696,
      0.2716170716682102,
      0.03524059291324925,
      0.1232015548374215,
      0.1312723167688819,
      0.034770968978798396,
      0.06862397162759354,
      0.01961468895986915,
      0.10200114166161924,
      0.23268188606595153,
      0.19454711071244316,
      0.009041942496757183,
      0.12834635783031048,
      0.136992000011997,
      0.08439084215001662,
      0.15365619948888307,
      0.1988999565575648,
      0.06469205851462859,
      0.08839939024659485,
      0.2820649998539984,
      0.05766108588039987,
      0.19163665321833798,
      0.20449489475593893,
      0.1674674698696605,
      0.10664743068308419,
      0.2264877624543747,
      0.1850185465273941,
      0.22236114662434334,
      0.06869931277607942,
      0.09244269446369417,
      0.2642607855370291,
      0.026565218204128636,
      0.015510660454249814,
      0.1041969573467806,
      0.17753771345309827,
      0.2970487816110761,
      0.142859690853394,
      0.29135774042554025,
      0.24068969520992275,
      0.11731213844837061,
      0.02879504652782325,
      0.20733005643602456,
      0.1406259667450832,
      0.27373739044843354,
      0.023545712475371173,
      0.1192702668051811,
      0.2533769489324175,
      0.09447890576220765,
      0.1317000931902535,
      0.088887149851199,
      0.0632620452146071,
      0.25413191191239587,
      0.0809265167810501,
      0.20160197793550047,
      0.016669745720484186,
      0.02174869140726826,
      0.16066465809732658,
      0.14370623722929837,
      0.0071218773806107525,
      0.12708126772622194,
      0.08731966829788267,
      0.2320623979094584,
      0.11924763135620485,
      0.0028580254750557033,
      0.22820234857021418,
      0.14572742496438892,
      0.19576181800402695,
      0.14020091713783944,
      0.28428426169604676,
      0.13848902639749497,
      0.031224882923729578,
      0.13880493881323708,
      0.22150158156596095,
      0.23402988426635915,
      0.11378374838152105,
      0.13783085182200833,
      0.22567440590851578,
      0.17683431076594133,
      0.03853999016274821,
      0.11989900110129473,
      0.2468721538428917,
      0.038787977593961784,
      0.2186277396825409,
      0.12921395828514137,
      0.2916486584387913,
      0.044616460839343175,
      0.19275612914748444,
      0.20493933009752452,
      0.29651907712514924,
      0.22376102885652768,
      0.04157533093034401,
      0.2918016900456412,
      0.21735904278820045,
      0.14821757459423893,
      0.23533839782002267,
      0.2579320345047327,
      0.12255194304937132,
      0.15747875558519223,
      0.15271617642723948,
      0.2660508097100653,
      0.07485805431116054,
      0.2581329958907909,
      0.13750687167510553,
      0.27257161892023873,
      0.14059576556980255,
      0.19620518719046154,
      0.23022914078217693,
      0.01600202898896511,
      0.0028381433905832476,
      0.19059463419362369,
      0.16588109578679455,
      0.22900695541838795,
      0.08375161964790646,
      0.1945142635220967,
      0.2107608546674878,
      0.16036019021505435,
      0.13331811489911538,
      0.2473982645315232,
      0.20255651784618398,
      0.24758805582807128,
      0.21266000351044503,
      0.1288977451498835,
      0.08719596622672389,
      0.1962770584827135,
      0.29938604945942776,
      0.22455419914945227,
      0.14042594374119574,
      2.626490105879231E-4,
      0.17346609652958433,
      0.17344499455915832,
      0.1973779819756422,
      0.2835476038752286,
      0.2382319483472527,
      0.24473580945825174,
      0.17083134347417459,
      0.24796681265726264,
      0.28319584349258686,
      0.16690802325793627,
      0.22172894569158344,
      0.014987394714303503,
      0.048660268114142625,
      0.013588716452029725,
      0.10305211380432132,
      0.1576595096743436,
      0.06182688493510935,
      0.018409310277537394,
      0.05389070306672387,
      0.27833656187821404,
      0.2786507326581131,
      0.27809710006791916,
      0.1735660137497492,
      0.254255571247084,
      0.21777702122218326,
      0.24885994866216,
      0.2483008373121937,
      0.27425710018556754,
      0.03428928978558501,
      0.2583127442835266,
      0.0743334880432504,
      0.29616794468568186,
      0.25548958857782994,
      0.17651323932945248,
      0.15236644255269044,
      0.13295005908968713,
      0.0928837409463849,
      0.10664255711996336,
      0.05921614071672565,
      0.04327062630954739,
      0.1472761465482828,
      0.004808560458054189,
      0.11739651756055917,
      0.077767973530827,
      0.008639763576704939,
      0.22480995915677196,
      0.17037463434151545,
      0.26595670928782894,
      0.01280728711207828,
      0.2251142479995518,
      0.03188736933192907,
      0.12575766394247415,
      0.009895993264874758,
      0.0703361444946335,
      0.25406547338991,
      0.21326732457990452,
      0.26244870855193525,
      0.008778983269944385,
      0.24432063533427742,
      0.03027940100794417,
      0.2880653577903928,
      0.1272563266187686,
      0.051694304891016826,
      0.09717177696638742,
      0.12369939671012398,
      0.20369042465042012,
      0.02232564646450913,
      0.06723468943580413,
      0.0032546540657305443,
      0.006273502162120181,
      0.1695456154695121,
      0.11333112225941616,
      0.2642785300291148,
      0.02981562852739664,
      0.1835392130605336,
      0.22877129195972679,
      0.27449128989507554,
      0.0581788011788099,
      0.18733298370130047,
      0.17551138448629403,
      0.020950994404629764,
      0.21609440163175095,
      0.1489523950385278,
      0.016430238044812116,
      0.1922121097067507,
      0.2151097116642323,
      0.29626593572958004,
      0.24561880975712216,
      0.28587291569797907,
      0.041623914987436283,
      0.04211446456723633,
      0.2779419907666964,
      0.1559600525131845,
      0.07569958952829546,
      0.09690818134818943,
      0.10354102301595107,
      0.2492417253689529,
      0.022401406596544136,
      0.008557730096822536,
      0.2769684761150102,
      0.28308678577096774,
      0.1627316110364369,
      0.11743126465690668,
      0.29993654358309585,
      0.003629536245522413,
      0.1760586272078679,
      0.24099036778886215,
      0.29029537564410396,
      0.2007766109760145,
      0.13720981385731687,
      0.13251082782663556,
      0.2527719020144164,
      0.14911428418916103,
      0.27800993932460066,
      0.09436894179351639,
      0.24222259711153662,
      0.03429444294966649,
      0.157662710497292,
      0.25415728141047905,
      0.1834465300538985,
      0.20534989995742747,
      0.148976427703712,
      0.2994549595572192,
      0.04822253042036233,
      0.28219061212748014,
      0.012320192368119608,
      0.10018065896936935,
      0.0330368179209975,
      0.05480878362629397,
      0.06501455917475665,
      0.15783816764471775,
      0.16331539357286803,
      0.07455738797183119,
      0.066405895148588,
      0.14117252128649438,
