{
  "horizon": 720,
  "granularity": 1,
  "priceSchema": [
    0.198,
    0.198,
    0.198,
    0.198,
    0.225,
    0.225,
    0.249,
    0.849,
    0.849,
    0.225,
    0.225,
    0.198
  ],
  "agents": {"h1": {
    "neighbors": [],
    "backgroundLoad": [
      0.03182200191578327,
      0.055953653466989474,
      0.2726924647000407,
      0.283513357392328,
      0.25987012907858975,
      0.19296854734768162,
      0.2017909050431402,
      0.22642655140616527,
      0.1944979215227679,
      0.08334420437130775,
      0.14659971941569225,
      0.026271077110306018,
      0.14601573885470567,
      0.2373428520152444,
      0.24951274184453967,
      0.050954322142175976,
      0.2420318584262866,
      0.15858476126756066,
      0.06948843088792113,
      0.2046376611812592,
      0.13895180184818806,
      0.06485916777177182,
      0.22088951734908574,
      0.010662260494635067,
      0.27539236217270535,
      0.2681073681325503,
      0.04311442117058928,
      0.2093879112542244,
      0.2580402215562333,
      0.04878330403812072,
      0.19766470444189815,
      0.1649185576532798,
      0.07981384066511638,
      0.15971152660441137,
      0.03375655368120467,
      0.18645647707532634,
      0.14015369527377186,
      0.09450018788887264,
      0.046723960785322906,
      0.028856509735178126,
      0.027213259091099694,
      0.13849920383921513,
      0.17181822446185133,
      0.11938394249881305,
      0.004381329761019381,
      0.09194264786620802,
      0.07948029789082871,
      0.051446151464431135,
      0.21763385450732622,
      0.2432530033807629,
      0.21988070213260807,
      0.17464845210281968,
      0.17747881642413507,
      0.02990807854542342,
      0.02517125778767414,
      0.16755841292075577,
      0.07014193511910426,
      0.20675743434223318,
      0.1920425650729213,
      0.22133375212391523,
      0.261611279631864,
      0.04568095986212025,
      0.2712051211040107,
      0.2585452124986136,
      0.1973716447939136,
      0.2399881702811813,
      0.1843481690524829,
      0.2395102507587573,
      0.1904279814013881,
      0.29316182408626973,
      0.003349703920757341,
      0.06345647215562138,
      0.24905991509564926,
      0.02524974622066194,
      0.18179497885214538,
      0.24879808683274207,
      0.246229903609558,
      0.28637676338594986,
      0.11341294016141502,
      0.0763824412533625,
      0.09183965546062835,
      0.028778506173676787,
      0.24231516811847342,
      0.1686436040688667,
      0.16190055913953885,
      0.28118406062486845,
      0.041867374061166404,
      0.22912969320935891,
      0.10183979074950038,
      0.16951345109676233,
      0.06953897490304481,
      0.15723246683957465,
      0.04428571224915081,
      0.11601715698743527,
      0.1834488676591455,
      0.034479315508921846,
      0.18053745474124308,
      0.1491843974855751,
      0.023473969322443843,
      0.23022717265615933,
      0.2049455802330993,
      0.2848184522969685,
      0.04929458901592789,
      0.1377250212717874,
      0.15856943179651625,
      0.10690384839301194,
      0.061824610347561204,
      0.016316675119597234,
      0.12612597481486335,
      0.04035875556399797,
      0.1857260658846652,
      0.08201461199902814,
      0.07276657362292341,
      0.09302515109728926,
      0.28312553997616074,
      0.27338839165639855,
      0.24824060007693774,
      0.06091310193089493,
      0.2665759159512924,
      0.12929132490882866,
      0.129554438381467,
      0.028448400042347298,
      0.12315586265934975,
      0.24449127200743365,
      0.18800694330092896,
      0.18964566324417403,
      0.2737892347955116,
      0.2690463097157163,
      0.18764986903150868,
      0.14573492852954864,
      0.005436628167238766,
      0.21288479920894685,
      0.18966816591199195,
      0.03136804756915601,
      0.2807183622993251,
      0.16328072233226554,
      0.28022616005926243,
      0.1504651624835304,
      0.0174151469641842,
      0.19940827538086878,
      0.14198459708554145,
      0.04677133517798645,
      0.26328601363250187,
      0.26137619673503093,
      0.21592066405150928,
      0.20446345680075614,
      0.2648756029672969,
      0.19232154481405309,
      0.05116783407791411,
      0.2122333145911655,
      0.25694891644379697,
      0.09264189193482789,
      0.002523404088266523,
      0.09031605261214422,
      0.08888484060425896,
      0.24299546638036418,
      0.22914737253841405,
      0.03881121269375154,
      0.13760186953671819,
      0.06531527506400064,
      0.10816763715783835,
      0.14860485080560948,
      0.2793859788382965,
      0.07298899483901274,
      0.06272235302685877,
      0.008588059899360545,
      0.11104202276586816,
      0.0933782030503721,
      0.1373466940347015,
      0.06247823216565283,
      0.18156850735821053,
      0.0033048670148216994,
      0.05523843350476478,
      0.27296094185330805,
      0.26402699118240797,
      0.24011800709513154,
      0.1650276404397898,
      0.06384036771441225,
      0.020907955431153303,
      0.00490844262803507,
      0.18576043125325853,
      0.13967363565756288,
      0.1434341242042089,
      0.03753106139462462,
      0.1814548761043441,
      0.024631915423900475,
      0.02708610521266014,
      0.001662845480029118,
      0.16796204773873044,
      0.21938669048807588,
      0.11304322732901644,
      0.2795408432948745,
      0.12703884742368868,
      0.16158606637495965,
      0.22680568618897387,
      0.013990517819489312,
      0.07516295133270713,
      0.18354329802413988,
      0.28461363794443073,
      0.02641846471642295,
      0.23943749524399727,
      0.20149477493423681,
      0.014127020210100016,
      0.20078949459993242,
      0.22956109728066387,
      0.10600179169811082,
      0.26525673139711475,
      0.20284635826213854,
      0.10858206885078744,
      0.2945564322138889,
      0.04165763504364076,
      0.2315379451310795,
      0.2700038303912755,
      0.06958747392674793,
      0.08574808259794138,
      0.004290188050118038,
      0.09055560929382338,
      0.13649198914186342,
      0.256134600136941,
      0.13020378608510141,
      0.021395331771910886,
      0.2108425378935618,
      0.09583322130502626,
      0.29440988220461306,
      0.2934565046967201,
      0.040954464966182366,
      0.14466717379238395,
      0.11804592300465072,
      0.17586543325981466,
      0.11210065826282879,
      0.20078742082796622,
      0.20554281432099344,
      0.04863130514835573,
      0.20819694957154514,
      0.2944686675725283,
      0.10610261155586743,
      0.22431056192856602,
      0.25589141694532275,
      0.2506307800306863,
      0.19370605473603983,
      0.13153110337088403,
      0.25645681774954576,
      0.21318527947717636,
      0.20181086250209815,
      0.033354955924453276,
      0.2527219076950505,
      0.009173009072610771,
      0.2563208852767246,
      0.20339311592792772,
      0.057901659607200416,
      0.054178645854170523,
      0.08540504100798309,
      0.06954160106944042,
      0.041577620269999595,
      0.02589599641484005,
      0.05734357020404208,
      0.23207325961705222,
      0.06731273105305668,
      0.13476747685697174,
      0.18513819589448777,
      0.24953885752882152,
      0.22213163284543364,
      0.1630106669659573,
      0.1319885061517407,
      0.10033532296069719,
      0.13304388043393625,
      0.04175298192474386,
      0.02141375776647266,
      0.012111325872456091,
      0.12030438608659486,
      0.10242163961981327,
      0.16404578552722074,
      0.21588169306241933,
      0.2866565177920433,
      0.14127306970801298,
      0.21459686207432851,
      0.17449031438912244,
      0.29659234964739883,
      0.20112436872981004,
      0.009827050177231933,
      0.09301452393193388,
      0.019239266539906617,
      0.09234258523858953,
      0.09403935367564989,
      0.18646370181648037,
      0.11741526166615417,
      0.13611547555341894,
