{
  "horizon": 720,
  "granularity": 1,
  "priceSchema": [
    0.198,
    0.198,
    0.198,
    0.198,
    0.225,
    0.225,
    0.249,
    0.849,
    0.849,
    0.225,
    0.225,
    0.198
  ],
  "agents": {"h1": {
    "neighbors": [],
    "backgroundLoad": [
      0.2093023930711052,
      0.027614373566695858,
      0.04613879040814767,
      0.1263752950535201,
      0.06335098897967177,
      0.009211327753539233,
      0.15612925919116746,
      0.2794577720282894,
      0.14972488846596402,
      0.18639333516836679,
      0.2973711193163028,
      0.2306952150495723,
      0.05106894333840305,
      0.12028622449201405,
      0.14157336624858072,
      0.09292905825567743,
      0.23075942891576565,
      0.19048765074601393,
      0.27680118617459487,
      0.099159585824062,
      0.2722411583936862,
      0.034114367747941333,
      0.08733843824192031,
      0.20331034547738686,
      0.1540973356542364,
      0.17692034539547666,
      0.12238617827191754,
      0.10515787672891659,
      0.13799615813891825,
      0.10183236194957633,
      0.20491164717741275,
      0.17865705679786453,
      0.17732811370701826,
      0.1931134591268931,
      0.22294334723876016,
      0.1394521212148568,
      0.21373706577088136,
      0.14108168593992007,
      0.07341564239797506,
      0.006278280099923283,
      0.13188413083199743,
      0.2747325920777895,
      0.27317092703366846,
      0.26518994507870197,
      0.09842884818682231,
      0.027127218132739127,
      0.08897081029962915,
      0.2914115936165611,
      0.07317919921491932,
      0.20723940129228166,
      0.20766074208459395,
      0.26525116175170055,
      0.13839591096489498,
      0.14516983592852947,
      0.2672704830711206,
      0.21444140157628622,
      0.07656886376343969,
      0.09544848946144543,
      0.017202028079617415,
      0.03193407510591066,
      0.25085035995279936,
      0.1772928377076538,
      0.28574778779758286,
      0.11235555651117313,
      0.13818008800226084,
      0.042313038400147815,
      0.0926324212130152,
      0.17934846156341266,
      0.20714748009204512,
      0.27520981847036474,
      0.05794431519412983,
      0.1814704641026711,
      0.14624202996333954,
      0.14987931359821507,
      0.04606243289317987,
      0.27758504477536133,
      0.08929858289712801,
      0.02616077868053843,
      0.024074770122275956,
      0.24025501549657344,
      0.04459264700741038,
      0.24054691850248827,
      0.058554142182804,
      0.2261631331946126,
      0.13160431046458648,
      0.15119084731027824,
      0.23838693300327493,
      0.012734566351084452,
      0.06454184092643112,
      0.15344016109125752,
      0.27533053916493627,
      0.13630368139622617,
      0.20530557271408842,
      0.054460122288629585,
      0.16084003214825532,
      0.11978951214973321,
      0.01275626142700328,
      0.12522905475375737,
      0.1980940510743902,
      0.282926099550757,
      0.06738268244325182,
      0.0013672468654167046,
      0.11014126369511154,
      0.18294024949988802,
      0.10091419928374418,
      0.2238305156927279,
      0.2938650135998064,
      0.19427808065055044,
      0.14599768656668835,
      0.2168101474909304,
      0.08088189283178429,
      0.05560824664698396,
      0.17103968069566894,
      0.18786525632978332,
      0.10054828033216522,
      0.2588962832122067,
      0.18294971072541488,
      0.22315743596055085,
      0.2766981817417225,
      0.0369554309817284,
      0.16139861411032816,
      0.2997316284816248,
      0.21170306791898433,
      0.20494866397413417,
      0.10012388717836772,
      0.23788945717984758,
      0.060708685258410305,
      0.14773676480908765,
      0.15000326407817893,
      0.1740318364547047,
      0.1579164194274773,
      0.13193856688193797,
      0.2514415202855611,
      0.23551029453080277,
      0.2027102716655327,
      0.1911505664342401,
      0.05785049178172886,
      0.14224121959479313,
      0.15194057576082057,
      0.1402741615773402,
      0.09108326350827335,
      0.21060128542661075,
      0.010892877935953681,
      0.06943139862146869,
      0.1863376336313778,
      0.278775353642266,
      0.1677329617202151,
      0.005990590688638342,
      0.024665682055769876,
      0.22433325176317906,
      0.29974443968328246,
      0.20953488863295447,
      0.17663814202951972,
      0.0016930722488655901,
      0.2865289552341682,
      0.21476833712095653,
      0.08220591210154839,
      0.05077853780491469,
      0.13428921713980216,
      0.1195887578051433,
      0.1776121539302332,
      0.1421977365855406,
      0.15052239481157256,
      0.12617681777543424,
      0.18552015117817988,
      0.2498064399437266,
      0.18489351169527904,
      0.1929965643455838,
      0.23119342990971514,
      0.013603926476800098,
      0.16462958495291155,
      0.2047482974430084,
      0.05327459445173272,
      0.25825981227855144,
      0.09044256393164173,
      0.2410450429598436,
      0.18913137589891618,
      0.22219314477189256,
      0.23053655405364998,
      0.17606921563001796,
      0.05905009952293791,
      0.19052493707315424,
      0.22397546584112502,
      0.15955712559328736,
      0.2761201643031807,
      0.004425780612758945,
      0.256837932580122,
      0.04738850144500984,
      0.1785384507154352,
      0.2750805490329201,
      0.15999016774388145,
      0.2875536560894811,
      0.06121289940354224,
      0.18320852686145736,
      0.28966216291451863,
      0.215070851034244,
      0.035356505806112104,
      0.053512552375036125,
      0.18542198528289328,
      0.04817568949985174,
      0.10592983343125982,
      0.09716961917523827,
      0.01338189631503669,
      0.1454263814788951,
      0.01640523183876431,
      0.054687161642658945,
      0.1502316363988099,
      0.29606976626152554,
      0.2849028490777383,
      0.14844068604016283,
      0.2171365525233848,
      0.016213828338124226,
      0.1541263168100815,
      0.08751563765848404,
      0.14371754378404755,
      0.1028870691142854,
      0.19780711201651976,
      0.29070303820035537,
      0.23745525099355264,
      0.04525968462110811,
      0.2329299977758482,
      0.061786292672859205,
      0.07032066077215907,
      0.11769001539149347,
      0.0897698547636784,
      0.007446082675091825,
      0.137221296724128,
      0.07762515204026875,
      0.25570867999974567,
      0.09149767723411811,
      0.15556767105176106,
      0.009631184579941209,
      0.16153414198819538,
      0.2854268370533917,
      0.11346247345194635,
      0.08987775678156336,
      0.16326180286608652,
      0.1803932762095815,
      0.11185887344298107,
      0.20860683457542853,
      0.011581412815523695,
      0.020880064230350003,
      0.24891856495597067,
      0.010681616768301193,
      0.16905255499840713,
      0.13723564477192646,
      0.2196210310791837,
      0.2166100264165095,
      0.27067500648024817,
      0.06798922084435244,
      0.260739259100016,
      0.18367831276610624,
      0.29102720954514444,
      0.04552683245330178,
      0.009177822506743415,
      0.136214993918945,
      0.05975110500186772,
      0.25682572055305636,
      0.28626319471704087,
      0.10322540554260345,
      0.15646651475582982,
      0.14152838165202852,
      0.18414711172986248,
      0.17338345955601725,
      0.15329195719675942,
      0.06421213533297783,
      0.23699393674665314,
      0.04586091779554617,
      0.22776201959953968,
      0.1278168625994256,
      0.08231274011565287,
      0.05192015296007761,
      0.1679509836195458,
      0.05173310648268931,
      0.2019503382598258,
      0.2570358134803858,
      0.2843205137844806,
      0.1059486478901563,
      0.14795965558118435,
      0.2888851242480544,
      0.21362792789826085,
      0.20208701403389984,
      0.23914688025954053,
      0.21989800155261666,
      0.20491924831202837,
      0.23522631013127515,
      0.0976283913399836,
      0.011881178533731995,
