{
  "horizon": 720,
  "granularity": 1,
  "priceSchema": [
    0.198,
    0.198,
    0.198,
    0.198,
    0.225,
    0.225,
    0.249,
    0.849,
    0.849,
    0.225,
    0.225,
    0.198
  ],
  "agents": {"h1": {
    "neighbors": [],
    "backgroundLoad": [
      0.29501299653488594,
      0.2093319056725847,
      0.14407973156917933,
      0.18084869080366892,
      0.24098944393293642,
      0.0749426615371734,
      0.21317662875243998,
      0.23835955823050534,
      0.10297302086789585,
      0.20626971803215388,
      0.10047928091899525,
      0.05034106128683436,
      0.012272232456301135,
      0.23451119411516774,
      0.13593086505419671,
      0.19579446099064995,
      0.1815752325697047,
      0.022556581531218367,
      0.15004972475301412,
      0.24179157676946855,
      0.2717224986696873,
      0.030303578941259943,
      0.2511627970328493,
      0.057902851817829136,
      0.03456034166624309,
      0.023018356779926853,
      0.03658016248717592,
      0.26379554584144954,
      0.14674832325522766,
      0.18075270967233828,
      0.0020878376966823706,
      0.144224971640228,
      0.08633535688511991,
      0.19523379654723874,
      0.16999530594249726,
      0.23815062805847226,
      0.07840248341479743,
      0.1396485907676805,
      0.2736994104102196,
      0.20007120944099863,
      0.06483164199366875,
      0.05019622565833669,
      0.2266382057235169,
      0.25603783136242775,
      0.20996138610872953,
      0.205651415626179,
      0.22246986186742537,
      0.10623997132113673,
      0.16317439482305732,
      0.0671439816425868,
      0.10633024266655096,
      0.16609483806422387,
      0.21020573812730511,
      0.27488265181375854,
      0.06753804857495273,
      0.2731430960825192,
      0.13947010036965807,
      0.007817741203119566,
      0.1831220756721975,
      0.1965978417344205,
      0.018068365819771868,
      0.07783758320338229,
      0.06415505914235305,
      0.25462937944381786,
      0.044682477975973224,
      0.14284040301159084,
      0.1431540694530884,
      0.27082233019750024,
      0.28396302776737864,
      0.17942157683223617,
      0.021366773295932305,
      0.052213830628712744,
      0.05361267973317115,
      0.22467326891060982,
      0.07318715256707045,
      0.10637393924471716,
      0.20830912782100472,
      0.021860930259239096,
      0.28665788092697286,
      0.05827206873229498,
      0.05594805363400699,
      0.12618161919435872,
      0.21234727423641983,
      0.03767343302280278,
      0.2401380547613142,
      0.0948336461360775,
      0.03767653553723804,
      0.10758759172220489,
      0.08170764065933439,
      0.23569901954756645,
      0.05348028779715368,
      0.08195261162461487,
      0.15300301541697156,
      0.14084677771529783,
      0.09639575422351261,
      0.0785322500737581,
      0.0538053265416375,
      0.29939204161237626,
      0.007304650575045956,
      0.23462564784199752,
      0.16194356275814925,
      0.23483144567524586,
      0.06978520673024466,
      0.1969052516554169,
      0.2113043130041091,
      0.1996087761264034,
      0.27855640522596886,
      0.14071377175819313,
      0.011498328790029322,
      0.029127145136900533,
      0.26586166754830004,
      0.04819533719732415,
      0.22873821065122124,
      0.14391583645360778,
      0.22410704463658696,
      0.03856738004020347,
      0.12490874143183407,
      0.19864759593699277,
      0.012754753217265312,
      0.19840466585449562,
      0.04136015376151213,
      0.28155739431981547,
      0.22952227558722837,
      0.251046645300801,
      0.06224472125073344,
      0.04599525908590043,
      0.23428289756186454,
      0.238103560019882,
      0.2547153642529918,
      0.2731002106300698,
      0.03421925194550335,
      0.2677221863644287,
      0.1340994111929741,
      0.04559528687734832,
      0.2966908439980033,
      0.25664378240212676,
      0.08131379293203246,
      0.11255198099290381,
      0.0037233627593338146,
      0.23052875107738652,
      0.11378160907788082,
      0.009719085173541241,
      0.2550009116003446,
      0.16917652988717186,
      0.20761195548534117,
      0.29018727270423506,
      0.008663314879697048,
      0.1382304876199645,
      0.2581589461221098,
      0.22193950593634065,
      0.15990047010740785,
      0.11485943176011493,
      0.20525251770665567,
      0.10225164377261335,
      0.056344189591337544,
      0.004546630754439917,
      0.0846416768734792,
      0.23915731547587024,
      0.21103453857744178,
      0.0025883723423706707,
      0.25038898208791877,
      0.20215773354969435,
      0.16003221822431143,
      0.24913939827762208,
      0.29002390127596134,
      0.27203990239324527,
      0.20934571956609543,
      0.1866521769552589,
      0.16284519995687108,
      0.21758370044213685,
      0.045886262119111766,
      0.15400046728425956,
      0.13952946727722448,
      0.22773259012159738,
      0.23718905881766672,
      0.041452821687853865,
      0.03999381917954544,
      0.1795595183708286,
      0.0748205747588898,
      0.26750267129031796,
      0.017918679993812404,
      0.19489904258209403,
      0.2378810984536584,
      0.048344345455407174,
      0.24379479468717488,
      0.014614797634650477,
      0.20575101016489455,
      0.09448522007850717,
      0.2799004443828148,
      0.14343314294558293,
      0.019510818730781355,
      0.14120196196327964,
      0.17870332734475058,
      0.10957301938448386,
      0.032349634079259525,
      0.014601809723017766,
      0.11282233717346546,
      0.003097741287951361,
      0.02503028572206002,
      0.2975630604332441,
      0.11264979626315748,
      0.1817016715132335,
      0.1846174012003369,
      0.09429835061998294,
      0.18286790106343595,
      0.10092051459151664,
      0.08250241211092614,
      0.2973108462958171,
      0.19594746911295527,
      0.2118919235886232,
      0.27426783262092624,
      0.26468461435985374,
      0.03393362658043688,
      0.26198689366095107,
      0.19887542161999383,
      0.16206134491386853,
      0.08528631637885112,
      0.10606541541438626,
      0.1182557654530527,
      0.27012957092912493,
      0.007310225240942291,
      0.09951947385565514,
      0.09081118007994166,
      0.14978764646362697,
      0.03706439104779239,
      0.2597022638615288,
      0.002414498168520829,
      0.2176202354656258,
      0.12856951902683583,
      0.2119692837683078,
      0.12862525832555285,
      0.2339861690693227,
      0.15691231124539282,
      0.12043547150212414,
      0.003975928198263978,
      0.1349683250841938,
      0.2126830506492282,
      0.09477397121841247,
      0.21406842769393125,
      0.2057783502911121,
      0.013518942029816116,
      0.07296371751605261,
      0.21535539719550437,
      0.06189058361675047,
      0.013434606641035584,
      0.2815304517912038,
      0.26830951301539174,
      0.026223717736992003,
      0.288920668911086,
      0.11314295024648346,
      0.11965377614492852,
      0.022291486376702727,
      0.26435977114063297,
      0.26948587893957093,
      0.2415942029270704,
      0.2670801758537162,
      0.07838620100938294,
      0.10730558933082891,
      0.23128369549015937,
      0.28169436259368064,
      0.008287859066425828,
      0.11797271511085274,
      0.14712045549151317,
      0.1102189600605314,
      0.2259684420063578,
      0.15040097225458246,
      0.2557774294618894,
      0.284147230326452,
      0.22601270713416577,
      0.08734937757064788,
      0.18838180203751315,
      0.2527993113667205,
      0.06375496907706558,
      0.06953451028312609,
      0.010812999480561369,
      0.05674306729561864,
      0.1069806437182238,
      0.13747658582308733,
      0.054876431193684114,
      0.060455311171049325,
      0.12795868292008833,
      0.27136093541274764,
      0.18183986431414503,
      0.1991352529245135,
      0.005546765878749449,
      0.034661670575470406,
      0.15787449088491384,
