{
  "horizon": 720,
  "granularity": 1,
  "priceSchema": [
    0.198,
    0.198,
    0.198,
    0.198,
    0.225,
    0.225,
    0.249,
    0.849,
    0.849,
    0.225,
    0.225,
    0.198
  ],
  "agents": {"h1": {
    "neighbors": [],
    "backgroundLoad": [
      0.18127071258562266,
      0.1877695989413264,
      0.25878383322971743,
      0.032440913146190055,
      0.26577252918391453,
      0.1507274400099941,
      0.02973025440435497,
      0.25348520884763975,
      0.11992542949197703,
      0.2506855639944889,
      0.15579102929106084,
      0.15711042543381656,
      0.04732613869948752,
      0.2345280802550769,
      0.09763094454380102,
      0.021497965552424857,
      0.10502757879280025,
      0.006240509007382322,
      0.27063031314182495,
      0.03497844889029673,
      0.14249630654464743,
      0.07906913833506744,
      0.2124142032887787,
      0.18373756838676908,
      0.078217367408713,
      0.20002625306699554,
      0.11983145708906226,
      0.09871305742704418,
      0.16499015252043026,
      0.2116562422440802,
      0.046646744328216694,
      0.19067375549187848,
      0.2698524928863366,
      0.2150306193716413,
      0.0212710744042375,
      0.2233036395332559,
      0.18157946614279477,
      0.18853801649644633,
      0.17585785702129808,
      0.09466308560868376,
      0.14920799165242668,
      0.09733830202670764,
      0.26165314894488984,
      0.24602663701751812,
      0.013598331259109997,
      0.02594556936739777,
      0.19623417039513127,
      0.0936648452124765,
      0.11696579296308653,
      0.23327856650444861,
      0.18428643388475555,
      0.10499559358703925,
      0.23365223589156908,
      0.0933038979417293,
      0.2814739679480076,
      0.14742284578786938,
      0.002539860539826344,
      0.147059845325287,
      0.17977183698880408,
      0.21138750196688025,
      0.04659879434948461,
      0.1703918375395337,
      0.21650389974499182,
      0.026329285454837623,
      0.022088491791557995,
      0.19796613778978636,
      5.9519189504741994E-5,
      0.0724821117377976,
      0.05833877493319114,
      0.2719462054649573,
      0.19721464322525392,
      0.10061477208390428,
      0.028852925467788268,
      0.060821318112556165,
      0.12970983288110047,
      0.2800338183561413,
      0.18069598441272838,
      0.016918962105774336,
      0.2660197817351699,
      0.03709604471326661,
      0.05325111035514649,
      0.2889200723937691,
      0.21439479586662535,
      0.05715494908744003,
      0.15779101833117964,
      0.28056513230569263,
      0.16291555141774897,
      0.050604013580016025,
      0.23976778377834573,
      0.06351392737834656,
      0.1561917233204582,
      0.15878667716471542,
      0.252255737252597,
      0.03768975789349067,
      0.07963455968813632,
      0.17834371599846058,
      0.029868712884446435,
      0.26028735306876033,
      0.06359653324142807,
      0.19569497976206193,
      0.2825973282508221,
      0.17010035414574262,
      0.011879615343482985,
      0.19721708682636166,
      0.0531665357032562,
      0.26333794913037917,
      0.07826772433934692,
      0.21237173833053616,
      0.20265141817487572,
      0.05644336127789187,
      0.013473458528359216,
      0.07808968233812945,
      0.21560372409186954,
      0.25647034544478636,
      0.2908169621850645,
      0.1425663649496361,
      0.2773436940404182,
      0.13460542635762662,
      0.2431935443541365,
      0.186225919235349,
      0.29021437116837506,
      0.019340391491503916,
      0.138873069971388,
      0.11692485794368346,
      0.2619285194661721,
      0.017509939908614203,
      0.12640368909213184,
      0.17063930267561178,
      0.29472996809462354,
      0.04749098353253781,
      0.11946997034206479,
      0.2819641561729048,
      0.16310820981717852,
      0.06082549404417576,
      0.1647904566216579,
      0.26800425720802296,
      0.12457804789228895,
      0.28354636241982933,
      0.23814916215748866,
      0.1240110672015786,
      0.11829367366656111,
      0.257433135864623,
      0.12080882894835679,
      0.048667823945983554,
      0.1275748183945942,
      0.10064713306282848,
      0.18561112348596978,
      0.24905455871521345,
      0.21737999495228652,
      0.08273329148414608,
      0.0024058700014581436,
      0.08359490185118813,
      0.09185697140076528,
      0.029520754117892976,
      0.07871349059101465,
      0.04225304967814033,
      0.2171519471531568,
      0.01900791835661667,
      0.026820957697604,
      0.29161949558039924,
      0.27782209615717773,
      0.08354003578438059,
      0.2560135097881356,
      0.17402567466000265,
      0.11625472769614202,
      0.128949372829458,
      0.17457013148100417,
      0.020903252776095838,
      0.12654894742376258,
      0.15016331745287373,
      0.019818610066574094,
      0.273938876024577,
      0.13542746144010123,
      0.05330189133797606,
      0.2354583824154437,
      0.06871263161048376,
      0.01766355139629836,
      0.039183175073357876,
      0.10010062140241618,
      0.14541804922584203,
      0.016804691794769077,
      0.037197743491486454,
      0.20212456881941138,
      0.06432930836188112,
      0.08013302242210586,
      0.21111174620894604,
      0.20983905266794337,
      0.1930459111076833,
      0.004992380859270951,
      0.1111159007137525,
      0.24974815313870824,
      0.17358562510674053,
      0.022139956700698682,
      0.150205764000094,
      0.06429858903094056,
      0.16708790338780546,
      0.11994474430943665,
      0.15910866369788224,
      0.16871463484874083,
      0.08799298453121014,
      0.26500173563012386,
      0.16553235798079077,
      0.18429052133528473,
      0.28533611622065785,
      0.2564802790484535,
      0.05304306913822465,
      0.038596390320590764,
      0.022970811817350743,
      0.2317144651889423,
      0.06986796820149418,
      0.07483283663180414,
      0.058742222725895195,
      0.1781568647827724,
      0.009487639703027117,
      0.007412384533052396,
      0.027842685207341344,
      0.2895971845218481,
      0.2585277477511799,
      0.1084755413800038,
      0.14879250667429803,
      0.28543731006285356,
      0.08586789185864005,
      0.25652618230524354,
      0.05455977267717582,
      0.29436986814971666,
      0.17769874202027128,
      0.12153709774293339,
      0.06609463068253833,
      0.2729289757312255,
      0.028585069389523442,
      0.10588131795906054,
      0.15206773206217014,
      0.19454842088206395,
      0.21791697872031807,
      0.14587516667391684,
      0.16838320719080288,
      0.1442612705675055,
      0.15385530364174388,
      0.06389830290889374,
      0.2495091081136711,
      0.24457993268664258,
      0.28317479732273315,
      0.0065019873315361855,
      0.03123876569719046,
      0.27962862127743576,
      0.03399001258744111,
      0.00197221517682189,
      0.22235101179953348,
      0.27303940565958096,
      0.08266885045983156,
      0.03948058619230894,
      0.2996713746132115,
      0.29453646954042295,
      0.20261500661561815,
      0.18445277264609664,
      0.1427081830026794,
      0.2847190606136862,
      0.07722709008830121,
      0.026845417319733077,
      0.2440714603536421,
      0.18791753851659046,
      0.05333114809354872,
      0.06197945694193954,
      0.2606452902100027,
      0.2316472642851597,
      0.19697510564445814,
      0.18300600284867896,
      0.17405815880335965,
      0.06272038314040505,
      0.04924661289400676,
      0.2686842397918591,
      0.08542483872522295,
      5.887270944860412E-4,
      0.204040568393302,
      0.2490388437342624,
      0.2671595490229577,
      0.268772927584727,
      0.04224444557834526,
      0.1569046868788184,
      0.014794987047984308,
      0.10414716378295573,
      0.11694725323035707,
      0.048249662124157044,
      0.14304404111898686,
      0.10758070878047268,
      0.24273559162776778,
      0.1489268965754186,
      0.14651503293565124,
