{
  "horizon": 720,
  "granularity": 1,
  "priceSchema": [
    0.198,
    0.198,
    0.198,
    0.198,
    0.225,
    0.225,
    0.249,
    0.849,
    0.849,
    0.225,
    0.225,
    0.198
  ],
  "agents": {"h1": {
    "neighbors": [],
    "backgroundLoad": [
      0.09630963091686616,
      0.01883513627511708,
      0.18428133698788116,
      0.2581143183163765,
      0.006922600396099121,
      0.2747697441987101,
      0.07608937343213848,
      0.09003912579283747,
      0.06320693592176206,
      0.07937079757963315,
      0.11033412194279187,
      0.1347263675359888,
      0.1393483533352829,
      0.09251413824981522,
      0.19038220620844123,
      0.26467512890973477,
      0.2947069943132384,
      0.22766017673702382,
      0.09152954161757766,
      0.09748770455793619,
      0.0647540446494385,
      0.035981040937935284,
      0.06881821903857221,
      0.10789755793341956,
      0.15267574669103742,
      0.2115072431572797,
      0.14609761626004877,
      0.08002266155383098,
      0.21274972695158686,
      0.0958647487260321,
      0.08348536940141009,
      0.08507844372666865,
      0.2632869371350092,
      0.06389909683446886,
      0.1533877324521882,
      0.15107285048891575,
      0.21762681774848977,
      0.0767034364180382,
      0.18354975588247474,
      0.28052748569827063,
      0.002573107254843243,
      0.0346927300182543,
      0.07635655039207474,
      0.03200477675379445,
      0.0876458050743263,
      0.07312159489823168,
      0.26175887951271976,
      0.013260585226162136,
      0.0487250394152024,
      0.12323112367056917,
      0.17270067772753822,
      0.14504629512155912,
      0.26362771173131627,
      0.09726993771868031,
      0.13561153143492155,
      0.15305247270949202,
      0.19243474555785922,
      0.24640029732820568,
      0.2145980150129515,
      0.14966746287750507,
      0.19909494446263246,
      0.221483548512427,
      0.23840049343642963,
      0.16024703642247892,
      0.044420319754823655,
      0.18008133579281288,
      0.2575212224488754,
      0.03311130555883226,
      0.11741238073807753,
      0.2493359464784254,
      0.2407584466998346,
      0.17384935624667683,
      0.23182774985561524,
      0.2195261055804474,
      0.24482951376869924,
      0.01717517090064058,
      0.022929426698164633,
      0.001344573532091331,
      0.11759454926055396,
      0.2877403092361725,
      0.07716825277985982,
      0.20522526928952003,
      0.2907690420334005,
      0.08653148093082154,
      0.04082617006016998,
      0.025380013979754257,
      0.048041809356715794,
      0.23091744630628247,
      0.05106650534588285,
      0.06687227378663797,
      0.17879955685084328,
      0.11210858815025602,
      0.29033763257920264,
      0.05664175240260591,
      0.2998538487536289,
      0.271040793559744,
      0.1167805543604627,
      0.036430011352963754,
      0.13569776833725927,
      0.07547878465859982,
      0.17919168059422527,
      0.1487642473376993,
      0.2823264793342574,
      0.07062712850432444,
      0.031298378053803096,
      0.123435645542018,
      0.28440877791204605,
      0.2915102719918152,
      0.26026901833702903,
      0.2555287673958154,
      0.1459904556351425,
      0.22773118579586749,
      0.08233130073409775,
      0.1970797665454254,
      0.15364432003366565,
      0.15553399215369784,
      0.08219198144969556,
      0.06918850449323145,
      0.06481843645533288,
      0.22238398867303769,
      0.27500671313927944,
      0.17660950686253904,
      0.02246407076326936,
      0.22370063443952368,
      0.23380515234539062,
      0.15284058357676272,
      0.13052220599319284,
      0.15876243357942368,
      0.10894253768108646,
      0.04615576624312366,
      0.10278608839823307,
      0.22403569241398785,
      0.17580302803967998,
      0.2393308236999285,
      0.1279603047994284,
      0.11840451734040655,
      0.27773606172497417,
      0.21334785873875467,
      0.22078973663096388,
      0.03784802303944013,
      0.027748865080353544,
      0.023416756876709865,
      0.12640802497596132,
      0.18097733578968772,
      0.16524079170627162,
      0.27255592282923524,
      0.08862088059757696,
      0.1542485951246988,
      0.09681691043183126,
      0.09592165622685998,
      0.09624334513080751,
      0.2916724737204413,
      0.10038283293002889,
      0.09433670347091679,
      0.06269962577497515,
      0.26409049434027443,
      0.1934087671169611,
      0.1496860022246105,
      0.0024270896156391884,
      0.11204910813627157,
      0.13880123242207615,
      0.09405069890336151,
      0.278359580286279,
      0.05378919487705919,
      0.023316080013955496,
      0.06669137909254104,
      0.18272050593538797,
      0.02194322462267596,
      0.21402801852755937,
      0.19260858407046497,
      0.2348385796451564,
      0.14401757529245027,
      0.13304247283509082,
      0.16918446001730325,
      0.13327979795680947,
      0.2706570082593998,
      0.06259483733760214,
      0.10733073671634806,
      0.14543568784484578,
      0.10213575702299513,
      0.28945111260440487,
      0.29007289118980145,
      0.2946858570027883,
      0.09589380412683127,
      0.15849078527751953,
      0.16268630328816439,
      0.28147677946821575,
      0.06396999109916592,
      0.22673768946177597,
      0.11297723988042288,
      0.05774216897197532,
      0.013387469545995555,
      0.09470919496591933,
      0.004629048033964356,
      0.09343010166514107,
      0.28881923877276783,
      0.2506655024764324,
      0.09618243854587989,
      0.0212444630025276,
      0.19372747222758688,
      0.09020506980064229,
      0.047296172172259975,
      0.20407614308223654,
      0.22463965684291276,
      0.14263877107135745,
      0.005553928719635303,
      0.29893979169883417,
      0.20161695309678718,
      0.2550787770255014,
      0.041266889689737636,
      0.2903924981786862,
      0.11932380944914345,
      0.24167488834034054,
      0.16573761944888443,
      0.1881616816621993,
      0.08386620445637628,
      0.15566236628442356,
      0.2606924405599145,
      0.2686750348812605,
      0.04373188567416666,
      0.015730662901931845,
      0.17876927394663575,
      0.12094555403425473,
      0.08958148019777068,
      0.09520686485713954,
      0.2961427822297931,
      0.1489394555979403,
      0.09138276828669903,
      0.19585988501158125,
      0.2843508715590039,
      0.11425472791846714,
      0.15856181704541555,
      0.2505291792262369,
      0.2602544157982071,
      0.0024775144026829565,
      0.23343344574137148,
      0.2689580022211374,
      0.22165875514933675,
      0.1820819304268266,
      0.27214457458724967,
      0.22097785979753645,
      0.16262877396231176,
      0.22362135863674784,
      0.10895673178534199,
      0.2566191059051392,
      0.08435717002793887,
      0.23943922146679686,
      0.29480310942138616,
      0.11704921367607679,
      0.014468394243585935,
      0.08348187889455307,
      0.17438039266460767,
      0.04196720259744234,
      0.1903051957252183,
      0.0818648126761211,
      0.03375902172697526,
      0.06133852899705485,
      0.26501242109797546,
      0.06158135794697581,
      0.1922821190100559,
      0.21697151538216355,
      0.27048753249452123,
      0.25623168238367816,
      0.2744232614968636,
      0.009469741276786436,
      0.18309565814049675,
      0.18045792710520894,
      0.2320612298879018,
      0.14847806651307446,
      0.18196054402213785,
      0.03256513673818422,
      0.19758911240207672,
      0.013854673751829227,
      0.09088153364661462,
      0.289586387915853,
      0.12487198099029743,
      0.1683009163124396,
      0.22825828342674978,
      0.16246993870528434,
      0.24860141899974889,
      0.013810818059123287,
      0.2076134869959805,
      0.09147453181495081,
      0.16575101856940963,
      0.28162905758459134,
      0.05541339971629011,
      0.2931473162920787,
      0.2696222349515845,
