{
  "horizon": 720,
  "granularity": 1,
  "priceSchema": [
    0.198,
    0.198,
    0.198,
    0.198,
    0.225,
    0.225,
    0.249,
    0.849,
    0.849,
    0.225,
    0.225,
    0.198
  ],
  "agents": {"h1": {
    "neighbors": [],
    "backgroundLoad": [
      0.11976066005036202,
      0.02602610145921024,
      0.10249207197694261,
      0.14467408155133715,
      0.16153112584706072,
      0.09000957569656533,
      0.00838567684509005,
      0.1378730824694836,
      0.2021481853712953,
      0.006637725926739535,
      0.06161285547801428,
      0.1358097767075708,
      0.07038229324251126,
      0.14881261243645402,
      0.2361679792622116,
      0.02090744659360397,
      0.1334539627158616,
      0.22444304597770698,
      0.28707090981889044,
      0.22065635222875116,
      0.03266663128650384,
      0.021063604987205695,
      0.04263857114193313,
      0.09257191463001323,
      0.25584441665735835,
      0.04871012579510416,
      0.11045847438157597,
      0.1634874156500983,
      0.29987509653725447,
      0.03618854195869309,
      0.0545516719369949,
      0.11981494385322229,
      3.131628819572407E-4,
      0.23349554900993963,
      0.017889464000772893,
      0.026861084807081336,
      0.11169541018542205,
      0.15946831975945036,
      0.04927166606108436,
      0.06590543368092018,
      0.011663935502925259,
      0.017501917894523766,
      0.21317297557433773,
      0.03747409822713752,
      0.09700278095701698,
      0.23472606763961243,
      0.12923817441993812,
      0.05185406384558433,
      0.22716950820261073,
      0.056853918754873896,
      0.059122019203020036,
      0.15497011797310498,
      0.2529207750419203,
      0.07894845282364653,
      0.2518036300377463,
      0.01655671679335755,
      0.0751661123324012,
      0.2999527119733168,
      0.23708636747449974,
      0.16974072315192354,
      0.27161952909676373,
      0.24423636078073183,
      0.29713521662904624,
      0.23256042640848787,
      0.07785204932599206,
      0.0831234313073242,
      0.1880956375968819,
      0.03000579215467858,
      0.22025455934880223,
      0.2553422496532904,
      0.07525608305727786,
      0.16548592776261298,
      0.149193913983634,
      0.03094981408805768,
      0.24481354142590833,
      0.1645218078074602,
      0.2349211221463141,
      0.030371912837735892,
      0.2670050555821617,
      0.07475974755909441,
      0.125456313395862,
      0.022013641429069853,
      0.1264110982351124,
      0.10643948958007611,
      0.1738008023494941,
      0.04005241891634814,
      0.001593355162094212,
      0.22771471971685783,
      0.2935960000959342,
      0.10515376253844817,
      0.12506912896989245,
      0.031176529040735323,
      0.07183462491096285,
      0.1444973166990519,
      0.13819469387815533,
      0.17984051953705163,
      0.1969590030700924,
      0.10090922772606208,
      0.22317331789371486,
      0.06538409695124749,
      0.03804550964014659,
      0.2541047072975796,
      0.1844289304126601,
      0.14694912868327203,
      0.0015299811353423286,
      0.21762407014935528,
      0.22909083545197206,
      0.26561984321907894,
      0.18649932970813166,
      0.2187622602733523,
      0.02020112872832994,
      0.28839008994209575,
      0.026399696323094666,
      0.22842887160183734,
      0.20682860746508255,
      0.07235651572802727,
      0.21084271655758494,
      0.20138068265065726,
      0.014793794572783058,
      0.10171816835482056,
      0.021744373392897965,
      0.1925329693633525,
      0.0661934933512998,
      0.07905924599769336,
      0.007473861265928005,
      0.22027186521770806,
      0.10579191432047577,
      0.13702629126903976,
      0.05801689840378907,
      0.12805855609875413,
      0.10943098953094062,
      0.03223889755451441,
      0.1594282630440541,
      0.0021410053438501997,
      0.0316390924279017,
      0.22919992972228537,
      0.0496167299914383,
      0.25113064849160766,
      0.29143412356340836,
      0.02739053619764323,
      0.09442565300206321,
      0.018087472274730242,
      0.11123438509115113,
      0.263679283884923,
      0.11082486216717063,
      0.25105860606692826,
      0.17402586408267023,
      0.08364368217031973,
      0.2128613703451366,
      0.005714887933858403,
      0.10845710540445196,
      0.13903842918732018,
      0.15058830960727734,
      0.27282436344027833,
      0.2528656601675531,
      0.09477574570475766,
      0.19678815195320687,
      0.17149812805583547,
      0.1848166727949264,
      0.10423703171132005,
      0.16234795787870893,
      0.017072074013798122,
      0.2580109987811601,
      0.07808109206464,
      0.14967235401536044,
      0.2467319982347589,
      0.2074364018313915,
      0.2676572148157936,
      0.04937237856976777,
      0.22195052577926364,
      0.1042464748871313,
      0.2976890720267327,
      0.20834468244434998,
      0.10664767292195798,
      0.09522877802323966,
      0.03393673895935621,
      0.055739333504726214,
      0.1713801194289015,
      0.01715726230817923,
      0.22265543820035907,
      0.20857645217287069,
      0.1735154068898994,
      0.14767788112842756,
      0.16691787715852288,
      0.16434739452391092,
      0.01478880487477785,
      0.05740075268774327,
      0.23200465752320695,
      0.12904352718956336,
      0.020949704812512737,
      0.10859867384039976,
      0.16200695759722158,
      0.2802484977042022,
      0.1543082644250655,
      0.035125414122774666,
      0.05238239299879488,
      0.1421034132886592,
      0.1177880385481473,
      0.03804980814089963,
      0.0900260914663687,
      0.04102500889554428,
      0.27786284621157603,
      0.24760826402967304,
      0.08364003500077778,
      0.042163310911840245,
      0.2461373922511444,
      0.10989947183108802,
      0.26655962186514987,
      0.18363047228744542,
      0.22879395806746278,
      0.18335488677880862,
      0.22104771500122958,
      0.04268519825901307,
      0.08949049819847031,
      0.030256312910723736,
      0.08204648891186408,
      0.2757658722545256,
      0.16920594536927933,
      0.019293517002810956,
      0.20856708906741836,
      0.2658435008832933,
      0.11787936915674307,
      0.08362362564673438,
      0.24882996389714693,
      0.04447876980656151,
      0.26700553827404616,
      0.2458904937387873,
      0.1442042040584345,
      0.07603720324297002,
      0.13136139539180583,
      0.14816074749134714,
      0.24609195035331802,
      0.05197852841639217,
      0.2843606938097543,
      0.08879093014099854,
      0.0070866218349357685,
      0.24220337263988337,
      0.17522787964072561,
      0.08727573134958767,
      0.23963185274465998,
      0.07843267032576609,
      0.03144425039250432,
      0.10544320404994417,
      0.24597454452733475,
      0.28702737500703357,
      0.15598893503060704,
      0.0829272672852497,
      0.2654358814728965,
      0.2544301554991503,
      0.1460092982882655,
      0.26308418086465496,
      0.27611512260846766,
      0.2207893264800187,
      0.1388144762289889,
      0.2124411363168905,
      0.1552831052389264,
      0.1340583573510132,
      0.013225334349258721,
      0.12244259223475312,
      0.21537458008701124,
      0.021810009099749218,
      0.19492580433383036,
      0.09390663450835744,
      0.10188759654829298,
      0.19498218826922567,
      0.16539333321049152,
      0.13457699552684796,
      0.029550086359499628,
      0.035694822522808756,
      0.06524815939362033,
      0.03634741184844742,
      0.17602178920715167,
      0.15155381043485047,
      0.0261363852354873,
      0.07615458409780256,
      0.08158619173032802,
      0.284968839268917,
      0.12861589842367618,
      0.29598254188378464,
      0.11027280202982893,
      0.0013687929492795404,
      0.10825776529818171,
      0.06083801745019857,
      0.25216080129420904,
      0.06355490093508909,
      0.09967973927949512,
      0.03939905518103842,
