{
  "horizon": 720,
  "granularity": 1,
  "priceSchema": [
    0.198,
    0.198,
    0.198,
    0.198,
    0.225,
    0.225,
    0.249,
    0.849,
    0.849,
    0.225,
    0.225,
    0.198
  ],
  "agents": {"h1": {
    "neighbors": [],
    "backgroundLoad": [
      0.13056761990630225,
      0.11255879344705094,
      0.031038863338749455,
      0.24654800903375468,
      0.2525389530476537,
      0.11530448415409286,
      0.12721756286200242,
      0.20500399176913883,
      0.052030722074310407,
      0.2634016921276241,
      0.19396020216434995,
      0.28745164480142193,
      0.172910023082802,
      0.17955827063536325,
      0.04433872118208728,
      0.2474318883538784,
      0.016739312055813603,
      0.0693695410844373,
      0.1371623504339871,
      0.09621073860155321,
      0.12287301108588558,
      0.01808040815383254,
      0.10784468298291623,
      0.2408476006995373,
      0.17679258840944037,
      0.2729955819453023,
      0.27906262375953106,
      0.09133080885319052,
      0.05296503511705456,
      0.14168970870998587,
      0.20438234924708887,
      0.10472364791310351,
      0.22081007589493848,
      0.2763627055206241,
      0.21445103350419947,
      0.05703777283392651,
      0.294931091773362,
      0.2621803032227184,
      0.15405001961091816,
      0.14907341110012062,
      0.2799018855393508,
      0.13689751885113557,
      0.03699703135929143,
      0.06768502130274807,
      0.14272466231486713,
      0.08101902643861703,
      0.07834369348912097,
      0.11587863890020991,
      0.13547204666899437,
      0.2111249440185967,
      0.13110406852623493,
      0.02732620369789308,
      0.19967413972409062,
      0.07695060761509483,
      0.06642074014913106,
      0.09064368722952651,
      0.02145395321441639,
      0.13782984005539745,
      0.14734183612318555,
      0.1081376655712968,
      0.06556706649895319,
      0.0059019763136357595,
      0.1711790192521471,
      0.06710302516587593,
      0.019501912760120976,
      0.0987792219026692,
      0.15035926541206343,
      0.280666863730361,
      0.01375323311728408,
      0.07376081283618237,
      0.18850401055644614,
      0.19848383598339134,
      0.24371066055823343,
      0.18609357951020922,
      0.11730720867988229,
      0.2701406427888415,
      0.017959477166876393,
      0.28850451271268823,
      0.29796123783617096,
      0.06742051844467283,
      0.2451701932593775,
      0.21373134943612607,
      0.06464838686297385,
      0.23747192735494632,
      0.017193443710034007,
      0.002761524482865907,
      0.14731649112233994,
      0.22129998194949135,
      0.1561269860373317,
      0.08059948120116142,
      0.02017365149545598,
      0.2854427367477687,
      0.1536702510828083,
      0.18369232207939581,
      0.29549061137618315,
      0.24313230337723837,
      0.1055748608518904,
      0.24225887264373652,
      0.08398239023495094,
      0.0017184396264632972,
      0.1312038833681598,
      0.19502148031973507,
      0.1566542222308414,
      0.12418693567229186,
      0.06457514825050609,
      0.20594376425257954,
      0.2209535388172655,
      0.2669051365133161,
      0.09621447170744986,
      0.2035741047227288,
      0.27322092668296627,
      0.13384352904096983,
      0.10846939642715231,
      0.1040016194523013,
      0.08956972723410135,
      0.2745742008061819,
      0.06467646658928791,
      0.06888283429122923,
      0.2849687804119312,
      0.15145477977459795,
      0.04521343066397758,
      0.22952539937571145,
      0.060582268883967956,
      0.1364068602818778,
      0.24094976895275239,
      0.20819454945707988,
      0.23635800701947932,
      0.23673516114483145,
      0.1465607465540916,
      0.015630229952888108,
      0.08589223618863276,
      0.19223373439595645,
      0.12550316716849086,
      0.008822951776532728,
      0.03427607651314128,
      0.03245165346924021,
      0.23699809315612042,
      0.11937122649538659,
      0.20969508812139867,
      0.10900816994761212,
      0.22306021491891267,
      0.06953908402199799,
      0.07644398091699718,
      0.2324644736621349,
      0.1461316539977897,
      0.15004915687695664,
      0.16539137551956182,
      0.002284861802796367,
      0.24907569265761664,
      0.038720731716545484,
      0.025275655701658517,
      0.04864882026371947,
      0.2217677333039514,
      0.15150938873328348,
      0.2510582595316971,
      0.15237197967027113,
      0.20015195613254189,
      0.009404023636159619,
      0.18052472543136214,
      0.19120279734219534,
      0.0637308042053718,
      0.022283643358797966,
      0.2693398191575746,
      0.07493194680141468,
      0.17328377226549876,
      0.21703910231685092,
      0.11045186572764124,
      0.12630962715017452,
      0.049079488464771746,
      0.034681788063831105,
      0.10074791878752896,
      0.119525161848658,
      0.21554832504145685,
      0.22046321251564147,
      0.2542261566892394,
      0.29443867727176287,
      0.27316306949176006,
      0.2654507858788057,
      0.017974751877947913,
      0.07192845678777945,
      0.28953579361362825,
      0.1966248819602146,
      0.013521433048494813,
      0.23131058358482592,
      0.2615182305825847,
      0.29456213963358835,
      0.17584072107961587,
      0.2002549855328206,
      0.26112903153032346,
      0.07442877343179086,
      0.13711847031321597,
      0.04649600420135345,
      0.053854411145001564,
      0.2917989772213766,
      0.2630538876467957,
      0.0018274557739529572,
      0.21701143539422812,
      0.13195476748156157,
      0.24184783968982693,
      0.17335071611038175,
      0.012272665883580303,
      0.23075941738631606,
      0.01913263627408579,
      0.1857058019730108,
      0.26573555793826653,
      0.19464656216589857,
      0.2793604399483061,
      0.2409310649310114,
      0.163441502044937,
      0.2876452226012948,
      0.11087799765859682,
      0.24985211147607114,
      0.26115922626403015,
      0.03374924604783904,
      0.16447784039898863,
      0.08218169919674524,
      0.16763463113254484,
      0.269027207722261,
      0.1305953216700583,
      0.178350530126397,
      0.08398633301320446,
      0.19302803505866098,
      0.0822820233302194,
      0.2846207296814417,
      0.18037542114390134,
      0.2561967517500378,
      0.23900825004197784,
      0.2408665793807303,
      0.25881412004087556,
      0.06513557387336655,
      0.08938157446337412,
      0.16203217863949174,
      0.2827738271367396,
      0.22526901113033987,
      0.25953865181962327,
      0.024084578828246873,
      0.2477068838923951,
      0.2351577845797811,
      0.29419796028894385,
      0.1770118094460644,
      0.08044325453241204,
      0.06109154508903984,
      0.27749397252004127,
      0.131834814626872,
      0.14249551186144102,
      0.08565777889624837,
      0.19605532683866042,
      0.24758475228994908,
      0.028341323792996264,
      0.06988320470554234,
      0.1655296996327617,
      0.15132535137062017,
      0.17406999043991406,
      0.03272377645256332,
      0.03146700607087858,
      0.2632230377281514,
      0.17976762452912529,
      0.22254215658248763,
      0.06005469067311091,
      0.283083387574753,
      0.20351495629903896,
      0.08851917019720933,
      0.0030481727201331797,
      0.11762473269360864,
      0.21113755527838698,
      0.2579901971327042,
      0.22066682604920018,
      0.04717863008790097,
      0.07740145575582442,
      0.17949002764923658,
      0.18020324516818137,
      0.06618755261330876,
      0.13380772175164335,
      0.17054353115497703,
      0.11091956314982616,
      0.2839254272263,
      0.2757896436066035,
      0.2370232265084953,
      0.2407568979795248,
      0.1630435461725579,
      0.19765576347723882,
      0.06983278673756871,
      0.02513470328427191,
      0.12116150320927939,
      0.03232906596913991,
      0.2723322883829357,
      0.2072316259018574,
      0.15552852974559372,
