{
  "horizon": 720,
  "granularity": 1,
  "priceSchema": [
    0.198,
    0.198,
    0.198,
    0.198,
    0.225,
    0.225,
    0.249,
    0.849,
    0.849,
    0.225,
    0.225,
    0.198
  ],
  "agents": {"h1": {
    "neighbors": [],
    "backgroundLoad": [
      0.08817245169777298,
      0.07318998566794989,
      0.24232840479897474,
      0.2834602228398288,
      0.2817808755511147,
      0.09711093975324359,
      0.27599939710169213,
      0.006653230338106375,
      0.2510847733542086,
      0.14608186076627985,
      0.1402532680380687,
      0.12121572239888298,
      0.16898597108598132,
      0.2707870821880314,
      0.10967206610110584,
      0.23265644995759766,
      0.002934555974152253,
      0.0790022590438177,
      0.05718019505366002,
      0.2101074091677304,
      0.084122753446653,
      0.19911764800895973,
      0.19264168557699018,
      0.05239456633916268,
      0.16628982933794817,
      0.007755462109060895,
      0.20674769577451366,
      0.048298989594811555,
      0.18846394882725132,
      0.20363857038930783,
      0.007453467268984903,
      0.08937236357874327,
      0.033423851751092894,
      0.23081365253158306,
      0.04495785433673888,
      0.19181499815677588,
      0.20153340975206457,
      0.22887633025382897,
      0.07793443300588156,
      0.24311242476458397,
      0.08281921827860718,
      0.042515045525387436,
      0.06755155736583435,
      0.2182478704561793,
      0.15065868626674628,
      0.12898316744085955,
      0.09350509741688105,
      0.10664642082327061,
      0.0596464814815382,
      0.2465115288808657,
      0.2283097256583131,
      0.01605550955636127,
      0.2008572236400632,
      0.13257242609527012,
      0.08606469420937815,
      0.2706891432655162,
      0.17472969144433229,
      0.21807936606247122,
      0.24839315549222477,
      0.06284618984209275,
      0.1076085614926873,
      0.19605257738637025,
      0.2189426046253103,
      0.12688691658843002,
      0.1459106536858626,
      0.12419744830998675,
      0.046195388610458486,
      0.09198380226886635,
      0.2424563965467155,
      0.058348575047620706,
      0.28731993404375517,
      0.28684792469758574,
      0.1828343226771924,
      0.1536716629168458,
      0.11876902035861153,
      0.2860757602161536,
      0.005267129506659263,
      0.025589913207443405,
      0.21727159754112038,
      0.019696402870781702,
      0.1347418671498201,
      0.0394469391289907,
      0.2577746393436774,
      0.0655347203568186,
      0.2718288610772073,
      0.12010132407002158,
      0.1185735774777482,
      0.17798192220738007,
      0.23650444591114012,
      0.23203285380549807,
      0.1603863935146787,
      0.15887067309716602,
      0.14832351852895298,
      0.2832541686539373,
      0.08722648348316123,
      0.27779866045509183,
      0.07744296543530405,
      0.03965171580619942,
      0.030762348174673312,
      0.0919327092809283,
      0.19653263397768742,
      0.017094215298868707,
      0.07748845270531175,
      0.09615586982059965,
      0.10927777299373852,
      0.23002792765816096,
      0.07501072848440117,
      0.14837055570634242,
      0.10600831949690694,
      0.06149288991070799,
      0.09422349165152423,
      0.1334390999107218,
      0.2609730229559636,
      0.257847287123913,
      0.2782673116754544,
      0.21524609158563385,
      0.17265252285532645,
      0.07121303860361228,
      0.07905429968901635,
      0.12813410320070517,
      0.10186947427790405,
      0.25692369881083543,
      0.23637093371900544,
      0.02278786288860324,
      0.27989537263530234,
      0.19182362702945743,
      0.19585744090254387,
      0.27181220844489806,
      0.22142862330419802,
      0.16768788547888716,
      0.25047942109664945,
      0.22201974506328206,
      0.1787366806762171,
      0.10694037658315676,
      0.2814503093548232,
      0.08971564738901214,
      0.1715870869713952,
      0.08637263445620343,
      4.062906935693444E-5,
      0.25477379479249374,
      0.22852674025426872,
      0.27602770661535125,
      0.0700777372540821,
      0.009505158136347369,
      0.2140399936738188,
      0.04344100102561098,
      0.11789213589824431,
      0.04650199786698269,
      0.19935483827176684,
      0.27651421508250607,
      0.006133110905179117,
      0.24841690976470038,
      0.06875390441293862,
      0.011058397491617822,
      0.22672090461051747,
      0.17467796280790293,
      0.12389405502963864,
      0.18777549721597922,
      0.07723831272999337,
      0.07655732181887086,
      0.04202635826165528,
      0.09256037769613516,
      0.17324315150480493,
      0.11897967466336108,
      0.2134958461068227,
      0.02811957264161169,
      0.12632675020414408,
      9.830718749180955E-4,
      0.19496440725607067,
      0.2616651070931143,
      0.19320011782275381,
      0.08424843036598421,
      0.19225377178522515,
      0.2638696766812004,
      0.25851953540026174,
      0.11787736686618594,
      0.19570293514595605,
      0.14426999745521427,
      0.08453358503911415,
      0.15495418265305508,
      0.24188320605405944,
      0.11881962390503686,
      0.0074097112814107136,
      0.2718088281808127,
      0.07475673436257371,
      0.21283095816205477,
      0.21332169147379046,
      0.11097212211807526,
      0.13906775875367516,
      0.29789324819213725,
      0.1824484544351551,
      0.1418835499928746,
      0.27262148369872824,
      0.23948571301334887,
      0.27997024376723845,
      0.0723234558632436,
      0.06132156336051618,
      0.16831948505975022,
      0.10758199288087227,
      0.001029495927985291,
      0.13740379786935705,
      0.2209076446833848,
      0.25887507206843535,
      0.169712255508868,
      0.05752514521182689,
      0.21946114046268297,
      0.2601269196788414,
      0.1414276893711313,
      0.2686875554692831,
      0.013442961203970682,
      0.018030155319869078,
      0.17546598687876921,
      0.01778355134851144,
      0.1935526123275765,
      0.15139215866590808,
      0.25850278033846813,
      0.0807501559290934,
      0.2578679088959653,
      0.030057954907710203,
      0.11346915324868875,
      0.06982977452529716,
      0.2250967744180728,
      0.2146275286972738,
      0.2333903845235376,
      0.20205167827614948,
      0.1611679756488291,
      0.20439191529560835,
      0.09928266299336458,
      0.028442998970522312,
      0.1987297758219049,
      0.11662839947373675,
      0.2906518385373917,
      0.1958841729794806,
      0.258444229357224,
      0.12485262050929202,
      0.020610571296303726,
      0.22580112856020973,
      0.0764517900286112,
      0.24667748544663823,
      0.2882079627354247,
      0.011065789446974639,
      0.059496770837524124,
      0.291586408563523,
      0.022339048138248052,
      0.1426196885259424,
      0.20783424329369835,
      0.11210367093422617,
      0.2733394779136653,
      0.15762758418734812,
      0.0045419982891321655,
      0.02643050992294992,
      0.0911282068625331,
      0.022221693777051098,
      0.08818134461543277,
      0.19442227361809675,
      0.23225039530171976,
      0.06368166844861038,
      0.13247881534812853,
      0.077259681506211,
      0.0675712284195595,
      0.21649827790254997,
      0.1314209974949411,
      0.011176294703851031,
      0.08839880759085524,
      0.17266891743292717,
      0.24213830116022234,
      0.2356442898695199,
      0.22166544225371257,
      0.021240445739640488,
      0.046571196301873063,
      0.16864106312328875,
      0.015211604312097959,
      0.09558698253859745,
      0.27798470777834006,
      0.15170111056740232,
      0.07949237248673094,
      0.004077638413149509,
      0.11367748973184469,
      0.1291327402442348,
      0.2729985224650888,
      0.2520638665132172,
      0.029650506297869392,
      0.26366400677452134,
      0.06852570655422734,
      0.039780582495306936,
      0.0459166424696759,
      0.1704886718205309,
      0.264898273082757,
