{
  "horizon": 720,
  "granularity": 1,
  "priceSchema": [
    0.198,
    0.198,
    0.198,
    0.198,
    0.225,
    0.225,
    0.249,
    0.849,
    0.849,
    0.225,
    0.225,
    0.198
  ],
  "agents": {"h1": {
    "neighbors": [],
    "backgroundLoad": [
      0.2788366432348712,
      0.19399927083708954,
      0.05621513291926986,
      0.19012798223412122,
      0.22009406926306316,
      0.24072747335160818,
      0.013935855141905984,
      0.22998247478309097,
      0.044922523762376196,
      0.19151887312619872,
      0.01555237938013847,
      0.08436684688607178,
      0.13369677965216695,
      0.11670057895498581,
      0.06695066975695402,
      0.2530317568985609,
      0.0800989585322418,
      0.24463360724750335,
      0.24201492116983986,
      0.1582449607109961,
      0.2341470268510357,
      0.0866639742341614,
      0.04714409943263096,
      0.22758684294611903,
      0.16472605360260642,
      0.24108440010022952,
      0.030717969034767353,
      0.04627035183134232,
      0.07282758974610037,
      0.18081412759829427,
      0.265380534142276,
      0.25278607266627895,
      0.19662425472381515,
      0.2713441311427712,
      0.23767951004568005,
      0.17484607012695824,
      0.07779758424790363,
      0.15003126844126632,
      0.23944874498713603,
      0.08161163165963507,
      0.08918204766201349,
      0.010814062876660613,
      0.18810055891586075,
      0.0553944731311619,
      0.19273463312778688,
      0.18131165964915302,
      0.10080521218075499,
      0.29236024118710335,
      0.01850295445315292,
      0.18233968047983287,
      0.22904419018907946,
      0.17761989280474552,
      0.01126552019797482,
      0.2780515289071825,
      0.038072193341161166,
      0.2243281148840026,
      0.13256696189883352,
      0.08855454015138205,
      0.01591854727062275,
      0.18649827574014385,
      0.1484769410225609,
      0.019675003137641246,
      0.07219072855915948,
      0.07413462649272048,
      0.2774712734447245,
      0.15335097278950113,
      0.07431866820438789,
      0.039688474569381404,
      0.23959444939186256,
      0.2741467203103437,
      0.11035785560298587,
      0.18753057141153104,
      0.2755814383775109,
      0.17586445789499097,
      0.017587303163120648,
      0.2728869066459553,
      0.2183011582688387,
      0.0012300838525839408,
      0.2821573460914688,
      0.12706226676722474,
      0.02038067453876836,
      0.05007817730328059,
      0.2090972678165289,
      0.23288452437105542,
      0.012317562472380727,
      0.01500680264750308,
      0.27053328601302334,
      0.03665667839604534,
      0.27139060514745444,
      0.1914390565924301,
      0.2787010774578745,
      0.2229882703946621,
      0.2739875081732141,
      0.04565538272364994,
      0.016598033775269003,
      0.24009129781298338,
      0.12248260812402145,
      0.18815017724475422,
      0.08764747329320711,
      0.2462676370993132,
      0.23677653003811205,
      0.13154554029169974,
      0.014190856701198316,
      0.2253293151046003,
      0.1542938229233393,
      0.2748524059819306,
      0.1341968245472926,
      0.11994986327059615,
      0.10750597767269877,
      0.1405266171736599,
      0.15676690488767567,
      0.12519818906881894,
      0.021390406382042326,
      0.01609157410745248,
      0.16348863979178518,
      0.17533398040423256,
      0.1109405214275568,
      0.07447860627217147,
      0.06694922902054677,
      0.09193293777936884,
      0.0707365676055834,
      0.14052521936110426,
      0.21646531898964297,
      0.19519160734599236,
      0.23502549573951062,
      0.24916268371295838,
      0.04960011103777424,
      0.2629680383859786,
      0.019536299592256456,
      0.16554825162076905,
      0.044708293093291294,
      0.046217257582553774,
      0.01655761067716216,
      0.24269413080419125,
      0.05509019453630086,
      0.1290904580276087,
      0.2168121691803294,
      0.2106521002822024,
      0.12037735803562045,
      0.21593993824986232,
      0.1749209283801346,
      0.15577131046981832,
      0.25152231198962377,
      0.2966937942308665,
      0.1792070146450941,
      0.16050097965869506,
      0.23921068178278682,
      0.13316947951238334,
      0.22129813238422688,
      0.169554403999592,
      0.10883949936473648,
      0.13872363562020953,
      0.19723996129442814,
      0.2053963848484038,
      0.24529812929668812,
      0.05461863292470152,
      0.11139768877271057,
      0.16873282033696044,
      0.001958120815184594,
      0.07224845664974734,
      0.20566431258667905,
      0.06702606597672144,
      0.20663089883670016,
      0.26711109472765826,
      0.14312357756013364,
      0.02969339174549559,
      0.24096963995887952,
      0.28704965438962965,
      0.02907142223143595,
      0.24615925949466247,
      0.2083934259787334,
      0.050885242884392286,
      0.2993514652631553,
      0.04025987291257651,
      0.14359520903436793,
      0.08127348955114445,
      0.26510027049140955,
      0.21113893984718018,
      0.2185131882317389,
      0.1916329829273732,
      0.08260211857373513,
      0.2799537703674993,
      0.19350126043468013,
      0.043952450896243445,
      0.15577800254397797,
      0.25096255280533347,
      0.07826575739844956,
      0.21872133903931235,
      0.13533172335049895,
      0.25815753079897963,
      0.08118004775137128,
      0.10055263755440776,
      0.0669133145012715,
      0.11553611466918041,
      0.2449368870027868,
      0.24014945294221288,
      0.05031520383878554,
      0.2154865045680432,
      0.2469161802486468,
      0.2030234317796043,
      0.21394182382740332,
      0.06435290411724816,
      0.13975395433580332,
      0.26900339085818875,
      0.29252718198396177,
      0.03842810799644497,
      0.08628554116238292,
      0.23741941614251522,
      0.07906051551373146,
      0.15463933284934056,
      0.16581819693459818,
      0.29103534587281477,
      0.2462448427071281,
      0.06359076724126005,
      0.07783327287755519,
      0.24077676791221,
      0.10487631863970166,
      0.043070447811544794,
      0.14797385724882087,
      0.05228429803523852,
      0.11251851416481594,
      0.19758526023113035,
      0.024275184732048316,
      0.26045517358463793,
      0.24508190415165504,
      0.20891932735393884,
      0.2832022252917044,
      0.1980188993413013,
      0.19118056896624291,
      0.2924792903484709,
      0.06043157436248082,
      0.09387349853353973,
      0.05570851966524948,
      0.003777758379779705,
      0.19830434175416073,
      0.06117742604907532,
      0.28704276961436126,
      0.2885704412573326,
      0.002438830437942596,
      0.05848535675232686,
      0.2546443580614747,
      0.22862755727289177,
      0.22357053952114322,
      0.23402995435325571,
      0.16814300441910204,
      0.21991335846043508,
      0.036516540835686714,
      0.22574190790517717,
      0.14360085994329164,
      0.2299706554734349,
      0.2998708447218826,
      0.2276431790343874,
      0.026932736941505497,
      0.015694632603182466,
      0.22824034758787703,
      0.07828338452107374,
      0.20455239629030553,
      0.19239736339395944,
      0.29216965578964876,
      0.08807144384480074,
      0.18399160144419274,
      0.1385513197155582,
      0.294216760451037,
      0.20341394324898687,
      0.004865944223741958,
      0.2341147418738334,
      0.11477178860175828,
      0.22628135590650958,
      0.07869132392560993,
      0.2567410780311129,
      0.2141743778482099,
      0.07279505626930362,
      0.06583584106352743,
      0.28386920252346404,
      0.020874106851881968,
      0.24925309462847017,
      0.03876125574114333,
      0.023929795870586756,
      0.29597557179441153,
      0.12982133737043056,
      0.01249703097566004,
      0.03582343136414751,
      0.08517005099899794,
      0.24385863332957097,
      0.0268440034351066,
      0.03986137061641024,
      0.11443590300364177,
      0.1791165381696945,
