{
  "horizon": 720,
  "granularity": 1,
  "priceSchema": [
    0.198,
    0.198,
    0.198,
    0.198,
    0.225,
    0.225,
    0.249,
    0.849,
    0.849,
    0.225,
    0.225,
    0.198
  ],
  "agents": {"h1": {
    "neighbors": [],
    "backgroundLoad": [
      0.1097158450846511,
      0.24662135617818423,
      0.08770110346446597,
      0.07298623369868414,
      0.12111123199043808,
      0.11308055998477515,
      0.1026569186086961,
      0.2767139552725564,
      0.15626605769025345,
      0.1851046080310977,
      0.21318566365481076,
      0.1217844294340602,
      0.06537776638508846,
      0.17095392605651055,
      0.07004213499998292,
      0.15793800834356334,
      0.23791433148322053,
      0.2742071062157161,
      0.02615868096155315,
      0.21275291706388563,
      0.25334649141969645,
      0.03212434964719665,
      0.17917981404080116,
      0.11140076947044934,
      0.12236149254766214,
      0.1947626387255628,
      0.21573163558974387,
      0.15020203535707724,
      0.29879768754377484,
      0.08480069061338809,
      0.2709433197595779,
      0.25260463747668893,
      0.060929115074872704,
      0.12747309583061162,
      0.01758067116070424,
      0.16875385181210537,
      0.07839842003127341,
      0.013655264812621326,
      0.24594554320676693,
      0.18411701446700748,
      0.06951309317112274,
      0.06574746599397303,
      0.013006264962456915,
      0.2981267746252151,
      0.2841803804466203,
      0.09479977469425845,
      0.2571137066328957,
      0.23314780645016603,
      0.20136860867796522,
      0.17460680560487177,
      5.009876965611837E-4,
      0.22303268865197184,
      0.043837960750768255,
      0.0976808891939451,
      0.29871917496119466,
      0.27338269619862327,
      0.2660704283796675,
      0.1830800177588552,
      0.1025032993707568,
      0.13651107299380372,
      0.019621895550943378,
      0.029336343392373107,
      0.018894152523726494,
      0.28047823818441203,
      0.18555657456199043,
      0.0407184875202922,
      0.0305654802959989,
      0.007509499780754946,
      0.22489584035048757,
      0.15948561803327885,
      0.08088096994314685,
      0.10774878367299974,
      0.2892424561342563,
      0.28746170322134695,
      0.0658023479760507,
      0.04409835078413216,
      0.15115535254590182,
      0.19177993167762028,
      0.27761966994120685,
      0.12366981791221182,
      0.12691861205988547,
      0.0011149587211339517,
      0.19502687426529094,
      0.2748527761400153,
      0.288460741255845,
      0.027644276643747624,
      0.0948092228946628,
      0.20887745468645444,
      0.1959267566267059,
      0.15411885751205706,
      0.10839462501419024,
      0.14166995114964417,
      0.2470279310980703,
      0.13569488780001895,
      0.23342911482740517,
      0.06599334616071857,
      0.2839079627477426,
      0.2477401016860663,
      0.18097860831593965,
      0.06889528064473972,
      0.24903614435527757,
      0.12441583066113655,
      0.11035667918686243,
      0.21605710819267615,
      0.11546949471701722,
      0.10055892319368827,
      0.011763063004216767,
      0.06745647832245125,
      0.2602567687816032,
      0.13175662007080577,
      0.06863534544127202,
      0.0520725775404083,
      0.27898760223262975,
      0.07985767892552931,
      0.062014280595026436,
      0.26680013785435047,
      0.20611180698583736,
      0.25204283182318504,
      0.1532762442208675,
      0.2925201073864211,
      0.29361398967653385,
      0.27857469637621546,
      0.17414069738909618,
      0.2520563239595912,
      0.22307019708475156,
      0.08024968088531005,
      0.04818255352234133,
      0.23547266925844867,
      0.22247129822943174,
      0.07881178485076556,
      0.2778400632995154,
      0.2829458543207297,
      0.1721872633600041,
      0.03537190540513797,
      0.1502117611544725,
      0.21227770508163468,
      0.2751942369990643,
      0.21284813790022714,
      0.2970238948475004,
      0.11830169832153226,
      0.07320543896120844,
      0.010064909192712534,
      0.2833697579522344,
      0.23701932841274162,
      0.022390800968025603,
      0.2904533266575772,
      0.14858182170281165,
      0.10689347985014762,
      0.1560898179901233,
      0.1630946499232163,
      0.21949705116355903,
      0.18780579191777577,
      0.2563245374119679,
      0.19733267736932034,
      0.23879430485190564,
      0.07255278934722396,
      0.08068405908162087,
      0.1333693065254582,
      0.26176371150611966,
      0.1465498703756342,
      0.19246342412887193,
      0.0023526922696713083,
      0.08629252612612327,
      0.28138173078116935,
      0.1540341363487728,
      0.2459379091168429,
      0.13104590090531423,
      0.20047982171266893,
      0.20378637873160368,
      0.18342180702115177,
      0.09659287467386293,
      0.07247594964247246,
      0.1566379842116126,
      0.04818730759682908,
      0.19620937190425328,
      0.0578872471965425,
      0.21003694687281696,
      0.21424043931161316,
      0.2648414747389109,
      0.294745104620037,
      0.1608552435385125,
      0.20450636833592242,
      0.2956535879278365,
      0.22079864872313507,
      0.08614819058405139,
      0.20503998047212318,
      0.091948236811588,
      0.14194417151535507,
      0.28498209157744825,
      0.13975918902287587,
      0.1368007541235211,
      0.12124576831664104,
      0.21330000175089872,
      0.031788332172355535,
      0.21721732523866213,
      0.17787781335572211,
      0.11713945131381553,
      0.286752760924704,
      0.005814093575765122,
      0.2941078420691416,
      0.18009930278118685,
      0.28591407337123576,
      0.1603580812098178,
      0.04797411525413187,
      0.10090280650267643,
      0.06605251758004589,
      0.027536494957987233,
      0.2029342655243079,
      0.12344629876788749,
      0.002662272218726114,
      0.09397393689597193,
      0.20867923199262156,
      0.1633747718186183,
      0.006914933923462496,
      0.2829337517722539,
      0.26961230155714255,
      0.06610204665047131,
      0.04354073145909806,
      0.15786622681079363,
      0.24657222763537745,
      0.0014879461687252514,
      0.12367424136061785,
      0.1278625637530892,
      0.2521544782040016,
      0.29424034388422243,
      0.0831598813054621,
      0.1259989055308287,
      0.12894037413505002,
      0.1364877777100902,
      0.23046228582693357,
      0.12127996120665896,
      0.01022885659678926,
      0.2070484234536177,
      0.046942769181379594,
      0.13908220587041534,
      0.005028770772139179,
      0.1383804906685632,
      0.2863904525256869,
      0.06412123413543004,
      0.28459734701795264,
      0.06651267434131576,
      0.10658139909336695,
      0.2292946553408592,
      0.10711017945599069,
      0.22500971547794907,
      0.14453224692113295,
      0.1168149301729965,
      0.24189240464028058,
      0.19861210805295895,
      0.172349901659867,
      0.1233743944038061,
      0.053987921100514855,
      0.06797265689236538,
      0.14388722164806794,
      0.17644594793471577,
      0.11636233296845652,
      0.24139091861403178,
      0.06857386313552334,
      0.1005221635350141,
      0.010283650264805587,
      0.15561368397329453,
      0.10642271974366045,
      0.03503250289213598,
      0.0928124518358292,
      0.1998183776260439,
      0.019368243980354305,
      0.28626998399201414,
      0.2988540547705585,
      0.008117297972847349,
      0.2031854318761039,
      0.2364101657397834,
      0.2748936438677712,
      0.1519326229353757,
      0.2256887680572191,
      0.030595699848672175,
      0.02543140988929201,
      0.22055159508719335,
      0.1166670320584164,
      0.20583657108006698,
      0.10388598320542027,
      0.19133218424313866,
      0.14143271555254208,
      0.21940139934558958,
      0.2724010302177188,
      0.0031147623497146393,
      0.28691717106667786,
      0.056521554515398004,
      0.2156087908364136,
