{
  "horizon": 720,
  "granularity": 1,
  "priceSchema": [
    0.198,
    0.198,
    0.198,
    0.198,
    0.225,
    0.225,
    0.249,
    0.849,
    0.849,
    0.225,
    0.225,
    0.198
  ],
  "agents": {"h1": {
    "neighbors": [],
    "backgroundLoad": [
      0.16592000233001772,
      0.23359906307044337,
      0.07477960672754169,
      0.028396591250608783,
      0.13184293284595872,
      0.08598956064123578,
      0.17526031446027332,
      0.18322503942023588,
      0.26238988731447654,
      0.19736411105152918,
      0.043579057239760785,
      0.24161705356119667,
      0.049596633407498356,
      0.08523661840436762,
      0.22288026359815674,
      0.057508962790569246,
      0.10354168874117461,
      0.2282000708646624,
      0.057904062573477605,
      0.24068203005739144,
      0.025061780780121,
      0.18789586176824266,
      0.015261121165141344,
      0.2783372441856746,
      0.24874359683383485,
      0.027860308553556302,
      0.18835070055806247,
      0.0702490789833531,
      0.224026115547886,
      0.10326684722637158,
      0.12463110639180153,
      0.055625988461195465,
      0.05038666038817147,
      0.07787192314293678,
      0.24045007409431962,
      0.09732620252262858,
      0.15613402029979964,
      0.024771369209560166,
      0.07077970074178862,
      0.11788055590122919,
      0.1133150897604518,
      0.09224398513575002,
      0.06459905645052559,
      0.19534873960600205,
      0.2429715678225102,
      0.2509214046695577,
      0.1039224686182376,
      0.058699431348290476,
      0.007509058728157869,
      0.13494360381978238,
      0.24489150343196128,
      0.12326252534367071,
      0.2552616600454621,
      0.0961019703080752,
      0.1717935514052113,
      0.05008844739185579,
      0.08673620174503802,
      0.27026122410008474,
      0.02113969608738313,
      0.29374689836760215,
      0.03314034419543856,
      0.03322412730512514,
      0.07747556476435527,
      0.0811270839121529,
      0.018855553394380574,
      0.276422702513644,
      0.027570287998316755,
      0.0554859000438464,
      0.29699568544210114,
      0.28096553289260284,
      0.17225336739333005,
      0.07011831628794413,
      0.1321879470053491,
      0.28990904090095393,
      0.020400686497959595,
      0.22104350248181917,
      0.03608825375820229,
      0.11679886825314086,
      0.2340857091943755,
      0.21297401123321033,
      0.1894017970072132,
      0.23795197840028853,
      0.2191609320873697,
      0.013760113345252999,
      0.228233222704316,
      0.10091558843397722,
      0.10260732252211538,
      0.2757568393745349,
      0.1349803440242977,
      0.025162706812462066,
      0.13488536774838342,
      0.1634824251456706,
      0.18204340487544535,
      0.07981825344389379,
      0.15874022163275367,
      0.08776883104119347,
      0.24659567663409157,
      0.2843625681599255,
      0.18569784458901906,
      0.05328590027530816,
      0.1332990452963229,
      0.22736842676251307,
      0.16192273615597455,
      0.19735092346937494,
      0.24590084540803547,
      0.10413758822654241,
      0.026739139956431356,
      0.04502553023344765,
      0.0798827488931489,
      0.21777412955002678,
      0.07961818656567499,
      0.058838066370259255,
      0.021279956530897835,
      0.2671289269755792,
      0.03830839472032466,
      0.024027343222822628,
      0.15639382292786932,
      0.04065106489439228,
      0.248874206463226,
      0.11793699211388135,
      0.1134821187139226,
      0.24504251051370762,
      0.20176241933760417,
      0.11624207997921515,
      0.1309337817496873,
      0.23754160536607025,
      0.09949040481129458,
      0.24543027319945016,
      0.18693363679243402,
      0.09239026226088067,
      0.13614990645108563,
      0.11546970498499667,
      0.06868121742011608,
      0.2511234456564813,
      0.08059389010469338,
      0.17009437496685836,
      0.05586128656475857,
      0.05213195179279377,
      0.045274423611624315,
      0.2954299517841281,
      0.2409254659348077,
      0.29445195924447637,
      0.08470736174053217,
      0.1034238514141128,
      0.28495821788211456,
      0.006589979517816291,
      0.22062067753517142,
      0.13700738826484685,
      0.21313359384533678,
      0.15837544317048166,
      0.08576966684413911,
      0.0231733223800334,
      0.2341247497061664,
      0.11733077704693752,
      0.025142765148419264,
      0.06408607339896068,
      0.2962068456339665,
      0.2777338703699882,
      0.2081933117412987,
      0.25562942576792774,
      0.005488588685546791,
      0.20957031405143622,
      0.17436952392123148,
      0.06317266551326894,
      0.1514101635123278,
      0.28227867644564375,
      0.14431635938624957,
      0.1597983884630998,
      0.16364110098136003,
      0.2043101404755333,
      3.1391768640571805E-4,
      0.1575658795846774,
      0.11897420051759713,
      0.13411447464273102,
      0.11261305305268744,
      0.2753381376962216,
      0.27419591849410896,
      0.26962388435842527,
      0.11254246972879156,
      0.2340449760031699,
      0.0068419283387752714,
      0.22612698273932358,
      0.11696048000599013,
      0.292543917365775,
      0.12522856081673905,
      0.2615311698368644,
      0.18819205457978172,
      0.256127726512296,
      0.28159124177014666,
      0.032003426646018074,
      0.09934152590249391,
      0.11311413815612223,
      0.19030273872126888,
      0.2361413592033473,
      0.1050613674257248,
      0.13618668929899178,
      0.2570231290858888,
      0.0010869528707603826,
      0.02708556453218818,
      0.15333703625107595,
      0.010385663169613346,
      0.10856695303326334,
      0.06370569975401943,
      0.20806454641133118,
      0.15741601203673852,
      0.036558752484751864,
      0.030473232313098716,
      0.21313461456103863,
      0.18611278825006658,
      0.06532544872531566,
      0.027158202667303365,
      0.20197423709119278,
      0.01964485560479008,
      0.2902664450095496,
      0.042840641227463935,
      0.1464854922955959,
      0.23721678931538115,
      0.15402839620407696,
      0.11055741774218564,
      0.29319049131000197,
      0.27697993016354255,
      0.0872958723146338,
      0.1878933296998318,
      0.09582974330029444,
      0.04265313347346713,
      0.14284685480560336,
      0.20348824628595774,
      0.2226797354416648,
      0.1464307791244422,
      0.29127459989494203,
      0.2543301540391908,
      0.11010580819403928,
      0.04531371316206626,
      0.24201343414380455,
      0.1567325895101905,
      0.06733131260259283,
      0.20993416475569646,
      0.23920067919768798,
      0.08857007031740917,
      0.03301903994118525,
      0.1463836038788359,
      0.151159926867702,
      0.2459506314042995,
      0.28020489317015385,
      0.1338458043951168,
      0.12705172068715623,
      0.24702511391804727,
      0.16552992691637064,
      0.031214357626615705,
      0.019353126227514162,
      0.039196358039086464,
      0.09425749610568153,
      0.24338222373610158,
      0.28377219798285,
      0.25378020200363155,
      0.0905260769721659,
      0.05303915361243911,
      0.2741410236926045,
      0.09383926958746387,
      0.2987898741764784,
      0.0340827667823966,
      0.12577750941344676,
      0.2557606993175586,
      0.12212855948565922,
      0.15726953015215717,
      0.032896019797857064,
      0.2700707454328701,
      0.23364505373415412,
      0.06763378586779144,
      0.08685895293520066,
      0.027658268930776452,
      0.20983289573850442,
      0.29401864119712434,
      0.16197609350819533,
      0.1498069557414721,
      0.07752738932992803,
      0.17108013260465646,
      0.043854766083514685,
      0.23244793441081618,
      0.04921085890071123,
      0.07223387938084133,
      0.1721755664705237,
      0.07473388273010516,
      0.22612061952491946,
      0.07224438818615699,
      0.001531758071207645,
      0.050174647770881264,
