{
  "horizon": 720,
  "granularity": 1,
  "priceSchema": [
    0.198,
    0.198,
    0.198,
    0.198,
    0.225,
    0.225,
    0.249,
    0.849,
    0.849,
    0.225,
    0.225,
    0.198
  ],
  "agents": {"h1": {
    "neighbors": [],
    "backgroundLoad": [
      0.0206912859480857,
      0.24177843865239318,
      0.0865431468828414,
      0.15485678186748583,
      0.12733819448426836,
      0.09230984705228833,
      0.12565188117702064,
      0.2078598614915263,
      0.08896992968429507,
      0.20950966014317432,
      0.21942607210440798,
      0.08121960693736027,
      0.10545689129199562,
      0.10814622222930564,
      0.09617264256444942,
      0.2885312087835485,
      0.08668136884568438,
      0.10224080467547937,
      0.14529974715544108,
      0.041274162055983575,
      0.10797327400402532,
      0.19790447131122418,
      0.015534606535166272,
      0.1373179919752246,
      0.054585610555091334,
      0.0014923761560910241,
      0.2974542865928131,
      0.23053782275672707,
      0.053303342857898214,
      0.010020932682731675,
      0.12502909143036728,
      0.08364702166038258,
      0.057600249513387734,
      0.052151612369738976,
      0.05324672780856802,
      0.13120590567032533,
      0.17176229968396123,
      0.1067559744252335,
      0.19118424824772226,
      0.08596368453376385,
      0.24228143593336265,
      0.23242399503545824,
      0.11003166779331143,
      0.03717756712850604,
      0.176887472282261,
      0.15554515905392177,
      0.2262692891734778,
      0.1580466325592928,
      0.22723730843592252,
      0.1892017410191703,
      0.10721951165682737,
      0.09917041896940447,
      0.12504622131359253,
      0.04414455243505539,
      0.006592492921677661,
      0.04947480525590207,
      0.1368057182815397,
      0.01603373072026688,
      0.011303103655432778,
      0.22743033932240003,
      0.23611610829145868,
      0.17685585609741125,
      0.024840255197809878,
      0.09011311075316826,
      0.24015861295057253,
      0.07519015811503045,
      0.17533271858935348,
      0.2625121408017883,
      0.10607616147545312,
      0.2555923985326922,
      0.2020410798102219,
      0.2596803345177518,
      0.21103173364622668,
      0.12917809895625154,
      0.03386403126958155,
      0.060003575859596814,
      0.24031788962597436,
      0.02549487975526645,
      0.06901890604131372,
      0.1269160180385438,
      0.14294839480182944,
      0.23694034460639996,
      0.006616449811738601,
      0.09582645125920561,
      0.0388361184105425,
      0.21379464956316452,
      0.068581105938405,
      0.17827955107110968,
      0.0883490158893761,
      0.002836019083178698,
      0.27143652812724584,
      0.1613226961052957,
      0.06673776471740168,
      0.04075631337880845,
      0.046200635674209775,
      0.03923607023356801,
      0.044101813237546715,
      0.28641726828345837,
      0.2936647112433603,
      0.053892724830517144,
      0.24803303096162846,
      0.17692202493249817,
      0.2664333022069221,
      0.20280090767903325,
      0.10554129870463626,
      0.013295168678658542,
      0.12297405389259812,
      0.04629756958475134,
      0.02561016059007568,
      0.28250287917835337,
      0.03805309864904203,
      0.11664870273113327,
      0.021245901950801303,
      0.2942429183813484,
      0.293422935332707,
      0.045975093510188254,
      0.18612089297418988,
      0.19024394880485326,
      0.13993610058016162,
      0.2278524354168596,
      0.22537288839412356,
      0.29547168681152164,
      0.24617590576935028,
      0.023480157269681556,
      0.07308882978911031,
      0.2835377283843887,
      0.2706496446942096,
      0.08602326901538537,
      0.17915537027526882,
      0.1641661973905174,
      0.18028951790828843,
      0.09319073580033525,
      0.053198575861367114,
      0.12120823596743208,
      0.09682691849748304,
      0.29805693482711515,
      0.04762486039012199,
      0.08312857123483298,
      0.12993514346750504,
      0.01926554202189554,
      0.055441309255640024,
      0.026012205294082245,
      0.29272832949971467,
      0.18164780308422715,
      0.12191440933657328,
      0.2852318510101667,
      0.021220927097810417,
      0.167123965475938,
      0.013757499859585453,
      0.1465883350325448,
      0.27945435491001563,
      0.1890127263875483,
      0.09360440706346927,
      0.29501244400038357,
      0.04358886145672087,
      0.27494905677141085,
      0.07239844869986087,
      0.17356817600350896,
      0.19446313747411484,
      0.026010001779260838,
      0.2705402091530881,
      0.0019155437301559219,
      0.05752844863438352,
      0.18728280090956123,
      0.21557682439272816,
      0.1312539958164326,
      0.04480726119666251,
      0.19913075988444537,
      0.09770072296013259,
      0.07926333583371865,
      0.09685157977397522,
      0.22682444052610973,
      0.07779946530337381,
      0.04991167038151723,
      0.26264916333246685,
      0.052019321220061775,
      0.01134264430834594,
      0.05809228984069435,
      0.0770978934926242,
      0.15707271737947406,
      0.24380456271373052,
      0.2158550375975798,
      0.28423529324853725,
      0.17714405651299955,
      0.25450956691607085,
      0.14066757342598038,
      0.007014387587418813,
      0.2419609819162116,
      0.24411808423481113,
      0.054972110423809416,
      0.24708567003551873,
      0.014969962482866016,
      0.19960747633892917,
      0.02355320033531876,
      0.11406865084651939,
      0.256951240488288,
      0.14770799464729387,
      0.16469224044668984,
      0.08622829776076663,
      0.1840152717187066,
      0.24246699494472645,
      0.12969279565538855,
      0.042757276560042363,
      0.15086081437844084,
      0.07900660568365132,
      0.24501583149055053,
      0.2587731134624156,
      0.08404228422428565,
      0.06115852751417558,
      0.16809863129293878,
      0.24209680497023228,
      0.11159660905900903,
      0.18653812592599164,
      0.2252367169285111,
      0.11106297843341918,
      0.02181844255623544,
      0.002079191458356433,
      0.11513349926622482,
      0.06761839663612625,
      0.2187392175601241,
      0.11231025129442525,
      0.20092849811915903,
      0.19181104779935984,
      0.03699960106226258,
      0.048370828991009106,
      0.12272749127752264,
      0.12364586319236778,
      0.11424464273654385,
      0.1779433419140688,
      0.1065802131247582,
      0.13822713985110405,
      0.21535263469265434,
      0.20144482641029812,
      0.23635163628634623,
      0.14451183282873867,
      0.20590732759835012,
      0.26045353901990764,
      0.17951529831053945,
      0.06889738733952701,
      0.11810238114001165,
      0.262969405102572,
      0.08969457893934074,
      0.1269930618606871,
      0.24065334762348492,
      0.06758362791225253,
      0.1894013008189964,
      0.11021728470673532,
      0.02059912023479261,
      0.21464467351031172,
      0.04869573375894284,
      0.16371925147204927,
      0.1956014400433588,
      0.18162661341574254,
      0.1619141365984968,
      0.10613842381214557,
      0.061975289931052,
      0.10192780124417379,
      0.20212890611157505,
      0.25078092626681864,
      0.020185880624088992,
      0.11167933548215207,
      0.2157900223555024,
      0.04381320574163378,
      0.29339351502979416,
      0.278678102674593,
      0.2657601570531045,
      0.08258015033719279,
      0.07852739014316956,
      0.006612442969017918,
      0.07184541725405964,
      0.06492638722756842,
      0.026051760193663686,
      0.04507304119692842,
      0.2032031406726206,
      0.054773681956733766,
      0.18539580115897086,
      0.2114561429804813,
      0.0061557746848698415,
      0.02819975560889587,
      0.2188198714865437,
      0.1494451178320068,
      0.1335755809540525,
      0.18640459887287333,
      0.0537385277728355,
      0.1344366333465853,
      0.10746912976505918,
      0.2724287612154632,
