{
  "horizon": 720,
  "granularity": 1,
  "priceSchema": [
    0.198,
    0.198,
    0.198,
    0.198,
    0.225,
    0.225,
    0.249,
    0.849,
    0.849,
    0.225,
    0.225,
    0.198
  ],
  "agents": {"h1": {
    "neighbors": [],
    "backgroundLoad": [
      0.28947940802099364,
      0.21150421636919636,
      0.2709905887986276,
      0.029221208226173155,
      9.225650932454088E-4,
      0.25388445154570377,
      0.2574192056096675,
      0.1791779325229362,
      0.08457704191866629,
      0.06237392461240778,
      0.20759709212404479,
      0.0913861871555753,
      0.010307383164292538,
      0.04897139906874556,
      0.14306325906109246,
      0.0626954317966785,
      0.042906179152287414,
      0.06528507942748346,
      0.16699986720948293,
      0.01619187069096828,
      0.08685810867078178,
      0.20513538135730283,
      0.20059036462511093,
      0.016210986477185052,
      0.20741524352633672,
      0.18706710174226193,
      0.11445199635645353,
      0.2773703195833525,
      0.24813132262318394,
      0.08943445787021888,
      0.1181886576247077,
      0.10683919349621923,
      0.2734569804535674,
      0.28651226050659284,
      0.1175800063465403,
      0.2851134457488943,
      0.08519391655572178,
      0.014735143328205379,
      0.17012866034571597,
      0.07999537592755826,
      0.15731311791643596,
      0.02955032374129731,
      0.2786245784275176,
      0.11809626593726123,
      0.14510968510812966,
      0.2354181270865038,
      0.11719981276930597,
      0.2843548955506254,
      0.2828386200617103,
      0.21232367131365223,
      0.23845619365505108,
      0.15439892543757636,
      0.09181983367791154,
      0.017572965311423838,
      0.2274018514912383,
      0.18396934479754337,
      0.24086145615687737,
      0.24497236676528011,
      0.13054735845045887,
      0.09906835307178624,
      0.23677934462797157,
      0.06124804567211236,
      0.04733633182260109,
      0.20987854698020744,
      0.23603651500315692,
      0.22491695725329539,
      0.06546704842207404,
      4.212923445181538E-5,
      0.26498405190530416,
      0.024637844408599507,
      0.25569436144527263,
      0.06880190158628288,
      0.22737504806641579,
      0.10336613415835923,
      0.27067097490616354,
      0.05435713707772076,
      0.0882586694672055,
      0.10171446710806707,
      0.08626978952597981,
      0.0011533717645822782,
      0.13775618288498684,
      0.16536366682155706,
      0.2606209754986636,
      0.12651710961876234,
      0.2685815463005855,
      0.07379646634060073,
      0.2044187836530594,
      0.08496652232104748,
      0.14944169219681333,
      0.07128617515727273,
      0.2359779147493915,
      0.04269024454724788,
      0.10606718264702343,
      0.1706955428089193,
      0.015225231248702375,
      0.21351671682213882,
      0.10876687328606888,
      0.2433083378653979,
      0.23278789139891612,
      0.055360721763218754,
      0.12448832479044776,
      0.1961485046886353,
      0.048748011101471186,
      0.19119557182500405,
      0.21892107469158856,
      0.22094029372816396,
      0.018361384727989982,
      0.23066279233446021,
      0.231500901305302,
      0.004556649541548418,
      0.14681829022870566,
      0.1395589265050977,
      0.06232512628295765,
      0.2828565597302539,
      0.23921756304102573,
      0.01866749043807774,
      0.1263997952804206,
      0.012195617568187711,
      0.19807325790241634,
      0.03848166665885615,
      0.29656500719666584,
      0.23124704156097647,
      0.08645943255954221,
      0.17974186269001471,
      0.23923682228141546,
      0.051509279057089116,
      0.1812034378941609,
      0.18462915466736982,
      0.07309768133646173,
      0.21063604061632835,
      0.0664142606984126,
      0.28152059620373043,
      0.14610527061132828,
      0.04921825388349745,
      0.28014985367347106,
      0.18518089540067256,
      0.18150785549929335,
      0.276191470314704,
      0.2549094471283568,
      0.07556844907387397,
      0.10110482048041576,
      0.24127785377944952,
      0.15831251983013825,
      0.10797933442142255,
      0.18806203277574343,
      0.08849034341012502,
      0.2156007609957156,
      0.12503254882820822,
      0.11591647859013018,
      0.09567925613323067,
      0.051993000280686825,
      0.28793343374265395,
      0.11007137813783392,
      0.2039986454264176,
      0.11094627086553165,
      0.14309317332789098,
      0.2608667903837492,
      0.13930582217418372,
      0.14222324415738888,
      0.23395517700438284,
      0.25630818759698953,
      0.27660763076865613,
      0.2014260015900041,
      0.10895667707886733,
      0.03934321913864208,
      0.09699898856468214,
      0.18498183114341574,
      0.030016530392785755,
      0.1405538547409778,
      0.266810610156504,
      0.04528552536727869,
      0.00337696959659215,
      0.02299130055723374,
      0.030914698181655674,
      0.08333587635921727,
      0.1515031566767448,
      0.09806556713508385,
      0.2060839279347525,
      1.209223572184559E-4,
      0.050718246706565606,
      0.24043395373686122,
      0.21473719834741503,
      0.08075302470718881,
      0.10494943006856795,
      0.1366907920818342,
      0.05798974625828207,
      0.20351160220062645,
      0.14652139119753363,
      0.07472592996377378,
      0.27995887876229725,
      0.004561177185172838,
      0.19487840931678063,
      0.25731561581046386,
      0.2641377007676171,
      0.09499576323992219,
      0.27940179747547594,
      0.01653971622294409,
      0.22814973641372924,
      0.04362410588449426,
      0.17538195032664772,
      0.1429065028775231,
      0.003254552002921074,
      0.2587301804046187,
      0.11935054479207426,
      0.21576098520567283,
      0.19635172804056233,
      0.16429946016135547,
      0.19261250022571186,
      0.16339688869849212,
      0.01154207368508684,
      0.24678940455310885,
      0.1814603573403281,
      0.013707292269502735,
      0.22868967551512628,
      0.16295030827979332,
      0.09280635740162144,
      0.2037073326764395,
      0.15799917066892114,
      0.09669588615623496,
      0.19299483025396194,
      0.038420089153883175,
      0.216840333365884,
      0.21693267575230482,
      0.2635837020647333,
      0.1027103892571777,
      0.21269518195190673,
      0.2599757242539047,
      0.06061812701636629,
      0.024915670101536145,
      0.010224189818924211,
      0.10808236835718472,
      0.00873262363966013,
      0.09594261989837553,
      0.1719206171814844,
      0.25359535320475923,
      0.13612440695001488,
      0.07213731961003103,
      0.010809913221592814,
      0.09879800520473193,
      0.09056732997656633,
      0.06170210849750579,
      0.024466017424100806,
      0.17663867198330144,
      0.0663015069039654,
      0.028568706280912525,
      0.036269797256818226,
      0.24301593159754578,
      0.2942343416617815,
      0.10154637024309379,
      0.09952181642383154,
      0.10591317760812609,
      0.15310654707421165,
      0.14261226169067065,
      0.14088497719390686,
      0.26868522433119085,
      0.13422661032559505,
      0.2701983835543059,
      0.2825605282344228,
      0.12315314364790897,
      0.09375748456866254,
      0.19714273648627992,
      0.2465617997183781,
      0.1669890746010063,
      0.2626460216221069,
      0.057166471813167835,
      0.01865585134341401,
      0.006811242513027149,
      0.2570615086789717,
      0.17983905277682202,
      0.2147222405899669,
      0.2499566968964993,
      0.1503704880145925,
      0.13096322287268033,
      0.04724678586245101,
      0.10046874350947217,
      0.24203078560181807,
      0.17482402880583062,
      0.18277683569198158,
      0.25430937553450217,
      0.19151327261324005,
      0.08731697540337688,
      0.12822274402067724,
      0.25737173683898645,
      0.0808518083948722,
      0.08349135945296766,
      0.1797354027425513,
      0.11543278527311401,
