{
  "horizon": 720,
  "granularity": 1,
  "priceSchema": [
    0.198,
    0.198,
    0.198,
    0.198,
    0.225,
    0.225,
    0.249,
    0.849,
    0.849,
    0.225,
    0.225,
    0.198
  ],
  "agents": {"h1": {
    "neighbors": [],
    "backgroundLoad": [
      0.18307106679579674,
      0.25692384195447654,
      0.21505434243098465,
      0.0805042824542438,
      0.24972838489377894,
      0.2522859734559691,
      0.010339542209087714,
      0.14375673966205324,
      0.25005543855437257,
      0.2616701206142766,
      0.210151234594329,
      0.26878474676731795,
      0.08763650598585193,
      0.08172650602278493,
      0.25918568144788406,
      0.29286613180106547,
      0.21218725022978202,
      0.018254710278692576,
      0.27236858508377104,
      0.004295687126203529,
      0.26422012273730794,
      0.15059722991052676,
      0.10824324576655396,
      0.1041396941849152,
      0.1564854545680571,
      0.014610293307859089,
      0.2924729484150756,
      0.23182377014346955,
      0.12092049611544,
      0.25945758015820475,
      0.24045249581541667,
      0.2361810502622918,
      0.21337160081978337,
      0.27813412013239136,
      0.01686367583988738,
      0.2572573521182119,
      0.014396452643542034,
      0.1351538814450078,
      0.2558624120098981,
      0.19570817842095625,
      0.14638367196109034,
      0.26357997130652716,
      0.017116034632055476,
      0.149985319365144,
      0.15248830262760069,
      0.2820091616216634,
      0.1515722899674753,
      0.23860345924475143,
      0.21510822613179445,
      0.17293614438634738,
      0.10689299676284039,
      0.0750824612997969,
      0.1146872337306249,
      0.2635790884476924,
      0.07275527439412867,
      0.11825038834046292,
      0.16258871499631014,
      0.2215385502289282,
      0.2591735488900047,
      0.010348029258913838,
      0.2805396397399486,
      0.2429377906764672,
      0.28044405155470153,
      0.07011344719699998,
      0.07607945756187552,
      0.03674816511577632,
      0.18628296270085012,
      0.2729629427826407,
      0.22384164220311215,
      0.27883803371652927,
      0.11291451768932662,
      0.08601675072171339,
      0.1438687715937295,
      0.17127796172744295,
      0.009069433562307183,
      0.14802532038103375,
      0.17098858072331796,
      0.24667490701583353,
      0.1845933113876245,
      0.1362051600523228,
      0.19581497044126708,
      0.04679218450679063,
      0.14840569961583586,
      0.23239684777929553,
      0.1286894549779561,
      0.1836688968357352,
      0.11896048802745833,
      0.17641131373032995,
      0.20770600259584698,
      0.12322217413273535,
      0.15940213124562122,
      0.07142740257156856,
      0.053514418494713376,
      0.026972802644239346,
      0.05421599054106413,
      0.29497850712323265,
      0.24592434876199196,
      0.03513280641667238,
      0.293497945288024,
      0.24370375155564802,
      0.07903779136404017,
      0.1248810694416193,
      0.11340702965733,
      0.2622337141532415,
      0.14913065208186835,
      0.010838697727528978,
      0.2828966028653552,
      0.04247750950601235,
      0.203048740975899,
      0.0917348424454211,
      0.17112596169450692,
      0.23096082936717413,
      0.16219116697717595,
      0.2237941280676319,
      0.15702505248405263,
      0.28271630133440784,
      0.009036482901586929,
      0.03909969448511034,
      0.2723921981857243,
      0.14932340061192062,
      0.28882678877357637,
      0.27427299810842865,
      0.0765484354610556,
      0.0065459710705129456,
      0.16042944526498415,
      0.10283233664387002,
      0.25009121032648834,
      0.05715143342587613,
      0.23893884379130956,
      0.22030478322128494,
      0.13165173210454365,
      0.12532544156333664,
      0.018336357730303333,
      0.1665632613849646,
      0.09282107911594636,
      0.128381823473825,
      0.10966104922745583,
      0.23386895834979016,
      0.037076109025014535,
      0.11487741173207427,
      0.06204743366271744,
      0.2761781668073585,
      0.25757335035120826,
      0.17067412328284973,
      0.24478826035484505,
      0.19807149213480837,
      0.09352964650522418,
      0.0022875549065834444,
      0.051007794216596215,
      0.03215210316875008,
      0.26756493469423126,
      0.17639837268487626,
      0.0793568269415407,
      0.163784233355839,
      0.16189551706303407,
      0.20763083172812954,
      0.04652308201087019,
      0.11452861005771643,
      0.1958919981476356,
      0.13060858763010746,
      0.07778751356065251,
      0.09765126696664507,
      0.2924052977774691,
      0.20886321607444755,
      0.10527227771424817,
      0.2150482782969694,
      0.14370558454969654,
      0.11617615359606154,
      0.16075916498600593,
      0.14415697135472025,
      0.1310874924666357,
      0.05632852943815979,
      0.259176239058672,
      0.2203070592299089,
      0.24937363725996312,
      0.27411660443036046,
      0.10589898060814909,
      0.27044214907539577,
      0.2907418128685455,
      0.01095501769396392,
      0.08158650130991882,
      0.29141824473959577,
      0.07170375786517975,
      0.06772185961900955,
      0.09830558223529587,
      0.24331663796230302,
      0.21703988250824727,
      0.22559742881488587,
      0.21599676678455634,
      0.2350248392951739,
      0.01780636253702491,
      0.29430188760126735,
      0.05439440196572387,
      0.2497334492118902,
      0.13694436494691647,
      0.10957875998574045,
      0.20989544812082264,
      0.02578295510779206,
      0.08917357414251299,
      0.03611489239033657,
      0.06414453457492934,
      0.27894688037763504,
      0.004213458498447731,
      0.09626571586107834,
      0.20481976210236114,
      0.29020153187671494,
      0.24854307133089587,
      0.014565380823713791,
      0.229005437811083,
      0.012615553504627841,
      0.19055077422957103,
      0.22321753302186625,
      0.17630485565426474,
      0.12027724357643181,
      0.19709710788291293,
      0.16104082329427913,
      0.2636541112242248,
      0.2991247738911801,
      0.23446937046257296,
      0.26670453392055143,
      0.24141171473683182,
      0.16688219418942676,
      0.07252781567965713,
      0.24832448404738366,
      0.29542645291656533,
      0.263548709094108,
      0.006279018348780596,
      0.1482664823053331,
      0.10673927381931894,
      0.06372050689466525,
      0.2401512002406951,
      0.28558385953957505,
      0.16129079943879882,
      0.08503779918116465,
      0.06291375331351165,
      0.15363474231272967,
      0.17441422305726403,
      0.014845827995934278,
      0.13536672663971602,
      0.20900308791637326,
      0.04960938812446236,
      0.12528912160868932,
      0.21388639352370098,
      0.1823201621470972,
      0.01672641724006706,
      0.040486968769665864,
      0.05287646721625093,
      0.29486908399478623,
      0.27443006471300024,
      0.269757068494164,
      0.07450830899791029,
      0.2602075023149788,
      0.26600345427716376,
      0.25729482575423746,
      0.15922960362236746,
      0.18864159753347978,
      0.048769158345834326,
      0.264799763664849,
      0.1715240101649558,
      0.29509805434089553,
      0.14914533446399822,
      0.23008768135845484,
      0.05758314520669021,
      0.2810894298637136,
      0.030229941891586218,
      0.25498736051754417,
      0.2757669922092098,
      0.18017839501017482,
      0.003263600670345723,
      0.1483824276020557,
      0.22424969752234858,
      0.27068872595380566,
      0.029535999856148586,
      0.09660741413782299,
      0.20205977246460827,
      0.1701060620188214,
      0.044522876331742074,
      0.14554493430811488,
      0.2493138359191908,
      0.010926841305525214,
      0.16511811703850562,
      0.20747334003549717,
      0.009198013318587371,
      0.16077872420966877,
      0.06414561687274338,
      0.2654106161496522,
      0.06394959128107765,
      0.010608512997966557,
