{
  "horizon": 720,
  "granularity": 1,
  "priceSchema": [
    0.198,
    0.198,
    0.198,
    0.198,
    0.225,
    0.225,
    0.249,
    0.849,
    0.849,
    0.225,
    0.225,
    0.198
  ],
  "agents": {"h1": {
    "neighbors": [],
    "backgroundLoad": [
      0.07010490654685068,
      0.08003636074021545,
      0.13404171768864387,
      0.10037913359058649,
      0.07455923415029056,
      0.15218493895838967,
      0.003450716191724912,
      0.041164973788539456,
      0.046855344908532666,
      0.15994624310326622,
      0.28543863359699556,
      0.2962412752810436,
      0.09150311792842859,
      0.2076045633188135,
      0.28992466406773026,
      0.06978020746803826,
      0.06054454256186868,
      0.15015698326546834,
      0.22079609672823408,
      0.13971355457350854,
      0.14244239677099033,
      0.20801847627486936,
      0.25128481016877147,
      0.15118443447497126,
      0.11809827824430164,
      0.08430464238680654,
      0.06285693179730806,
      0.14093009569148932,
      0.03313177272190152,
      0.07305658450535907,
      0.08313466065234489,
      0.264687626604718,
      0.22261529354399115,
      0.1585353850652704,
      0.08686190832393383,
      0.06711893439489627,
      0.12954088852701132,
      0.16744512957486643,
      0.2341999905916567,
      0.05319395183215205,
      0.018776712396217088,
      0.16642473390407517,
      0.11481570381460483,
      0.18938724801900383,
      0.1794595007787681,
      0.18278412706609246,
      0.21509832493690703,
      0.05825230592197794,
      0.10510456031138476,
      0.03887440782861049,
      0.19928653723567138,
      0.06848724491659516,
      0.1243609396823211,
      0.23094239682817994,
      0.2962292158381276,
      0.25626600094940566,
      0.021166079581908002,
      0.176313880970473,
      0.15505254511949174,
      0.15863115430911065,
      0.23400684905998637,
      0.2963171470644351,
      0.22907599582132954,
      0.02559057435572353,
      0.15986763593450637,
      0.06758940605509263,
      0.2873774733303588,
      0.013955053629510893,
      0.28066294557028915,
      0.2483541043089692,
      0.009431121766063299,
      0.29413491330238334,
      0.1615595406153496,
      0.21853079175271614,
      0.10439357207208212,
      0.21550615626283073,
      0.11687071284662304,
      0.15218726193004256,
      0.0481137521071174,
      0.06506833766818612,
      0.24840121475962995,
      0.011204557782176038,
      0.2410072534188943,
      0.1487639421213251,
      0.22446386058198275,
      0.25615518259015163,
      0.19827086446823,
      0.12010213122236021,
      0.24669531984913445,
      0.2671981565964817,
      0.2752999330945983,
      0.2740440277851426,
      0.1713401149742507,
      0.08091431989524946,
      0.13758993699175073,
      0.2804517762415882,
      0.005458747962069799,
      0.07054007743350586,
      0.27338514917790735,
      0.012548563252607225,
      0.09298402562450027,
      0.1668735205626534,
      0.2154359929267945,
      0.10707291511512879,
      0.13911374400298418,
      0.240867101259664,
      0.062355786023437894,
      0.2929681870184924,
      0.0017818470744324078,
      0.2713729124519321,
      0.08941491458834779,
      0.10551361257880747,
      0.08064314471807485,
      0.0012459654583607538,
      0.267784563326911,
      0.07569477442086078,
      0.06073209749462729,
      0.18365342686442285,
      0.14237617731271843,
      0.20226580689658294,
      0.23461669677826574,
      0.24860605129678376,
      0.28076166310544665,
      0.18234669785783544,
      0.2641590331061541,
      0.2315627357714235,
      0.2452921658809176,
      0.2344823851478092,
      0.016593512052492664,
      0.14304996195836053,
      0.2082023417237585,
      0.257220855869119,
      0.06374816224598374,
      0.24776712630352526,
      0.016921595443222835,
      0.2712462419339578,
      0.11696739569418779,
      0.25250743402988063,
      0.21924402413083932,
      0.17612485884444767,
      0.1430204050898866,
      0.13567178443652636,
      0.2962882853366493,
      0.23845228273480842,
      0.15192829238751834,
      0.02931493640434829,
      0.10232230306534332,
      0.25680026601264444,
      0.16017768271733643,
      0.15708190673757702,
      0.13932386712694228,
      0.23554771434980026,
      0.11586247928891706,
      0.13769948357064793,
      0.09516409525664074,
      0.1280341246018554,
      0.11798510398763686,
      0.25983431674388435,
      0.06288013822965728,
      0.033992104993784265,
      0.08474678439405114,
      0.16489815212613104,
      0.19864204531326313,
      0.10547603817152991,
      0.18468289014605485,
      0.22804020295779723,
      0.14686200311994804,
      0.1448589582739212,
      0.22781730880818887,
      0.2707775672925006,
      0.17076273828768693,
      0.20743686998020325,
      0.15346893220148902,
      0.020355585599864254,
      0.08947037180476558,
      0.039941370023453215,
      0.03510124793739722,
      0.1522855646015233,
      0.09145072871632977,
      0.28802006531624325,
      0.09516722559698289,
      0.21184405992726119,
      0.28141830859119177,
      0.13010980694601898,
      0.08330557617434102,
      0.11858417432412378,
      0.1726700144482227,
      0.10125715009041425,
      0.17931365321938073,
      0.13500312528594402,
      0.19125770196494887,
      0.07047387181806346,
      0.0374234192466413,
      0.038407746456843084,
      0.19624787550828707,
      0.06616095039374022,
      0.20188057941853185,
      0.10825132612676566,
      0.20669482310461051,
      0.25462852799598906,
      0.17515617266461367,
      0.005743382382328554,
      0.22819930580469278,
      0.09006553201169454,
      0.22878426545527755,
      0.12507236556533216,
      0.2145575738425544,
      0.02607160026064995,
      0.2577000127358386,
      0.2216516756199083,
      0.09588896706842592,
      0.17212863662536046,
      0.24408672819993676,
      0.04691922402350577,
      0.008186199881414157,
      0.1280070673138308,
      0.12897897305429976,
      0.0034434351056502163,
      0.2920975432500785,
      0.09541020902139477,
      0.150662252791165,
      0.056832116467542326,
      0.02446501698042167,
      0.2834153285600319,
      0.15273605656973696,
      0.20544841028845776,
      0.03264979495274832,
      0.20009603433032247,
      0.014303776052437656,
      0.16847656506461964,
      0.2442777938677682,
      0.037033545054475925,
      0.07586256223060325,
      0.14493219889157408,
      0.27604510121216086,
      0.08098361379607412,
      0.197126405711491,
      0.016948657992932825,
      0.12308432789937418,
      0.22487595049590395,
      0.28320367548420694,
      0.032902713341141074,
      0.02635585125048583,
      0.2810941404373411,
      0.28945487120323754,
      0.2603092108616439,
      0.17361921418564305,
      0.12420744102056736,
      0.00544579041109191,
      0.2891512871982626,
      0.2849079150488806,
      0.2308366373011429,
      0.019552785035886887,
      0.1654322008013973,
      0.01626470310616519,
      0.005169335982445155,
      0.1574876136461282,
      0.19912574073229913,
      0.04511250057304632,
      0.10476961801564794,
      0.17561792158038086,
      0.2573787284572574,
      0.1706278027921866,
      0.20708509149637877,
      0.17668306503333167,
      0.28791198497083553,
      0.054664678796233386,
      0.14628988288974762,
      0.06743264862354738,
      0.07482829618257604,
      0.06593712714370274,
      0.12482666135494791,
      0.23999613284155932,
      0.07938650322261487,
      0.18264634545702138,
      0.17507128628964744,
      0.11574928208866136,
      0.014074620028319428,
      0.13617365884228963,
      0.09896583125752058,
      0.26881120677948533,
      0.06402148372847806,
      0.0781454888921249,
      0.2892326790853621,
      0.23016874766633105,
      0.14789914489831577,
      0.2832365994603905,
      0.1989630257629104,
