{
  "horizon": 720,
  "granularity": 1,
  "priceSchema": [
    0.198,
    0.198,
    0.198,
    0.198,
    0.225,
    0.225,
    0.249,
    0.849,
    0.849,
    0.225,
    0.225,
    0.198
  ],
  "agents": {"h1": {
    "neighbors": [],
    "backgroundLoad": [
      0.10552656035309839,
      0.04067458041699288,
      0.12529522763856085,
      0.1533917541613579,
      0.2888665571999206,
      0.11125698595736445,
      0.27131168853104193,
      0.27266257668500543,
      0.28606187055079996,
      0.27070293179774774,
      0.03168587341798711,
      0.22854153827798263,
      8.691047978922617E-4,
      0.07809214344805916,
      0.2331847751750932,
      0.18589373482095312,
      0.26272502419676114,
      0.1940817667571689,
      0.07481527656266802,
      0.014532869636010148,
      0.12339252006441144,
      0.022258626129636937,
      0.24822351067751314,
      0.13925779943063532,
      0.1574635537868713,
      0.17571057979760912,
      0.11499710083825587,
      0.08501452418561091,
      0.04966681978939606,
      0.164555710019488,
      0.23102319312444541,
      0.2882815761363164,
      0.108157294794039,
      0.14896634268232858,
      0.14021358912419402,
      0.24884368815385727,
      0.2911626695121052,
      0.21452480981548555,
      0.10881786751042162,
      0.23347918535586698,
      0.09311396921209247,
      0.1870869715111402,
      0.08299265638879284,
      0.009807818968716209,
      0.0859646552009718,
      0.018409024352395664,
      0.2038636115884582,
      0.19884210337138175,
      0.04330175487140029,
      0.23948172433513853,
      0.06775492248051726,
      0.2955215829515581,
      0.04966689948601377,
      0.12263506540431061,
      0.0681431464283638,
      0.28837448172147606,
      0.169575474152637,
      0.2544669533006056,
      0.2723418108275368,
      0.28993583550485735,
      0.20942507954307604,
      0.2405933892219654,
      0.27122733228333384,
      0.23024445500117102,
      0.283682734397833,
      0.14566601802380022,
      0.20501700548161797,
      0.26899469629296446,
      0.033289212766517064,
      0.14002097959395488,
      0.22794484894113817,
      0.10358387170986356,
      0.04201120295803712,
      0.25214522663395095,
      0.012396783690769119,
      0.2883066896248904,
      0.20426064432045574,
      0.057290090506866787,
      0.067315516394033,
      0.10444466181404845,
      0.003665271780067747,
      0.13930480779555585,
      0.08500058291957507,
      0.20991931226730945,
      0.22445161294194907,
      0.03182139582468652,
      0.018542826084860718,
      0.20545395194569693,
      0.16631918868704457,
      0.24471767070800263,
      0.12809057689193953,
      0.2734499466892026,
      0.054741076798902444,
      0.26518537101381795,
      0.20437065719741326,
      0.16117986408351068,
      0.1413763363257667,
      0.2067060041791529,
      0.22609435599632888,
      0.1850219244070388,
      0.14378699263183925,
      0.039899365729710874,
      0.03935187840575157,
      0.007031382880076608,
      0.2920702734350602,
      0.24269210996733628,
      0.16196081409994098,
      0.01377348379431651,
      0.1381220702003648,
      0.09817032277321673,
      0.08612915808882539,
      0.2430423819344544,
      0.04137136551848279,
      0.13462396103111987,
      0.2185467421024604,
      9.958737466838618E-5,
      0.2573638725387673,
      0.17386971662430561,
      0.22891610272389562,
      0.08402747399638157,
      0.1532010341291564,
      0.23099713271427658,
      0.034162992166760366,
      0.20448949515534606,
      0.27227855516618404,
      0.06314892265430105,
      0.2662739430428054,
      0.12489735812357516,
      0.24035765575535578,
      0.12341905660664929,
      0.2412171488211822,
      0.27724076646639845,
      0.29910490796898903,
      0.18854905352510318,
      0.23905420958256984,
      0.27921257203014116,
      0.2667843123873015,
      0.18951898994360908,
      0.15705599967396305,
      0.26063829848859565,
      0.11676971040930606,
      0.10921340578381324,
      0.0403479528275442,
      0.23404924910872724,
      0.14505739839068735,
      0.07331212183782343,
      0.11791367646279816,
      0.009595917011217536,
      0.14190237218101728,
      0.009252245922481838,
      0.17659031890913462,
      0.21403363412616686,
      0.17670185042552353,
      0.13053270098484282,
      0.10510697103356974,
      0.28986710993384823,
      0.11973874051703035,
      0.0702723532986131,
      0.2980518951573252,
      0.17971294348805644,
      0.07973081177271658,
      3.0758923544867974E-4,
      0.01815621357644077,
      0.24763644962015602,
      0.09831087717804293,
      0.24975984337767212,
      0.026207919387787958,
      0.28291069572145106,
      0.0771883698472461,
      0.14691880538126956,
      0.27308052695671314,
      0.11876842585812672,
      0.07448451716282115,
      0.11348084943263911,
      0.17409174610508868,
      0.028673513103443224,
      0.28424554143478425,
      0.2094259121267583,
      0.1490579695728306,
      0.2451161791717827,
      0.2325301762277298,
      0.0753996219740996,
      0.010949672140202414,
      0.03999832643286538,
      0.24129044092142715,
      0.08272330186892396,
      0.18974879689190047,
      0.18077582855570282,
      0.07213457421735671,
      0.2921853979745064,
      0.26328249841449397,
      0.2901428570135992,
      0.02393614160116516,
      0.2308674320289211,
      0.20865325528354756,
      0.08339938745947496,
      0.19638408329187604,
      0.11415987971309491,
      0.15516481711810354,
      0.224064303055474,
      0.08181787377954648,
      0.10130145358251286,
      0.19828639698056424,
      0.14804575754003219,
      0.026622291876135407,
      0.027124643901332356,
      0.009223320398219725,
      0.10293744214937788,
      0.2920799094041008,
      0.19866487417011405,
      0.2858324790677346,
      0.275581488291076,
      0.2391823053040732,
      0.2513950374424358,
      0.12685587772773407,
      0.24529304970619956,
      0.030658002276366635,
      0.09891183024871082,
      0.2899668535401053,
      0.2208250549864307,
      0.05728376384763285,
      0.14524588218958234,
      0.1923711579924166,
      0.18524622034208643,
      0.22061340238328106,
      0.14355502762922495,
      0.13546877774420749,
      0.023675717371390514,
      0.1191785055120484,
      0.17684135016077676,
      0.20971455282842796,
      0.21528936613654573,
      0.29958621299768545,
      0.25752500956382285,
      0.25301463995503815,
      0.2865952340635639,
      0.2274064239500547,
      0.0028455637127752786,
      0.19709350510576606,
      0.1874791443501687,
      0.16040581076158597,
      0.1534438234167165,
      0.11393318412351922,
      0.17939419276628632,
      0.017225082504399247,
      0.06793481825468274,
      0.14217015959575116,
      0.04555564307035964,
      0.21726412007741777,
      0.0687425218162296,
      0.2766802637242979,
      0.06851387410052419,
      0.28228119205001817,
      0.17461285941093072,
      0.18447512945033304,
      0.11564706676705175,
      0.24381142204884892,
      0.06988412560315953,
      0.079224257413204,
      0.15341848293221047,
      0.23570521725058127,
      0.2805561200667486,
      0.09747079823672551,
      0.06294683006592892,
      0.24981470396247213,
      0.19437095334479515,
      0.2551110720830888,
      0.1593672410937502,
      0.24341608833325654,
      0.24202790238317456,
      0.2514705452522263,
      0.11994668323523883,
      0.2353051441003746,
      0.05370442881912768,
      0.14102463276544527,
      0.2266189966757777,
      0.07728372960470033,
      0.012458965567327073,
      0.04203793308563477,
      0.08092212338605756,
      0.005579744258647923,
      0.08607981955409766,
      0.13046987173259403,
      0.27057917407911986,
      0.1295789692170132,
      0.21263762614754012,
      0.045262416440615814,
      0.10425109507771092,
