{
  "horizon": 720,
  "granularity": 1,
  "priceSchema": [
    0.198,
    0.198,
    0.198,
    0.198,
    0.225,
    0.225,
    0.249,
    0.849,
    0.849,
    0.225,
    0.225,
    0.198
  ],
  "agents": {"h1": {
    "neighbors": [],
    "backgroundLoad": [
      0.25619747431266915,
      0.26106322661143655,
      0.09414246199144637,
      0.24913569686331882,
      0.19079937271599354,
      0.023946532823250054,
      0.012576799847427544,
      0.1370664526825112,
      0.20817985394113567,
      0.027046642154830203,
      0.05963906212123544,
      0.15193554456855773,
      0.2128338324672102,
      0.014850002060777445,
      0.07075617309931462,
      0.09369841718223838,
      0.16567935275993848,
      0.008425145885182039,
      0.08256479792341782,
      0.0056613059818236946,
      0.1577424678842442,
      0.2523532726100203,
      0.06769668730626024,
      0.2179943458726594,
      0.09179556788714012,
      0.22351336183670945,
      0.17008099114608413,
      0.022043763168230368,
      0.0363805585778886,
      0.15074873417264625,
      0.02968543532864626,
      0.19131847957978004,
      0.14982119820960305,
      0.14873691731082933,
      0.11117791003723802,
      0.1613147648430628,
      0.2569554753619712,
      0.15362613520544036,
      0.2901666522415147,
      0.0433926480153223,
      0.2635219186707663,
      0.05514489255991306,
      0.050096730324849445,
      0.1621500567493703,
      0.26231832327443194,
      0.2018629881794104,
      0.048858526598626474,
      0.004104100193115045,
      0.23331320202608818,
      0.1636631716422902,
      0.09245827636564392,
      0.24837471617069445,
      0.039287459588812954,
      0.22763767082400047,
      0.1043113613261721,
      0.06181650188783528,
      0.18366165748765495,
      0.19461165426140783,
      0.14532426877709445,
      0.22433206615647525,
      0.20034533467993387,
      0.13433815381497732,
      0.12463618120669491,
      0.1866353639872451,
      0.20802570626504052,
      0.0039725814404045325,
      0.03720313154628002,
      0.28531238467382486,
      0.02384230296684343,
      0.1143355440805543,
      0.29761079133414836,
      0.08572074610486481,
      0.00708109106167063,
      0.18638015234586813,
      0.2822791466355909,
      0.22656028083061414,
      0.19641787153404122,
      0.11953561192932632,
      0.06204198583673178,
      0.1486582330810984,
      0.113569633613841,
      0.19923465526326659,
      0.15840316605774604,
      0.05831316893561908,
      0.09598251219975135,
      0.011121019704931534,
      0.021333277745968125,
      0.15489955832787103,
      0.22539780369634496,
      0.16225248701137598,
      0.28725573402495347,
      0.08809896168583177,
      0.12718619128219733,
      0.029928874331881714,
      0.10333363668937814,
      0.12106404948850391,
      0.09218728091069413,
      0.11100276302743654,
      0.2692613139746154,
      0.059304583844292165,
      0.16727854940076378,
      0.19557203793831782,
      0.29674828641998,
      0.2713776967468974,
      0.13507643876337302,
      0.12133615384550962,
      0.2121599853709207,
      0.11150792224993651,
      0.12016763091590026,
      0.08096359389784359,
      0.14057583354696881,
      0.06529071479869127,
      0.27573426239635984,
      0.12342784890233956,
      0.06366435720829768,
      0.19098446570825003,
      0.26865802535015015,
      0.25482994743927767,
      0.023499796252328776,
      0.20572055203757175,
      0.2221823346022889,
      0.16644038496767086,
      0.20776104160645914,
      0.1816770811741379,
      0.2159143711569797,
      0.03538925910954088,
      0.29128052238701485,
      0.2714314575424139,
      0.26831865756444706,
      0.0290962919145458,
      0.0255957463441818,
      0.07872087107352556,
      0.252841168978815,
      0.19045278192473705,
      0.09811108633829947,
      0.10215625464433853,
      0.1581245083260556,
      0.0952413758066092,
      0.18922422368942116,
      0.22429516224272958,
      0.09234175017563374,
      0.13306064995847033,
      0.04261159463366861,
      0.11619260450291673,
      0.2539708355973918,
      0.2802937433527952,
      0.19881011341451757,
      0.002708294727249194,
      0.001140341086103902,
      0.20232207982261452,
      0.24648572209920153,
      0.022036426721517764,
      0.013457600854525364,
      0.06496370618514132,
      0.29701351775641954,
      0.2088392459713206,
      0.10170868955127835,
      0.2831238862422776,
      0.1690456543428999,
      0.1121696619863065,
      0.17006697311474475,
      0.11613657138497377,
      0.20887882789899329,
      0.005312815364204548,
      0.23288645069068084,
      0.07901011839980111,
      0.2887784929678015,
      0.24316988823425387,
      0.2536931600833526,
      0.05174237808196495,
      0.22990686228411666,
      0.28272425838089343,
      0.17075238464177103,
      0.19795696920865058,
      0.1618221840745777,
      0.024634139529758958,
      0.005149076002896835,
      0.2986414728368115,
      0.06726068856350799,
      0.07059542729648481,
      0.27656292246644926,
      0.20269375013224164,
      0.22544805509635407,
      0.033023645034801485,
      0.16896475647999745,
      0.2698747058835199,
      0.017549334910201962,
      0.27942405443930424,
      0.10483965915525754,
      0.20837307982966521,
      0.012881281910833898,
      0.21548704555391904,
      0.1284345975513249,
      0.189016230177762,
      0.2176887638997515,
      0.02766828503019192,
      0.007332169836423796,
      0.047802384341674595,
      0.06448441990855425,
      0.29845023935756654,
      0.20358705425838688,
      0.16434322870656626,
      0.19406448512082974,
      0.19448994689235474,
      0.010185070993916356,
      0.06587466528008952,
      0.10563141843541511,
      0.18955518672311142,
      0.21939458461544561,
      0.17521152656665567,
      0.20427924558223146,
      0.0501469286878859,
      0.03247666238271477,
      0.24204019001688415,
      0.038702167254460594,
      0.07690313618529585,
      0.017801541449239955,
      0.2770527199283969,
      0.2967626673207335,
      0.29204892643443364,
      0.009043966015134708,
      0.03126895586723923,
      0.1762973978631051,
      0.011018973139939802,
      0.004169909015596762,
      0.07119596348098235,
      0.271269528583584,
      0.061339952022616134,
      0.2759387048990758,
      0.13188867833755266,
      0.06597113119581274,
      0.007342631449524539,
      0.1823329516208654,
      0.28113967450441274,
      0.2809331160700543,
      0.16626810222207158,
      0.21119819531801137,
      0.10970907132370718,
      0.007534258430790663,
      0.20623509338976867,
      0.045291147324661316,
      0.2114516851082857,
      0.17158381567710312,
      0.19605343092573588,
      0.29639165410760115,
      0.21313021445724692,
      0.14579801168177556,
      0.08023054372939249,
      0.18289057362524422,
      0.25161471292459403,
      0.1122676791844341,
      0.15139362765601574,
      0.10501752940392757,
      0.1837162982634782,
      0.2269040760360177,
      0.19666020441261853,
      0.0910293380134597,
      0.01606083055706039,
      0.2190914717895657,
      0.17146209547303862,
      0.14591243961035777,
      0.24249219005445774,
      0.010547866479974454,
      0.244902712156492,
      0.2818545442716344,
      0.2960024729042783,
      0.08667473949019301,
      0.14141264315969213,
      0.2216918123756306,
      0.09565652734499787,
      0.165833060986208,
      0.21833398560708422,
      0.27237222495644103,
      0.223365571684115,
      0.2723661990306615,
      0.17112581208597713,
      0.0721580162697614,
      0.006651119169953179,
      0.1965778321563216,
      0.2720969193329636,
      0.21568117648999394,
      0.12147913420005074,
      0.188412659837249,
      0.07595867293143233,
      0.08814943179252412,
      0.07571435905628382,
      0.10616318766251191,
      0.1385691781379599,
