{
  "horizon": 720,
  "granularity": 1,
  "priceSchema": [
    0.198,
    0.198,
    0.198,
    0.198,
    0.225,
    0.225,
    0.249,
    0.849,
    0.849,
    0.225,
    0.225,
    0.198
  ],
  "agents": {"h1": {
    "neighbors": [],
    "backgroundLoad": [
      0.04102691549104352,
      0.02758495349865595,
      0.1878477623208498,
      0.02769886448251464,
      0.23835705833897997,
      0.020390474091901888,
      0.1505066879164258,
      0.08757402870263521,
      0.15254268961973894,
      0.23258767932960098,
      0.08953225321557705,
      0.22331279975214943,
      0.0014149538741889066,
      0.09716834096239003,
      0.14859407803339977,
      0.11700531927749977,
      0.1942301869036832,
      0.07612092648718631,
      0.17091670438517806,
      0.13456731535240243,
      0.27171537494542136,
      0.17508033328572695,
      0.04119392314994793,
      0.2817168217400021,
      0.25857624831671233,
      0.17907176800942085,
      0.12458013512319886,
      0.1719492334412599,
      0.19897284945847588,
      0.13484832843737724,
      0.27702097131213793,
      0.2589957672578204,
      0.20879609972851956,
      0.02767357638747142,
      0.2683150038659336,
      0.13610987747561998,
      0.1918250506961384,
      0.15768540363430983,
      0.12398020455230156,
      0.008786909723689252,
      0.2270502973524045,
      0.27848699116625925,
      0.1829155145438135,
      0.22577337599313554,
      0.15930785690264498,
      0.15987871623222719,
      0.03936561879101389,
      0.104384634615463,
      0.07392192464310744,
      0.22698465127899137,
      0.01999902319845075,
      0.06625650109570813,
      0.1647766339987012,
      0.14137793252016131,
      0.2753761648052868,
      0.24765135004100444,
      0.19083303779213698,
      0.1822592617186826,
      0.04177913287925369,
      0.14909761842358935,
      0.22282345247976834,
      0.26409895076749934,
      0.1831952547572314,
      0.14279855054904236,
      0.2728602149163089,
      0.26458706613204697,
      0.1130702841334503,
      0.08167956031898037,
      0.14438763828040094,
      0.01593424642109593,
      0.03616011687806374,
      0.13176074090254544,
      0.23962466144351402,
      0.14605630040132744,
      0.04261203645616307,
      0.017138697318558292,
      0.18721802850842856,
      0.15210218544330895,
      0.2174538550722565,
      0.09619326691823893,
      0.03653001903038637,
      0.08218510599862296,
      0.05419701838342909,
      0.21587046534023752,
      0.04257732030964536,
      0.17168422904989103,
      0.06572476932083691,
      0.1396087624328063,
      0.04923238525674443,
      0.28032672038015033,
      0.19121781932848203,
      0.06867439497418341,
      0.2290624351987365,
      0.017223038163056602,
      0.29397701376590707,
      0.2909520721386317,
      0.15964843350143518,
      0.15102296231709597,
      0.17904152107834964,
      0.16668305848376072,
      0.21390430170767896,
      0.05468923493268147,
      0.052800541765500704,
      0.0022209741854046007,
      0.016853340039828125,
      0.13875517802315818,
      0.07483042831825981,
      0.20590791738882766,
      0.17343227773761336,
      0.2679827030375564,
      0.29414261916406875,
      0.21621188688447263,
      0.2501664246094457,
      0.2613162643964816,
      0.06944116027051105,
      0.16921953098197304,
      0.18002891081467556,
      0.2675768574082837,
      0.16872598701434455,
      0.10925843818194797,
      0.011359605500682901,
      0.04430277143523512,
      0.1008027985789555,
      0.04877448722956618,
      0.2508923775250882,
      0.060135923910142663,
      0.24117632548149606,
      0.16528975344506489,
      0.09793596712510577,
      0.038154262830741255,
      0.1588619591631275,
      0.2553848528469382,
      0.007428300234078466,
      0.179008507325137,
      0.0726601069942275,
      0.2578506005973196,
      0.14572989508915069,
      0.26719068005907165,
      0.21924346943366077,
      0.09796200870793559,
      0.06163673282565227,
      0.24697644104136218,
      0.15237112930146327,
      0.12467298000996835,
      0.10699416679916791,
      0.1020138305559442,
      0.15374977034826331,
      0.2818124337582141,
      0.171887074933264,
      0.021033678897545448,
      0.18913539563628926,
      0.23227098637944285,
      0.044910424054358807,
      0.12844199175588883,
      0.15951280664433123,
      0.18791955701750573,
      0.2968638511164712,
      0.14334938960716978,
      0.1744553150929289,
      0.09666337219112166,
      0.16140075209121027,
      0.08581587056303171,
      0.17157164166817268,
      0.17172523104031567,
      0.2436580630715232,
      0.14832069459699143,
      0.18969359562471935,
      0.1513606132625759,
      0.22511578156024398,
      0.0030687918514638477,
      0.09458372328822424,
      0.23562942053694513,
      0.130432288813331,
      0.08945748909203186,
      0.1429078082505511,
      0.2431242378085783,
      0.15674539385873512,
      0.19950791579010882,
      0.2651697832123499,
      0.00667583941140295,
      0.1560714891413071,
      0.24235783650828693,
      0.1922379351076876,
      0.23710985325706538,
      0.15471292627871544,
      0.2539141186991699,
      0.27658357746336487,
      0.14060839607034448,
      0.25117907835311337,
      0.14117968516661816,
      0.20326269918018006,
      0.08489700693791066,
      0.27258261006767426,
      0.03688660987052079,
      0.10651835741338693,
      0.29449127455010576,
      0.13414293028934934,
      0.06002495494232922,
      0.23468061123468453,
      0.10997986894741449,
      0.006585969022678773,
      0.0329667938667668,
      0.14400704404848394,
      0.07384190643484731,
      0.0188548256924037,
      0.24007596634947573,
      0.23542895651449577,
      0.024977532460120022,
      0.02676031725805291,
      0.17093769319748392,
      0.1981247882730757,
      0.22404394489912327,
      0.001137804070516224,
      0.10784487737749979,
      0.22012713266436748,
      0.228656247190837,
      0.07055240413584037,
      0.2550187941388176,
      0.042950852246394555,
      0.08181401118198874,
      0.1823508461235601,
      0.05986398642807131,
      0.027945948254245345,
      0.1387807762827767,
      0.24069379065305374,
      0.038914443440488534,
      0.21776147677521876,
      0.25073598702621364,
      0.0504922506419214,
      0.1702555397917474,
      0.22701601009099195,
      0.15177594587372714,
      0.24915338188231115,
      0.016549041502379267,
      0.2325893274157612,
      0.045743943767832064,
      0.02644139226345238,
      0.18990623636747725,
      0.14306134521405134,
      0.29534661506883686,
      0.1429404645125026,
      0.1073049159913388,
      0.15456645608305095,
      0.06728356131103838,
      0.18981465325413574,
      0.06771136041256916,
      0.03958631545252771,
      0.1943987816874594,
      0.13625756398303138,
      0.13677091231424435,
      0.25485331185237775,
      0.08776581409985748,
      0.06644689147936521,
      0.05335907173295582,
      0.13004440081442273,
      0.2791917580533932,
      0.008289994098281272,
      0.19890890803936287,
      0.017459089560645135,
      0.03965556170113633,
      0.07321134076872994,
      0.030161154412222856,
      0.17238756759930923,
      0.18125858248423365,
      0.17301908793240392,
      0.022233675022318777,
      0.12360593396081915,
      0.019203025732062416,
      0.021170707551069166,
      0.11982073484401959,
      0.06447403994823298,
      0.24967519835256163,
      0.299927530578097,
      0.27831761602223787,
      0.08642990249409378,
      0.07268235125596531,
      0.16151790746652464,
      0.19555881005450723,
      0.009855862193971965,
      0.047468441399422134,
      0.27685579690523626,
      0.027006455900235125,
      0.11495501784482637,
      0.163083490679128,
      0.23942860908806424,
      0.23944956164216777,
      0.20277956836326316,
