{
  "horizon": 720,
  "granularity": 1,
  "priceSchema": [
    0.198,
    0.198,
    0.198,
    0.198,
    0.225,
    0.225,
    0.249,
    0.849,
    0.849,
    0.225,
    0.225,
    0.198
  ],
  "agents": {"h1": {
    "neighbors": [],
    "backgroundLoad": [
      0.1563846430485093,
      0.23222547509204794,
      0.017681437033480563,
      0.06505947659219573,
      0.20903497333570342,
      0.11697103063426537,
      0.008632926357621007,
      0.17192801622646522,
      0.1571410962454189,
      0.03429049392471841,
      0.1574524157961217,
      0.1432746590200277,
      0.2853358536022073,
      0.11019808905824809,
      0.002476500994712649,
      0.2208774318070662,
      0.2817215411483388,
      0.10951965900408196,
      0.16850384176612385,
      0.2995282850061147,
      0.15640304294368593,
      0.2260058138318492,
      0.15871508928602385,
      0.0886768601972821,
      0.2942652972555052,
      0.2732431293518748,
      0.09335658098884994,
      0.08191998201057425,
      0.01689082515568402,
      0.029921071937787036,
      0.1424649037342412,
      0.123812000728276,
      0.030750870536744867,
      0.19049447118296062,
      0.028720564769327904,
      0.051066551633122424,
      0.13757104710518087,
      0.21048309252965056,
      0.01826150714632523,
      0.09912226998793279,
      0.26079849629385965,
      0.2701369961731411,
      0.19382412596055087,
      0.2178656971390042,
      0.18331905070138071,
      0.2368612183764392,
      0.10554251764033727,
      0.1757588712263964,
      0.02998619007140538,
      0.18506709336147262,
      0.05542703113716069,
      0.049225978146555556,
      0.05789205099077144,
      0.00543728994714564,
      0.26278453862541035,
      0.10965621222634019,
      0.22126501383896943,
      0.2956367980306877,
      0.16059582087835686,
      0.039037058328880665,
      0.025904256188592243,
      0.16027006111072428,
      0.05750763449123932,
      0.21622358571943368,
      0.2897216537206704,
      0.08108840695278731,
      0.12873265173645335,
      0.014049556035834453,
      0.02152116234855067,
      0.1802832135338884,
      0.04991864129009338,
      0.03784295435859126,
      0.03613520366524212,
      0.00864159421621462,
      0.163090440229039,
      0.03364126658192616,
      0.06814960181141701,
      0.09348213816003538,
      0.2551333874990507,
      0.007800907900933507,
      0.1270929136220866,
      0.0804979326728746,
      0.06542290910652952,
      0.20406947970810804,
      0.03662149707647855,
      0.011259111362882334,
      0.22343367345516066,
      0.29109921633809815,
      0.2539126009902474,
      0.11328434335615481,
      0.21350059046449413,
      0.19286156336971955,
      0.05406166259176763,
      0.024611381042337142,
      0.25244050520754185,
      0.11093239019690034,
      0.08365847346071266,
      0.13022089157303668,
      0.0014655495445068721,
      0.21081865408560235,
      0.2710795426483302,
      0.033322012477948346,
      0.24522344364759163,
      0.1209603287843133,
      0.23584924216938646,
      0.19075657846102856,
      0.11302719632395061,
      0.1244832198675825,
      0.016026325620703174,
      0.20556822325075533,
      0.15760669953961493,
      0.08936528899441924,
      0.27599452015945325,
      0.16139930482497505,
      0.021501871775091053,
      0.12279670043542962,
      0.2609851291814411,
      0.15290316256791278,
      0.256937251117919,
      0.017979852487613978,
      0.16621061175945226,
      0.050933768938749444,
      0.2947177267532607,
      0.24130779324215143,
      0.05478613555679546,
      0.05902361797318314,
      0.13493606442235967,
      0.2903300864998086,
      0.2535450453052844,
      0.19372358126898406,
      0.0726157720251643,
      0.08462842693586749,
      0.17023700093337388,
      0.13862560394373072,
      0.13025871889885543,
      0.29023074533791965,
      0.23000529924129137,
      0.21103214113699767,
      0.16004043931363457,
      0.23690903174427477,
      0.03567418349899036,
      0.23691807022658798,
      0.041846983716330756,
      0.19880555386591334,
      0.03319580997391688,
      0.14009756467200993,
      0.2026533637142583,
      0.2504506199476638,
      0.2083515887370265,
      0.25960260796314033,
      0.16797628892788716,
      0.13060760394490853,
      0.038783249841282404,
      0.11106306270729739,
      0.20800699031827044,
      0.2773579179509025,
      0.271017434050168,
      0.0756207461060854,
      0.012440481982332741,
      0.1614212122598089,
      0.007659651234030184,
      0.12124597710599684,
      0.24383576089689812,
      0.12497157386037648,
      0.12612607726814404,
      0.08975503323202161,
      0.13256693461084199,
      0.10886472460730745,
      0.05480051351714323,
      0.08710542117766387,
      0.10428642925544034,
      0.17489610401262376,
      0.2471362663044558,
      0.17844573030177094,
      0.09059662760699312,
      0.1244730160095277,
      0.2728597919154176,
      0.0816413130556632,
      0.07375610437978099,
      0.13670993649006458,
      0.19812325152667634,
      0.2195004088741494,
      0.11851936849484283,
      0.09097567433058142,
      0.07250914920820226,
      0.07248831504664223,
      0.1604010485590529,
      0.2674598451892015,
      0.1236302464909857,
      0.013036986563508657,
      0.03662797877139847,
      0.20683095450261949,
      0.10833966662687032,
      0.2908235174188267,
      0.013960895814476093,
      0.032593872716737866,
      0.06950239292091102,
      0.231052778415637,
      0.08807687797498358,
      0.04946965556044503,
      0.11610172435659011,
      0.06402451298469393,
      0.17535100834208675,
      0.2362830028570289,
      0.08000044146485831,
      0.2869467967022015,
      0.2952441184160192,
      0.14562297643970945,
      0.03673490369457072,
      0.270755684885694,
      0.14477517968841078,
      0.10862230914677991,
      0.05741190074394191,
      0.15477222383706865,
      0.09167665789329198,
      0.2496282308944015,
      0.10816506479601302,
      0.24073147335909728,
      0.21834537384111463,
      0.03493071142051228,
      0.0859634717770941,
      0.09388446772551469,
      0.015262819086584455,
      0.15480872480893962,
      0.11784284027216203,
      0.2519025443483867,
      0.07999561530420614,
      0.10924432164616162,
      0.18995514810706055,
      0.2869804153020914,
      0.25025238633676283,
      0.19970074131008533,
      0.07061547950255194,
      0.1398324683588685,
      0.00838031924441438,
      0.06214802549989213,
      0.07096155282405245,
      0.08345746329489363,
      0.24112592549044126,
      0.2738587878796336,
      0.11424207535718521,
      0.20106315712085415,
      0.02035689000856904,
      0.1967685166321758,
      0.18103075670976315,
      0.07837456061129947,
      0.010977776016716722,
      0.18141782742750043,
      0.1607717856361429,
      0.15235341885091708,
      0.19344050098314175,
      0.06521629765535787,
      0.1292150416045235,
      0.1527969178027138,
      0.2772438595739313,
      0.004955850301538667,
      0.22381839785849392,
      0.03564924397085285,
      0.009263914499480242,
      0.25928334151239313,
      0.22538177298260395,
      0.03505230627927229,
      0.1480890849234238,
      0.01861555136465475,
      0.17938626538890448,
      0.06279213351672942,
      0.1350558818985862,
      0.29316414287545983,
      0.16130379153720775,
      0.2974357882210468,
      0.1666666562438208,
      0.23306214452770266,
      0.2591349095442841,
      0.2730418287675942,
      0.21851353438746168,
      0.02021507398110528,
      0.2394412269659453,
      0.15637959236168933,
      0.162452664592017,
      0.10003443141676498,
      0.2746507265729501,
      0.08668891407244184,
      0.17158063561105705,
      0.03609727069600075,
      0.28528271981167186,
      0.2971734997480327,
      0.2531333971713011,
      0.1332828578746336,
