{
  "horizon": 720,
  "granularity": 1,
  "priceSchema": [
    0.198,
    0.198,
    0.198,
    0.198,
    0.225,
    0.225,
    0.249,
    0.849,
    0.849,
    0.225,
    0.225,
    0.198
  ],
  "agents": {"h1": {
    "neighbors": [],
    "backgroundLoad": [
      0.10570754461642812,
      0.1815013635659156,
      0.16006150025496224,
      0.18671286028021164,
      0.24774265929126466,
      0.12559613914213896,
      6.445314903800959E-4,
      0.018592858608662933,
      0.1453623120368561,
      0.13110274680960857,
      0.08906108494476977,
      0.08264409909761483,
      0.10084334351241675,
      0.2930029238939444,
      0.21045544964332213,
      0.10618482575490341,
      0.2923258182492743,
      0.09964799815610906,
      0.246698077584303,
      0.10721329045175061,
      0.03569424433391386,
      0.25184529535041816,
      0.030304540644310072,
      0.0234302419440641,
      0.17181691090378695,
      0.03616222510428777,
      0.2291682073515534,
      0.07702421981815384,
      0.17763935368574288,
      0.14865499906312163,
      0.2890197873878998,
      0.21742879509496918,
      0.19729175445371522,
      0.030425725649585997,
      0.1429759803229769,
      0.1018103704935558,
      0.18102585816899688,
      0.22569731210621408,
      0.09995885505041448,
      0.09311766537179794,
      0.2240169879629354,
      0.2189528557268897,
      0.2330339927199941,
      0.2248434976671136,
      0.07894417806957231,
      0.25287335276096923,
      0.28358302683553505,
      0.28192030870077045,
      0.15622537360169428,
      0.007025274137215187,
      0.21548739435092173,
      0.18839020279444804,
      0.12271406504319815,
      0.1401241864921827,
      0.07204749971057466,
      0.2628131952044418,
      0.1684678522907956,
      0.10934829453064397,
      0.12949434514696678,
      0.022554650323441536,
      0.0661681564003867,
      0.26567877085055125,
      0.24680532453304072,
      0.2758963738896966,
      0.1705210648603688,
      0.11685162471829852,
      0.19536069537651207,
      0.19768806672424083,
      0.2610258326607525,
      0.0768115277413471,
      0.06452725391414724,
      0.1801236667032959,
      0.1154145058428051,
      0.014236723911573657,
      0.021019213605605814,
      0.08241150114032073,
      0.1735192788149353,
      0.15990920730729172,
      0.2597215023975807,
      0.2784968938837339,
      0.039734847811165284,
      0.0544783730940161,
      0.03979040710352487,
      0.2971144406925126,
      0.0835253269460481,
      0.07814790383920524,
      0.08271379619709299,
      0.17068565915173187,
      0.12091594737277177,
      0.01817509335306734,
      0.053727085474822044,
      0.2705862400347185,
      0.27205097471143724,
      0.0020763970137010587,
      0.20346148687600032,
      0.2316868090955266,
      0.07515547298856086,
      0.23556675840946276,
      0.04236519348159191,
      0.15262665085465066,
      0.22058895067370315,
      0.09798467196478944,
      0.26467725300962075,
      0.11166340760144713,
      0.00432933059393108,
      0.11971685672557396,
      0.11744463012854915,
      0.04429659998660755,
      0.1365459378429658,
      0.08229038634666053,
      0.125524777104661,
      0.11499513758880484,
      0.12815814230141265,
      0.1778065698324182,
      0.04039603037675497,
      0.1714116048889379,
      0.1278221803010729,
      0.08586725649196009,
      0.16373485627187534,
      0.2524728728487583,
      0.2255378562486991,
      0.2003777426537462,
      0.004553093622049698,
      0.17054909001944502,
      0.25503772038033296,
      0.1146641042205556,
      0.07048515132464518,
      0.1318900440085012,
      0.2990511667727832,
      0.25585738081031945,
      0.027979451391872856,
      0.11370050754588924,
      0.0761870860976629,
      0.2610728164590069,
      0.17115331454275248,
      0.14838706110617414,
      0.10654596213719747,
      0.1672699280749306,
      0.1328138620760356,
      0.2293266107516988,
      0.06808402316990161,
      0.21664305871331074,
      0.10817846840293047,
      0.1980030417151858,
      0.08095063364122333,
      0.15918240810887016,
      0.06472445105077658,
      0.1847553103326641,
      0.18981292741584335,
      0.1690723328394227,
      0.09769537421650594,
      0.15081409562264445,
      0.15261225549575377,
      0.20848173052602678,
      0.1787718996738753,
      0.14784079390488916,
      0.20936479852026454,
      0.15400454574544678,
      0.11619750504296815,
      0.18534360566583827,
      0.020695600740382892,
      0.2361064754504052,
      0.15985604620888327,
      0.027398177248741284,
      0.29908473530990176,
      0.22953519841895706,
      0.010433470355539187,
      0.20308230676527203,
      0.14089554339963778,
      0.024420863576728503,
      0.24431365017353213,
      0.0706265369834395,
      0.07129841078868396,
      0.11154740530525238,
      0.17866183605810057,
      0.24178550346801303,
      0.13697545437830363,
      0.07461500096275121,
      0.1398377404064244,
      0.27381329054122694,
      0.13102190023428878,
      0.007757944137250272,
      0.03962189897443493,
      0.18653009302969265,
      0.2382805268361488,
      0.18141340790492402,
      0.1301369268242578,
      0.2888440711234803,
      0.18547848258654326,
      0.20574612974417472,
      0.04019590445542709,
      0.2021304064399033,
      0.09123863273296619,
      0.172387465751975,
      0.25223752071842637,
      0.2850161903818908,
      0.08919979967075774,
      0.1089823311080181,
      0.19027635088614173,
      0.09983768851267479,
      0.27262570735706204,
      0.08948352328159191,
      0.09086795714767615,
      0.2638220765494369,
      0.022880463623660474,
      0.10336374748071078,
      0.28753122588094077,
      0.1671354858265637,
      0.12429270298303413,
      0.18236926404893783,
      0.2961099989001119,
      0.09015584256175908,
      0.0022122848394601213,
      0.2867227705871086,
      0.27154286458155075,
      0.2709617255565753,
      0.120634636495449,
      0.08097616030121954,
      0.17488155602499197,
      0.02501904324809181,
      0.15276636012401326,
      0.05494235752660674,
      0.16292669076910962,
      0.24797658708223358,
      0.07422808883770093,
      0.13076946543392545,
      0.1113671325992602,
      0.19261466763252674,
      0.13810596508444037,
      0.12724023170546603,
      0.2563721734154058,
      0.18829861194436698,
      5.446074627594944E-4,
      0.2028638301226979,
      0.22503180072895987,
      0.08355052430307354,
      0.085923127810203,
      0.0693126026074699,
      0.04663740783621034,
      0.05155324402149195,
      0.09242351372002384,
      0.258947016634837,
      0.25834928032190746,
      0.21793152275441494,
      0.12869871716378212,
      0.030000002762445133,
      0.15925305991308836,
      0.004397311154854411,
      0.01078611930529183,
      0.09181570510654623,
      0.13793751950796934,
      0.1551877433435345,
      0.22568117784050132,
      0.15146351734743974,
      0.038452586919850464,
      0.19663914133724236,
      0.0999056651455007,
      0.11581662815054089,
      0.22310127586864106,
      0.2556242804663199,
      0.010927336314237568,
      0.08087344210201221,
      0.17904191782789736,
      0.062023422889915365,
      0.2541167455426567,
      0.15388960788880768,
      0.20350921886209697,
      0.22569624355112985,
      0.22056246896560458,
      0.26859239686430897,
      0.09900171949797426,
      0.03558323747306118,
      0.06522725966984448,
      0.18724536529223137,
      0.22833931398119833,
      0.21936954970134664,
      0.049816979178549624,
      0.11390784588440088,
      0.05308874698185954,
      0.03749854312409901,
      0.24356591558742438,
      0.06069492639332932,
      0.2241690269211779,
      0.17467240047826343,
      0.018563601123672047,
      0.02152571981023724,
      0.2818107883776228,
      0.2490245985969625,
