{
  "horizon": 720,
  "granularity": 1,
  "priceSchema": [
    0.198,
    0.198,
    0.198,
    0.198,
    0.225,
    0.225,
    0.249,
    0.849,
    0.849,
    0.225,
    0.225,
    0.198
  ],
  "agents": {"h1": {
    "neighbors": [],
    "backgroundLoad": [
      0.06006994253035247,
      0.19482946301318002,
      0.17022135649299283,
      0.18696422481414113,
      0.05679777181975099,
      0.09826796843649345,
      0.017258943620809375,
      0.27529294015937034,
      0.014589730187879645,
      0.28830020870755807,
      0.16107250754075897,
      0.1821311273099285,
      0.10393995711154332,
      0.19884949123787546,
      0.007519492612266143,
      0.030665174822687945,
      0.05928558867179224,
      0.10780178322257458,
      0.07061177688053502,
      0.24299690637501556,
      0.12970117083132526,
      0.22623657072821698,
      0.27856842268346854,
      0.28284781358182615,
      0.2410135377103735,
      0.01722818394130634,
      0.20804623327902835,
      0.030472815087157323,
      0.0902504490936774,
      0.14610807776906096,
      0.2634412120701544,
      0.19748069007311755,
      0.07856138159439449,
      0.007023889243958348,
      0.14829438714072687,
      0.26473601847996103,
      0.2375582897777389,
      0.10555838052127008,
      0.29958344185908076,
      0.192813728665665,
      0.18991439583773914,
      0.23086807875610962,
      0.018717913631544902,
      0.2790117728421943,
      0.19528906239127442,
      0.19913662875242077,
      0.289140028243257,
      0.23672611808179306,
      0.02095472023969197,
      0.015427961752107932,
      0.2961930070609829,
      0.23753536636233946,
      0.05912523288988349,
      0.164778111758574,
      0.1504306272267145,
      0.2391532945682995,
      0.02197180397155185,
      0.06151905094422285,
      0.23048358423370274,
      0.03857341794322137,
      0.11064085325217278,
      0.04811273393298939,
      0.07178103797714862,
      0.15589760723923884,
      0.15838119456785835,
      0.21522922386997162,
      0.2617091721945764,
      0.04482527299892962,
      0.27347266406142756,
      0.1606245366747785,
      0.013897830033219137,
      0.07502435932263816,
      0.1422246271926219,
      0.04599214362340701,
      0.1666799790423979,
      0.11985774132707366,
      0.03501462919939212,
      0.26705358250571964,
      0.287752065237193,
      0.10064879190981388,
      0.25086248936839295,
      0.05222772213945302,
      0.23422938915300395,
      0.2199660839884575,
      0.05957325500076009,
      0.034247583726282047,
      0.2177753999171497,
      0.21316936308722584,
      0.22829463825858617,
      0.28240295858558384,
      0.174431113530029,
      0.16166293278965424,
      0.16458955124084385,
      0.18264236263170291,
      0.1361561557496166,
      0.2447690581819396,
      0.04730784890428097,
      0.009704446800686505,
      0.09487838028467664,
      0.11340461929642776,
      0.10879130308095551,
      0.12447144316649089,
      0.27061656672013285,
      0.24438748623676265,
      0.19510618559748388,
      0.16828850452971086,
      0.0952367495523468,
      0.07939369401922253,
      0.06144869769805467,
      0.015374854406999549,
      0.11326360535095033,
      0.02327903999652725,
      0.1431817499277923,
      0.1968029619122745,
      0.043976402584032105,
      0.05868227473354136,
      0.20681942712758083,
      0.015449055411294942,
      2.2385059561114138E-5,
      0.1508337845179802,
      0.2153632209107401,
      0.20212245148028676,
      0.0308562490173643,
      0.28103541426244777,
      0.044172415399728326,
      0.2506877232879301,
      0.027798844492829853,
      0.2086717068448415,
      0.21744441196293765,
      0.18107788449328865,
      0.05109252922351739,
      0.09180063123506087,
      0.07013314456705758,
      0.14327960912449483,
      0.011118393643234836,
      0.24381033275034597,
      0.18557268356772838,
      0.0036034752826790027,
      0.25935621028196953,
      0.111456210485284,
      0.2375301401457547,
      0.2886520207904772,
      0.21317255015202116,
      0.06452808896430916,
      0.07096650715307681,
      0.03327781831508351,
      0.2147560865611692,
      0.14158645552010846,
      0.00867684322715182,
      0.22412903802941864,
      0.2786679363571658,
      0.030237269121248033,
      0.0717008510819926,
      0.12616144558420497,
      0.26380522967642284,
      0.055161430892411774,
      0.06046342830105967,
      0.27544911009148043,
      0.21663897176680547,
      0.10598420701561002,
      0.28814512114108276,
      0.062171810270212444,
      0.25616098446173197,
      0.02554397719784438,
      0.18737549066032308,
      0.19801331506763148,
      0.07193396661392888,
      0.07269509552209542,
      0.2411547363379207,
      0.24673636594393636,
      0.12458347542767029,
      0.2783103426083008,
      0.13361885272498158,
      0.0880654326824309,
      0.0481857077281169,
      0.04519420003603205,
      0.14613953262352822,
      0.2938919137247925,
      0.06480177711746447,
      0.10189291995243571,
      0.23861601290097345,
      0.0472986142808355,
      0.21663435228241112,
      0.17821226323269723,
      0.27919752478116994,
      0.27174901329242573,
      0.08101365687174089,
      0.04018790604777602,
      0.03731918530677347,
      0.2712769373484045,
      0.1506496497588631,
      0.2526906469401533,
      0.2559160221205327,
      0.16600598761889876,
      0.1512393859255596,
      0.24185978465316613,
      0.20973307561794655,
      0.27254459089649036,
      0.17226471667117552,
      0.15144735002769988,
      0.10713130502872907,
      0.013809462427084196,
      0.21640671472281514,
      0.26151989649906815,
      0.24659874799816262,
      0.190904585320667,
      0.07241312880995164,
      0.1987220875073321,
      0.2808032093489782,
      0.06247843139208818,
      0.14957692050665103,
      0.05586869685624104,
      0.0037300253511163947,
      0.10597203683202862,
      0.2564854509727984,
      0.22420193279627032,
      0.10160024943412109,
      0.07652520392489903,
      0.2372922449084443,
      0.2031935160697956,
      0.11233632274189444,
      0.22446692866223733,
      0.04918569162233698,
      0.286642457354995,
      0.0014170115634285052,
      0.007301930018899194,
      0.1641981110051376,
      0.12193292993279514,
      0.14062338939943061,
      0.1251033645579693,
      0.2949619916243085,
      0.06614871057379876,
      0.20465803912643007,
      0.03595782440287012,
      0.13106002888595608,
      0.25614693745312567,
      0.2338152047680574,
      0.20519553611975067,
      0.22012298148342418,
      0.14175250464621314,
      0.03873973296597344,
      0.05434437893037571,
      0.2650397089062013,
      0.28375478146095173,
      0.25625145593538023,
      0.2663491884947226,
      0.2510999521510208,
      0.05445373337466298,
      0.2493629407563596,
      0.08388002182711993,
      0.08099064362232021,
      0.034653830529019325,
      0.242167642897285,
      0.05998440718561577,
      0.2706752684480961,
      0.2513653456323085,
      0.17851182929085585,
      0.04529063666642456,
      0.11991355557967216,
      0.2302881969769021,
      0.12997087012570072,
      0.1615100088802581,
      0.03149005467654612,
      0.2077172198382614,
      0.17793029947901073,
      0.18929076912520565,
      0.1544376472075721,
      0.1895415906197518,
      0.22942429481464904,
      0.196545938952877,
      0.055934662156389946,
      0.08945182433756901,
      0.13473737909765596,
      0.1312298765347536,
      0.06913192776053595,
      0.19218486562203865,
      0.22766853618964072,
      0.11690370839651844,
      0.29614384013740475,
      0.22382515223563335,
      0.08233364065574866,
      0.01030684812569178,
      0.0022505248278820054,
      0.1482462865411922,
      0.11006056348762,
      0.2544974007800996,
      0.0866818574317216,
      0.14881256292886244,
