{
  "horizon": 720,
  "granularity": 1,
  "priceSchema": [
    0.198,
    0.198,
    0.198,
    0.198,
    0.225,
    0.225,
    0.249,
    0.849,
    0.849,
    0.225,
    0.225,
    0.198
  ],
  "agents": {"h1": {
    "neighbors": [],
    "backgroundLoad": [
      0.09271660826750679,
      0.03985737581137444,
      0.22497357887522992,
      0.2994572552571092,
      0.25158342082474594,
      0.1886804008456722,
      0.13603974796729282,
      0.05290707237721041,
      0.05892290278523638,
      0.02888538571149909,
      0.06621002484125911,
      0.06517610165545468,
      0.2564893935080132,
      0.03473147411164785,
      0.22009140447855682,
      0.10511364779929937,
      0.15269304496628636,
      0.08232292334622984,
      0.17696360520483173,
      0.2241476452127862,
      0.2000942286243251,
      0.16719508059152569,
      0.15361461067894816,
      0.16463408649899655,
      0.2636033265399619,
      0.14537074201837344,
      0.08409083773374747,
      0.18376165534846053,
      0.024941664576827827,
      0.27101518932410407,
      0.15423363898223008,
      0.15131920889322503,
      0.11542973432238933,
      0.15006484160055036,
      0.2391747612039889,
      0.15025956130919763,
      0.24945542642244498,
      0.1563596839975778,
      0.29807287177418895,
      0.2539577792449377,
      0.2981716837484228,
      0.05725221135989822,
      0.27019796693370857,
      0.18596293228181177,
      0.0818651595383129,
      0.27144597611422117,
      0.2823771201750496,
      0.11976342246729962,
      0.24686929957075135,
      0.14892533353075177,
      0.18712438623378805,
      0.15005014037047412,
      0.09750400511439129,
      0.1490296259103309,
      0.23614869237493727,
      0.2668748345450271,
      0.29525739310443905,
      0.060867013436758106,
      0.09506967189401407,
      0.08936448300200157,
      0.05110234298994619,
      0.2637974702728641,
      0.29648173530845306,
      0.20285247058467706,
      0.1430064899893202,
      0.12152749002284102,
      0.0707077380990515,
      0.015776857757160832,
      0.05407991136134386,
      0.08527640977810565,
      0.29891015889588607,
      0.19751351819430044,
      0.2606792853034604,
      0.09316598971049463,
      0.28541356144288527,
      0.1311511392992171,
      0.015899222952130997,
      0.013899792509067931,
      0.07818076562077382,
      0.008259303123810968,
      0.2575484339367424,
      0.25398261968896063,
      0.08490989211187254,
      0.10754865863477192,
      0.19814536208096434,
      0.20136360840131354,
      0.2082370688082132,
      0.10667906625024146,
      0.28925469575969104,
      0.11982632319608189,
      0.21648074459839617,
      0.07348910634019974,
      0.03564157544745476,
      0.16011701384311613,
      0.19008441556826974,
      0.061384171205398186,
      0.09758051111166587,
      0.21998808151344448,
      0.057498981805285516,
      0.22569304570892545,
      0.04533763084621978,
      0.2935660914767712,
      0.2833969603386545,
      0.14421393047705297,
      0.23707840103376793,
      0.2006064045713776,
      0.20165559113410095,
      0.23972952738564315,
      0.25118712305072355,
      0.07677100691804269,
      0.18897491818273393,
      0.2532532484441328,
      0.26682924358884125,
      0.017354252666983115,
      0.130861436370125,
      0.14714901420443818,
      0.2772877920896968,
      0.2333518110665237,
      0.23609345266573845,
      0.03982564208638787,
      0.026500729580869697,
      0.08225712184668033,
      0.21405678773423242,
      0.02402403634684561,
      0.1995405792786372,
      0.1552403582547327,
      0.012802739524935857,
      0.004651322795482004,
      0.20703248380641567,
      0.135068846494364,
      0.0037138443126229935,
      0.017450685663472975,
      0.12892461324460866,
      0.2097027660141999,
      0.003995209115549269,
      0.014000105316010735,
      0.15980942986778815,
      0.14591086805845546,
      0.011575862618836452,
      0.025066552061558642,
      0.2699790140865145,
      0.1904369223226268,
      0.14631400538167152,
      0.05362444657183659,
      0.2972469796155579,
      0.09766256229350946,
      0.09572910063707164,
      0.11878864190386162,
      0.29009034944262807,
      0.2691298770315657,
      0.12560697990519723,
      0.2262958242538581,
      0.2496364237329864,
      0.2449993731685323,
      0.035710597751220714,
      0.25883420651821265,
      0.02127157444388552,
      0.26809144330949586,
      0.19472874802945123,
      0.1680240831806068,
      0.07758945078337916,
      0.17737144985180045,
      0.2647360427285077,
      0.11917715793968797,
      0.29543115048163243,
      0.04327690316229995,
      0.1490990460984932,
      0.034395255878613105,
      0.2420162176132558,
      0.17908858561401783,
      0.07921180742400559,
      0.156000373628241,
      0.2955012179798372,
      0.217601472719445,
      0.25950846126489774,
      0.03424265298058341,
      0.052225196844236786,
      0.1480851640123353,
      0.08591044727237586,
      0.2737655453734244,
      0.08890612191033556,
      0.1410816510244612,
      0.09779376125148655,
      0.04484684667795747,
      0.018057581246286956,
      0.23458241232537314,
      0.2948845750133355,
      0.2771983289184754,
      0.17379766621351997,
      0.016474254980452897,
      0.1487756115160703,
      0.0457838623797721,
      0.169470578536148,
      0.1399822079344584,
      0.06977554756975088,
      0.2576416338023985,
      0.1110731864151684,
      0.13584066942683815,
      0.15270807213095136,
      0.00702626724319364,
      0.17551408357475323,
      0.2005429576627824,
      0.29594238826919317,
      0.08539934009451679,
      0.29799291577416215,
      0.01951318307684562,
      0.1205097658116014,
      0.22524185369079297,
      0.26403066900624844,
      0.22295560451802252,
      0.05519903838567005,
      0.18901341962077195,
      0.10432797270942998,
      0.1845594129023051,
      0.08305953698310568,
      0.06022215726980635,
      0.22064505508909946,
      0.20122438411174973,
      0.034966047734806924,
      0.2818169515819934,
      0.2011024362533286,
      0.06500626167322829,
      0.0898498753469535,
      0.10940638426482777,
      0.03204055444932585,
      0.2740612332568328,
      0.06487127528122477,
      0.20770261940967708,
      0.053811557238954685,
      0.21969959277512102,
      0.13041726784197866,
      0.17668475263226455,
      0.17660495438391952,
      0.1895712395500936,
      0.29584365750666314,
      0.1957596285464697,
      0.28317103249261694,
      0.20482596401606623,
      0.15372678712552576,
      0.15219501973047603,
      0.10848386139347534,
      0.1027649865594134,
      0.1077890837452969,
      0.0501015481872616,
      0.2973073398559407,
      0.10347499972664509,
      0.2980328109259086,
      0.28406109710063615,
      0.07966409694500477,
      0.2912848985150072,
      0.07486525983871525,
      0.06225856334990634,
      0.04936459359825707,
      0.11938416873307207,
      0.13030255808608301,
      0.25430802501112787,
      0.16408847724280587,
      0.1936819407752924,
      0.14793357698557738,
      0.0756002764731524,
      0.2510966136941038,
      0.03125881033833507,
      0.15928981996863828,
      0.2095707812012448,
      0.16702995170477086,
      0.2009216933828819,
      0.0862057907555095,
      0.10350666788868325,
      0.11568139648822051,
      0.21467564052007984,
      0.008474725612819521,
      0.26660988346865416,
      0.15124552253242782,
      0.20451377335112567,
      0.20691947978424824,
      0.19152337336504513,
      0.029525536963389696,
      0.1430260542100252,
      0.2486561932536595,
      0.10100092622742003,
      0.2621365802800315,
      0.06756420932705144,
      0.2420752611475825,
      0.28990719955391964,
      0.06306838421511955,
      0.2726061685407678,
      0.2355557038424085,
      0.21466695879648143,
