{
  "horizon": 720,
  "granularity": 1,
  "priceSchema": [
    0.198,
    0.198,
    0.198,
    0.198,
    0.225,
    0.225,
    0.249,
    0.849,
    0.849,
    0.225,
    0.225,
    0.198
  ],
  "agents": {"h1": {
    "neighbors": [],
    "backgroundLoad": [
      0.14034271693544578,
      0.028545744473876797,
      0.04423227748810536,
      0.0036426782763429697,
      0.1677612824282871,
      0.22206770615888294,
      0.09044491930440736,
      0.16765436520997085,
      0.05157988322724078,
      0.24012911219978328,
      0.14754672714900244,
      0.19317831559624368,
      0.017168941379796077,
      0.2424770040478531,
      0.0895654734145861,
      0.25331406351146907,
      0.009565386596745029,
      0.15653161795438297,
      0.07841543612343865,
      0.08363182703026202,
      0.023629350654074066,
      0.10542970887190402,
      0.1325313110847321,
      0.14177425515497355,
      0.09534841253317773,
      0.2571830949731993,
      0.048844338884153515,
      0.0953802354599241,
      0.10698358030487139,
      0.11210464435929945,
      0.17869416270510585,
      0.2776605483354685,
      0.027921633627083664,
      0.07712230784060022,
      0.08192653043597625,
      0.027689522197152292,
      0.15461830310592853,
      0.07966345928607654,
      0.014923509403159662,
      0.15924265307861102,
      0.2701035627788194,
      0.1151584342616825,
      0.22215101587649103,
      0.1488789794945984,
      0.20139093861636473,
      0.27299414477988043,
      0.23030767942724065,
      0.011593442595998526,
      0.15684981537218287,
      0.29625638179710645,
      0.1679229829003522,
      0.040518505310844055,
      0.2926284227647357,
      0.1394259066052004,
      0.12640752626121946,
      0.10254633267426023,
      0.17127301492125743,
      0.2663237998382053,
      0.24360860588890068,
      0.05441163233269348,
      0.2023002778678395,
      0.23105558428691186,
      0.20761904238723913,
      0.27926539925590527,
      0.03485059546384859,
      0.11348545531592702,
      0.1331623907661232,
      0.03097768992472628,
      0.12825728178610232,
      0.1913613514364552,
      0.1291081181629337,
      0.2729574809160888,
      0.08319961958100182,
      0.20235970307188322,
      0.2564229188442851,
      0.23118249339435532,
      0.10695780958759019,
      0.27192306860440185,
      0.03074336027733846,
      0.26351781648134687,
      0.18700506561322316,
      0.10257514206503986,
      0.1785739702966446,
      0.18757307690359537,
      0.07387248014353927,
      0.22901702391585765,
      0.2269199519424481,
      0.19047205993547392,
      0.10417927988122463,
      0.13192308780777556,
      0.021902797432976216,
      0.0747072148692411,
      0.11136975232682805,
      0.03830130206985825,
      0.0045744538221907495,
      0.08339136169132563,
      0.008114412278122273,
      0.0810668368214601,
      0.25346143933760806,
      0.23285491067142644,
      0.1388017626909353,
      0.08915233691954474,
      0.20659971617122044,
      0.13571938007060305,
      7.480740017741461E-4,
      0.03445992798357881,
      0.10493333349300056,
      0.033357329291530013,
      0.18259802883241222,
      0.16021779065413855,
      0.17231250783333482,
      0.19222359623737434,
      0.06995319013975834,
      0.27504316240521764,
      0.02439704217170958,
      0.2535263206069222,
      0.05797577744489024,
      0.0957452407747739,
      0.1916674990433093,
      0.01360547004004542,
      0.03793692206943703,
      0.008511791398192548,
      0.2707048447206127,
      0.015874170749439098,
      0.12388846545285881,
      0.15604630871869643,
      0.003572206277073775,
      0.23704268564677905,
      0.025444221993122372,
      0.12010571680116734,
      0.278786597711653,
      0.05510195404674394,
      0.12342997861024332,
      0.08693866554711585,
      0.05343396160656054,
      0.05815841097174158,
      0.2434828835991422,
      0.29725039463608416,
      0.11035822763533404,
      0.25374335721094926,
      0.10175134415329981,
      0.20896765044292073,
      0.1507103385001263,
      0.25181334891238066,
      0.21826168821668948,
      0.20036354060299896,
      0.2777987092830559,
      0.20211203535316555,
      0.025791247947914764,
      0.2370497138238714,
      0.22306842323921416,
      0.08244131314382422,
      0.05344213373380372,
      0.28772808280237183,
      0.26969549553575983,
      0.26614198971506803,
      0.23135019798076115,
      0.23467052032682084,
      0.2620052376798939,
      0.08768351107907169,
      0.23097751863629357,
      0.2922731826470473,
      0.19966325870880072,
      0.1576812246054787,
      0.2961622072521829,
      0.15475778979748966,
      0.05122289156468411,
      0.1631706462313426,
      0.13168366931200978,
      0.13418341493624455,
      0.20429396125515048,
      0.038812152433231405,
      0.22273985675036923,
      0.09535210879778089,
      0.21954112004739715,
      0.11427265440521403,
      0.06541344029236294,
      0.22829443106923686,
      0.07821835881518706,
      0.10665971975098275,
      0.2840241781863341,
      0.2771512763978301,
      0.11200582753052815,
      0.19758655976357684,
      0.09327512936818441,
      0.10469902742838988,
      0.187397402620094,
      0.22281808782502177,
      0.15319932019559288,
      0.19215116005769609,
      0.27032617364143674,
      0.07988293555619448,
      0.22939917541425345,
      0.25500465742993766,
      0.23257252613709206,
      0.2384067130109907,
      0.20222034848400836,
      0.23340165800045262,
      0.292947097428502,
      0.08130580077698482,
      0.2466069919709893,
      0.26852752421644493,
      0.06395477179944443,
      0.046288346001801324,
      0.02482933785989102,
      0.15921535954030308,
      0.0517593122586408,
      0.010864640092597355,
      0.16780389702487383,
      0.18184806825825311,
      0.29933138728109837,
      0.19477266180498246,
      0.022443959210895426,
      0.10644880158735451,
      0.24108035750246018,
      0.169877522096283,
      0.24380749225509252,
      0.2382636096598224,
      0.13490954814522374,
      0.14743426716361038,
      0.10637327692654876,
      0.07026681162811034,
      0.002980773270614012,
      0.2086179718864904,
      0.10078249456369932,
      0.11978429747171815,
      0.010996624366422191,
      0.12370015682283837,
      0.02503376995241442,
      0.0783211906960057,
      0.12375173191718186,
      0.1707275555302042,
      0.18409265631739571,
      0.29347960493942526,
      0.03785045036263055,
      0.26213109381976785,
      0.2871270342682749,
      0.08247490009675883,
      0.2576616925178906,
      0.23479876837234734,
      0.13303358689705105,
      0.23148367748358017,
      0.18035600207991534,
      0.03842401011521036,
      0.2421954076572834,
      0.07650609314693177,
      0.0036375551988987007,
      0.04349957090053095,
      0.08550181589369278,
      0.21245772562814497,
      0.09449841911573849,
      0.28748590591004597,
      0.05027989330729349,
      0.21753723194895366,
      0.19698988794266006,
      0.17106612212264388,
      0.2324691730742314,
      0.1922851395981366,
      0.21510533973930707,
      0.1957103431355501,
      0.10943751705453617,
      0.050478939542430275,
      0.03453804766105578,
      0.09350319723659907,
      0.21939765626909166,
      0.07921519457627242,
      0.07240750802575566,
      0.0457709051077155,
      0.040693741100868305,
      0.21955394597124192,
      0.22054187175658738,
      0.11820625025156362,
      0.08824249664100421,
      0.24254960807379597,
      0.10254590241223906,
      0.24301003537935498,
      0.13455455244605347,
      0.14805484844507708,
      0.26254496602709365,
      0.27046568131384474,
      0.018592475418502095,
      0.016587817439694317,
      0.004732105043022538,
      0.024085577405280733,
      0.25028583310174846,
      0.1146118542467664,
      0.29699140535497376,
