{
  "horizon": 720,
  "granularity": 1,
  "priceSchema": [
    0.198,
    0.198,
    0.198,
    0.198,
    0.225,
    0.225,
    0.249,
    0.849,
    0.849,
    0.225,
    0.225,
    0.198
  ],
  "agents": {"h1": {
    "neighbors": [],
    "backgroundLoad": [
      0.1327255429753248,
      0.2805673641060175,
      0.06325758952017026,
      0.14256993431850126,
      0.2603085066040851,
      0.10052218454743224,
      0.15104491719956517,
      0.24143155453042958,
      0.15796590135038768,
      0.014819752442930356,
      0.012347947791451874,
      0.23073361805676337,
      0.03522305446123186,
      0.1386357886412783,
      0.19871466237291946,
      0.2888948000258781,
      0.2687417544670316,
      0.23367777002542464,
      0.1767571467522069,
      0.23880348149692765,
      0.14238436285550327,
      0.01728183303923403,
      0.29155177055756404,
      0.06677385857464391,
      0.19029735228884911,
      0.060489276850764835,
      0.17951871088207752,
      0.2846006789905773,
      0.03473505588413036,
      0.2978817616998692,
      0.2493719294447312,
      0.16120144303246006,
      0.062200840688557676,
      0.17352963169769783,
      0.10520158329260255,
      0.23950194130636396,
      0.08128349916414991,
      0.2451400243026221,
      0.021601098510860728,
      0.1559266774022862,
      0.11402262418413482,
      0.177283907278805,
      0.03943107759455944,
      0.018926153235037844,
      0.18399791838700755,
      0.011902232500503917,
      0.09966956544721832,
      0.13126296923943048,
      0.10388246513909107,
      0.17624540951939816,
      0.11100957458263393,
      0.05831764070819688,
      0.07272753755553392,
      0.02255915466119832,
      0.19294902332715083,
      0.1338143507988152,
      0.1708521910868178,
      0.15660094206937325,
      0.24895252161840153,
      0.09361084158960421,
      0.020230475355433285,
      0.07429602457761696,
      0.2174852435064045,
      0.06663118066010237,
      0.15518400347662523,
      0.08654525231212555,
      0.09938622972017823,
      0.11858658837675448,
      0.08468102380240775,
      0.17633484234338945,
      0.01952490324866397,
      0.018827742210459096,
      0.07686539105712115,
      0.03551247090930502,
      0.07927605020223777,
      0.2063617763025358,
      0.014504903698714721,
      0.2732543562875662,
      0.23651988140763405,
      0.13316247744683227,
      0.27736686682425266,
      0.18948660582755283,
      0.12351035366822188,
      0.28060997160801937,
      0.26908357427052443,
      0.127435044570548,
      0.13428466268483555,
      0.0059385493949746454,
      0.17887704560498527,
      0.11873902232660233,
      0.10315528578997359,
      0.027671032825956444,
      0.028441010561213106,
      0.15980953269555195,
      0.15325087736043025,
      0.2889376238710338,
      0.06334173788105212,
      0.17857982701593542,
      0.14471810914441746,
      0.0714201646714902,
      0.17571221691519937,
      0.29925003433387853,
      0.0709642340390695,
      0.17812711561084463,
      0.17337765136494315,
      0.09573353819589682,
      0.12163031470395039,
      0.19693188514454762,
      0.2052970588515793,
      0.2610537264448911,
      0.2720093706022363,
      0.036471400475304235,
      0.2882749357938426,
      0.13796900394050168,
      0.2882951329220231,
      0.23236686754921876,
      0.19760060554333472,
      0.0023500207212775346,
      0.06746691469514943,
      0.2697810706392027,
      0.1310450197085203,
      0.2704339503559303,
      0.20315919914001532,
      0.14906521521146696,
      0.12376131570845067,
      0.22065084857917727,
      0.2598262007186449,
      0.09013505610671257,
      0.07661848967529052,
      0.2504299957264049,
      0.11012856760033009,
      0.23771646701933613,
      0.10861301875469648,
      0.2719166383639194,
      0.149070067099688,
      0.28434204423367393,
      0.17490514909335722,
      0.24220308136329458,
      0.22560395535356276,
      0.03388225119247213,
      0.20274330481634115,
      0.25617058286122574,
      0.22098613660661284,
      0.06644019548779985,
      0.28868661133646983,
      0.12137710099141749,
      0.18561553086781934,
      0.20238094408450694,
      0.13883966124395097,
      0.2753879998888557,
      0.10671020221916698,
      0.2095470905523291,
      0.06269046001876401,
      0.15309146850204866,
      0.081635385071764,
      0.12841564305567904,
      0.15580684890168653,
      0.12524000695429793,
      0.2030764409887676,
      0.0177573422054485,
      0.2411467711121782,
      0.11789025886274218,
      0.08409919130323501,
      0.15663726133059608,
      0.16760669764864664,
      0.27534569342244325,
      0.01593077835771889,
      0.15473160444406706,
      0.10867868734947181,
      0.2203061129749004,
      0.04280016965345457,
      0.26429777460824083,
      0.05978287544483398,
      0.08159090680646396,
      0.09390521480223145,
      0.27783746087158795,
      0.04416690700756952,
      0.030809319741087002,
      0.04609516252039043,
      0.16792424727789768,
      0.10395392353991853,
      0.28801588429296515,
      0.20015858484475801,
      0.29656715588756316,
      0.12589951085332365,
      0.2888917347629848,
      0.1861229965993163,
      0.12836790422005126,
      0.15646313137003665,
      0.22668021999258392,
      0.06309192454477759,
      0.19500459875066126,
      0.13171106621267842,
      0.2799029777222561,
      0.22392899317044315,
      0.07500360362286254,
      0.1653395375172584,
      0.02328942237677668,
      0.22153228058520177,
      0.022464080300643917,
      0.2076330150717095,
      0.15118660470206396,
      0.1916051378565005,
      0.27068793061584356,
      0.09874684667657187,
      0.09907917400626061,
      0.15467987766527302,
      0.19100119035397373,
      0.11405810321764553,
      0.1019298427144983,
      0.17983521221788087,
      0.02889989374022217,
      0.09814157339401969,
      0.2288911612722741,
      0.21517311227870325,
      0.07711893781046164,
      0.26167370611804835,
      0.1699020953465023,
      0.08877627245448252,
      0.2860334501916517,
      0.1789696954848374,
      0.13645367443848314,
      0.21456714651661787,
      0.18255159531181622,
      0.23127979641283053,
      0.1866924198890809,
      0.2650769609111428,
      0.03865464890756711,
      0.20950332986019932,
      0.22557292277468147,
      0.18111271465541498,
      0.26781559182434145,
      0.15874435941599033,
      0.28959991746378233,
      0.1285872628972738,
      0.15588111010040148,
      0.16504843898061713,
      0.032898743916153106,
      0.046640987412366795,
      0.2708147835246012,
      0.24722911305253467,
      0.04095863045453348,
      0.06605899720683055,
      0.2766032486148497,
      0.1753709196888501,
      0.15066478141105802,
      0.19882044482802527,
      0.0798909336340815,
      0.28837592685956825,
      0.21265345695852497,
      0.20526711576205,
      0.2406633628524719,
      0.18584800369967822,
      0.01086326204079212,
      0.16104858197255442,
      0.1489743075959826,
      0.07268935835426191,
      0.20918503747805972,
      0.14801482886183898,
      0.23964665864979748,
      0.06257167678549429,
      0.28094610861216807,
      0.27944310910246306,
      0.19954828921231718,
      0.05376244809078979,
      0.21195037330513997,
      0.19404356419089744,
      0.02934971342882714,
      0.0030606411741379122,
      0.04821037250681152,
      0.08635672563672189,
      0.17368062208311563,
      0.11700390132638058,
      0.11474621469822152,
      0.05212231313232557,
      0.14718817753597693,
      0.03969534745440327,
      0.1606470456048518,
      0.18647549656018744,
      0.045786700005719716,
      0.2639989423177762,
      0.18721549496370715,
      0.19182087441537762,
      0.09378933370536936,
      0.189546903159376,
      0.29296572974916385,
      0.14921264678117935,
      0.13141748936382205,
