{
  "horizon": 720,
  "granularity": 1,
  "priceSchema": [
    0.198,
    0.198,
    0.198,
    0.198,
    0.225,
    0.225,
    0.249,
    0.849,
    0.849,
    0.225,
    0.225,
    0.198
  ],
  "agents": {"h1": {
    "neighbors": [],
    "backgroundLoad": [
      0.2745669897692004,
      0.04498352534230852,
      0.2694370908684745,
      2.2115191086297115E-4,
      0.21744883083727604,
      0.145505567211363,
      0.24967892695925795,
      0.1628562010594323,
      0.02162013332127973,
      0.046480814920433544,
      0.2214201678751948,
      0.08605762728724631,
      0.04175600878749353,
      0.23962823875978498,
      0.023912890064446655,
      0.015563059225093833,
      0.09618154944235069,
      0.0692107930542916,
      0.2028903218696644,
      0.012786726615522548,
      0.042970592135255156,
      0.25685998262671605,
      0.10767494954086626,
      0.23654437805969203,
      0.17808646311320506,
      0.09169807636674297,
      0.1702762645884425,
      0.14035990599556855,
      0.056877495442412204,
      0.26837925528354206,
      0.055186313155485396,
      0.26785394235249343,
      0.007634410961891002,
      0.2678489760326112,
      0.053107767419316186,
      0.19115102634038028,
      0.2146814858463271,
      0.03569876604654668,
      0.19160696977713437,
      0.14369340034603725,
      0.2708535431284935,
      0.024002668137755454,
      0.22922437443885005,
      0.20484338166533683,
      0.18319464534292512,
      0.2426466047880242,
      0.09417057951912411,
      0.11545547062758217,
      0.17993612580295562,
      0.029582550890307688,
      0.28203011462794186,
      0.23291645006088385,
      0.183682979546674,
      0.280398395432628,
      0.11633462234731601,
      0.08601546374965932,
      0.07521265308693185,
      0.2493158808514026,
      0.04353168862421972,
      0.1456709021095258,
      0.06874762354544028,
      0.20962361687256847,
      0.09309006429934345,
      0.007927534967824579,
      0.21110889863198487,
      0.23336299076385583,
      0.15498282018852114,
      0.12583349317720796,
      0.20163174811599757,
      0.2719840939331736,
      0.1933730579522969,
      0.2803982548537469,
      0.22924801502713707,
      0.08720922024171858,
      0.1925069228635222,
      0.10115407475096536,
      0.23348211498907856,
      0.06857863731046462,
      0.19262120622464576,
      0.26252621389382275,
      0.06413996783492353,
      0.2007877166581649,
      0.286144514218486,
      0.1377224513100827,
      0.15862541604480482,
      0.17661713277748584,
      0.1938104631514234,
      0.2778247350846785,
      0.2032820496252574,
      0.11074544493694184,
      0.1466703237102981,
      0.2385755238756829,
      0.11194704727257039,
      0.07539940115011703,
      0.23542387126542846,
      0.008726036010296156,
      0.20312572290811629,
      0.29038950127785185,
      0.0230200028971268,
      0.12725242839266568,
      0.1295603657883902,
      0.25130256977577003,
      0.2765305690344278,
      0.03209848215582451,
      0.19768234658522577,
      0.018302377511278268,
      0.2755417544874251,
      0.05229414428451773,
      0.04457000168648954,
      0.20316627779992583,
      0.2712423861596512,
      0.14220983027415765,
      0.266963110059584,
      0.14987602707707717,
      0.14783497525746056,
      0.09331836433342212,
      0.17455259897761974,
      0.21078845331497453,
      0.23731011410085903,
      0.22127166283655875,
      0.18108021593429918,
      0.13007640026784256,
      0.17147468124185622,
      0.1956385016212621,
      0.13198360993734046,
      0.14550656096352896,
      0.2653571732165708,
      0.25267324575593625,
      0.23351071412827287,
      0.033353842239404026,
      0.21456100768801165,
      0.0011950453264656824,
      0.11879062120041747,
      0.05135633913281288,
      0.20270688666957942,
      0.1934869776586042,
      0.29308015899243617,
      0.014588237192770935,
      0.024101415978311246,
      0.2951369078259278,
      0.24491763330670097,
      0.24140288292258225,
      0.15307313329523883,
      0.11918456366048558,
      0.2539471796006227,
      0.16191286244964254,
      0.25911538876992063,
      0.007908174748482233,
      0.276941125530501,
      0.15340551404910865,
      0.054497642700348216,
      0.012780732458893463,
      0.1339797981087651,
      0.009524605063329016,
      0.17780126512606287,
      0.2743589625322812,
      0.027785388857084502,
      0.17647863632394206,
      0.2123960360014397,
      0.03668629159544142,
      0.2983851565123307,
      0.19577614225143253,
      0.2248693900818369,
      0.14465415601840284,
      0.1906712994048952,
      0.049118324289588254,
      0.07004022014547626,
      0.2697211879402937,
      0.03396513644309768,
      0.20098219839641251,
      0.07846612667874135,
      0.015460842242003036,
      0.04165443918887853,
      0.25497543431961817,
      0.09914436795010141,
      0.12434210543067929,
      0.02711274415167837,
      0.19692646450180037,
      0.0764327063083016,
      0.12376717405953282,
      0.11781182101164861,
      0.1838588360928576,
      0.04222519860600105,
      0.16882842581646648,
      0.22685968570854204,
      0.036610721915507904,
      0.2024215473570139,
      0.04205813800858771,
      0.028938117846615128,
      0.15534877477507592,
      0.2712263982136811,
      0.04943425702800789,
      0.020166043702158874,
      0.1829800111834031,
      0.022054270175531607,
      0.2658262544700729,
      0.2729258066289375,
      0.042571164995862616,
      0.295096475473799,
      0.05742672501928182,
      0.03695105397803874,
      0.1565936899353679,
      0.06912813972689622,
      0.16064427751264307,
      0.055448480481062545,
      0.26714556088049135,
      0.08921538723775056,
      0.1474514118361759,
      0.053640585682310636,
      0.28865971707339316,
      0.028084590818970412,
      0.06289336601085155,
      0.2854520256277026,
      0.08659262741107206,
      0.2747212171996973,
      0.23200947929320892,
      0.2578811195873881,
      0.0017771846387788835,
      0.12175653456670438,
      0.11909834893558258,
      0.12358188316589733,
      0.04968467370972652,
      0.0019136973681375456,
      0.29159142059690435,
      0.17588771219303137,
      0.258012891715215,
      0.1318963063938862,
      0.1033816000498838,
      0.07138408954962047,
      0.05007475274484293,
      0.2171910270599321,
      0.2185812425189234,
      0.2111158363796001,
      0.020227296026978512,
      0.1448058485141028,
      0.17619115845887598,
      0.1461520953745267,
      0.2939168509419401,
      0.10774892817156814,
      0.28661638696093267,
      0.2684526539483571,
      0.08838374070491978,
      0.081407888347003,
      0.08933020366427297,
      0.056603353543659224,
      0.12932749459650528,
      0.18733039581537508,
      0.2883792502350975,
      0.09864992481627814,
      0.2933933846997231,
      0.15650751613142536,
      0.23286810236050054,
      0.1329908145117185,
      0.2728365438867013,
      0.12658346310424318,
      0.2388540122382853,
      0.2419583839801305,
      0.20347168601828158,
      0.18051741124905935,
      0.17823151862062686,
      0.17300130689296864,
      0.27414757480955726,
      0.06611630966077198,
      0.030125255830584962,
      0.10820636945229486,
      0.0833538701152143,
      0.23655357046581785,
      0.2885739881521007,
      0.22708648868201528,
      0.09872206104169107,
      0.1730225102822518,
      0.10241147266751728,
      0.23212720433617928,
      0.14616925012033322,
      0.18101950524840105,
      0.2329800231638999,
      0.17709637246118468,
      0.040108454231234124,
      0.11997607723633887,
      0.08464503353757148,
      0.17355442496552836,
      0.21308718593504053,
      0.17146189699909886,
      0.2533488631679317,
      0.13365384725929183,
      0.0688556771985205,
      0.045295344482341626,
      0.017507441585528527,
