{
  "horizon": 720,
  "granularity": 1,
  "priceSchema": [
    0.198,
    0.198,
    0.198,
    0.198,
    0.225,
    0.225,
    0.249,
    0.849,
    0.849,
    0.225,
    0.225,
    0.198
  ],
  "agents": {"h1": {
    "neighbors": [],
    "backgroundLoad": [
      0.015062446272825346,
      0.28781243818826546,
      0.27355144662114256,
      0.22056844767540748,
      0.21494376113223054,
      0.23482720021635728,
      0.07930585019357646,
      0.11765092614857965,
      0.2113329691987868,
      0.1390670006874342,
      0.21601585541162954,
      0.05068656028408438,
      0.12936357767394582,
      0.13093453440451394,
      0.22790483805800496,
      0.28721518777411403,
      0.2418478149127379,
      0.2738028197683967,
      0.2049351240622591,
      0.07196458565877151,
      0.13098771147715074,
      0.2236122614338663,
      0.2593574091004293,
      0.17127859959480685,
      0.23041926297883547,
      0.2151333198591759,
      0.24474537402944413,
      0.29542597165469847,
      0.004331154250260294,
      0.047876594605916534,
      0.18257322562286082,
      0.15036986929023252,
      0.13158143370606948,
      0.07222679985441778,
      0.09486713327300446,
      0.2411021486584616,
      0.23285466563905252,
      0.002784504056258252,
      0.29836295972846943,
      0.2682973003404925,
      0.18420056344053456,
      0.2789338023678848,
      0.07628281198040489,
      0.011519582862291555,
      0.10740467551045632,
      0.25562419345451926,
      0.09072869739597572,
      0.1327489896111107,
      0.2795799924334616,
      0.17593188938274873,
      0.17468264485363813,
      0.22312392065778444,
      0.23248437849777345,
      0.10505621797485488,
      0.09695993311013074,
      0.02276005633467725,
      0.1487257339270653,
      0.1699934660971175,
      0.25726730668815784,
      0.17062388983008567,
      0.14984192550289607,
      0.0721284493242144,
      0.2636141482624767,
      0.2201876387693885,
      0.10751955728954585,
      0.08592415353091297,
      0.18870123929452634,
      0.18944697780371403,
      0.28490038824869707,
      0.24946611131910953,
      0.23182584181377386,
      0.0032706412803583883,
      0.2268337987959964,
      0.1301805563803375,
      0.17026319569284315,
      0.07614080449503936,
      0.23955082619094625,
      0.0040995994632903815,
      0.0637074386796505,
      0.2372935835676815,
      0.030007328203326654,
      0.03102688811384295,
      0.2955192317611759,
      0.12589717231433387,
      0.02779678421458791,
      0.09248474052131957,
      0.2796497270697859,
      0.20980972129799447,
      0.025211794770929663,
      0.06840302875076125,
      0.11300002124299541,
      0.12503770222404778,
      0.014033210385674589,
      0.16366195277476045,
      0.19581593635957537,
      0.2707878914675648,
      0.11502448559832336,
      0.15711013497632134,
      0.16033261554841555,
      0.15008444627122025,
      0.1915573761299338,
      0.02140455102014428,
      0.10670076443493502,
      0.25191824453780054,
      0.02521503215961173,
      0.1510151829039265,
      0.1209710824641206,
      0.2656885847256955,
      0.17606237324115995,
      0.03097519988739872,
      0.0018589834168505348,
      0.12800911256077765,
      0.10842516705503362,
      0.26120021735490156,
      0.11124413922804906,
      0.29278644718672414,
      0.2726985050693584,
      0.06128003367882784,
      0.2315266069062718,
      0.12993051208880715,
      0.005348071523579456,
      0.28849081613848476,
      0.1972765184150395,
      0.22050883463059331,
      0.1761228261987394,
      0.21034055863189782,
      0.23355998801841732,
      0.1799734521197614,
      0.23939410995246307,
      0.10620319322138753,
      0.21496795382144643,
      0.168651783601902,
      0.05555254169577199,
      0.19133576957277418,
      0.09284997563984597,
      0.11153861719104909,
      0.12298552734456998,
      0.05274532144480509,
      0.004949804115973522,
      0.05605667326827685,
      0.22794756469873131,
      0.2167214718599896,
      0.10015227107482673,
      0.12521043481067526,
      0.21888499282226254,
      0.29681408776944873,
      0.17518089217848523,
      0.2605742615499989,
      0.02302828108076771,
      0.11555019359996355,
      0.19106094279021255,
      0.09101950213164729,
      0.25122372656666325,
      0.16870678839910408,
      0.14718079731747982,
      0.0492802256149758,
      0.16973430082020816,
      0.13782982978819602,
      0.24243072306803665,
      0.23129716195633798,
      0.16382629453130165,
      0.08202534685229021,
      0.12867096878179862,
      0.1521532776900789,
      0.19300958722190498,
      0.03953821471098052,
      0.2678438156186502,
      0.14720501696654945,
      0.0967284172071342,
      0.19580381555493462,
      0.16470447015569195,
      0.27685812322812686,
      0.04395793868172502,
      0.24120181556066234,
      0.20417673608025427,
      0.21281843796925495,
      0.14168549601451358,
      0.28653971309872484,
      0.22978542423089732,
      0.13708954841783083,
      0.289455670362993,
      0.050311986392971,
      0.1951651592158001,
      0.16288006641263073,
      0.09794453809201777,
      0.058538322079356817,
      0.09988970347062233,
      0.025307140392096437,
      0.2681987382330813,
      0.25245089323520786,
      0.08576650273780996,
      0.05751295617948769,
      0.16000037328086644,
      0.26004416098638405,
      0.29776717010064657,
      0.04500313263249401,
      0.0487218628783214,
      0.24984176825914553,
      0.017119022894661804,
      0.14302605740968405,
      0.204068852213648,
      0.023892667407686495,
      0.18505991303610173,
      0.21474120120092283,
      0.08089719054577389,
      0.12166140642549761,
      0.21370670316854437,
      0.0813335870659075,
      0.10777692925762071,
      0.00609493006695857,
      0.2858571500684107,
      0.2696175956423326,
      0.05881518350212891,
      0.2309189816604217,
      0.2932783826077589,
      0.025208793482110525,
      0.03333052420345973,
      0.24676780026107237,
      0.17174837073238944,
      0.18067299166165143,
      0.1919617827042299,
      0.09431739316365707,
      0.17549978260791385,
      0.0489985782978788,
      0.09417596369803773,
      0.008128453330551354,
      0.029842915255083712,
      0.04366111895059197,
      0.16885081814659186,
      0.1834516875177553,
      0.19828414068455505,
      0.07855979356040811,
      0.22075437611670126,
      0.11633272189992766,
      0.035964103594086236,
      0.25372808390852136,
      0.02367829481072011,
      0.2937704431002437,
      0.19061323691253965,
      0.1596634423123084,
      0.021274667132307943,
      0.08670918623696401,
      0.09994943039409977,
      0.08598678469344995,
      0.20239544559642098,
      0.28706481420157454,
      0.06786857569398386,
      0.038440059734285416,
      0.23419526770070298,
      0.060552610552670694,
      0.128301542023767,
      0.250450125919149,
      0.17266065124072869,
      0.004547312765880507,
      0.1750942776851105,
      0.10556494565734575,
      0.0603025824193275,
      0.1271865780926696,
      0.2155908467173648,
      0.02775677111064938,
      0.20616177394691493,
      0.29483857133675617,
      0.19474423223279153,
      0.0892113632078878,
      0.2374744108300865,
      0.044900915734713144,
      0.11701059008945547,
      0.14080208775774009,
      0.185513407456044,
      0.19951070122524212,
      0.13667601865486553,
      0.26182827353830274,
      0.14412139795651427,
      0.03508678775237064,
      0.16488230886823868,
      0.2662659810784104,
      0.01446783656768511,
      0.07684007972313169,
      0.11506555025709436,
      0.2545792124136245,
      0.18753038950254244,
      0.2763900069566986,
      0.09047783420924312,
      0.06494286507184215,
      0.29507485937161215,
      0.16039426274024063,
      0.020026231865849353,
      0.02485519201914631,
