{
  "horizon": 720,
  "granularity": 1,
  "priceSchema": [
    0.198,
    0.198,
    0.198,
    0.198,
    0.225,
    0.225,
    0.249,
    0.849,
    0.849,
    0.225,
    0.225,
    0.198
  ],
  "agents": {"h1": {
    "neighbors": [],
    "backgroundLoad": [
      0.24792210595874412,
      0.2290449931543352,
      0.041324447074966485,
      0.14181111407936428,
      0.2623228211501715,
      0.1860257791762472,
      0.1209574901251092,
      0.09604101917974174,
      0.04043795872940605,
      0.19046002422866262,
      0.2683942020475326,
      0.051635016448276914,
      0.1929624245166526,
      0.16706065552929902,
      0.13078730198838115,
      0.057620822172076,
      0.26079220726677554,
      0.19729160425938258,
      0.23870900025551778,
      0.22317695987968228,
      0.24691412689732398,
      0.160362783643034,
      0.16694102995439566,
      0.26925982120322584,
      0.06095799894666921,
      0.0420585798182929,
      0.14414170546398825,
      0.22058851940073926,
      0.10191008234983498,
      0.13007359633700863,
      0.13360026585650048,
      0.1414062251467555,
      0.11702985542209385,
      0.1257716626934919,
      0.021212941199803603,
      0.09532541002290003,
      0.09131793956425188,
      0.08542309042908655,
      0.06982596024922504,
      0.06371564040729204,
      0.22069714797636072,
      0.045463602294400926,
      0.03935993276925252,
      0.049602582000296,
      0.08241037684080274,
      0.1250555779467373,
      0.2843588413098798,
      0.17402334760117164,
      0.036413326921224266,
      0.2904659659016792,
      0.10090228257763041,
      0.2795979130934709,
      0.2925829098698357,
      0.19843078526236,
      0.1800999316976639,
      0.08843558551825423,
      0.25231084618930805,
      0.18541816764278862,
      0.02136568420382967,
      0.2205714231169933,
      0.07549727911520947,
      0.1782734504534022,
      0.26408542953299524,
      0.11671305804375759,
      0.0661685745831274,
      0.10424363799193408,
      0.12608708816134825,
      0.20640129922399453,
      0.09320630148300932,
      0.2749923270892645,
      0.2845365588238246,
      0.05003671027519145,
      0.1747103390003701,
      0.19294507117667695,
      0.2915127771316944,
      0.22802193299182966,
      0.011605981131008424,
      0.02803164225333523,
      0.19425122983435897,
      0.05382627019965839,
      0.16808778356365564,
      0.28254670733375253,
      0.21935011851780178,
      0.21417213298342194,
      0.08807659293854415,
      0.13061556405928718,
      0.08308700851398863,
      0.00540339016652771,
      0.04746996436010513,
      0.2833170349554821,
      0.17660478575325247,
      0.18159347038190857,
      0.05610199783753299,
      0.022240772338777713,
      0.23804036947196028,
      0.24071476842718767,
      0.05542497242941647,
      0.053058967502692664,
      0.18951703893375274,
      0.20748248943159062,
      0.025912261615177578,
      0.04644581862125413,
      0.08342940490144057,
      0.09768694659212203,
      0.02243693924033857,
      0.21574566662278996,
      0.02691796404480786,
      0.05938132262423655,
      0.09918418906171661,
      0.05614974895286416,
      0.21700930886465367,
      0.04988970792436905,
      0.26823088085580377,
      0.07180785463058703,
      0.07778943719405525,
      0.05979531943712099,
      0.09010666699290089,
      0.23688661692952215,
      0.16511334439926487,
      0.1297305699661986,
      0.19390269410153196,
      0.06240680364842557,
      0.12970999530410132,
      0.12922606808100573,
      0.12995781042296653,
      0.046459862170042894,
      0.0026543429889325566,
      0.26902675700101614,
      0.19773015114094325,
      0.016793046840430835,
      0.16980125486953007,
      0.13791419367710378,
      0.20071014174767013,
      0.25643937364743846,
      0.18042277946726198,
      0.0871015912556977,
      0.10880018368071571,
      0.08449268747866336,
      0.04414130757584543,
      0.23694107768526018,
      0.1389048456319014,
      0.18571181708930914,
      0.0903502920757748,
      0.08679380209818845,
      0.21698612562866493,
      0.01884181659095262,
      0.05531441149312344,
      0.09736835241158923,
      0.2642325343907082,
      0.127979997936065,
      0.2720862036074305,
      0.11388202026879243,
      0.2665764005363557,
      0.0026413027194037595,
      0.2570982726107085,
      0.23025321591983863,
      0.08244594498981304,
      0.030942286437865327,
      0.16275650578462716,
      0.20893563949102123,
      0.11789549506834582,
      0.12184881390250311,
      0.27564830676807506,
      0.018326587333573296,
      0.11370918052879773,
      0.21484187445856887,
      0.17383755141780544,
      0.1156571468368107,
      0.055181903761467754,
      0.057042771595506844,
      0.013127768068811918,
      0.24457329354124185,
      0.044538090498517924,
      0.2932317146602943,
      0.012376162830258485,
      0.1530039605695213,
      0.2600941327992982,
      0.09143051167473037,
      0.03571461857007772,
      0.27587066150135503,
      0.043560902841423686,
      0.2729878755820668,
      0.05189622972562611,
      0.024752837662760107,
      0.038762095389652716,
      0.08332996520410597,
      0.08394000256768185,
      0.2886856672740203,
      0.048907685070295415,
      0.23327588528864654,
      0.06264953394523448,
      0.29553311685585304,
      0.020605761957191604,
      0.2388849259455942,
      0.0075914433857525495,
      0.12701273807110697,
      0.08450313134562008,
      0.05461607767461769,
      0.13918690540843312,
      0.03521661023983562,
      0.24279676543067663,
      0.14929370965922092,
      0.11115050452381854,
      0.20473948212118823,
      0.025906590805030216,
      0.13706634474019844,
      0.03608133575859955,
      0.049864244600993056,
      0.2858282680998882,
      0.018039141411015137,
      0.18633611422032234,
      0.08991465447162252,
      0.19825057830976595,
      0.1689429670297091,
      0.1966386649831525,
      0.28383559434188776,
      0.16882164226165056,
      0.004221890012071716,
      0.12686849809709028,
      0.05380302261967166,
      0.046955917539479954,
      0.18421829182162305,
      0.052113390784793566,
      0.2038637451516835,
      0.007711603499321772,
      0.004951752155411482,
      0.05258286529494311,
      0.26862078213160245,
      0.1171122950899234,
      0.1818903797684266,
      0.10650203228856646,
      0.21674756980444235,
      0.29567548792194154,
      0.16728568153068538,
      0.1736269982690251,
      0.10943041743957804,
      0.135652972931207,
      0.2684347417061681,
      0.08189329981239467,
      0.20061315411235275,
      0.16189647587544664,
      0.05204746305490253,
      0.15799680747216424,
      0.28873990844914166,
      0.2610221350236046,
      0.024302855927406684,
      0.052234810783044504,
      0.08992506096323845,
      0.10808020370730034,
      0.2614122886094701,
      0.03885201696393888,
      0.05979510690756514,
      0.0034691586359460566,
      0.01755208331033967,
      0.2632501378052359,
      0.023404042400615898,
      0.10958729362795974,
      0.2883238186313139,
      0.2732471928441261,
      0.0628809122612994,
      0.00500705419436962,
      0.03974387674870115,
      0.12594168162921163,
      0.19636462322602358,
      0.1613179254317132,
      0.21251906487990177,
      0.2855228728330308,
      0.021608774577323384,
      0.058472622708072804,
      0.2564083655958479,
      0.2651763264864911,
      0.271519823058567,
      0.13674144404953717,
      0.13709277302692158,
      0.2273696320216861,
      0.055008950652702615,
      0.20339691001439011,
      0.15381384502666473,
      0.13005441420883693,
      0.19781513060569356,
      0.011207994688934563,
      0.11612283631366194,
      0.28688186560727164,
      0.1994603222034597,
      0.019518298766063525,
      0.21044010898207413,
      0.2711831389429325,
