{
  "horizon": 720,
  "granularity": 1,
  "priceSchema": [
    0.198,
    0.198,
    0.198,
    0.198,
    0.225,
    0.225,
    0.249,
    0.849,
    0.849,
    0.225,
    0.225,
    0.198
  ],
  "agents": {"h1": {
    "neighbors": [],
    "backgroundLoad": [
      0.2349162098429409,
      0.0535326336550578,
      0.2600246773636697,
      0.10490513596018701,
      0.023029179797408483,
      0.17313581276992954,
      0.29386779337195407,
      0.10620377601510146,
      0.11885765546298843,
      0.02329012539995292,
      0.18974935746423152,
      0.05388819622297042,
      0.09064118330630355,
      0.009959076028204793,
      0.2887959374104447,
      0.2687817063196003,
      0.10098800537893368,
      0.05176763764754081,
      0.2417112974797331,
      0.14370327492208904,
      0.17736126033445035,
      0.0628507888575309,
      0.188490911299777,
      0.0407570145037313,
      0.13107719844479995,
      0.05960320588277674,
      0.12908848694716032,
      0.1633766898386455,
      0.2554711239763377,
      0.027113089271460323,
      0.29868617416260573,
      0.05250873499174963,
      0.07296828415757647,
      0.17821781318544275,
      0.21348675969696917,
      0.07075014424388214,
      0.05152969697709185,
      0.29996929203042955,
      0.1575996093291321,
      0.20641887325992234,
      0.28767677759766686,
      0.009300436907916954,
      0.21520457640669904,
      0.0919215219515748,
      0.044553893375750886,
      0.16636771305726486,
      0.12196396903768326,
      0.00487811977892163,
      0.02075621036855869,
      0.025614701725254572,
      0.27647460062225426,
      0.29296916602245276,
      0.02614608084477956,
      0.28753577604267816,
      0.06563936769002242,
      0.25167021850634286,
      0.014242340230156457,
      0.15377264489783712,
      0.18039030217547622,
      0.23203400267523872,
      0.03007796744501736,
      0.21992183111775007,
      0.250400701113646,
      0.021545423699109657,
      0.01241026682349563,
      0.1777929368599363,
      0.20740623367401,
      0.04389746804426039,
      0.11067723496393722,
      0.284345627931699,
      0.19239530903874003,
      0.009265248540999126,
      0.21500212946824424,
      0.12013887695307769,
      0.20973813238922262,
      0.013363780217819431,
      0.01524339485177355,
      0.27062301622246926,
      0.27259561756181633,
      0.24583669661449373,
      0.22416333846429412,
      0.06710840527673818,
      0.011427866405277608,
      0.29157276114082864,
      0.27065221853613247,
      0.06531749244480624,
      0.12633283534871068,
      0.061164598552043876,
      0.1210086392625897,
      0.1334865810535641,
      5.152254114619392E-4,
      0.0023266280479783074,
      0.29251608759848235,
      0.21138287700709146,
      0.26354153764356186,
      0.2016690044441766,
      0.16780307562012395,
      0.19298524024102337,
      0.06381967828150985,
      0.018868890996276966,
      0.2485343637917926,
      0.16510442576425938,
      0.23329140278090532,
      0.12951386099075396,
      0.07310875515060514,
      0.032872190278532554,
      0.21592835348701425,
      0.14392982234517465,
      0.28308324165569054,
      0.0710893178673911,
      0.12335227657547447,
      0.0578910149918353,
      0.17346015387206173,
      0.00622554948664703,
      0.13530007619816042,
      0.08997300395391943,
      0.21450064497618362,
      0.2656765775265206,
      0.057509446603488744,
      0.16079267501548955,
      0.275361986496381,
      0.06171571868199997,
      0.19512587616365695,
      0.2308005920676704,
      0.16939116630816697,
      0.1844947622148296,
      0.2783778444477936,
      0.07597177969979763,
      0.0870823313558864,
      0.07789483464937745,
      0.1324113246696335,
      0.2514218442131371,
      0.2265828340770787,
      0.006795384217625,
      0.06449546590411555,
      0.049544945426336515,
      0.29739313436409887,
      0.25307737369478744,
      0.04103814848768954,
      0.21380091311275068,
      0.2554035728490157,
      0.24935348340494956,
      0.2029554920634409,
      0.09386008504535032,
      0.1668725678107428,
      0.18217024247413913,
      0.06457159489467618,
      0.12428481093247276,
      0.2558253889439681,
      0.07586505240224371,
      0.06901055719950795,
      0.27521647168959174,
      0.13682902284507215,
      0.12321066834574329,
      0.1561955786166322,
      0.14119816444963706,
      0.12597581553753198,
      0.21108699303870473,
      0.1877772699034526,
      0.2996695292040259,
      0.24404433872266906,
      0.2598181122550838,
      0.1463823350543523,
      0.26617756572082774,
      0.23213894062750362,
      0.05920160274236906,
      0.05780303719547518,
      0.17552913364423062,
      0.023001887156330503,
      0.0586212445165736,
      0.1628632732636617,
      0.13820551424195807,
      0.04568246959174017,
      0.06591966697761799,
      0.20110133123587023,
      0.1538106069342183,
      0.24124203302921401,
      0.08248966629091954,
      0.1314350362664808,
      0.17432939265359795,
      0.003981303205460374,
      0.00954062920294486,
      0.23325158273640328,
      0.056658948073728864,
      0.026961419731287194,
      0.08111881395155647,
      0.0025046223493974005,
      0.1941049955473464,
      0.06186892187524001,
      0.07223239635819502,
      0.08639811236412316,
      0.0013984487750093866,
      0.08865719353271063,
      0.25365954601158675,
      0.06186717904466282,
      0.22068680457857495,
      0.14254570445350312,
      0.24372081603087642,
      0.0208458533706676,
      0.10783878422117496,
      0.07827957730089181,
      0.23756243732008975,
      0.026438501133104385,
      0.02851157594938908,
      0.11983070120509903,
      0.20130357867903878,
      0.2757464871598272,
      0.09882420026108608,
      0.03745451369968602,
      0.19251077754600998,
      0.17273413121502915,
      0.1824658015512719,
      0.11124529930739697,
      0.17931379051995097,
      0.2405581647328247,
      0.23673746248610322,
      0.22784931227366503,
      0.07710831756665376,
      0.17478415246138376,
      0.26236114877796135,
      0.010182248912236246,
      0.20423694170608211,
      0.11957483960889209,
      0.22837211989588588,
      0.22561719740540676,
      0.24468507662151212,
      0.29312782602044013,
      0.2250070302683786,
      0.09397326345099412,
      0.10518226051422554,
      0.2718866493857804,
      0.2799422133624786,
      0.26110886365473124,
      0.01856065732106823,
      0.15447925913500615,
      0.19351250838229694,
      0.05938126261208887,
      0.1013310717812957,
      0.19120964998070997,
      0.16248961132118453,
      0.10177692900440152,
      0.038605263739698754,
      0.12632653017725368,
      0.1001861629119667,
      0.2537988882574307,
      0.1994558372010072,
      0.01869875946991445,
      0.034124624797910105,
      0.2994568530177259,
      0.1582375681390755,
      0.22964598751211593,
      0.0672753763470962,
      0.20825535381100704,
      0.29467146110407455,
      0.16921910016567915,
      0.2302334721998455,
      0.032512540879336846,
      0.24619583706783973,
      0.2204889251171855,
      0.13967262582635884,
      0.27835320963993215,
      0.14637788515397335,
      0.1658752968723863,
      0.14499297505656158,
      0.007597638106720972,
      0.2993837074683215,
      0.09799564626318333,
      0.11182523077406589,
      0.021811975476254873,
      0.2503448601426417,
      0.05568283627789158,
      0.20397847298610497,
      0.26369407130539374,
      0.10917873608572153,
      0.12965945939491147,
      0.26898788326609524,
      0.104325555131083,
      0.050248533041443166,
      0.12228172640561952,
      0.08145686460818044,
      0.01946995737017665,
      0.1543800713215168,
      0.20854694953815264,
      0.10360003129855076,
      0.02431111799701502,
      0.013148585930647305,
      0.042994274470722404,
      0.1755036304914771,
