{
  "horizon": 720,
  "granularity": 1,
  "priceSchema": [
    0.198,
    0.198,
    0.198,
    0.198,
    0.225,
    0.225,
    0.249,
    0.849,
    0.849,
    0.225,
    0.225,
    0.198
  ],
  "agents": {"h1": {
    "neighbors": [],
    "backgroundLoad": [
      0.21877654648474734,
      0.1021682114283282,
      0.18193138320080057,
      0.053703584038573636,
      0.08543714328891606,
      0.019077444879022697,
      0.2163367839327937,
      0.0025232723007554856,
      0.019438794130161308,
      0.09954547981062256,
      0.019533693868665658,
      0.15742716403397683,
      0.29416666092072924,
      0.1303063738498728,
      0.26976682972408206,
      0.25450893361702054,
      0.18959863574502278,
      0.25466718798437216,
      0.1858569796049914,
      0.07627023034257893,
      0.027081898664333835,
      0.11513324021460514,
      0.11051363669344987,
      0.06285026067778386,
      0.272179143901163,
      0.253281196928642,
      0.24852067067254613,
      0.01831051123384364,
      0.08331010921144373,
      0.21592633558654709,
      0.0022552300572657225,
      0.21478690686173282,
      0.10936318774673033,
      0.26994434882438,
      0.008496969028866751,
      0.029082805200002015,
      0.025116921405970025,
      0.17269137696803596,
      0.2575034581397009,
      0.23642256962287733,
      0.1395277148769741,
      0.14296444720055912,
      0.1526198700624048,
      0.025735295378310905,
      0.16791001638014902,
      0.04741333191543962,
      0.04892298130182352,
      0.16130478041528973,
      0.2990134341920264,
      0.27225129042527485,
      0.1538249953389367,
      0.2436675130963094,
      0.16064867016980935,
      0.29561554650938343,
      0.23173027499848356,
      0.17739789113690282,
      0.21689239140473124,
      0.17256520842108286,
      0.12355282012878557,
      0.1724141536218128,
      0.05361750014847048,
      0.2910689588765937,
      0.21638263716438214,
      0.09403205519592878,
      0.04667641656126091,
      0.04744406708110227,
      0.02660930463760547,
      0.19651306740285732,
      0.15778541031162385,
      0.19961921446410397,
      0.07942392672295936,
      0.14646381080702725,
      0.0975892821437095,
      0.26389954458480464,
      0.0421282112940539,
      0.1256521013060527,
      0.011807378800295676,
      0.04950480537578663,
      0.07461526246877405,
      0.18059790513151128,
      0.09327370985132728,
      0.21225111123531662,
      0.04691833153738253,
      0.2269386887612927,
      0.14631016060920876,
      0.2652704202287055,
      0.04551035260400984,
      0.25079680449293223,
      0.07207076427552302,
      0.08113610034799797,
      0.0784590019101197,
      0.22349695765772662,
      0.17060147236893985,
      0.14719122962251374,
      0.04994741258386215,
      0.19769173741051785,
      0.036077518944087374,
      0.17032540650690534,
      0.24871170948583338,
      0.03486216489185321,
      0.2835308965922471,
      0.03368866584261162,
      0.2983994947262303,
      0.28675850098639866,
      0.25977584415240507,
      0.05115347556193128,
      0.13075433259654848,
      0.03968370382333216,
      0.013638953005016552,
      0.004964189606320024,
      0.2525628002939342,
      0.09877150093154403,
      0.019591843411737763,
      0.23791626752687162,
      0.1899713095329462,
      0.12168358178438671,
      0.0440846361858501,
      0.02142503455298168,
      0.2018831071818858,
      0.1670441112306694,
      0.14206037104622352,
      0.13383963541094704,
      0.20965487304593766,
      0.006522096201179051,
      0.23578743062645685,
      0.09703911043388583,
      0.01171601814911003,
      0.016889878891205978,
      0.08126926704783184,
      0.01850181601469205,
      0.23186158492616138,
      0.21484645913308312,
      0.033922298090766675,
      0.012669802862841972,
      0.08649606069385968,
      0.11167999028330913,
      0.219314345604373,
      0.1960843869622734,
      0.2848260600681197,
      0.034181946088009306,
      0.10730157190182617,
      0.08822318328839329,
      0.16466932057111802,
      0.021969438885267267,
      0.17519707499472667,
      0.026114924792629956,
      0.20888693578033057,
      0.056143372011045696,
      0.281959909465432,
      0.19119245291224976,
      0.2022492463250956,
      0.07322378046434566,
      4.182724735762755E-4,
      0.17659688545465796,
      0.11610966777921418,
      0.17817121637444785,
      0.049879797212736755,
      0.0021269004639077435,
      0.07460014645532924,
      0.2919078655717825,
      0.041501129023634606,
      0.19031518581414228,
      0.15006162120974104,
      0.28522619064769295,
      0.04558780993812143,
      0.23073505865210098,
      0.054947106372762324,
      0.23490986941664357,
      0.0925786034327685,
      0.0056242161835241555,
      0.19482766430665435,
      0.2465495944774725,
      0.00361178645300253,
      0.07002471417281346,
      0.12879976557843922,
      0.0908030004003431,
      0.16995687324323236,
      0.2428845163624047,
      0.16976887980825445,
      0.07039013877624507,
      0.09005337978169792,
      0.07784213547679654,
      0.14203442142164072,
      0.27521993507882475,
      0.2816194132892895,
      0.0562208291358274,
      0.16453137170902865,
      0.1452279648595208,
      0.2119997230925577,
      0.07406040419839495,
      0.2822691694457984,
      0.14084115088620844,
      0.2967279534072166,
      0.09397591883658929,
      0.12348746528194647,
      0.013626981652769309,
      0.26087524610565804,
      0.08485951360713676,
      0.030409090393134084,
      0.24654727681378585,
      0.1549670228360118,
      0.23279300219296267,
      0.2958961066920383,
      0.20145083500508287,
      0.24083143836035856,
      0.03291626303096762,
      0.1929021188983372,
      0.24742445942443467,
      0.09672504466118093,
      0.16855764614074586,
      0.10877579545488954,
      0.22776458506345473,
      0.17374139298071387,
      0.05389097119565539,
      0.019645422030814364,
      0.21995676622226773,
      0.11528762061026025,
      0.17775384306368217,
      0.27154829724969093,
      0.14310756959772308,
      0.12877300396221858,
      0.14572593426338376,
      0.12046655991433046,
      0.06683983617315588,
      0.14336859715261488,
      0.08402172505808132,
      0.22222474945297713,
      0.07148939637518545,
      0.1264838838120361,
      0.08978816513474354,
      0.280627126702103,
      0.14150098608361708,
      0.2168255944401515,
      0.04793713295974021,
      0.29625451941465164,
      0.18073329558945386,
      0.20616219800127747,
      0.0883477341680399,
      0.1814903559389033,
      0.10658080715681353,
      0.09978790867204165,
      0.04807644589319727,
      0.08655069877697986,
      0.2292764881934453,
      0.01104927695428055,
      0.05346290092315823,
      0.0793188095913493,
      0.170716276618367,
      0.27881186068283814,
      0.23169081933056188,
      0.1571669446265285,
      0.11671291026185554,
      0.06308491565438741,
      0.27930006512489275,
      0.2823247861717298,
      0.09386290850078001,
      0.2097745026654635,
      0.1628695521512473,
      0.054436161781067714,
      0.01765217466020703,
      0.2537738343174381,
      0.14484017455730447,
      0.06913288931625512,
      0.19738084801793024,
      0.19253247842737245,
      0.29940272779894955,
      0.01572727484889509,
      0.05292089379161525,
      0.0061482384367731015,
      0.26414845445002905,
      0.1101724875009176,
      0.2698782893198357,
      0.29428482555551055,
      0.12025984095549908,
      0.24072725838065567,
      0.15500175477786649,
      0.05117299943470803,
      0.07482609077166634,
      0.04845437078701381,
      0.2619759781632087,
      0.055465704305097126,
      0.13050830462257365,
      0.13135481191113463,
      0.15227122653646838,
      0.28099852698532024,
      0.17891666973678796,
      0.18441502537829407,
