{
  "horizon": 720,
  "granularity": 1,
  "priceSchema": [
    0.198,
    0.198,
    0.198,
    0.198,
    0.225,
    0.225,
    0.249,
    0.849,
    0.849,
    0.225,
    0.225,
    0.198
  ],
  "agents": {"h1": {
    "neighbors": [],
    "backgroundLoad": [
      0.2828825833157221,
      0.2857969242552754,
      0.14601080353072812,
      0.27958372084262534,
      0.24419778079772192,
      0.08090800464969579,
      0.20708494928689095,
      0.25424563914864556,
      0.047793257930440924,
      7.453411314796154E-5,
      0.21020974840066067,
      0.2935913808356727,
      0.189620726149154,
      0.22742604154199533,
      0.05930043076248401,
      0.2892509418241429,
      0.00812645796404886,
      0.19827790687661595,
      0.09266366331954197,
      0.05343374891866751,
      0.0036694579633216205,
      0.07468839911673732,
      0.02856572538298456,
      0.16069070765377663,
      0.1765744281382924,
      0.1083304643578075,
      0.13152894649881175,
      0.2520996679266809,
      0.022583235861043827,
      0.2886454136583618,
      0.03901319783581918,
      0.004274448659406416,
      0.130506191245997,
      0.21743794150905882,
      0.14100944055943673,
      0.2020613446479585,
      0.10867359959785737,
      0.23793729549025797,
      0.1493781846702829,
      0.010153554900097905,
      0.14006248462395374,
      0.12215983393536858,
      0.19118547255778545,
      0.15893593792456995,
      0.2626111168514577,
      0.23102766958008727,
      0.21691768837481815,
      0.0743964513184184,
      0.06679999992910335,
      0.016948493850078617,
      0.1093841036750696,
      0.21377283401757977,
      0.1966081750354966,
      0.10504500446659622,
      0.11805261117850607,
      0.15139980062381347,
      0.16713583452504951,
      0.028097675316754066,
      0.28334451211782685,
      0.04520918988741477,
      0.2107265627431292,
      0.16346588511046337,
      0.08635763398902893,
      0.2623683083315207,
      0.29458875068348395,
      0.056914257808416635,
      0.2052867818357214,
      0.12895848930423393,
      0.011726104251876712,
      0.1835162277452474,
      0.12126185055678514,
      0.060040114561861944,
      0.09289173961135973,
      0.03557240615220779,
      0.09257987944928045,
      0.23210386765397556,
      0.03742904039115615,
      0.15925531014255012,
      0.09430573710838183,
      0.2471130017655742,
      0.27689951355702086,
      0.13129470265141455,
      0.09100352534110774,
      0.1522171183221431,
      0.08403485267326818,
      0.2099074029095721,
      0.2239330252409495,
      0.24120753788646015,
      0.2785908759081947,
      0.27977243466847024,
      0.1437075191876019,
      0.19033402225013338,
      0.1261390830422677,
      0.23562191615387906,
      0.20211506876026378,
      0.2548941772583375,
      0.0635149652845164,
      0.1459830090640811,
      0.2863041280623148,
      0.09016295367116547,
      0.08579298743890613,
      0.07459190266455275,
      0.153035585420305,
      0.26232946257170214,
      0.04836258479341238,
      0.1399003434026006,
      0.0615522798150839,
      0.20154250666604936,
      0.03738541750913841,
      0.21933292291617348,
      0.0589089064617692,
      0.048025914571307025,
      0.24857568529407578,
      0.027547001752160193,
      0.027194098483134543,
      0.2724142804995878,
      0.07202774247589704,
      0.04432828441512991,
      0.22581259697326098,
      0.24294992798468557,
      0.016708123648269468,
      0.04979281097866365,
      0.1438743962440544,
      0.028137490301480494,
      0.08349160546739799,
      0.21763940272957766,
      0.16848472065924522,
      0.08867754367964151,
      0.029794188125894436,
      0.19301762782830575,
      0.2208820852423922,
      0.05518364069427377,
      0.207570257625373,
      0.06753462267303564,
      0.19599950128675203,
      0.13312956446123173,
      0.19109342016783018,
      0.06537679116630377,
      0.2638318575814967,
      0.0434822438556788,
      0.29506805166860944,
      0.29526738670935654,
      0.07287503398970395,
      0.10072490514271604,
      0.25989264717864774,
      0.17506516421167304,
      0.2555161718741883,
      0.09841650064290382,
      0.09989872838669153,
      0.2178513971594936,
      0.05818643201189572,
      0.1653465838166319,
      0.20431727329626695,
      0.27801855277182363,
      0.05528240430998964,
      0.2238410413541792,
      0.03073758931132896,
      0.003638420595010305,
      0.13902812097817316,
      0.12444886644244423,
      0.22846927168649606,
      0.17428596984549008,
      0.06346270687525235,
      0.08215656890022231,
      0.010011607405133193,
      0.06616872588695173,
      0.14069429620297488,
      0.18571422433988635,
      0.2967785347250114,
      0.12005755588331142,
      0.14487418449347375,
      0.2529646847374602,
      0.29142627768320856,
      0.0620969651076779,
      0.030304557456120318,
      0.0403806857657017,
      0.21619929277747202,
      0.06636307177055104,
      0.26454269712117184,
      0.2520208106488673,
      0.2792466609541565,
      0.1788689472946067,
      0.0434958665507411,
      0.23398859528859647,
      0.15660828597752954,
      0.09839859856757988,
      0.25620145652040444,
      0.12852155652138808,
      0.10054662699721946,
      0.22008414787132194,
      0.28271536053185226,
      0.07387695654458366,
      0.08302134624975092,
      0.2870644507511235,
      0.2666501186145444,
      0.15491604139865134,
      0.20513108200822658,
      0.2898777288994074,
      0.2254390676753022,
      0.09582437267340879,
      0.08129387934475953,
      0.2968088139779479,
      0.14295599166498923,
      0.2879026343839302,
      0.2696663182304776,
      0.0029153807337901406,
      0.1192851475597556,
      0.029547611887544623,
      0.29507232996445865,
      0.0608428452090324,
      0.1304568169486813,
      0.058537995133192106,
      0.1619758936850982,
      0.039075837982851136,
      0.2195639277791875,
      0.14223601562601115,
      0.14230810846803119,
      0.15978154593200755,
      0.29016166239010777,
      0.1433956962476727,
      0.20733898714340268,
      0.07130577826726188,
      0.23861568877460768,
      0.291304350490953,
      0.09615232708225056,
      0.07411033887477184,
      0.06952892095843503,
      0.10101473880677558,
      0.2766492569432474,
      0.1330302973301817,
      0.16380827058761918,
      0.0034511026328396532,
      0.05351785520169391,
      0.052994947943431535,
      0.00804607908495547,
      0.23099557669707796,
      0.2656555289828346,
      0.084998460739917,
      0.16747554694732253,
      0.2728635752540118,
      0.10304084622175191,
      0.16641120516344757,
      0.10452093010202151,
      0.10830612009953532,
      0.15383407002379526,
      0.001103651156900598,
      0.2308884183930725,
      0.038755070527347224,
      0.09498489447420103,
      0.2543361241948702,
      0.1963828328725954,
      0.2460806270023195,
      0.056644779385859496,
      0.15581095328745173,
      0.047837194223672115,
      0.10399140484828896,
      0.18751092071260175,
      0.22196235548904214,
      0.20997971071735974,
      0.22239032441339113,
      0.26379823368781585,
      0.11714525686424945,
      0.009285883191806099,
      0.11033497928423583,
      0.29121937229684597,
      0.2800566102950127,
      0.10967794418847916,
      0.05388306195785146,
      0.07724361694626392,
      0.16038017336278906,
      0.18376197443597367,
      0.24037668432996573,
      0.12572050463262727,
      0.13599724369443494,
      0.11635021666610083,
      0.23215064732485333,
      0.0816974580129531,
      0.2764443263969401,
      0.23009040804682127,
      0.05812322915592385,
      0.26975593491725497,
      0.20243757945025964,
      0.00891879417117103,
      0.1427120107753827,
      0.0644704044042268,
      0.18631273430566006,
      0.12242132208124275,
      0.06539425671703109,
