{
  "horizon": 720,
  "granularity": 1,
  "priceSchema": [
    0.198,
    0.198,
    0.198,
    0.198,
    0.225,
    0.225,
    0.249,
    0.849,
    0.849,
    0.225,
    0.225,
    0.198
  ],
  "agents": {"h1": {
    "neighbors": [],
    "backgroundLoad": [
      0.1059395970585311,
      0.04021490267270761,
      0.12462827110821882,
      0.0612772819392062,
      0.08765895370931638,
      0.24281458400643463,
      0.26462475173243466,
      0.12371165624057841,
      0.06971891694164895,
      0.20844672314795645,
      0.03238697905548738,
      0.22815311446450592,
      0.02864056944068628,
      0.2776709008199569,
      0.248827064991463,
      0.16245630923117085,
      0.10915287924504505,
      0.27600695268719955,
      0.16018365661958342,
      0.29799163389993794,
      0.10226139630248439,
      0.2220883335139516,
      0.2354385144182917,
      0.09883626629913556,
      0.29365678895322306,
      0.23163465164124608,
      0.25993779758059066,
      0.19412866816660615,
      0.2873549150821066,
      0.11739908432366909,
      0.1689373564479283,
      0.01323720708221493,
      0.28439436372480387,
      0.07962339342443964,
      0.2599466189327753,
      0.09031562689453536,
      0.06470639215655817,
      0.23182187149396266,
      0.030482998719148266,
      0.2830283207324071,
      0.05516300829909288,
      0.1787918640118785,
      0.19522406510178966,
      0.017405404067066286,
      0.004150762266001762,
      0.01787606216786006,
      0.15299798460500558,
      0.04496559095109117,
      0.27931369325891064,
      0.0696300158850734,
      0.23313838745259613,
      0.2833608311674377,
      0.2916973386560573,
      0.0756076343121781,
      0.16595586925771624,
      0.10726303624755446,
      0.1736089731291553,
      0.1406528277467943,
      0.2258120272204011,
      0.11950102814816543,
      0.2372780313956267,
      0.26037843010848655,
      0.22870544255415182,
      0.2894664707981002,
      0.10227499799910897,
      0.20816952583670897,
      0.05673681902124028,
      0.060309005592294705,
      0.09008427297216737,
      0.2431368929645792,
      0.04667922938586165,
      0.04216003519918325,
      0.2710198983890224,
      0.20008012942090764,
      0.23901021119820823,
      0.08580167114947197,
      0.2185941148885724,
      0.25865643874028144,
      0.2984073491114646,
      0.24093878201790245,
      0.20123487264808357,
      0.2867176481889324,
      0.0319729664831462,
      0.16475550036892855,
      0.13419120762115186,
      0.0029400117220554356,
      0.0018636406792861048,
      0.0699861882253863,
      0.2813371152052328,
      0.17261995053734677,
      0.03720984870334493,
      0.09136500272052234,
      0.11557028958967003,
      0.027673216807574664,
      0.21053765724730403,
      0.08841501244021607,
      0.056278255412834564,
      0.06439538856653075,
      0.22599428586786288,
      0.250444966029969,
      0.19124970378258957,
      0.0017155913705927726,
      0.2513452572640336,
      0.23958377103531006,
      0.2266508576659002,
      0.23341162344628447,
      0.16124352797337824,
      0.08892216987773532,
      0.07202545144739465,
      0.14623280763576102,
      0.16868780645466966,
      0.16677912547060644,
      0.1819571344738984,
      0.25284686796263417,
      0.09351460921673667,
      0.27698360326902016,
      0.002807862649656345,
      0.025495097591578673,
      0.25729252625796345,
      0.14617406427343232,
      0.2592151930420983,
      0.03809036177547987,
      0.04679749776049747,
      0.10880231934244897,
      0.09038044407341714,
      0.17940850995950605,
      0.05075098015432108,
      0.2193519719560461,
      0.20745071857639621,
      0.08452734999510639,
      0.07241585729209633,
      0.1830877153462436,
      0.24292779251560365,
      0.15608998936381027,
      0.09415666947489972,
      0.18353152344740392,
      0.21996630787791321,
      0.1317017626844463,
      0.17831493647794638,
      0.11772273412906897,
      0.2719561919266894,
      0.15093051913102373,
      0.14384539816354183,
      0.20877981174727941,
      0.21102585066491084,
      0.11355902454165524,
      0.02155279650324646,
      0.28369975942740433,
      0.10084666666720753,
      0.06513970497972624,
      0.009038854559433773,
      0.23036051165642826,
      0.02819541433696706,
      0.29834675803680066,
      0.05511742479043806,
      0.22386561858389556,
      0.24657595996768378,
      0.21817005871262327,
      0.16828272188556828,
      0.10392414645117885,
      0.0996074531827932,
      0.2703587596387673,
      0.08706318805410475,
      0.2540713386689368,
      0.2579612804549066,
      0.09615523819363678,
      0.18138705183512574,
      0.26896019000627486,
      0.23222215330040774,
      0.24513005397000248,
      0.11673687165483394,
      0.2587360546757627,
      0.18846977793184783,
      0.09590700015903682,
      0.1724936218149815,
      0.2324753982422394,
      0.2847370610508407,
      0.285378800283979,
      0.18901741608260833,
      0.09505885373426379,
      0.25148023975335393,
      0.032966537801731484,
      0.08925127430704555,
      0.03245685527012238,
      0.04559020033148271,
      0.10170971850045595,
      0.09777709937344448,
      0.012638007649713023,
      0.21335663996190743,
      0.013863420808259795,
      0.17989139855457897,
      0.0026201451245604465,
      0.21518620003559505,
      0.23451187861386508,
      0.2669996432817841,
      0.04389732227254223,
      0.10832310524891686,
      0.02055407182788873,
      0.008102365539977873,
      0.1691522379141064,
      0.0912054482172089,
      0.08468818681327236,
      0.1259228619701719,
      0.2371732796286912,
      0.1245214474799212,
      0.10316685757321505,
      0.09508950487429588,
      0.22922104321181216,
      0.09869640472459514,
      0.08060433671259748,
      0.16921549530050176,
      0.11439754608883912,
      0.018244449716824197,
      0.19826442547180395,
      0.07898829831638633,
      0.1563543650774916,
      0.16115334637477738,
      0.11723471074390146,
      0.19342052505822893,
      0.2896896778765422,
      0.2544942763631639,
      0.048931472253595974,
      0.15274477296804462,
      0.04122013528704286,
      0.2801000440398291,
      0.13191693192960008,
      0.15068212130721356,
      0.18054437143375188,
      0.17551705649920185,
      0.0449990350639606,
      0.11446037103883713,
      0.14257083908644524,
      0.10185187326234971,
      0.057992270261008026,
      0.12017864803517646,
      0.046793911960969437,
      0.043550204780447764,
      0.05064706928500573,
      0.15825962068184427,
      0.21466206935084664,
      0.17066828495476907,
      0.2501556807864905,
      0.0425484319172072,
      0.14523450935079177,
      0.16258749211130122,
      0.29647753502783203,
      0.21555118788334915,
      0.27895499004103164,
      0.12213649066549591,
      0.06870727950013121,
      0.018802277030768266,
      0.18137167889142908,
      0.09478334705460269,
      0.02664310393075049,
      0.16528464314862715,
      0.2117006512782284,
      0.14792379906675104,
      0.20473236995985972,
      0.20471090316331977,
      0.2670924141031577,
      0.17128622886993622,
      0.2736426414529243,
      0.06867395044716855,
      0.11420135190905348,
      0.28584310171630717,
      0.25256189525553524,
      0.01616663536391114,
      0.15265194122938433,
      0.24058060609722987,
      0.13911534679388812,
      0.09424903475314843,
      0.272254957986663,
      0.061872724370762966,
      0.1938637872379199,
      0.11866119095519861,
      1.3238929587983117E-4,
      0.20905498520407714,
      0.05309010558214617,
      0.010670966240937252,
      0.17979523858925656,
      0.2441761665673255,
      0.20941156245851236,
      0.03171428140568289,
      0.19996589383932853,
      0.2893066681015001,
      0.11190556824448883,
      0.2589906316831856,
      0.1392229335755393,
