{
  "horizon": 720,
  "granularity": 1,
  "priceSchema": [
    0.198,
    0.198,
    0.198,
    0.198,
    0.225,
    0.225,
    0.249,
    0.849,
    0.849,
    0.225,
    0.225,
    0.198
  ],
  "agents": {"h1": {
    "neighbors": [],
    "backgroundLoad": [
      0.1803717962716379,
      0.03941650307495805,
      0.14485783195205407,
      0.2048570488474082,
      0.023244736844860326,
      0.12084811924036831,
      0.22930835514344852,
      0.02435674546650125,
      0.2747335507011705,
      0.29679796626237676,
      0.04498047749417387,
      0.15741889750462013,
      0.22947924919741636,
      0.1080981333041336,
      0.22178416380702526,
      0.18183948279858866,
      0.1737267150255198,
      0.10846541507410423,
      0.19756762678693926,
      0.1835916234925344,
      0.25074064751126524,
      0.10945410888577972,
      0.15288041147466494,
      0.10055823224079413,
      0.2362227988102417,
      0.0694664628740428,
      0.11364519104586183,
      0.0923849257722985,
      0.1804884928958633,
      0.14470313477872163,
      0.08750503832710411,
      0.21556606434742492,
      0.2448469048279784,
      0.07151734116353371,
      0.04898623587499128,
      0.07136512824911063,
      0.1471872016437871,
      0.16831884225380214,
      0.03950148504194196,
      0.2840384183090023,
      0.194717304223343,
      0.21234524533818933,
      0.08835959506452201,
      0.2945289637701199,
      0.2440224951152568,
      0.2149010327865165,
      0.11732794353922882,
      0.18865969100345115,
      0.008598243391431847,
      0.17492263467692087,
      0.23642381037552218,
      0.08760915458073434,
      0.18762199094401094,
      0.29649479683369084,
      0.14800747874293366,
      0.09462617206312875,
      0.2764125311487735,
      0.0348304340932093,
      0.17267263344177272,
      0.16613468387139183,
      0.20903280286509918,
      0.1359559814106646,
      0.06819105321362733,
      0.0747039803367101,
      0.29496708086605267,
      0.26152452002574644,
      0.03370623774254015,
      0.24326385449985755,
      0.178229681583134,
      0.2339082866063661,
      0.22016008825746514,
      0.2336323482138326,
      0.24550530082755218,
      0.05917193670949961,
      0.11985974423787238,
      0.1653038813350022,
      0.05159177983522648,
      0.22671393279196217,
      0.19467718294019368,
      0.08565760386381908,
      0.24856763769464912,
      0.21046195255252834,
      0.22006300647648458,
      0.038280071347426045,
      0.20616629450461388,
      0.22367078881399047,
      0.09686420711755725,
      0.17949671316895557,
      0.013835618044708385,
      0.20067887177617244,
      0.2843612694853202,
      0.030618358974138657,
      0.027309571796920163,
      0.11127560794375393,
      0.19837231753231901,
      0.0694105890877525,
      0.17926392010831263,
      0.20507305644470383,
      0.18540924439432063,
      0.2757611142254411,
      0.06658710529715774,
      0.00985316046187259,
      0.26256004811357186,
      0.2036430976805717,
      0.2356641519180464,
      0.2515212712776965,
      0.16095261035603972,
      0.06434416051709169,
      0.19050638687187205,
      0.03302582379074115,
      0.21095611320481128,
      0.1781661168010589,
      0.16213546192174957,
      0.05442445489777957,
      0.0010595272820864698,
      0.06351256228023817,
      0.0843047236451548,
      0.24066101424213351,
      0.23619817825232994,
      0.2576098553877005,
      0.03306999762305095,
      0.23209480661256907,
      0.15071981119215924,
      0.21495099824179428,
      0.1919804606799265,
      0.28537399927875773,
      0.281182449448616,
      0.004111874110007596,
      0.20904393021742604,
      0.14244172059387386,
      0.19035175699336748,
      0.2676449157106484,
      0.05405152458158408,
      0.19308668316035243,
      0.1514894400292018,
      0.2667694843948038,
      0.17294830520165683,
      0.10149494362958963,
      0.24974803377433796,
      0.021179734169530128,
      0.05394373563330794,
      0.13008248271474465,
      0.22635721155143892,
      0.14711387171233464,
      0.13140887981808072,
      0.022684951342079904,
      0.10526327393867656,
      0.13725183667463964,
      0.07114858714786887,
      0.29208451228828963,
      0.08096698602260505,
      0.16847245860964646,
      0.1684257260730641,
      0.0420671350016923,
      0.19815734557183884,
      0.13298221542273278,
      0.06274589423072262,
      0.2508650676464782,
      0.2920281506943723,
      0.26773124935278514,
      0.1830677854343374,
      0.04589126790454203,
      0.15313224618743643,
      0.12341737160096913,
      0.1114579968097947,
      0.029907120328050273,
      0.04469654872370588,
      0.08076107719472368,
      0.2258933971932479,
      0.12709908721573274,
      0.15888515836833664,
      0.24540018060589638,
      0.06043501744897623,
      0.0018014689085489976,
      0.17930010861530524,
      0.2658706868664915,
      0.17323107375350125,
      0.05452310234613441,
      0.017365642053040187,
      0.17310731494090545,
      0.1952353087431131,
      0.0752882786150211,
      0.279711431095874,
      0.2712863089763503,
      0.15036424467454387,
      0.017918082146552137,
      0.1405251177775765,
      0.017601363530524883,
      0.19870276288974534,
      0.15048196873407246,
      0.2571208146180439,
      0.07121610944067218,
      0.05958205185682638,
      0.16195155083679497,
      0.1630483682969637,
      0.14641871607664386,
      0.13157809296364403,
      0.020653201632676563,
      0.12511657792624178,
      0.12166125349230128,
      0.0847116721406157,
      0.1024088708207132,
      0.11641124384905904,
      0.15359848857066546,
      0.23300617047065741,
      0.04437526431261037,
      0.12860555919095845,
      0.08435190426644266,
      0.02155074343415453,
      0.08408224547272515,
      0.1661219661755018,
      0.037882542726014067,
      0.07183489102844956,
      0.1862375245757758,
      0.002779957451697379,
      0.12480805198817219,
      0.1517857503555844,
      0.1640182146887261,
      0.03219896294416884,
      0.13725666855268023,
      0.058655328861535835,
      0.27027935095818645,
      0.1839504352263722,
      0.2586780082385938,
      0.06386813492486479,
      0.12508625808845275,
      0.2013401433711975,
      0.12124973997863506,
      0.13592050746914103,
      0.12773139138956988,
      0.004586722673916376,
      0.09738957706951763,
      0.04195558173829811,
      0.028117983862726268,
      0.1444677981241826,
      0.08967319817148729,
      0.170339672044866,
      0.0327511761402282,
      0.11358317861664753,
      0.05380225213834452,
      0.23623564161591115,
      0.27137933502897604,
      0.1597431540887973,
      0.04001802490155406,
      0.29733890497107524,
      0.170804085600172,
      0.14977863046982973,
      0.06928249671162844,
      0.11402317897478081,
      0.2600309866303113,
      0.07150082513547423,
      0.2187015321018482,
      0.06729357523085262,
      0.09101358700364827,
      0.0903748228436232,
      0.2649597025923465,
      0.01845910917092679,
      0.03611489301755518,
      0.05748662187528177,
      0.2925448094375254,
      0.2643377677644653,
      0.03807804587125182,
      0.2896807317895011,
      0.00707507174789278,
      0.15613525654518948,
      0.1617408916190777,
      0.003621843454557438,
      0.2890879213276073,
      0.04009971097696471,
      0.046701693769561355,
      0.29416024233829224,
      0.2129927747059035,
      0.06267851243282661,
      0.2419792924321548,
      0.210765073674794,
      0.10467762345569068,
      0.07169281184557667,
      0.06590298036697888,
      0.22811762272217434,
      0.16651270280906003,
      0.1308970886460745,
      0.2023447134255888,
      0.2902045532542965,
      0.1663882289789728,
      0.20041120425251438,
      0.16308022931337185,
      0.2991140962979531,
      0.21705450049965008,
      0.16999746686967185,
