{
  "horizon": 720,
  "granularity": 1,
  "priceSchema": [
    0.198,
    0.198,
    0.198,
    0.198,
    0.225,
    0.225,
    0.249,
    0.849,
    0.849,
    0.225,
    0.225,
    0.198
  ],
  "agents": {"h1": {
    "neighbors": [],
    "backgroundLoad": [
      0.07696788328851958,
      0.21332753564960785,
      0.292257346820299,
      0.14803931197889672,
      0.12527785875782183,
      0.056921708091893786,
      0.24109049133958396,
      0.20899407751171076,
      0.1867160182315404,
      0.19119895021086403,
      0.0036743737448868604,
      0.16878737817881806,
      0.23174343898482616,
      0.20548264032326674,
      0.16589378047329892,
      0.07972221839306338,
      0.04994431656242863,
      0.28079743500094706,
      0.24031875619873772,
      0.29097427015317934,
      0.1828926050828422,
      0.24374503932808672,
      0.26556264186822615,
      0.1356172902549745,
      0.04405013777642481,
      0.07036768999725689,
      0.08078013694936001,
      0.08982652495118053,
      0.29353870965421885,
      0.21401638770700915,
      0.2902904551221653,
      0.14478356192682107,
      0.2535930034351018,
      0.25682197857097583,
      0.09107503541725626,
      0.17782582800227728,
      0.08597476818956687,
      0.20794197916312457,
      0.2832822766737966,
      0.1372302883266069,
      0.18539166840899654,
      0.1969566479807757,
      0.02022462760933077,
      0.12926679098103758,
      0.21532070068038764,
      0.04237346005089423,
      0.21662708806388156,
      0.11702766176306519,
      0.2043067434181928,
      0.0854547794983985,
      0.11030219874101217,
      0.15866605826623068,
      0.07090373492306813,
      0.06221115735678155,
      0.28898083971282446,
      0.16201423232968945,
      0.20600061779435294,
      0.15862740450960994,
      0.2632074962624427,
      0.05871290579423069,
      0.20379773567731982,
      0.07341445069238331,
      0.08032459928546536,
      0.27048313742162894,
      0.28338135948330434,
      0.09182303579686497,
      0.29791914974931827,
      0.25780049733836824,
      0.14231128435498472,
      0.1758150050682824,
      0.163060040241852,
      0.2889819789548149,
      0.10660159044817817,
      0.10795184056483505,
      0.07555264783035491,
      0.03798679851917743,
      0.008729658122822602,
      0.14688282122448967,
      0.10596976156431709,
      0.10920388550850586,
      0.22159755929820155,
      0.2101134549554309,
      0.0981673510983357,
      0.2613450151496682,
      0.014821154618759269,
      0.29513497473155315,
      0.26661475620631,
      0.2902679134827731,
      0.03796008993373767,
      0.24971201203791865,
      0.12852382752045505,
      0.21128129631644865,
      0.12696888201660178,
      0.11541620474316283,
      0.11201155427552201,
      0.26460663383480687,
      0.10890029261016793,
      0.031400019966963656,
      0.15188349046588645,
      0.030807221897988735,
      0.24327327154567896,
      0.0865553763192352,
      0.24155506413857605,
      0.22595128346274962,
      0.10079717377656627,
      0.1685034551593288,
      0.12108517858095144,
      0.045367176949542794,
      0.1656770959776712,
      0.11145028736444405,
      0.04661393734794961,
      0.09725554930479197,
      0.14753976333712127,
      0.20122233124081634,
      0.08292854803214135,
      0.2843981052131826,
      0.009965762070399719,
      0.12348363161547903,
      0.18611846937975712,
      0.053992453161858196,
      0.14856405198618983,
      0.1847149013488535,
      0.013108081274700645,
      0.2347578143882583,
      0.2367635052435981,
      0.02347850901334747,
      0.16851185228868082,
      0.25432107127316034,
      0.054863970215196754,
      0.09377578601066541,
      0.05993614583311648,
      0.05707051842528804,
      0.13399900094134057,
      0.10442345965111331,
      0.011098819123924852,
      0.12884925033577052,
      0.016871929483427604,
      0.03503261030647751,
      0.2920688400731688,
      0.10140066458942684,
      0.1451787898147331,
      0.2946708244716875,
      0.25867038386786656,
      0.17712308752699335,
      0.2599548318760861,
      0.06882701023039646,
      0.2507788718873183,
      0.1371517807482577,
      0.006302652791747976,
      0.2627196976499879,
      0.13735771465493374,
      0.2939957688990301,
      0.2314289493220283,
      0.17356163620508402,
      0.21515439691122312,
      0.1913104037150441,
      0.24591625502265502,
      0.2827148220964837,
      0.04049206109694529,
      0.008077980434479591,
      0.1762114605570317,
      0.05915342874520227,
      0.23146765642292258,
      0.1273625448678893,
      0.11626727491753693,
      0.2156921274658636,
      0.18305762305805362,
      0.21040520850124264,
      0.14765448795372196,
      0.2687576876577042,
      0.21642296552738646,
      0.14827151835622296,
      0.10218692810396965,
      0.13162105734275573,
      0.29190680870138314,
      0.07928108982730772,
      0.05563866600282228,
      0.21084203451311614,
      0.14121772775353,
      0.14978455615982114,
      0.01908072860807154,
      0.11402502917834494,
      0.04113911407166897,
      0.03427301155061141,
      0.26231711136337327,
      0.14423965004941222,
      0.21964202996940896,
      0.018038012596493378,
      0.16536718066688752,
      0.035639803357179374,
      0.17626189532713168,
      0.11715260326430427,
      0.25663720929679074,
      0.1476540563247947,
      0.06793191219068857,
      0.03721716665578555,
      0.28726490222018036,
      0.15542925805043786,
      0.19957579136359252,
      0.010917494464007848,
      0.12296707732270303,
      0.13634745880899654,
      0.20285347724516703,
      0.002063041646432828,
      0.09963566365606182,
      0.27890228546343426,
      0.26722535641626693,
      0.22103418147422854,
      0.18590617268322815,
      0.25997058156495434,
      0.18085581626777994,
      0.11902382931155296,
      0.014332142707597539,
      0.01884290077940014,
      0.2006181019134697,
      0.08268320016406845,
      0.29001442144514544,
      0.29185252354421304,
      0.1351528106878717,
      0.21804213532112704,
      0.20471875168614218,
      0.2588362316620322,
      0.29139376007358897,
      0.28304445502700826,
      0.17264286301560183,
      0.2528772112573618,
      0.17523447241050882,
      0.12320325478417872,
      0.030641209124801935,
      0.010841101626493332,
      0.2004404677372397,
      0.22955335691824053,
      0.13144738135122067,
      0.03371207671293107,
      0.027725366083210957,
      1.9115753479352903E-4,
      0.20622616132857083,
      0.045486155061715994,
      0.10023828244002574,
      0.2998126971141369,
      0.1388077908844382,
      0.09079071554435443,
      0.07140091562776703,
      0.26909978354266817,
      0.17461322040191365,
      0.02861847515113067,
      0.26331741029797473,
      0.12282827767551832,
      0.08629968325009019,
      0.18793253823705622,
      0.14624476950701362,
      0.14465091407395808,
      0.22512211835879997,
      0.18922543140674036,
      0.1667315979498825,
      0.17658412309122792,
      0.06408428371200288,
      0.1555205833693883,
      0.21372255179945757,
      0.28760850733888105,
      0.06382101586344859,
      0.18239303305581483,
      0.11586900570038808,
      0.0564167813682767,
      0.16436449521732188,
      0.008031078735969333,
      0.25491216942620076,
      0.16142659347027993,
      0.10293640957445045,
      0.21793706056104772,
      0.1135104906666865,
      0.22042978215839387,
      0.1950347988950681,
      0.06020898016654521,
      0.015123852110450453,
      0.2749781335741513,
      0.2464913935042991,
      0.05785600413690714,
      0.0590483763637146,
      0.16709333384028086,
      0.2560174358376304,
      0.09703275910770721,
      0.01061903965517873,
      0.26512023066637047,
      0.20529899011119335,
      0.14761643661341936,
      0.09899357296883042,
      0.2603571363669176,
