{
  "horizon": 720,
  "granularity": 1,
  "priceSchema": [
    0.198,
    0.198,
    0.198,
    0.198,
    0.225,
    0.225,
    0.249,
    0.849,
    0.849,
    0.225,
    0.225,
    0.198
  ],
  "agents": {"h1": {
    "neighbors": [],
    "backgroundLoad": [
      0.13990794018190125,
      0.1492672894393133,
      0.1766186536840591,
      0.03216896689933144,
      0.1691229162950108,
      0.2092314750890781,
      0.15810957015187235,
      0.24150204925481508,
      0.06580240503201562,
      0.2242938546802486,
      0.1780262135121954,
      0.22520603833081995,
      0.0435944162195705,
      0.07908153963339433,
      0.053691426413851114,
      0.21440261683202544,
      0.19295916992320988,
      0.22086393081263359,
      0.20762574966552783,
      0.17911607004404054,
      0.1433641118693114,
      0.2572960095813295,
      0.2555620600316753,
      0.07816062991621893,
      0.011574330983378123,
      0.21486196015930029,
      0.27877014273321055,
      0.25666346575970445,
      0.26738608874482883,
      0.25398339317098,
      0.243826209596237,
      0.0659930843037301,
      0.0357534452300531,
      0.06017436986233998,
      0.09361572844297396,
      0.12126527181710699,
      0.09205775140718657,
      0.26630635257742336,
      0.2219577287582906,
      0.054594170113599017,
      0.2174101577834566,
      0.17286555454963307,
      0.26298098971904504,
      0.07204716691523613,
      0.10570461020618539,
      0.15703106409562523,
      0.23563811157851083,
      4.871378331823273E-4,
      0.10304915940481452,
      0.09924870077335446,
      0.12737202950800675,
      0.22328958173609215,
      0.004265093542146292,
      0.0736984343601994,
      0.0066836731755009595,
      0.2786081758629879,
      0.21599840352179114,
      0.026683304174960697,
      0.13820133608887195,
      0.17666386513071208,
      0.031708146056503315,
      0.1953501899048494,
      0.2552015423108281,
      0.10836614506923122,
      0.21876164813565604,
      0.05750430314651684,
      0.059092809549524214,
      0.11991077017754695,
      0.18424800343521427,
      0.2699428974978555,
      0.23959773789823796,
      0.26526419700416737,
      0.24723666256067361,
      0.1297047556527163,
      0.29385478079622707,
      0.01607403462247634,
      0.276943538788243,
      0.021938520337322298,
      0.23245310272915823,
      0.18843313444752582,
      0.10525574757440484,
      0.17913959351061234,
      0.13178805103088823,
      0.15174003748497222,
      0.1854564950173287,
      0.2144260083832889,
      0.19314256582183806,
      0.16081229810478773,
      0.2860689321979128,
      0.1465906696753386,
      0.2756263509593621,
      0.22365996294841314,
      0.12534616349662842,
      0.0015290976661720744,
      0.18566990892329924,
      0.07425567636375995,
      0.28711614451183637,
      0.24330796806732202,
      0.005303183130335998,
      0.2416639629195149,
      0.28496533207943925,
      0.23306292524315084,
      0.10475008654993094,
      0.07776516535562406,
      0.11441986632865249,
      0.24102513076116489,
      0.2916111268379334,
      0.16139285076867013,
      0.003059531638156354,
      0.17524726056664022,
      0.2637337415746714,
      0.26048097268412823,
      0.1832697069712583,
      0.05532680889239091,
      0.07414841277810674,
      0.09473708420782302,
      0.2240330255021455,
      0.05411579886532113,
      0.0049821496841158325,
      0.22573189198091836,
      0.01631676951371076,
      0.16659774372386768,
      0.2533650189337195,
      0.031752501337881656,
      0.012588683716465243,
      0.001999817489177491,
      0.2258490092689909,
      0.20915138788271867,
      0.04914497666893507,
      0.2880084954018987,
      0.21967393899360896,
      0.09811526798998073,
      0.14241448882244084,
      0.2209022414876115,
      0.28089644693887655,
      0.27115399284515923,
      0.25535406884214257,
      0.17650326434863078,
      0.1953749863229877,
      0.10293753512514023,
      0.12247878005709101,
      0.022322186077145645,
      0.14001620565610018,
      0.20829630848896133,
      0.17704686428101238,
      0.20175951079520021,
      0.222478274449851,
      0.16120230958412984,
      0.02769095122050844,
      0.28015985505694546,
      0.05997563869359973,
      0.07801280486626617,
      0.12361554708392164,
      0.2404210399728638,
      0.23222044473484948,
      0.18129297277230763,
      0.18565299545102176,
      0.1002995126902463,
      0.21369368471791889,
      0.06207603748151945,
      0.04239412025607312,
      0.27514388673687507,
      0.22152811188650404,
      0.2470289436167824,
      0.2871227446188607,
      0.14434705132917647,
      0.15514128685499562,
      0.18731667637894542,
      0.13588785849023452,
      0.11913355125210355,
      0.1441826537616144,
      0.12958825702161758,
      0.24081879257279729,
      0.20085873191833498,
      0.13451420622775603,
      0.12545976149205249,
      0.11236634692131049,
      0.07034639425364342,
      0.0440015298427901,
      0.2318872008069175,
      0.2606126532706197,
      0.03299231044724649,
      0.16495764138378988,
      0.21736893707824062,
      0.09673776915126073,
      0.29657091789731305,
      0.14971334859964494,
      0.14304025957390662,
      0.20938604295734545,
      0.2548364636273962,
      0.19902503743761613,
      0.010780716991716576,
      0.0946154746290444,
      0.20755839156834185,
      0.18995458995313266,
      0.054777999208766505,
      0.02682145041185986,
      0.22060959457227755,
      0.09655424493398704,
      0.0021584184379855762,
      0.28233072655320346,
      0.2264159260355914,
      0.1654641590158953,
      0.16117316648314442,
      0.21917227688238436,
      0.1944731910337137,
      8.835173499364135E-4,
      0.10007307184493872,
      0.10075166018428018,
      0.02169929705327921,
      0.04809435833793835,
      0.18025157464114996,
      0.1559325732993733,
      0.29373705643697,
      0.27697415780750184,
      0.2781391809451494,
      0.26738477953127043,
      0.24622705768288364,
      0.18871549764498002,
      0.09238540275499157,
      0.12343963898674387,
      0.04873710739538799,
      0.13018513745030824,
      0.1672035052905876,
      0.01722428950884922,
      0.14307268277144908,
      0.24360582290772723,
      0.25694816952494454,
      0.10704432863889546,
      0.018689333213723645,
      0.08311478709121246,
      0.10794944468045821,
      0.23036530592579485,
      0.20334643562001423,
      0.0569603524820069,
      0.21907742294509108,
      0.031072187033382135,
      0.23378129612640314,
      0.041018732878279396,
      0.10277138963082101,
      0.14877084321071457,
      0.050457010122672216,
      0.09433885851342456,
      0.23646932504009233,
      0.016706486399202712,
      0.15621290451960626,
      0.28332667736096406,
      0.22399093811190954,
      0.20308665907349557,
      0.11281090523596302,
      0.2045358058995551,
      0.03101643604234472,
      0.050070514633348884,
      0.1821197248292669,
      0.007050830070296287,
      0.19351275676053492,
      0.10453711751876378,
      0.155117855386677,
      0.047904157683699274,
      0.08428414499007927,
      0.17773712020022003,
      0.2128112905539124,
      0.27744921737559,
      0.19625839788502514,
      0.29486575721074904,
      0.26932335056189677,
      0.00399562353974986,
      0.1800810395227381,
      0.27265324028057786,
      0.09278416916343989,
      0.10005540568510694,
      0.10809729990551945,
      0.10050859134202741,
      0.023425514633715692,
      0.22469303894096884,
      0.2921632439112082,
      0.039137490362052364,
      0.11490410445938856,
      0.23507801373204337,
      0.013622295607175082,
      0.19849485436317396,
      0.18393340336782915,
      0.047117555852020196,
      0.11791752367434397,
      0.10621488790625663,
      0.08763084760812252,
      0.18397190046067077,
