{
  "horizon": 720,
  "granularity": 1,
  "priceSchema": [
    0.198,
    0.198,
    0.198,
    0.198,
    0.225,
    0.225,
    0.249,
    0.849,
    0.849,
    0.225,
    0.225,
    0.198
  ],
  "agents": {"h1": {
    "neighbors": [],
    "backgroundLoad": [
      0.07881262358612143,
      0.0064112180847956885,
      0.12118383041432995,
      0.2634982736365114,
      0.1469714853512083,
      0.2441263824283158,
      0.17140108178529814,
      0.07836444379760715,
      0.024757601204350322,
      0.1594825783695322,
      0.03490472592498637,
      0.1643187706814833,
      0.06382993840898823,
      0.2698040902336255,
      0.08826602659002072,
      0.0010862958383025423,
      0.1624868217440002,
      0.15263547617754794,
      0.09125474835227534,
      0.27680384565385846,
      0.23646020739752094,
      0.13558979142859007,
      0.15934596686806193,
      0.23200255394999444,
      0.08858621032118644,
      0.2913693619738004,
      0.15783245677310542,
      0.26743701213110344,
      0.2497819817659331,
      0.14236164979409202,
      0.1058255764549479,
      0.26081912212426495,
      0.11600224593620892,
      0.23248922441470718,
      0.29294312769861713,
      0.00456974904746934,
      0.12086920055478924,
      0.2487307585870432,
      0.29900608893590686,
      0.06174820048588367,
      0.05598522791884126,
      0.11418324189451412,
      0.248390325234772,
      0.08611734176544796,
      0.2663296656992352,
      0.12795031266601445,
      0.009068180483243071,
      0.03963887009964312,
      0.12351180584500021,
      0.02703441428013854,
      0.218732218037896,
      0.24171499354549536,
      0.023136427212248466,
      0.2548805714879191,
      0.26798406617376286,
      0.1745892354325021,
      0.29060766120510856,
      0.23665263970801337,
      0.2718374423339858,
      0.11000637206108958,
      0.272208339209324,
      0.23829153956966687,
      0.03753516805873782,
      0.2796330387030635,
      0.16563380303633016,
      0.2495062019696469,
      0.26387860813351954,
      0.08629108647650875,
      0.024606480974467448,
      0.25630845418244175,
      0.25080010259911734,
      0.0547655595981205,
      0.18618907700034942,
      0.05292241941915938,
      0.2150869511861079,
      0.2179698984019891,
      0.25987736834231107,
      0.048399106095256605,
      0.0996165974443651,
      0.29843090212917733,
      0.2559450214054776,
      0.11053822330013231,
      0.1055146706873645,
      0.02256391156174259,
      0.15390108036094177,
      0.2373235541914239,
      0.24893777199550593,
      0.2911640739880411,
      0.10136419661078996,
      0.07114783937999725,
      0.08386538340757448,
      0.08539033442606715,
      0.18053520180525356,
      0.06268207437592382,
      0.014962443988261286,
      0.01876497020893445,
      0.13617875140898245,
      0.0427481918241616,
      0.17066891606778564,
      0.20862797083611234,
      0.07391011517686956,
      0.019588373691251902,
      0.001840052926961244,
      0.275749848416468,
      0.10337715204991874,
      0.2764254342703238,
      0.01291509637104199,
      0.10388634729514223,
      0.03447369547447286,
      0.11937054097674264,
      0.029934150806840476,
      0.030673478003161225,
      0.27186107182838454,
      0.03427843248681597,
      0.12721433139254668,
      0.15606722085218186,
      0.2490337373750693,
      0.24027225313207892,
      0.2974469358178359,
      0.13119608750291803,
      0.20531474506710518,
      0.02381432883915191,
      0.2635099906316957,
      0.2506792718045264,
      0.23078126088299206,
      0.11217265951199966,
      0.14134023806628626,
      0.21510672207510667,
      0.2989239308825153,
      0.18849314234762843,
      0.13773200935115051,
      0.11702041261956647,
      0.0020685824400456187,
      0.28295743404803897,
      0.2174078510143195,
      0.2878390803304887,
      0.2642281864507793,
      0.04525773003513537,
      0.16136908613017262,
      0.2893814718574545,
      0.2519943614925163,
      0.08103986530421234,
      0.29458344855779933,
      0.10287449127084895,
      0.23808422969689322,
      0.02553707049764542,
      0.24706499819933375,
      0.12121785037101339,
      0.23748725844203944,
      0.12898187991772572,
      0.28788650754503786,
      0.0730150530792957,
      0.0043246029392396525,
      0.23019272308080557,
      0.158516869149574,
      0.014484605610110989,
      0.10371721962306135,
      0.23841476051397098,
      0.042507126830292195,
      0.16660051640480694,
      0.1599083652218928,
      0.22002261384420005,
      0.24692641584348152,
      0.23539417898305,
      0.24761354934790936,
      0.12359495471085813,
      0.2955713493096539,
      0.2891961520786406,
      0.23276777937314252,
      0.12051075610784412,
      0.04864255256841151,
      0.22963631423403028,
      0.15260242097341362,
      0.17957101552269827,
      0.16760528326046123,
      0.1359277806406446,
      0.08495865711160548,
      0.2976504362165986,
      0.09611342432089315,
      0.028351606799722817,
      0.1490594136565797,
      0.04488426199752212,
      0.23878205072739817,
      0.018041722514781422,
      0.1641265769535633,
      0.019216341254456114,
      0.25496224844282456,
      0.2844339162658983,
      0.27963344644235216,
      0.14018313387421819,
      0.06922550240766587,
      0.08155028048650927,
      0.1653218273423673,
      0.27163050199419053,
      0.07854227443328478,
      0.006684272659224921,
      0.19958539731473693,
      0.07058683409763838,
      0.15189877127653542,
      0.2323388109411064,
      0.26121110221936167,
      0.21385192683474927,
      0.20921887720789337,
      0.1854326613569201,
      0.24099044313272255,
      0.020006220487185943,
      0.22056304738279495,
      0.13761588028276767,
      0.16076924812551982,
      0.09754782513382822,
      0.07525178996485264,
      0.11383835975299163,
      0.18863417254407489,
      0.14708994519136012,
      0.06856375196287846,
      0.13208050078588104,
      0.243815005704458,
      0.12897135314706457,
      0.11273718105940318,
      0.23518727168760326,
      0.233558598095014,
      0.03343795698886848,
      0.06702075931199948,
      0.035463367350827765,
      0.13894094684051328,
      0.037382322718361526,
      0.2654393971176046,
      0.03725640609249293,
      0.24293683863200832,
      0.2117607354357888,
      0.278971544081043,
      0.19456651284664236,
      0.2635497249404992,
      0.10086309894113998,
      0.05855919111835208,
      0.15674459990785702,
      0.045289423815909065,
      0.2932649718316804,
      0.09342674903929063,
      0.1747224787263647,
      0.03920340584241631,
      0.1657386784484506,
      0.04756567634662336,
      0.19687770617257816,
      0.15946265209642743,
      0.11727829751879382,
      0.17958488964142172,
      0.2945868105681906,
      0.26608138015203997,
      0.23897197395765868,
      0.21481988415794673,
      0.0805638046018282,
      0.11923756818785297,
      0.1055884474566168,
      0.017364624666451743,
      0.12209466710883733,
      0.22536618935127475,
      0.14242935848980828,
      0.2503599204863892,
      0.25344266179540487,
      0.15289363906569936,
      0.2708160783853752,
      0.03605960451813334,
      0.07476900956760142,
      0.2135725660961321,
      0.18468288563272658,
      0.19305348757106253,
      0.027991141441595657,
      0.051988792227563106,
      0.2617091546160745,
      0.17900658760607674,
      0.252064611959839,
      0.296631875455493,
      0.09251033172876928,
      0.2129814876306594,
      0.16238160548871947,
      0.282846363756134,
      0.16982004839855466,
      0.1895611882721192,
      0.15576142963789705,
      0.23878373077127768,
      0.05418548560183923,
      0.18828708897185598,
      0.07587598282616405,
      0.19264513842103434,
      0.2998929967093613,
      0.25848576787034727,
      0.22010891857481832,
