{
  "horizon": 720,
  "granularity": 1,
  "priceSchema": [
    0.198,
    0.198,
    0.198,
    0.198,
    0.225,
    0.225,
    0.249,
    0.849,
    0.849,
    0.225,
    0.225,
    0.198
  ],
  "agents": {"h1": {
    "neighbors": [],
    "backgroundLoad": [
      0.24270561011969893,
      0.10524567731727373,
      0.16160819547969574,
      0.12800739904785796,
      0.26482116391611776,
      0.09894014509102675,
      0.2603083996297962,
      0.013727643314649651,
      0.2266752151697571,
      0.05463669889531314,
      0.08553140280965207,
      0.09444229701818171,
      0.041768012308838066,
      0.161656294843333,
      0.23708410762494767,
      0.01818639889263086,
      0.26513077747844954,
      0.27632364951717314,
      0.07125503788402063,
      0.02435399395556166,
      0.07177188088684669,
      0.12428329857920907,
      0.23567978972674325,
      0.22395779214881742,
      0.20030552843199215,
      0.14182312456890278,
      0.2058913698495041,
      0.06061737774192147,
      0.07147585557368528,
      0.07705767781095721,
      0.15037336821944147,
      0.15840347307453054,
      0.25475378683146177,
      0.22177749904871,
      0.23675895095180707,
      0.2177061280671508,
      0.29466733437725784,
      0.13666602416282495,
      0.13047058413145388,
      0.25006889070310134,
      0.14909887324643237,
      0.03262350243364158,
      0.03432634109101692,
      0.014375919080086352,
      0.08032663011295434,
      0.167086503008085,
      0.2857224318465836,
      0.24390453088244446,
      0.07129416399251207,
      0.21218402342397855,
      0.2602350195525784,
      0.15446903534707337,
      0.16005606029946567,
      0.2514575673491899,
      0.010057424651635593,
      0.08252109720214144,
      0.12737275867018386,
      0.160627819064927,
      0.1493560902267125,
      0.03322943870459002,
      0.06667640839660739,
      0.24932335400058148,
      0.05073654669006826,
      0.15971387985627658,
      0.14402046601328578,
      0.26954215847838986,
      0.2240701648094302,
      0.21971476132540244,
      0.08185929178713146,
      0.21793217744668616,
      0.26192481054836436,
      0.15810111381197198,
      0.2804545027038264,
      0.2351989699448258,
      0.047267255835359935,
      0.02654009870473273,
      0.01393485670188419,
      0.23842256360163103,
      0.011558637392383286,
      0.09227390198144025,
      0.22002646217033323,
      0.12537315524870749,
      0.0902614193200006,
      0.2727493074823249,
      0.22802709190636042,
      0.19627910428863923,
      0.2919512708546861,
      0.2787641969398059,
      0.0444762045428446,
      0.07938358394437965,
      0.293084507919658,
      0.022641657145893744,
      0.012336025267467897,
      0.19866419891943635,
      0.28304734256865227,
      0.21468865348669916,
      0.03696711808333945,
      0.10182864836041418,
      0.11348823817534615,
      0.0904852920202904,
      0.025682065492070215,
      0.0596541166954781,
      0.024144981499905616,
      0.2077388428451463,
      0.1124174365327481,
      0.23737592537005778,
      0.247658927966719,
      0.05231306966604765,
      0.02065953015154165,
      0.2449665660736816,
      0.14081792861833278,
      0.2596886771565836,
      0.15082242523960854,
      0.1985319715879146,
      0.06375344359242735,
      0.16067088931789344,
      0.08649404044786242,
      0.2253117638001757,
      0.21422191084248415,
      0.26134199314271106,
      0.2512884375851304,
      0.20084605147102547,
      0.17793935174695605,
      0.049596775707415476,
      0.2281750754451326,
      0.12052096152700763,
      0.0686258022046657,
      0.051802318396229785,
      0.0948040466624647,
      0.06685259012940749,
      0.18411703989405487,
      0.11514068147768555,
      0.19614737746766311,
      0.1825718257493257,
      0.2632075311040623,
      0.07529678880118384,
      0.11209664238986795,
      0.1818820522037553,
      0.05789759478706956,
      0.2633093190254859,
      0.15220459291321264,
      0.16103237611715232,
      0.20389254082477776,
      0.042970025453177664,
      0.15554234371837103,
      0.11722847720776114,
      0.2350281824102794,
      0.012332674034725122,
      0.1318416573764142,
      0.13962932130156108,
      0.2638099345183633,
      0.05858422089541356,
      0.28545993696174754,
      0.12889180604618802,
      0.045304479858192415,
      0.04434354856864697,
      0.02406118905918093,
      0.18339921318420063,
      0.16096090796745938,
      0.035911383801980744,
      0.03107587019626612,
      0.11618970634189082,
      0.21380544327579973,
      0.11335922269768442,
      0.13829853085599653,
      0.2455152844590109,
      0.22914611272968172,
      0.16522679803664167,
      0.1286871431169555,
      0.07202448385369753,
      0.12953645927480703,
      0.24673574205980825,
      0.002948091250842311,
      0.1910587973363867,
      0.23027978507213934,
      0.29337977984216923,
      0.008473591866284902,
      0.12998136461812612,
      0.0723455390387435,
      0.09286692184678282,
      0.26065883928690753,
      0.019194741419189254,
      0.243677307477602,
      0.01922319542842744,
      0.13543646268310794,
      0.2835736140707735,
      0.03345625355370189,
      0.19466632616374693,
      0.005125919754776775,
      0.2778915223238714,
      0.14882454739373516,
      0.08333568097989089,
      0.04540087131064403,
      0.016297776581612633,
      0.15645568436335683,
      0.21916584585724705,
      0.10020789688640704,
      0.11936946778079963,
      0.08568031524551957,
      0.22684217125081674,
      0.018348558757934952,
      0.0929047412828796,
      0.06658473562772126,
      0.06510001913906512,
      0.035025296044469675,
      0.24348433938142164,
      0.20467691275888222,
      0.01459497802259686,
      0.13400953579895417,
      0.04277257053832282,
      0.2625895649502612,
      0.2500947956082255,
      0.010775057619210248,
      0.24578713921760814,
      0.17370425050795046,
      0.1686822517448757,
      0.12013677825645497,
      0.037558051307236,
      0.10985064421575007,
      0.2853079704097606,
      0.2866793628540424,
      0.28586039638609195,
      0.06641488566149371,
      0.1751249747137683,
      0.1691882007746003,
      0.009374415713063267,
      0.13776168455191354,
      0.1528011131061351,
      0.018614800683683794,
      0.12773357672007687,
      0.26977867848307346,
      0.11188937442990644,
      0.13141815499894455,
      0.12834102179335757,
      0.20228399329049135,
      0.15847561814949518,
      0.2867742576327516,
      0.04177473542466988,
      0.0887421246689407,
      0.1806096724440338,
      0.12360167764407193,
      0.16489757270529234,
      0.09564354712365905,
      0.14895682392584622,
      0.23391123880061382,
      0.2608635751156392,
      0.14519039582492113,
      0.061405898668589504,
      0.11568601405791828,
      0.08582056317174487,
      0.26591959917939767,
      0.26441475966597644,
      0.05697579056324592,
      0.11274899466949578,
      0.05468158435360968,
      0.1092761417855386,
      0.16496373736206504,
      0.08319912273230558,
      0.04427790889459538,
      0.24316262608985262,
      0.08724120263125093,
      0.09724809586467922,
      0.24479434410027745,
      0.20260219771181517,
      0.2018559115705598,
      0.1376176915303043,
      0.020111928828651614,
      0.23566208670295655,
      0.11024784112016164,
      0.039636016865847556,
      0.19628300126319387,
      0.11568922998088771,
      0.2824585857009558,
      0.2879145694370021,
      0.05800412216173849,
      0.11998382038827454,
      0.13645802742496005,
      0.10557410050314237,
      0.17939938153512747,
      0.07358931107343077,
      0.12276798689832807,
      0.19143528919669212,
      0.09338207604913021,
      0.2782191690905767,
      0.246410850207699,
      0.14341435447024123,
      0.2525120246609312,
      0.12414122648447819,
